date,symbol,open,high,low,close,adj_close,volume
2021-07-13,NDXCOMP,14715.133000,14803.676000,14660.190000,14677.654000,14677.654000,0
2021-07-14,NDXCOMP,14780.900000,14790.548000,14632.948000,14644.952000,14644.952000,0
2021-07-15,NDXCOMP,14635.781000,14650.375000,14451.803000,14543.133000,14543.133000,0
2021-07-16,NDXCOMP,14597.508000,14623.024000,14413.318000,14427.237000,14427.237000,0
2021-07-19,NDXCOMP,14274.984000,14313.596000,14178.657000,14274.984000,14274.984000,0
2021-07-20,NDXCOMP,14330.462000,14555.748000,14271.226000,14498.878000,14498.878000,0
2021-07-21,NDXCOMP,14508.747000,14633.145000,14498.654000,14631.954000,14631.954000,0
2021-07-22,NDXCOMP,14652.724000,14694.191000,14617.871000,14684.597000,14684.597000,0
2021-07-23,NDXCOMP,14753.058000,14846.057000,14698.770000,14836.991000,14836.991000,0
2021-07-26,NDXCOMP,14821.030000,14863.646000,14790.488000,14840.713000,14840.713000,0
2021-07-27,NDXCOMP,14807.947000,14811.078000,14503.756000,14660.576000,14660.576000,0
2021-07-28,NDXCOMP,14715.664000,14798.880000,14645.634000,14762.584000,14762.584000,0
2021-07-29,NDXCOMP,14771.168000,14833.739000,14761.378000,14778.264000,14778.264000,0
2021-07-30,NDXCOMP,14615.852000,14728.785000,14615.852000,14672.678000,14672.678000,0
2021-08-02,NDXCOMP,14758.604000,14770.406000,14665.671000,14681.069000,14681.069000,0
2021-08-03,NDXCOMP,14713.995000,14762.599000,14584.087000,14761.295000,14761.295000,0
2021-08-04,NDXCOMP,14747.211000,14812.374000,14734.120000,14780.533000,14780.533000,0
2021-08-05,NDXCOMP,14794.084000,14896.475000,14776.032000,14895.117000,14895.117000,0
2021-08-06,NDXCOMP,14864.216000,14890.182000,14788.588000,14835.762000,14835.762000,0
2021-08-09,NDXCOMP,14855.755000,14883.808000,14802.691000,14860.177000,14860.177000,0
2021-08-10,NDXCOMP,14887.745000,14894.611000,14754.484000,14788.087000,14788.087000,0
2021-08-11,NDXCOMP,14834.384000,14842.498000,14692.414000,14765.135000,14765.135000,0
2021-08-12,NDXCOMP,14751.356000,14824.306000,14698.943000,14816.262000,14816.262000,0
2021-08-13,NDXCOMP,14825.068000,14850.611000,14797.218000,14822.898000,14822.898000,0
2021-08-16,NDXCOMP,14771.530000,14794.681000,14610.024000,14793.762000,14793.762000,0
2021-08-17,NDXCOMP,14670.563000,14716.947000,14550.882000,14656.181000,14656.181000,0
2021-08-18,NDXCOMP,14636.244000,14697.252000,14516.302000,14525.914000,14525.914000,0
2021-08-19,NDXCOMP,14423.162000,14610.761000,14423.162000,14541.788000,14541.788000,0
2021-08-20,NDXCOMP,14571.532000,14722.164000,14571.532000,14714.663000,14714.663000,0
2021-08-23,NDXCOMP,14776.980000,14963.465000,14776.980000,14942.652000,14942.652000,0
2021-08-24,NDXCOMP,14978.142000,15034.887000,14965.536000,15019.800000,15019.800000,0
2021-08-25,NDXCOMP,15039.027000,15059.427000,15011.581000,15041.859000,15041.859000,0
2021-08-26,NDXCOMP,15025.166000,15059.634000,14939.561000,14945.807000,14945.807000,0
2021-08-27,NDXCOMP,14969.765000,15144.484000,14966.523000,15129.501000,15129.501000,0
2021-08-30,NDXCOMP,15165.944000,15288.083000,15165.120000,15265.890000,15265.890000,0
2021-08-31,NDXCOMP,15262.877000,15278.956000,15202.669000,15259.235000,15259.235000,0
2021-09-01,NDXCOMP,15308.975000,15379.504000,15302.111000,15309.381000,15309.381000,0
2021-09-02,NDXCOMP,15358.474000,15380.069000,15285.348000,15331.177000,15331.177000,0
2021-09-03,NDXCOMP,15313.415000,15375.564000,15283.668000,15363.516000,15363.516000,0
2021-09-07,NDXCOMP,15375.982000,15403.437000,15343.276000,15374.327000,15374.327000,0
2021-09-08,NDXCOMP,15360.346000,15360.346000,15206.610000,15286.637000,15286.637000,0
2021-09-09,NDXCOMP,15296.063000,15352.377000,15245.175000,15248.254000,15248.254000,0
2021-09-10,NDXCOMP,15332.918000,15349.470000,15111.311000,15115.494000,15115.494000,0
2021-09-13,NDXCOMP,15211.428000,15215.443000,15030.851000,15105.582000,15105.582000,0
2021-09-14,NDXCOMP,15168.448000,15181.188000,15008.302000,15037.759000,15037.759000,0
2021-09-15,NDXCOMP,15071.340000,15174.380000,14984.678000,15161.529000,15161.529000,0
2021-09-16,NDXCOMP,15120.093000,15205.501000,15047.141000,15181.924000,15181.924000,0
2021-09-17,NDXCOMP,15163.355000,15166.561000,14998.727000,15043.968000,15043.968000,0
2021-09-20,NDXCOMP,14758.136000,14841.815000,14530.073000,14713.903000,14713.903000,0
2021-09-21,NDXCOMP,14803.360000,14847.027000,14696.467000,14746.398000,14746.398000,0
2021-09-22,NDXCOMP,14800.589000,14950.120000,14767.015000,14896.847000,14896.847000,0
2021-09-23,NDXCOMP,14960.003000,15085.437000,14932.514000,15052.244000,15052.244000,0
2021-09-24,NDXCOMP,14961.615000,15067.559000,14946.566000,15047.699000,15047.699000,0
2021-09-27,NDXCOMP,14954.175000,15003.159000,14864.962000,14969.970000,14969.970000,0
2021-09-28,NDXCOMP,14787.206000,14817.737000,14539.883000,14546.683000,14546.683000,0
2021-09-29,NDXCOMP,14614.884000,14676.617000,14493.665000,14512.441000,14512.441000,0
2021-09-30,NDXCOMP,14582.602000,14632.357000,14444.299000,14448.581000,14448.581000,0
2021-10-01,NDXCOMP,14494.931000,14606.819000,14324.011000,14566.697000,14566.697000,0
2021-10-04,NDXCOMP,14493.124000,14499.736000,14181.691000,14255.485000,14255.485000,0
2021-10-05,NDXCOMP,14312.862000,14508.648000,14299.782000,14433.830000,14433.830000,0
2021-10-06,NDXCOMP,14289.449000,14509.549000,14259.068000,14501.911000,14501.911000,0
2021-10-07,NDXCOMP,14631.800000,14755.718000,14615.139000,14654.016000,14654.016000,0
2021-10-08,NDXCOMP,14694.717000,14699.911000,14569.683000,14579.537000,14579.537000,0
2021-10-11,NDXCOMP,14540.077000,14665.987000,14482.615000,14486.200000,14486.200000,0
2021-10-12,NDXCOMP,14539.086000,14552.706000,14441.600000,14465.925000,14465.925000,0
2021-10-13,NDXCOMP,14537.169000,14589.280000,14471.875000,14571.635000,14571.635000,0
2021-10-14,NDXCOMP,14717.503000,14827.555000,14699.525000,14823.429000,14823.429000,0
2021-10-15,NDXCOMP,14891.240000,14904.977000,14847.965000,14897.340000,14897.340000,0
2021-10-18,NDXCOMP,14839.742000,15026.681000,14833.281000,15021.809000,15021.809000,0
2021-10-19,NDXCOMP,15073.133000,15137.854000,15049.731000,15129.090000,15129.090000,0
2021-10-20,NDXCOMP,15160.004000,15178.391000,15071.150000,15121.678000,15121.678000,0
2021-10-21,NDXCOMP,15104.800000,15222.255000,15094.141000,15215.700000,15215.700000,0
2021-10-22,NDXCOMP,15158.065000,15193.014000,15021.022000,15090.200000,15090.200000,0
2021-10-25,NDXCOMP,15142.919000,15259.632000,15070.750000,15226.706000,15226.706000,0
2021-10-26,NDXCOMP,15317.501000,15384.000000,15198.230000,15235.715000,15235.715000,0
2021-10-27,NDXCOMP,15276.004000,15364.536000,15235.838000,15235.838000,15235.838000,0
2021-10-28,NDXCOMP,15304.736000,15452.303000,15290.306000,15448.118000,15448.118000,0
2021-10-29,NDXCOMP,15323.290000,15504.122000,15323.290000,15498.388000,15498.388000,0
2021-11-01,NDXCOMP,15541.262000,15598.947000,15470.817000,15595.915000,15595.915000,0
2021-11-02,NDXCOMP,15583.985000,15656.604000,15569.268000,15649.603000,15649.603000,0
2021-11-03,NDXCOMP,15658.517000,15821.575000,15616.438000,15811.584000,15811.584000,0
2021-11-04,NDXCOMP,15849.742000,15966.086000,15827.664000,15940.308000,15940.308000,0
2021-11-05,NDXCOMP,16003.563000,16053.386000,15900.780000,15971.588000,15971.588000,0
2021-11-08,NDXCOMP,15995.718000,16038.231000,15961.805000,15982.357000,15982.357000,0
2021-11-09,NDXCOMP,16024.128000,16035.212000,15836.680000,15886.543000,15886.543000,0
2021-11-10,NDXCOMP,15753.840000,15867.240000,15543.680000,15622.705000,15622.705000,0
2021-11-11,NDXCOMP,15752.083000,15768.026000,15695.767000,15704.281000,15704.281000,0
2021-11-12,NDXCOMP,15752.619000,15874.575000,15705.376000,15860.958000,15860.958000,0
2021-11-15,NDXCOMP,15894.819000,15918.451000,15778.308000,15853.846000,15853.846000,0
2021-11-16,NDXCOMP,15840.321000,15989.612000,15825.004000,15973.855000,15973.855000,0
2021-11-17,NDXCOMP,15973.615000,15998.568000,15909.386000,15921.571000,15921.571000,0
2021-11-18,NDXCOMP,15973.395000,16010.883000,15848.832000,15993.710000,15993.710000,0
2021-11-19,NDXCOMP,16042.163000,16121.117000,16017.230000,16057.437000,16057.437000,0
2021-11-22,NDXCOMP,16120.923000,16212.229000,15851.036000,15854.757000,15854.757000,0
2021-11-23,NDXCOMP,15809.502000,15895.861000,15601.459000,15775.138000,15775.138000,0
2021-11-24,NDXCOMP,15677.882000,15848.561000,15591.361000,15845.226000,15845.226000,0
2021-11-26,NDXCOMP,15664.379000,15731.539000,15456.089000,15491.657000,15491.657000,0
2021-11-29,NDXCOMP,15719.423000,15833.114000,15644.615000,15782.834000,15782.834000,0
2021-11-30,NDXCOMP,15716.498000,15828.196000,15451.385000,15537.691000,15537.691000,0
2021-12-01,NDXCOMP,15752.269000,15816.823000,15243.928000,15254.052000,15254.052000,0
2021-12-02,NDXCOMP,15181.823000,15444.537000,15150.120000,15381.320000,15381.320000,0
2021-12-03,NDXCOMP,15428.706000,15470.356000,14931.055000,15085.472000,15085.472000,0
2021-12-06,NDXCOMP,15117.629000,15281.990000,14931.611000,15225.152000,15225.152000,0
2021-12-07,NDXCOMP,15510.913000,15720.088000,15507.660000,15686.916000,15686.916000,0
2021-12-08,NDXCOMP,15690.650000,15792.639000,15618.877000,15786.988000,15786.988000,0
2021-12-09,NDXCOMP,15720.539000,15796.053000,15511.118000,15517.370000,15517.370000,0
2021-12-10,NDXCOMP,15629.590000,15677.601000,15477.852000,15630.601000,15630.601000,0
2021-12-13,NDXCOMP,15621.268000,15637.060000,15408.249000,15413.282000,15413.282000,0
2021-12-14,NDXCOMP,15215.958000,15317.551000,15097.351000,15237.640000,15237.640000,0
2021-12-15,NDXCOMP,15230.706000,15575.757000,15055.225000,15565.583000,15565.583000,0
2021-12-16,NDXCOMP,15629.077000,15633.188000,15119.491000,15180.435000,15180.435000,0
2021-12-17,NDXCOMP,15036.771000,15288.776000,14960.366000,15169.682000,15169.682000,0
2021-12-20,NDXCOMP,14932.999000,15007.297000,14860.039000,14980.944000,14980.944000,0
2021-12-21,NDXCOMP,15140.433000,15349.064000,15015.025000,15341.087000,15341.087000,0
2021-12-22,NDXCOMP,15319.161000,15525.974000,15303.063000,15521.892000,15521.892000,0
2021-12-23,NDXCOMP,15544.788000,15697.976000,15528.913000,15653.374000,15653.374000,0
2021-12-27,NDXCOMP,15696.829000,15871.396000,15696.829000,15871.262000,15871.262000,0
2021-12-28,NDXCOMP,15895.198000,15901.470000,15757.068000,15781.723000,15781.723000,0
2021-12-29,NDXCOMP,15794.922000,15821.813000,15679.853000,15766.216000,15766.216000,0
2021-12-30,NDXCOMP,15758.983000,15868.086000,15729.164000,15741.564000,15741.564000,0
2021-12-31,NDXCOMP,15722.905000,15777.430000,15643.935000,15644.971000,15644.971000,0
2022-01-03,NDXCOMP,15732.497000,15832.799000,15644.086000,15832.799000,15832.799000,0
2022-01-04,NDXCOMP,15852.136000,15852.136000,15512.412000,15622.718000,15622.718000,0
2022-01-05,NDXCOMP,15547.162000,15586.299000,15095.184000,15100.174000,15100.174000,0
2022-01-06,NDXCOMP,15024.152000,15198.447000,14914.871000,15080.865000,15080.865000,0
2022-01-07,NDXCOMP,15095.718000,15171.017000,14877.629000,14935.902000,14935.902000,0
2022-01-10,NDXCOMP,14751.778000,14953.855000,14530.226000,14942.828000,14942.828000,0
2022-01-11,NDXCOMP,14919.261000,15158.711000,14837.635000,15153.449000,15153.449000,0
2022-01-12,NDXCOMP,15263.097000,15319.033000,15117.289000,15188.392000,15188.392000,0
2022-01-13,NDXCOMP,15245.040000,15259.708000,14782.237000,14806.812000,14806.812000,0
2022-01-14,NDXCOMP,14708.023000,14897.675000,14689.430000,14893.753000,14893.753000,0
2022-01-18,NDXCOMP,14681.833000,14740.544000,14482.943000,14506.897000,14506.897000,0
2022-01-19,NDXCOMP,14582.219000,14658.890000,14331.654000,14340.255000,14340.255000,0
2022-01-20,NDXCOMP,14462.851000,14642.027000,14140.783000,14154.020000,14154.020000,0
2022-01-21,NDXCOMP,14046.224000,14171.722000,13764.241000,13768.922000,13768.922000,0
2022-01-24,NDXCOMP,13481.496000,13876.606000,13094.654000,13855.129000,13855.129000,0
2022-01-25,NDXCOMP,13610.866000,13781.623000,13414.142000,13539.295000,13539.295000,0
2022-01-26,NDXCOMP,13871.768000,14002.651000,13392.193000,13542.119000,13542.119000,0
2022-01-27,NDXCOMP,13710.990000,13765.909000,13322.657000,13352.783000,13352.783000,0
2022-01-28,NDXCOMP,13436.709000,13771.906000,13236.555000,13770.573000,13770.573000,0
2022-01-31,NDXCOMP,13812.194000,14242.899000,13767.712000,14239.883000,14239.883000,0
2022-02-01,NDXCOMP,14277.434000,14358.693000,14070.769000,14346.003000,14346.003000,0
2022-02-02,NDXCOMP,14494.472000,14504.816000,14264.649000,14417.547000,14417.547000,0
2022-02-03,NDXCOMP,14045.834000,14207.885000,13851.745000,13878.818000,13878.818000,0
2022-02-04,NDXCOMP,13958.482000,14222.760000,13850.387000,14098.007000,14098.007000,0
2022-02-07,NDXCOMP,14118.787000,14236.307000,13974.096000,14015.668000,14015.668000,0
2022-02-08,NDXCOMP,13984.432000,14226.485000,13934.780000,14194.455000,14194.455000,0
2022-02-09,NDXCOMP,14368.157000,14490.723000,14330.868000,14490.373000,14490.373000,0
2022-02-10,NDXCOMP,14228.681000,14509.558000,14118.202000,14185.641000,14185.641000,0
2022-02-11,NDXCOMP,14213.623000,14246.696000,13733.158000,13791.154000,13791.154000,0
2022-02-14,NDXCOMP,13768.967000,13921.714000,13664.757000,13790.919000,13790.919000,0
2022-02-15,NDXCOMP,13997.179000,14142.493000,13976.291000,14139.757000,14139.757000,0
2022-02-16,NDXCOMP,14038.921000,14163.731000,13931.988000,14124.095000,14124.095000,0
2022-02-17,NDXCOMP,14004.190000,14020.822000,13704.700000,13716.719000,13716.719000,0
2022-02-18,NDXCOMP,13735.401000,13762.399000,13465.562000,13548.066000,13548.066000,0
2022-02-22,NDXCOMP,13424.359000,13618.715000,13249.646000,13381.516000,13381.516000,0
2022-02-23,NDXCOMP,13511.748000,13533.782000,13032.169000,13037.487000,13037.487000,0
2022-02-24,NDXCOMP,12587.882000,13486.111000,12587.882000,13473.585000,13473.585000,0
2022-02-25,NDXCOMP,13485.259000,13696.862000,13358.293000,13694.624000,13694.624000,0
2022-02-28,NDXCOMP,13570.826000,13810.641000,13549.898000,13751.399000,13751.399000,0
2022-03-01,NDXCOMP,13716.698000,13777.040000,13441.320000,13532.459000,13532.459000,0
2022-03-02,NDXCOMP,13597.529000,13796.549000,13493.905000,13752.016000,13752.016000,0
2022-03-03,NDXCOMP,13837.588000,13837.588000,13472.638000,13537.941000,13537.941000,0
2022-03-04,NDXCOMP,13455.233000,13486.707000,13224.978000,13313.438000,13313.438000,0
2022-03-07,NDXCOMP,13328.364000,13353.279000,12828.021000,12830.962000,12830.962000,0
2022-03-08,NDXCOMP,12800.036000,13159.436000,12670.083000,12795.551000,12795.551000,0
2022-03-09,NDXCOMP,13113.704000,13301.162000,13039.794000,13255.546000,13255.546000,0
2022-03-10,NDXCOMP,13098.348000,13163.502000,12946.278000,13129.962000,13129.962000,0
2022-03-11,NDXCOMP,13229.771000,13239.347000,12830.371000,12843.808000,12843.808000,0
2022-03-14,NDXCOMP,12795.124000,12918.008000,12555.350000,12581.220000,12581.220000,0
2022-03-15,NDXCOMP,12685.234000,12973.879000,12616.590000,12948.621000,12948.621000,0
2022-03-16,NDXCOMP,13119.365000,13440.122000,12992.199000,13436.553000,13436.553000,0
2022-03-17,NDXCOMP,13360.721000,13620.802000,13317.141000,13614.781000,13614.781000,0
2022-03-18,NDXCOMP,13564.632000,13899.281000,13528.060000,13893.837000,13893.837000,0
2022-03-21,NDXCOMP,13860.386000,13945.805000,13682.554000,13838.460000,13838.460000,0
2022-03-22,NDXCOMP,13866.433000,14141.066000,13857.292000,14108.817000,14108.817000,0
2022-03-23,NDXCOMP,13990.352000,14152.144000,13921.652000,13922.604000,13922.604000,0
2022-03-24,NDXCOMP,14001.324000,14193.552000,13897.200000,14191.839000,14191.839000,0
2022-03-25,NDXCOMP,14194.721000,14218.761000,14010.792000,14169.300000,14169.300000,0
2022-03-28,NDXCOMP,14177.208000,14356.001000,14101.337000,14354.902000,14354.902000,0
2022-03-29,NDXCOMP,14500.387000,14646.902000,14419.398000,14619.636000,14619.636000,0
2022-03-30,NDXCOMP,14558.590000,14609.253000,14383.447000,14442.275000,14442.275000,0
2022-03-31,NDXCOMP,14444.779000,14456.740000,14217.725000,14220.519000,14220.519000,0
2022-04-01,NDXCOMP,14269.530000,14306.944000,14131.806000,14261.500000,14261.500000,0
2022-04-04,NDXCOMP,14304.351000,14534.378000,14286.447000,14532.554000,14532.554000,0
2022-04-05,NDXCOMP,14490.259000,14500.293000,14169.120000,14204.168000,14204.168000,0
2022-04-06,NDXCOMP,14002.583000,14032.839000,13788.899000,13888.817000,13888.817000,0
2022-04-07,NDXCOMP,13861.489000,13978.250000,13689.233000,13897.300000,13897.300000,0
2022-04-08,NDXCOMP,13830.474000,13866.059000,13693.686000,13710.996000,13710.996000,0
2022-04-11,NDXCOMP,13547.293000,13585.081000,13401.387000,13411.956000,13411.956000,0
2022-04-12,NDXCOMP,13584.687000,13685.946000,13317.740000,13371.572000,13371.572000,0
2022-04-13,NDXCOMP,13373.116000,13679.434000,13353.657000,13643.587000,13643.587000,0
2022-04-14,NDXCOMP,13647.425000,13662.929000,13345.217000,13351.079000,13351.079000,0
2022-04-18,NDXCOMP,13319.391000,13414.270000,13222.033000,13332.358000,13332.358000,0
2022-04-19,NDXCOMP,13312.440000,13643.972000,13281.223000,13619.657000,13619.657000,0
2022-04-20,NDXCOMP,13665.377000,13678.553000,13426.125000,13453.065000,13453.065000,0
2022-04-21,NDXCOMP,13623.704000,13710.695000,13140.831000,13174.652000,13174.652000,0
2022-04-22,NDXCOMP,13168.796000,13212.605000,12828.022000,12839.293000,12839.293000,0
2022-04-25,NDXCOMP,12749.174000,13011.446000,12722.591000,13004.852000,13004.852000,0
2022-04-26,NDXCOMP,12918.039000,12918.039000,12490.743000,12490.743000,12490.743000,0
2022-04-27,NDXCOMP,12500.881000,12703.793000,12430.903000,12488.933000,12488.933000,0
2022-04-28,NDXCOMP,12712.863000,12948.519000,12487.856000,12871.528000,12871.528000,0
2022-04-29,NDXCOMP,12710.416000,12861.825000,12315.743000,12334.640000,12334.640000,0
2022-05-02,NDXCOMP,12331.686000,12542.544000,12202.409000,12536.017000,12536.017000,0
2022-05-03,NDXCOMP,12511.458000,12645.826000,12460.994000,12563.757000,12563.757000,0
2022-05-04,NDXCOMP,12574.729000,12985.012000,12367.023000,12964.856000,12964.856000,0
2022-05-05,NDXCOMP,12787.522000,12787.522000,12183.562000,12317.691000,12317.691000,0
2022-05-06,NDXCOMP,12246.834000,12358.424000,11990.146000,12144.662000,12144.662000,0
2022-05-09,NDXCOMP,11923.029000,11990.609000,11574.942000,11623.248000,11623.248000,0
2022-05-10,NDXCOMP,11900.343000,11944.937000,11566.284000,11737.671000,11737.671000,0
2022-05-11,NDXCOMP,11645.572000,11844.505000,11339.184000,11364.236000,11364.236000,0
2022-05-12,NDXCOMP,11199.254000,11547.331000,11108.760000,11370.962000,11370.962000,0
2022-05-13,NDXCOMP,11555.975000,11856.711000,11510.255000,11805.002000,11805.002000,0
2022-05-16,NDXCOMP,11727.142000,11804.594000,11627.527000,11662.791000,11662.791000,0
2022-05-17,NDXCOMP,11905.574000,11988.427000,11754.277000,11984.523000,11984.523000,0
2022-05-18,NDXCOMP,11790.682000,11826.224000,11381.691000,11418.154000,11418.154000,0
2022-05-19,NDXCOMP,11364.402000,11562.817000,11313.310000,11388.495000,11388.495000,0
2022-05-20,NDXCOMP,11542.674000,11552.210000,11035.688000,11354.617000,11354.617000,0
2022-05-23,NDXCOMP,11396.276000,11552.074000,11304.558000,11535.275000,11535.275000,0
2022-05-24,NDXCOMP,11326.443000,11351.607000,11092.477000,11264.448000,11264.448000,0
2022-05-25,NDXCOMP,11225.030000,11511.901000,11211.852000,11434.741000,11434.741000,0
2022-05-26,NDXCOMP,11409.839000,11796.972000,11406.162000,11740.650000,11740.650000,0
2022-05-27,NDXCOMP,11869.687000,12131.657000,11856.815000,12131.131000,12131.131000,0
2022-05-31,NDXCOMP,12137.543000,12190.084000,11942.499000,12081.391000,12081.391000,0
2022-06-01,NDXCOMP,12176.891000,12237.935000,11901.435000,11994.460000,11994.460000,0
2022-06-02,NDXCOMP,11945.567000,12320.121000,11901.449000,12316.898000,12316.898000,0
2022-06-03,NDXCOMP,12097.116000,12167.442000,11966.619000,12012.734000,12012.734000,0
2022-06-06,NDXCOMP,12200.329000,12245.402000,12004.200000,12061.370000,12061.370000,0
2022-06-07,NDXCOMP,11925.812000,12194.857000,11888.615000,12175.232000,12175.232000,0
2022-06-08,NDXCOMP,12147.277000,12235.780000,12052.700000,12086.271000,12086.271000,0
2022-06-09,NDXCOMP,12016.474000,12115.065000,11751.976000,11754.226000,11754.226000,0
2022-06-10,NDXCOMP,11543.883000,11569.151000,11328.273000,11340.024000,11340.024000,0
2022-06-13,NDXCOMP,10986.845000,11071.476000,10775.143000,10809.225000,10809.225000,0
2022-06-14,NDXCOMP,10897.430000,10926.810000,10733.042000,10828.345000,10828.345000,0
2022-06-15,NDXCOMP,10968.402000,11244.263000,10866.393000,11099.155000,11099.155000,0
2022-06-16,NDXCOMP,10806.023000,10831.070000,10565.135000,10646.099000,10646.099000,0
2022-06-17,NDXCOMP,10697.551000,10884.708000,10638.724000,10798.350000,10798.350000,0
2022-06-21,NDXCOMP,10974.052000,11164.988000,10974.052000,11069.302000,11069.302000,0
2022-06-22,NDXCOMP,10941.951000,11216.771000,10938.058000,11053.080000,11053.080000,0
2022-06-23,NDXCOMP,11137.677000,11260.269000,11046.285000,11232.193000,11232.193000,0
2022-06-24,NDXCOMP,11351.311000,11613.226000,11337.777000,11607.620000,11607.620000,0
2022-06-27,NDXCOMP,11661.021000,11677.486000,11487.073000,11524.551000,11524.551000,0
2022-06-28,NDXCOMP,11542.244000,11635.855000,11177.680000,11181.540000,11181.540000,0
2022-06-29,NDXCOMP,11160.219000,11226.330000,11072.192000,11177.893000,11177.893000,0
2022-06-30,NDXCOMP,11048.246000,11160.923000,10850.006000,11028.736000,11028.736000,0
2022-07-01,NDXCOMP,11006.834000,11132.546000,10922.711000,11127.845000,11127.845000,0
2022-07-05,NDXCOMP,10964.183000,11323.895000,10911.453000,11322.238000,11322.238000,0
2022-07-06,NDXCOMP,11337.898000,11443.145000,11250.322000,11361.852000,11361.852000,0
2022-07-07,NDXCOMP,11422.598000,11644.470000,11412.877000,11621.346000,11621.346000,0
2022-07-08,NDXCOMP,11503.614000,11689.696000,11479.768000,11635.308000,11635.308000,0
2022-07-11,NDXCOMP,11524.489000,11541.097000,11348.064000,11372.599000,11372.599000,0
2022-07-12,NDXCOMP,11420.892000,11483.174000,11207.076000,11264.728000,11264.728000,0
2022-07-13,NDXCOMP,11056.550000,11325.668000,11031.270000,11247.582000,11247.582000,0
2022-07-14,NDXCOMP,11151.208000,11279.966000,11005.934000,11251.185000,11251.185000,0
2022-07-15,NDXCOMP,11379.360000,11454.689000,11295.332000,11452.421000,11452.421000,0
2022-07-18,NDXCOMP,11561.638000,11629.033000,11322.839000,11360.048000,11360.048000,0
2022-07-19,NDXCOMP,11514.998000,11721.220000,11448.967000,11713.147000,11713.147000,0
2022-07-20,NDXCOMP,11726.086000,11939.958000,11703.361000,11897.651000,11897.651000,0
2022-07-21,NDXCOMP,11914.147000,12060.587000,11812.724000,12059.609000,12059.609000,0
2022-07-22,NDXCOMP,12025.370000,12093.018000,11767.187000,11834.112000,11834.112000,0
2022-07-25,NDXCOMP,11837.961000,11855.106000,11707.529000,11782.666000,11782.666000,0
2022-07-26,NDXCOMP,11701.531000,11711.313000,11533.372000,11562.575000,11562.575000,0
2022-07-27,NDXCOMP,11756.188000,12081.731000,11718.378000,12032.423000,12032.423000,0
2022-07-28,NDXCOMP,12036.484000,12179.092000,11886.672000,12162.593000,12162.593000,0
2022-07-29,NDXCOMP,12239.692000,12426.263000,12181.130000,12390.688000,12390.688000,0
2022-08-01,NDXCOMP,12317.963000,12499.722000,12271.983000,12368.976000,12368.976000,0
2022-08-02,NDXCOMP,12287.667000,12503.343000,12260.477000,12348.758000,12348.758000,0
2022-08-03,NDXCOMP,12433.874000,12699.639000,12425.207000,12668.159000,12668.159000,0
2022-08-04,NDXCOMP,12675.045000,12736.186000,12600.783000,12720.580000,12720.580000,0
2022-08-05,NDXCOMP,12538.805000,12720.437000,12525.767000,12657.555000,12657.555000,0
2022-08-08,NDXCOMP,12703.723000,12855.155000,12597.752000,12644.459000,12644.459000,0
2022-08-09,NDXCOMP,12557.488000,12582.906000,12438.864000,12493.929000,12493.929000,0
2022-08-10,NDXCOMP,12793.439000,12861.437000,12698.609000,12854.805000,12854.805000,0
2022-08-11,NDXCOMP,12944.823000,13026.239000,12760.088000,12779.913000,12779.913000,0
2022-08-12,NDXCOMP,12866.314000,13047.186000,12821.217000,13047.186000,13047.186000,0
2022-08-15,NDXCOMP,12996.629000,13146.057000,12993.780000,13128.053000,13128.053000,0
2022-08-16,NDXCOMP,13082.638000,13181.087000,12979.240000,13102.549000,13102.549000,0
2022-08-17,NDXCOMP,12938.123000,13053.508000,12863.006000,12938.123000,12938.123000,0
2022-08-18,NDXCOMP,12937.785000,13002.659000,12873.493000,12965.341000,12965.341000,0
2022-08-19,NDXCOMP,12832.267000,12859.011000,12674.869000,12705.215000,12705.215000,0
2022-08-22,NDXCOMP,12381.573000,12538.548000,12353.727000,12381.573000,12381.573000,0
2022-08-23,NDXCOMP,12380.368000,12490.855000,12352.026000,12381.301000,12381.301000,0
2022-08-24,NDXCOMP,12375.151000,12504.325000,12350.159000,12431.528000,12431.528000,0
2022-08-25,NDXCOMP,12506.369000,12641.265000,12471.976000,12639.265000,12639.265000,0
2022-08-26,NDXCOMP,12630.577000,12655.836000,12141.520000,12141.710000,12141.710000,0
2022-08-29,NDXCOMP,12021.050000,12124.868000,11981.419000,12017.669000,12017.669000,0
2022-08-30,NDXCOMP,12093.057000,12101.850000,11790.025000,11883.136000,11883.136000,0
2022-08-31,NDXCOMP,11972.559000,12027.426000,11814.169000,11816.203000,11816.203000,0
2022-09-01,NDXCOMP,11707.442000,11798.373000,11546.516000,11785.126000,11785.126000,0
2022-09-02,NDXCOMP,11899.138000,11945.905000,11573.513000,11630.864000,11630.864000,0
2022-09-06,NDXCOMP,11643.028000,11679.429000,11471.504000,11544.909000,11544.909000,0
2022-09-07,NDXCOMP,11559.376000,11819.072000,11555.085000,11791.900000,11791.900000,0
2022-09-08,NDXCOMP,11679.855000,11896.733000,11660.530000,11862.129000,11862.129000,0
2022-09-09,NDXCOMP,11958.608000,12132.674000,11958.608000,12112.307000,12112.307000,0
2022-09-12,NDXCOMP,12174.941000,12270.189000,12169.283000,12266.411000,12266.411000,0
2022-09-13,NDXCOMP,11908.809000,11957.967000,11604.429000,11633.574000,11633.574000,0
2022-09-14,NDXCOMP,11680.407000,11746.834000,11602.763000,11719.678000,11719.678000,0
2022-09-15,NDXCOMP,11633.238000,11760.728000,11497.111000,11552.357000,11552.357000,0
2022-09-16,NDXCOMP,11401.207000,11460.427000,11316.920000,11448.404000,11448.404000,0
2022-09-19,NDXCOMP,11338.566000,11538.133000,11337.830000,11535.020000,11535.020000,0
2022-09-20,NDXCOMP,11440.143000,11520.986000,11343.718000,11425.051000,11425.051000,0
2022-09-21,NDXCOMP,11466.210000,11613.574000,11218.995000,11220.192000,11220.192000,0
2022-09-22,NDXCOMP,11167.384000,11203.767000,11024.643000,11066.805000,11066.805000,0
2022-09-23,NDXCOMP,10952.692000,10958.295000,10732.719000,10867.926000,10867.926000,0
2022-09-26,NDXCOMP,10833.384000,11024.002000,10789.049000,10802.922000,10802.922000,0
2022-09-27,NDXCOMP,10955.288000,11040.985000,10741.022000,10829.503000,10829.503000,0
2022-09-28,NDXCOMP,10817.525000,11101.499000,10776.344000,11051.636000,11051.636000,0
2022-09-29,NDXCOMP,10894.436000,10899.466000,10623.225000,10737.506000,10737.506000,0
2022-09-30,NDXCOMP,10697.707000,10883.042000,10572.330000,10575.619000,10575.619000,0
2022-10-03,NDXCOMP,10659.011000,10875.462000,10577.889000,10815.435000,10815.435000,0
2022-10-04,NDXCOMP,11054.717000,11189.958000,11044.043000,11176.406000,11176.406000,0
2022-10-05,NDXCOMP,11022.672000,11210.322000,10910.756000,11148.638000,11148.638000,0
2022-10-06,NDXCOMP,11129.041000,11230.441000,11051.271000,11073.311000,11073.311000,0
2022-10-07,NDXCOMP,10877.282000,10891.927000,10608.516000,10652.405000,10652.405000,0
2022-10-10,NDXCOMP,10659.948000,10669.930000,10449.036000,10542.102000,10542.102000,0
2022-10-11,NDXCOMP,10484.373000,10608.841000,10351.981000,10426.191000,10426.191000,0
2022-10-12,NDXCOMP,10436.996000,10494.532000,10372.207000,10417.099000,10417.099000,0
2022-10-13,NDXCOMP,10131.816000,10697.708000,10088.828000,10649.152000,10649.152000,0
2022-10-14,NDXCOMP,10742.814000,10766.685000,10308.810000,10321.388000,10321.388000,0
2022-10-17,NDXCOMP,10575.647000,10696.594000,10569.690000,10675.801000,10675.801000,0
2022-10-18,NDXCOMP,10963.989000,10972.972000,10670.119000,10772.402000,10772.402000,0
2022-10-19,NDXCOMP,10689.311000,10808.037000,10592.879000,10680.508000,10680.508000,0
2022-10-20,NDXCOMP,10657.414000,10837.297000,10574.552000,10614.844000,10614.844000,0
2022-10-21,NDXCOMP,10576.037000,10875.720000,10542.431000,10859.716000,10859.716000,0
2022-10-24,NDXCOMP,10867.068000,10983.521000,10713.327000,10952.612000,10952.612000,0
2022-10-25,NDXCOMP,10996.966000,11210.376000,10996.966000,11199.116000,11199.116000,0
2022-10-26,NDXCOMP,10969.019000,11205.838000,10948.377000,10970.992000,10970.992000,0
2022-10-27,NDXCOMP,10971.953000,10998.727000,10780.500000,10792.675000,10792.675000,0
2022-10-28,NDXCOMP,10766.200000,11117.038000,10766.200000,11102.452000,11102.452000,0
2022-10-31,NDXCOMP,11028.430000,11047.940000,10914.005000,10988.146000,10988.146000,0
2022-11-01,NDXCOMP,11154.738000,11156.350000,10881.186000,10890.845000,10890.845000,0
2022-11-02,NDXCOMP,10885.009000,10993.236000,10522.904000,10524.797000,10524.797000,0
2022-11-03,NDXCOMP,10399.451000,10486.014000,10319.538000,10342.940000,10342.940000,0
2022-11-04,NDXCOMP,10548.144000,10553.633000,10262.926000,10475.254000,10475.254000,0
2022-11-07,NDXCOMP,10516.938000,10587.957000,10428.909000,10564.520000,10564.520000,0
2022-11-08,NDXCOMP,10611.530000,10745.644000,10472.727000,10616.200000,10616.200000,0
2022-11-09,NDXCOMP,10528.452000,10564.974000,10344.013000,10353.175000,10353.175000,0
2022-11-10,NDXCOMP,10869.169000,11119.115000,10779.952000,11114.147000,11114.147000,0
2022-11-11,NDXCOMP,11124.749000,11352.429000,11069.829000,11323.331000,11323.331000,0
2022-11-14,NDXCOMP,11233.904000,11350.125000,11167.165000,11196.220000,11196.220000,0
2022-11-15,NDXCOMP,11474.820000,11492.616000,11241.152000,11358.410000,11358.410000,0
2022-11-16,NDXCOMP,11260.095000,11286.101000,11162.923000,11183.659000,11183.659000,0
2022-11-17,NDXCOMP,11008.672000,11198.838000,11006.213000,11144.958000,11144.958000,0
2022-11-18,NDXCOMP,11257.007000,11259.444000,11059.157000,11141.209000,11141.209000,0
2022-11-21,NDXCOMP,11091.008000,11128.783000,10999.748000,11024.511000,11024.511000,0
2022-11-22,NDXCOMP,11058.559000,11179.871000,10975.664000,11174.407000,11174.407000,0
2022-11-23,NDXCOMP,11174.613000,11310.824000,11174.613000,11285.318000,11285.318000,0
2022-11-25,NDXCOMP,11231.000000,11261.574000,11206.382000,11226.356000,11226.356000,0
2022-11-28,NDXCOMP,11147.568000,11217.747000,11020.693000,11049.499000,11049.499000,0
2022-11-29,NDXCOMP,11060.018000,11086.024000,10944.371000,10983.779000,10983.779000,0
2022-11-30,NDXCOMP,10995.204000,11468.474000,10966.528000,11467.996000,11467.996000,0
2022-12-01,NDXCOMP,11475.172000,11546.773000,11378.748000,11482.449000,11482.449000,0
2022-12-02,NDXCOMP,11308.375000,11492.322000,11296.721000,11461.497000,11461.497000,0
2022-12-05,NDXCOMP,11380.991000,11425.514000,11193.025000,11239.937000,11239.937000,0
2022-12-06,NDXCOMP,11228.420000,11241.421000,10956.198000,11014.890000,11014.890000,0
2022-12-07,NDXCOMP,10963.950000,11039.813000,10910.616000,10958.553000,10958.553000,0
2022-12-08,NDXCOMP,11011.334000,11119.163000,10939.471000,11082.003000,11082.003000,0
2022-12-09,NDXCOMP,11038.173000,11138.701000,10999.259000,11004.617000,11004.617000,0
2022-12-12,NDXCOMP,11015.478000,11144.674000,10984.817000,11143.738000,11143.738000,0
2022-12-13,NDXCOMP,11542.842000,11571.641000,11160.539000,11256.814000,11256.814000,0
2022-12-14,NDXCOMP,11248.088000,11352.087000,11065.239000,11170.886000,11170.886000,0
2022-12-15,NDXCOMP,11012.623000,11029.566000,10775.611000,10810.526000,10810.526000,0
2022-12-16,NDXCOMP,10767.635000,10833.243000,10642.103000,10705.414000,10705.414000,0
2022-12-19,NDXCOMP,10707.440000,10713.968000,10497.550000,10546.032000,10546.032000,0
2022-12-20,NDXCOMP,10490.886000,10609.465000,10446.821000,10547.112000,10547.112000,0
2022-12-21,NDXCOMP,10592.001000,10753.574000,10569.203000,10709.370000,10709.370000,0
2022-12-22,NDXCOMP,10586.457000,10599.339000,10313.320000,10476.119000,10476.119000,0
2022-12-23,NDXCOMP,10437.753000,10514.762000,10361.821000,10497.863000,10497.863000,0
2022-12-27,NDXCOMP,10462.187000,10469.246000,10340.733000,10353.226000,10353.226000,0
2022-12-28,NDXCOMP,10339.196000,10414.818000,10207.473000,10213.288000,10213.288000,0
2022-12-29,NDXCOMP,10321.456000,10502.081000,10301.059000,10478.087000,10478.087000,0
2022-12-30,NDXCOMP,10368.372000,10468.314000,10324.695000,10466.482000,10466.482000,0
2023-01-03,NDXCOMP,10386.985000,10613.063000,10309.161000,10386.985000,10386.985000,0
2023-01-04,NDXCOMP,10467.822000,10515.222000,10337.642000,10458.762000,10458.762000,0
2023-01-05,NDXCOMP,10390.308000,10393.218000,10295.249000,10305.241000,10305.241000,0
2023-01-06,NDXCOMP,10363.958000,10604.136000,10265.039000,10569.294000,10569.294000,0
2023-01-09,NDXCOMP,10662.105000,10807.263000,10619.122000,10635.649000,10635.649000,0
2023-01-10,NDXCOMP,10607.720000,10743.674000,10589.595000,10742.630000,10742.630000,0
2023-01-11,NDXCOMP,10794.986000,10932.444000,10762.728000,10931.671000,10931.671000,0
2023-01-12,NDXCOMP,10969.256000,11027.754000,10797.116000,11001.105000,11001.105000,0
2023-01-13,NDXCOMP,10906.368000,11084.008000,10900.161000,11079.157000,11079.157000,0
2023-01-17,NDXCOMP,11070.003000,11145.437000,11024.720000,11095.113000,11095.113000,0
2023-01-18,NDXCOMP,11170.949000,11223.414000,10952.048000,10957.013000,10957.013000,0
2023-01-19,NDXCOMP,10890.397000,10932.518000,10804.573000,10852.269000,10852.269000,0
2023-01-20,NDXCOMP,10924.664000,11143.173000,10885.645000,11140.434000,11140.434000,0
2023-01-23,NDXCOMP,11171.943000,11405.503000,11144.027000,11364.414000,11364.414000,0
2023-01-24,NDXCOMP,11302.932000,11378.151000,11282.649000,11334.272000,11334.272000,0
2023-01-25,NDXCOMP,11146.533000,11334.217000,11069.175000,11313.357000,11313.357000,0
2023-01-26,NDXCOMP,11458.405000,11516.053000,11341.194000,11512.413000,11512.413000,0
2023-01-27,NDXCOMP,11470.469000,11691.888000,11470.272000,11621.709000,11621.709000,0
2023-01-30,NDXCOMP,11512.342000,11553.308000,11388.544000,11393.814000,11393.814000,0
2023-01-31,NDXCOMP,11398.577000,11586.012000,11398.374000,11584.552000,11584.552000,0
2023-02-01,NDXCOMP,11573.144000,11904.018000,11500.332000,11816.320000,11816.320000,0
2023-02-02,NDXCOMP,12065.148000,12269.555000,12024.143000,12200.818000,12200.818000,0
2023-02-03,NDXCOMP,11946.856000,12231.310000,11946.856000,12006.955000,12006.955000,0
2023-02-06,NDXCOMP,11904.409000,11973.409000,11843.489000,11887.450000,11887.450000,0
2023-02-07,NDXCOMP,11891.248000,12150.217000,11836.775000,12113.786000,12113.786000,0
2023-02-08,NDXCOMP,12069.120000,12096.386000,11890.094000,11910.520000,11910.520000,0
2023-02-09,NDXCOMP,12069.104000,12070.963000,11745.106000,11789.579000,11789.579000,0
2023-02-10,NDXCOMP,11714.599000,11775.801000,11630.540000,11718.120000,11718.120000,0
2023-02-13,NDXCOMP,11759.088000,11910.923000,11719.732000,11891.789000,11891.789000,0
2023-02-14,NDXCOMP,11808.200000,11999.851000,11760.565000,11960.145000,11960.145000,0
2023-02-15,NDXCOMP,11905.123000,12071.287000,11876.817000,12070.593000,12070.593000,0
2023-02-16,NDXCOMP,11896.309000,12040.336000,11853.360000,11855.834000,11855.834000,0
2023-02-17,NDXCOMP,11777.505000,11803.222000,11673.214000,11787.272000,11787.272000,0
2023-02-21,NDXCOMP,11640.374000,11684.141000,11491.176000,11492.301000,11492.301000,0
2023-02-22,NDXCOMP,11517.196000,11582.517000,11445.174000,11507.070000,11507.070000,0
2023-02-23,NDXCOMP,11636.929000,11638.975000,11432.578000,11590.401000,11590.401000,0
2023-02-24,NDXCOMP,11404.182000,11434.364000,11334.465000,11394.942000,11394.942000,0
2023-02-27,NDXCOMP,11517.188000,11565.231000,11444.598000,11466.979000,11466.979000,0
2023-02-28,NDXCOMP,11451.049000,11548.225000,11435.394000,11455.544000,11455.544000,0
2023-03-01,NDXCOMP,11447.581000,11479.002000,11349.869000,11379.485000,11379.485000,0
2023-03-02,NDXCOMP,11273.769000,11487.592000,11273.609000,11462.982000,11462.982000,0
2023-03-03,NDXCOMP,11524.648000,11699.634000,11514.738000,11689.006000,11689.006000,0
2023-03-06,NDXCOMP,11736.867000,11827.922000,11667.477000,11675.737000,11675.737000,0
2023-03-07,NDXCOMP,11670.979000,11705.965000,11512.028000,11530.333000,11530.333000,0
2023-03-08,NDXCOMP,11553.086000,11601.229000,11487.752000,11576.005000,11576.005000,0
2023-03-09,NDXCOMP,11578.308000,11667.116000,11319.984000,11338.355000,11338.355000,0
2023-03-10,NDXCOMP,11325.360000,11373.811000,11093.863000,11138.888000,11138.888000,0
2023-03-13,NDXCOMP,11041.459000,11326.732000,10982.803000,11188.843000,11188.843000,0
2023-03-14,NDXCOMP,11428.149000,11467.016000,11284.929000,11428.149000,11428.149000,0
2023-03-15,NDXCOMP,11291.166000,11447.904000,11238.442000,11434.052000,11434.052000,0
2023-03-16,NDXCOMP,11384.870000,11733.803000,11365.485000,11717.277000,11717.277000,0
2023-03-17,NDXCOMP,11696.345000,11773.112000,11562.629000,11630.513000,11630.513000,0
2023-03-20,NDXCOMP,11614.387000,11695.553000,11550.694000,11675.538000,11675.538000,0
2023-03-21,NDXCOMP,11764.791000,11879.161000,11724.914000,11860.109000,11860.109000,0
2023-03-22,NDXCOMP,11857.499000,12013.986000,11666.849000,11669.956000,11669.956000,0
2023-03-23,NDXCOMP,11811.318000,11962.688000,11684.516000,11787.398000,11787.398000,0
2023-03-24,NDXCOMP,11747.622000,11826.226000,11670.666000,11823.960000,11823.960000,0
2023-03-27,NDXCOMP,11768.836000,11903.210000,11739.046000,11768.836000,11768.836000,0
2023-03-28,NDXCOMP,11752.761000,11752.761000,11635.025000,11716.080000,11716.080000,0
2023-03-29,NDXCOMP,11926.236000,11941.595000,11823.346000,11926.236000,11926.236000,0
2023-03-30,NDXCOMP,12010.446000,12038.100000,11982.778000,12032.612000,12032.612000,0
2023-03-31,NDXCOMP,12221.907000,12227.932000,12221.907000,12221.907000,12221.907000,0
2023-04-03,NDXCOMP,12146.093000,12196.340000,12086.524000,12189.453000,12189.453000,0
2023-04-04,NDXCOMP,12208.490000,12224.680000,12081.812000,12126.327000,12126.327000,0
2023-04-05,NDXCOMP,12081.762000,12086.752000,11931.845000,11996.862000,11996.862000,0
2023-04-06,NDXCOMP,11939.079000,12098.500000,11898.363000,12087.957000,12087.957000,0
2023-04-10,NDXCOMP,11975.135000,12084.945000,11924.200000,12084.355000,12084.355000,0
2023-04-11,NDXCOMP,12080.244000,12091.269000,12011.397000,12031.877000,12031.877000,0
2023-04-12,NDXCOMP,12110.870000,12134.502000,11916.539000,11929.337000,11929.337000,0
2023-04-13,NDXCOMP,11997.424000,12178.797000,11995.939000,12166.272000,12166.272000,0
2023-04-14,NDXCOMP,12117.914000,12205.721000,12026.551000,12123.465000,12123.465000,0
2023-04-17,NDXCOMP,12108.232000,12158.618000,12064.098000,12157.724000,12157.724000,0
2023-04-18,NDXCOMP,12234.557000,12245.427000,12110.227000,12153.412000,12153.412000,0
2023-04-19,NDXCOMP,12063.681000,12191.098000,12060.171000,12157.226000,12157.226000,0
2023-04-20,NDXCOMP,12039.079000,12155.962000,12011.952000,12059.558000,12059.558000,0
2023-04-21,NDXCOMP,12046.033000,12097.151000,11986.819000,12072.456000,12072.456000,0
2023-04-25,NDXCOMP,11968.808000,11990.456000,11798.773000,11799.157000,11799.157000,0
2023-04-26,NDXCOMP,11913.232000,11967.990000,11833.069000,11854.351000,11854.351000,0
2023-04-27,NDXCOMP,12142.238000,12154.009000,11950.917000,12142.238000,12142.238000,0
2023-04-28,NDXCOMP,12117.544000,12227.716000,12082.566000,12226.584000,12226.584000,0
2023-05-01,NDXCOMP,12210.048000,12261.318000,12181.081000,12212.598000,12212.598000,0
2023-05-02,NDXCOMP,12198.016000,12206.576000,12015.225000,12080.506000,12080.506000,0
2023-05-03,NDXCOMP,12025.328000,12212.554000,12022.458000,12025.328000,12025.328000,0
2023-05-04,NDXCOMP,11997.339000,12033.149000,11925.371000,11966.398000,11966.398000,0
2023-05-05,NDXCOMP,12235.413000,12264.833000,12065.717000,12235.413000,12235.413000,0
2023-05-08,NDXCOMP,12231.680000,12264.988000,12178.258000,12256.917000,12256.917000,0
2023-05-09,NDXCOMP,12195.780000,12216.127000,12174.056000,12179.553000,12179.553000,0
2023-05-10,NDXCOMP,12286.664000,12337.689000,12180.860000,12306.442000,12306.442000,0
2023-05-11,NDXCOMP,12321.263000,12347.384000,12255.444000,12328.507000,12328.507000,0
2023-05-12,NDXCOMP,12350.524000,12364.647000,12209.576000,12284.743000,12284.743000,0
2023-05-15,NDXCOMP,12301.168000,12376.402000,12263.354000,12365.209000,12365.209000,0
2023-05-16,NDXCOMP,12327.054000,12403.814000,12324.517000,12343.053000,12343.053000,0
2023-05-17,NDXCOMP,12388.581000,12514.067000,12335.019000,12500.566000,12500.566000,0
2023-05-18,NDXCOMP,12513.866000,12698.503000,12512.265000,12688.838000,12688.838000,0
2023-05-19,NDXCOMP,12657.897000,12731.729000,12624.058000,12657.897000,12657.897000,0
2023-05-22,NDXCOMP,12664.437000,12756.225000,12655.259000,12720.776000,12720.776000,0
2023-05-23,NDXCOMP,12652.877000,12709.737000,12554.433000,12560.245000,12560.245000,0
2023-05-24,NDXCOMP,12481.895000,12526.934000,12415.852000,12484.162000,12484.162000,0
2023-05-25,NDXCOMP,12706.442000,12736.918000,12604.892000,12698.094000,12698.094000,0
2023-05-26,NDXCOMP,12736.418000,13001.911000,12729.739000,12975.688000,12975.688000,0
2023-05-30,NDXCOMP,13109.099000,13154.292000,12968.117000,13017.426000,13017.426000,0
2023-05-31,NDXCOMP,12968.381000,13029.076000,12889.370000,12935.285000,12935.285000,0
2023-06-01,NDXCOMP,12944.463000,13141.833000,12903.626000,13100.982000,13100.982000,0
2023-06-02,NDXCOMP,13190.482000,13256.214000,13125.864000,13240.766000,13240.766000,0
2023-06-05,NDXCOMP,13238.484000,13330.646000,13194.949000,13229.429000,13229.429000,0
2023-06-06,NDXCOMP,13199.586000,13306.205000,13165.652000,13276.418000,13276.418000,0
2023-06-07,NDXCOMP,13295.263000,13361.897000,13089.482000,13104.895000,13104.895000,0
2023-06-08,NDXCOMP,13113.268000,13248.604000,13101.178000,13238.524000,13238.524000,0
2023-06-09,NDXCOMP,13259.143000,13385.948000,13229.330000,13259.143000,13259.143000,0
2023-06-12,NDXCOMP,13326.370000,13465.909000,13302.584000,13461.921000,13461.921000,0
2023-06-13,NDXCOMP,13566.525000,13594.403000,13473.193000,13573.320000,13573.320000,0
2023-06-14,NDXCOMP,13570.563000,13661.735000,13455.986000,13626.477000,13626.477000,0
2023-06-15,NDXCOMP,13572.882000,13828.166000,13561.370000,13782.821000,13782.821000,0
2023-06-16,NDXCOMP,13859.070000,13864.061000,13680.955000,13689.571000,13689.571000,0
2023-06-20,NDXCOMP,13642.295000,13711.184000,13561.838000,13667.294000,13667.294000,0
2023-06-21,NDXCOMP,13620.866000,13638.570000,13460.943000,13502.199000,13502.199000,0
2023-06-22,NDXCOMP,13443.409000,13631.852000,13441.561000,13630.609000,13630.609000,0
2023-06-23,NDXCOMP,13484.097000,13572.185000,13442.651000,13492.516000,13492.516000,0
2023-06-26,NDXCOMP,13468.745000,13573.568000,13334.421000,13335.778000,13335.778000,0
2023-06-27,NDXCOMP,13389.249000,13578.800000,13366.969000,13555.673000,13555.673000,0
2023-06-28,NDXCOMP,13506.018000,13654.137000,13495.734000,13591.750000,13591.750000,0
2023-06-29,NDXCOMP,13592.357000,13618.529000,13540.257000,13591.331000,13591.331000,0
2023-06-30,NDXCOMP,13719.982000,13816.675000,13716.157000,13787.923000,13787.923000,0
2023-07-03,NDXCOMP,13798.704000,13839.092000,13773.407000,13816.773000,13816.773000,0
2023-07-05,NDXCOMP,13772.104000,13844.503000,13764.253000,13791.654000,13791.654000,0
2023-07-06,NDXCOMP,13653.168000,13689.523000,13567.255000,13679.043000,13679.043000,0
2023-07-07,NDXCOMP,13668.066000,13804.514000,13657.193000,13660.716000,13660.716000,0
2023-07-10,NDXCOMP,13645.373000,13692.408000,13584.866000,13685.481000,13685.481000,0
2023-07-11,NDXCOMP,13760.699000,13774.826000,13643.316000,13760.699000,13760.699000,0
2023-07-12,NDXCOMP,13915.636000,13963.451000,13842.130000,13918.963000,13918.963000,0
2023-07-13,NDXCOMP,14021.146000,14163.805000,14019.311000,14138.570000,14138.570000,0
2023-07-14,NDXCOMP,14166.660000,14232.112000,14081.958000,14113.703000,14113.703000,0
2023-07-17,NDXCOMP,14149.917000,14274.408000,14138.005000,14244.948000,14244.948000,0
2023-07-18,NDXCOMP,14212.252000,14396.688000,14176.106000,14353.642000,14353.642000,0
2023-07-19,NDXCOMP,14398.527000,14446.551000,14317.094000,14358.018000,14358.018000,0
2023-07-20,NDXCOMP,14063.307000,14309.921000,14030.625000,14063.307000,14063.307000,0
2023-07-21,NDXCOMP,14148.175000,14179.013000,14020.452000,14032.805000,14032.805000,0
2023-07-24,NDXCOMP,14081.631000,14110.148000,13997.125000,14058.866000,14058.866000,0
2023-07-25,NDXCOMP,14093.238000,14201.905000,14092.518000,14144.555000,14144.555000,0
2023-07-26,NDXCOMP,14123.521000,14187.349000,14041.954000,14127.282000,14127.282000,0
2023-07-27,NDXCOMP,14319.160000,14360.199000,14006.925000,14050.107000,14050.107000,0
2023-07-28,NDXCOMP,14199.826000,14344.352000,14188.104000,14316.658000,14316.658000,0
2023-07-31,NDXCOMP,14346.024000,14370.907000,14292.755000,14346.024000,14346.024000,0
2023-08-01,NDXCOMP,14274.934000,14309.211000,14215.637000,14283.913000,14283.913000,0
2023-08-02,NDXCOMP,13973.447000,14133.847000,13914.813000,13973.447000,13973.447000,0
2023-08-03,NDXCOMP,13899.756000,14032.277000,13881.349000,13959.715000,13959.715000,0
2023-08-04,NDXCOMP,14025.957000,14119.224000,13897.934000,13909.238000,13909.238000,0
2023-08-07,NDXCOMP,13994.398000,13997.154000,13864.922000,13994.398000,13994.398000,0
2023-08-08,NDXCOMP,13884.324000,13899.744000,13769.342000,13884.324000,13884.324000,0
2023-08-09,NDXCOMP,13897.607000,13898.535000,13698.394000,13722.016000,13722.016000,0
2023-08-10,NDXCOMP,13737.986000,13947.162000,13686.515000,13737.986000,13737.986000,0
2023-08-11,NDXCOMP,13633.649000,13720.329000,13609.977000,13644.849000,13644.849000,0
2023-08-14,NDXCOMP,13788.331000,13789.156000,13582.489000,13788.331000,13788.331000,0
2023-08-15,NDXCOMP,13760.479000,13774.976000,13611.935000,13631.047000,13631.047000,0
2023-08-16,NDXCOMP,13593.166000,13644.316000,13473.026000,13474.628000,13474.628000,0
2023-08-17,NDXCOMP,13316.932000,13316.932000,13303.445000,13316.932000,13316.932000,0
2023-08-18,NDXCOMP,13290.776000,13335.867000,13161.765000,13290.776000,13290.776000,0
2023-08-21,NDXCOMP,13347.256000,13516.862000,13325.592000,13497.590000,13497.590000,0
2023-08-22,NDXCOMP,13593.945000,13598.765000,13484.377000,13505.873000,13505.873000,0
2023-08-23,NDXCOMP,13532.428000,13757.003000,13532.428000,13721.033000,13721.033000,0
2023-08-24,NDXCOMP,13463.972000,13463.972000,13462.838000,13463.972000,13463.972000,0
2023-08-25,NDXCOMP,13514.367000,13633.414000,13376.345000,13590.646000,13590.646000,0
2023-08-28,NDXCOMP,13695.356000,13735.978000,13626.643000,13705.131000,13705.131000,0
2023-08-29,NDXCOMP,13687.229000,13959.807000,13677.064000,13943.757000,13943.757000,0
2023-08-30,NDXCOMP,14019.311000,14050.823000,13924.203000,14019.311000,14019.311000,0
2023-08-31,NDXCOMP,14034.969000,14114.675000,14010.478000,14034.969000,14034.969000,0
2023-09-01,NDXCOMP,14031.815000,14149.622000,13982.421000,14031.815000,14031.815000,0
2023-09-05,NDXCOMP,13994.541000,14060.850000,13945.651000,14020.952000,14020.952000,0
2023-09-06,NDXCOMP,13988.814000,14001.952000,13802.417000,13872.471000,13872.471000,0
2023-09-07,NDXCOMP,13675.106000,13774.634000,13642.470000,13748.832000,13748.832000,0
2023-09-08,NDXCOMP,13754.711000,13843.372000,13733.178000,13761.526000,13761.526000,0
2023-09-11,NDXCOMP,13884.034000,13937.465000,13805.133000,13917.894000,13917.894000,0
2023-09-12,NDXCOMP,13858.937000,13913.599000,13763.692000,13773.615000,13773.615000,0
2023-09-13,NDXCOMP,13773.671000,13868.572000,13733.816000,13813.585000,13813.585000,0
2023-09-14,NDXCOMP,13889.758000,13957.570000,13810.662000,13926.052000,13926.052000,0
2023-09-15,NDXCOMP,13889.198000,13895.747000,13684.244000,13708.335000,13708.335000,0
2023-09-18,NDXCOMP,13669.955000,13751.281000,13663.455000,13710.237000,13710.237000,0
2023-09-19,NDXCOMP,13649.443000,13705.154000,13578.867000,13678.186000,13678.186000,0
2023-09-20,NDXCOMP,13710.260000,13727.810000,13467.279000,13469.128000,13469.128000,0
2023-09-21,NDXCOMP,13328.057000,13362.231000,13222.564000,13223.985000,13223.985000,0
2023-09-22,NDXCOMP,13287.171000,13353.219000,13200.639000,13211.807000,13211.807000,0
2023-09-25,NDXCOMP,13172.536000,13277.830000,13131.997000,13271.320000,13271.320000,0
2023-09-26,NDXCOMP,13180.964000,13199.134000,13033.403000,13063.610000,13063.610000,0
2023-09-27,NDXCOMP,13115.356000,13156.370000,12963.164000,13092.849000,13092.849000,0
2023-09-28,NDXCOMP,13043.371000,13270.966000,13025.110000,13201.276000,13201.276000,0
2023-09-29,NDXCOMP,13337.709000,13382.983000,13177.086000,13219.322000,13219.322000,0
2023-10-02,NDXCOMP,13217.985000,13364.026000,13204.076000,13307.773000,13307.773000,0
2023-10-03,NDXCOMP,13229.684000,13280.036000,13008.597000,13059.466000,13059.466000,0
2023-10-04,NDXCOMP,13092.920000,13258.756000,13072.515000,13236.010000,13236.010000,0
2023-10-05,NDXCOMP,13228.121000,13251.179000,13087.572000,13219.834000,13219.834000,0
2023-10-06,NDXCOMP,13127.676000,13472.266000,13099.034000,13431.341000,13431.341000,0
2023-10-09,NDXCOMP,13326.223000,13509.296000,13277.477000,13484.239000,13484.239000,0
2023-10-10,NDXCOMP,13505.811000,13659.631000,13491.811000,13562.844000,13562.844000,0
2023-10-11,NDXCOMP,13619.214000,13671.108000,13549.294000,13659.677000,13659.677000,0
2023-10-12,NDXCOMP,13672.468000,13714.136000,13491.559000,13574.219000,13574.219000,0
2023-10-13,NDXCOMP,13613.586000,13619.541000,13361.853000,13407.234000,13407.234000,0
2023-10-16,NDXCOMP,13453.807000,13598.046000,13447.165000,13567.984000,13567.984000,0
2023-10-17,NDXCOMP,13419.868000,13602.248000,13364.737000,13533.747000,13533.747000,0
2023-10-18,NDXCOMP,13439.680000,13499.742000,13275.300000,13314.302000,13314.302000,0
2023-10-19,NDXCOMP,13354.798000,13404.727000,13157.329000,13186.175000,13186.175000,0
2023-10-20,NDXCOMP,13157.773000,13177.350000,12977.435000,12983.807000,12983.807000,0
2023-10-23,NDXCOMP,12930.851000,13143.225000,12848.828000,13018.329000,13018.329000,0
2023-10-24,NDXCOMP,13084.994000,13170.393000,13022.852000,13139.875000,13139.875000,0
2023-10-25,NDXCOMP,13039.861000,13042.519000,12804.304000,12821.224000,12821.224000,0
2023-10-26,NDXCOMP,12768.968000,12818.143000,12543.856000,12595.605000,12595.605000,0
2023-10-27,NDXCOMP,12718.687000,12772.434000,12600.572000,12643.011000,12643.011000,0
2023-10-30,NDXCOMP,12750.465000,12842.962000,12691.564000,12789.483000,12789.483000,0
2023-10-31,NDXCOMP,12786.616000,12859.401000,12697.043000,12851.238000,12851.238000,0
2023-11-01,NDXCOMP,12887.064000,13072.425000,12875.199000,13061.469000,13061.469000,0
2023-11-02,NDXCOMP,13230.490000,13302.182000,13177.643000,13294.191000,13294.191000,0
2023-11-03,NDXCOMP,13362.853000,13520.278000,13344.728000,13478.283000,13478.283000,0
2023-11-06,NDXCOMP,13514.082000,13551.618000,13435.992000,13518.779000,13518.779000,0
2023-11-07,NDXCOMP,13555.790000,13675.464000,13516.561000,13639.856000,13639.856000,0
2023-11-08,NDXCOMP,13660.219000,13684.868000,13573.582000,13650.414000,13650.414000,0
2023-11-09,NDXCOMP,13693.695000,13697.820000,13506.016000,13521.448000,13521.448000,0
2023-11-10,NDXCOMP,13571.189000,13802.526000,13556.351000,13798.108000,13798.108000,0
2023-11-13,NDXCOMP,13745.962000,13805.105000,13687.777000,13767.743000,13767.743000,0
2023-11-14,NDXCOMP,14015.371000,14124.058000,14003.143000,14094.381000,14094.381000,0
2023-11-15,NDXCOMP,14147.271000,14194.359000,14060.695000,14103.836000,14103.836000,0
2023-11-16,NDXCOMP,14066.878000,14130.448000,14033.791000,14113.673000,14113.673000,0
2023-11-17,NDXCOMP,14101.435000,14154.315000,14063.932000,14125.481000,14125.481000,0
2023-11-20,NDXCOMP,14134.751000,14309.799000,14134.198000,14284.534000,14284.534000,0
2023-11-21,NDXCOMP,14217.232000,14237.504000,14146.305000,14199.982000,14199.982000,0
2023-11-22,NDXCOMP,14283.818000,14359.608000,14226.631000,14265.857000,14265.857000,0
2023-11-24,NDXCOMP,14238.035000,14270.279000,14214.128000,14250.855000,14250.855000,0
2023-11-27,NDXCOMP,14239.309000,14305.710000,14205.235000,14241.022000,14241.022000,0
2023-11-28,NDXCOMP,14224.628000,14303.655000,14195.721000,14281.756000,14281.756000,0
2023-11-29,NDXCOMP,14367.111000,14423.218000,14247.886000,14258.490000,14258.490000,0
2023-11-30,NDXCOMP,14265.046000,14289.200000,14127.055000,14226.218000,14226.218000,0
2023-12-01,NDXCOMP,14181.354000,14311.947000,14135.004000,14305.032000,14305.032000,0
2023-12-04,NDXCOMP,14168.664000,14197.516000,14058.521000,14185.494000,14185.494000,0
2023-12-05,NDXCOMP,14126.402000,14285.659000,14121.761000,14229.912000,14229.912000,0
2023-12-06,NDXCOMP,14325.620000,14327.635000,14138.509000,14146.712000,14146.712000,0
2023-12-07,NDXCOMP,14230.435000,14353.110000,14220.868000,14339.994000,14339.994000,0
2023-12-08,NDXCOMP,14279.455000,14416.917000,14264.960000,14403.972000,14403.972000,0
2023-12-11,NDXCOMP,14340.128000,14436.079000,14324.567000,14432.486000,14432.486000,0
2023-12-12,NDXCOMP,14423.007000,14533.397000,14385.392000,14533.397000,14533.397000,0
2023-12-13,NDXCOMP,14555.683000,14743.555000,14517.525000,14733.964000,14733.964000,0
2023-12-14,NDXCOMP,14798.721000,14855.619000,14642.232000,14761.559000,14761.559000,0
2023-12-15,NDXCOMP,14797.463000,14848.405000,14753.155000,14813.920000,14813.920000,0
2023-12-18,NDXCOMP,14814.021000,14938.038000,14811.818000,14904.813000,14904.813000,0
2023-12-19,NDXCOMP,14923.016000,15003.798000,14921.598000,15003.223000,15003.223000,0
2023-12-20,NDXCOMP,14973.362000,15069.292000,14776.286000,14777.943000,14777.943000,0
2023-12-21,NDXCOMP,14923.138000,14970.806000,14837.474000,14963.866000,14963.866000,0
2023-12-22,NDXCOMP,15006.177000,15047.191000,14927.116000,14992.973000,14992.973000,0
2023-12-27,NDXCOMP,15089.663000,15114.082000,15051.671000,15099.176000,15099.176000,0
2023-12-28,NDXCOMP,15142.095000,15150.067000,15087.223000,15095.136000,15095.136000,0
2023-12-29,NDXCOMP,15099.195000,15111.405000,14955.369000,15011.352000,15011.352000,0
2024-01-02,NDXCOMP,14873.703000,14887.803000,14682.382000,14765.940000,14765.940000,0
2024-01-03,NDXCOMP,14641.472000,14694.583000,14577.440000,14592.211000,14592.211000,0
2024-01-04,NDXCOMP,14532.230000,14632.773000,14504.779000,14510.300000,14510.300000,0
2024-01-05,NDXCOMP,14500.107000,14625.188000,14477.568000,14524.073000,14524.073000,0
2024-01-08,NDXCOMP,14564.467000,14846.897000,14560.197000,14843.768000,14843.768000,0
2024-01-09,NDXCOMP,14744.129000,14894.321000,14716.714000,14857.709000,14857.709000,0
2024-01-10,NDXCOMP,14877.696000,14998.196000,14842.697000,14969.650000,14969.650000,0
2024-01-11,NDXCOMP,15020.952000,15063.611000,14800.383000,14970.185000,14970.185000,0
2024-01-12,NDXCOMP,15001.010000,15047.245000,14931.880000,14972.760000,14972.760000,0
2024-01-16,NDXCOMP,14908.260000,15004.347000,14863.808000,14944.347000,14944.347000,0
2024-01-17,NDXCOMP,14814.770000,14865.756000,14706.234000,14855.622000,14855.622000,0
2024-01-18,NDXCOMP,14994.520000,15066.807000,14911.108000,15055.648000,15055.648000,0
2024-01-19,NDXCOMP,15122.379000,15310.969000,15087.203000,15310.968000,15310.968000,0
2024-01-22,NDXCOMP,15393.047000,15438.848000,15333.628000,15360.286000,15360.286000,0
2024-01-23,NDXCOMP,15391.412000,15432.354000,15337.227000,15425.943000,15425.943000,0
2024-01-24,NDXCOMP,15560.610000,15629.072000,15468.906000,15481.918000,15481.918000,0
2024-01-25,NDXCOMP,15555.622000,15597.254000,15430.676000,15510.496000,15510.496000,0
2024-01-26,NDXCOMP,15474.852000,15538.838000,15433.038000,15455.363000,15455.363000,0
2024-01-29,NDXCOMP,15470.656000,15630.585000,15449.868000,15628.044000,15628.044000,0
2024-01-30,NDXCOMP,15604.077000,15619.231000,15484.671000,15509.897000,15509.897000,0
2024-01-31,NDXCOMP,15324.188000,15405.555000,15158.492000,15164.012000,15164.012000,0
2024-02-01,NDXCOMP,15254.023000,15372.129000,15208.882000,15361.642000,15361.642000,0
2024-02-02,NDXCOMP,15403.158000,15664.212000,15366.784000,15628.954000,15628.954000,0
2024-02-05,NDXCOMP,15613.993000,15637.877000,15471.680000,15597.677000,15597.677000,0
2024-02-06,NDXCOMP,15638.194000,15652.750000,15515.248000,15608.998000,15608.998000,0
2024-02-07,NDXCOMP,15690.354000,15770.675000,15645.805000,15756.644000,15756.644000,0
2024-02-08,NDXCOMP,15762.232000,15813.267000,15739.181000,15793.715000,15793.715000,0
2024-02-09,NDXCOMP,15842.379000,16007.290000,15831.757000,15990.664000,15990.664000,0
2024-02-12,NDXCOMP,15980.619000,16080.073000,15917.873000,15942.545000,15942.545000,0
2024-02-13,NDXCOMP,15598.876000,15770.420000,15551.444000,15655.599000,15655.599000,0
2024-02-14,NDXCOMP,15781.710000,15865.509000,15683.942000,15859.146000,15859.146000,0
2024-02-15,NDXCOMP,15865.298000,15911.223000,15779.715000,15906.173000,15906.173000,0
2024-02-16,NDXCOMP,15910.434000,15917.411000,15752.024000,15775.654000,15775.654000,0
2024-02-20,NDXCOMP,15679.843000,15730.469000,15508.496000,15630.783000,15630.783000,0
2024-02-21,NDXCOMP,15532.120000,15583.682000,15451.652000,15580.870000,15580.870000,0
2024-02-22,NDXCOMP,15904.477000,16061.820000,15869.236000,16041.621000,16041.621000,0
2024-02-23,NDXCOMP,16094.804000,16134.218000,15954.500000,15996.823000,15996.823000,0
2024-02-26,NDXCOMP,16014.450000,16054.898000,15973.904000,15976.251000,15976.251000,0
2024-02-27,NDXCOMP,16013.979000,16046.097000,15940.507000,16035.300000,16035.300000,0
2024-02-28,NDXCOMP,15969.140000,16003.556000,15924.723000,15947.738000,15947.738000,0
2024-02-29,NDXCOMP,16059.340000,16115.958000,15931.696000,16091.922000,16091.922000,0
2024-03-01,NDXCOMP,16109.825000,16302.240000,16096.599000,16274.942000,16274.942000,0
2024-03-04,NDXCOMP,16264.211000,16289.060000,16199.056000,16207.509000,16207.509000,0
2024-03-05,NDXCOMP,16077.737000,16087.565000,15862.627000,15939.588000,15939.588000,0
2024-03-06,NDXCOMP,16091.996000,16128.558000,15956.658000,16031.543000,16031.543000,0
2024-03-07,NDXCOMP,16147.319000,16309.023000,16096.014000,16273.375000,16273.375000,0
2024-03-08,NDXCOMP,16322.103000,16449.704000,16059.503000,16085.113000,16085.113000,0
2024-03-11,NDXCOMP,16052.625000,16085.945000,15978.042000,16019.274000,16019.274000,0
2024-03-12,NDXCOMP,16116.980000,16275.454000,15992.982000,16265.636000,16265.636000,0
2024-03-13,NDXCOMP,16220.108000,16233.295000,16143.343000,16177.766000,16177.766000,0
2024-03-14,NDXCOMP,16209.192000,16245.318000,16039.677000,16128.529000,16128.529000,0
2024-03-15,NDXCOMP,16043.578000,16055.326000,15925.908000,15973.174000,15973.174000,0
2024-03-18,NDXCOMP,16154.920000,16247.590000,16094.166000,16103.448000,16103.448000,0
2024-03-19,NDXCOMP,16031.927000,16175.586000,15951.856000,16166.791000,16166.791000,0
2024-03-20,NDXCOMP,16185.757000,16377.436000,16127.480000,16369.407000,16369.407000,0
2024-03-21,NDXCOMP,16517.239000,16538.864000,16393.901000,16401.836000,16401.836000,0
2024-03-22,NDXCOMP,16387.831000,16467.615000,16360.997000,16428.818000,16428.818000,0
2024-03-25,NDXCOMP,16335.302000,16441.167000,16315.719000,16384.467000,16384.467000,0
2024-03-26,NDXCOMP,16446.849000,16476.377000,16312.953000,16315.699000,16315.699000,0
2024-03-27,NDXCOMP,16424.756000,16431.825000,16279.172000,16399.521000,16399.521000,0
2024-03-28,NDXCOMP,16377.229000,16420.922000,16347.379000,16379.458000,16379.458000,0
2024-04-01,NDXCOMP,16397.050000,16490.654000,16327.894000,16396.832000,16396.832000,0
2024-04-02,NDXCOMP,16199.235000,16251.412000,16137.237000,16240.449000,16240.449000,0
2024-04-03,NDXCOMP,16178.795000,16340.744000,16169.309000,16277.458000,16277.458000,0
2024-04-04,NDXCOMP,16418.567000,16468.043000,16046.562000,16049.082000,16049.082000,0
2024-04-05,NDXCOMP,16095.398000,16326.496000,16080.485000,16248.520000,16248.520000,0
2024-04-08,NDXCOMP,16285.176000,16323.596000,16220.717000,16253.955000,16253.955000,0
2024-04-09,NDXCOMP,16328.756000,16348.176000,16141.154000,16306.639000,16306.639000,0
2024-04-10,NDXCOMP,16104.013000,16200.098000,16092.020000,16170.360000,16170.360000,0
2024-04-11,NDXCOMP,16236.200000,16464.603000,16154.653000,16442.198000,16442.198000,0
2024-04-12,NDXCOMP,16293.032000,16341.455000,16125.327000,16175.094000,16175.094000,0
2024-04-15,NDXCOMP,16276.474000,16295.273000,15863.882000,15885.019000,15885.019000,0
2024-04-16,NDXCOMP,15856.380000,15965.792000,15822.023000,15865.251000,15865.251000,0
2024-04-17,NDXCOMP,15942.286000,15957.028000,15654.514000,15683.373000,15683.373000,0
2024-04-18,NDXCOMP,15705.695000,15786.119000,15587.502000,15601.499000,15601.499000,0
2024-04-19,NDXCOMP,15547.100000,15576.704000,15222.777000,15282.010000,15282.010000,0
2024-04-22,NDXCOMP,15396.130000,15539.002000,15265.656000,15451.305000,15451.305000,0
2024-04-23,NDXCOMP,15525.552000,15730.349000,15510.585000,15696.640000,15696.640000,0
2024-04-24,NDXCOMP,15805.601000,15838.998000,15634.437000,15712.749000,15712.749000,0
2024-04-25,NDXCOMP,15375.264000,15644.514000,15343.914000,15611.760000,15611.760000,0
2024-04-26,NDXCOMP,15821.335000,15980.999000,15770.720000,15927.900000,15927.900000,0
2024-04-29,NDXCOMP,16006.998000,16021.495000,15885.892000,15983.084000,15983.084000,0
2024-04-30,NDXCOMP,15920.886000,15979.364000,15655.667000,15657.822000,15657.822000,0
2024-05-01,NDXCOMP,15646.094000,15926.220000,15557.643000,15605.481000,15605.481000,0
2024-05-02,NDXCOMP,15758.113000,15862.787000,15604.726000,15840.958000,15840.958000,0
2024-05-03,NDXCOMP,16147.482000,16204.712000,16068.341000,16156.328000,16156.328000,0
2024-05-06,NDXCOMP,16208.537000,16350.084000,16197.861000,16349.245000,16349.245000,0
2024-05-07,NDXCOMP,16358.343000,16397.392000,16303.839000,16332.555000,16332.555000,0
2024-05-08,NDXCOMP,16226.067000,16341.647000,16226.067000,16302.756000,16302.756000,0
2024-05-09,NDXCOMP,16323.738000,16362.789000,16241.977000,16346.265000,16346.265000,0
2024-05-10,NDXCOMP,16389.024000,16437.391000,16293.520000,16340.869000,16340.869000,0
2024-05-13,NDXCOMP,16400.307000,16407.054000,16334.861000,16388.238000,16388.238000,0
2024-05-14,NDXCOMP,16391.161000,16526.272000,16386.435000,16511.180000,16511.180000,0
2024-05-15,NDXCOMP,16601.140000,16749.744000,16544.087000,16742.390000,16742.390000,0
2024-05-16,NDXCOMP,16738.106000,16797.834000,16693.445000,16698.321000,16698.321000,0
2024-05-17,NDXCOMP,16708.488000,16726.410000,16613.836000,16685.966000,16685.966000,0
2024-05-20,NDXCOMP,16702.023000,16823.827000,16695.692000,16794.874000,16794.874000,0
2024-05-21,NDXCOMP,16736.097000,16839.020000,16719.966000,16832.624000,16832.624000,0
2024-05-22,NDXCOMP,16839.021000,16855.270000,16712.093000,16801.544000,16801.544000,0
2024-05-23,NDXCOMP,16996.385000,16996.385000,16678.369000,16736.033000,16736.033000,0
2024-05-24,NDXCOMP,16786.794000,16947.795000,16771.581000,16920.794000,16920.794000,0
2024-05-28,NDXCOMP,16988.315000,17032.655000,16917.512000,17019.880000,17019.880000,0
2024-05-29,NDXCOMP,16879.349000,16989.601000,16873.973000,16920.580000,16920.580000,0
2024-05-30,NDXCOMP,16878.628000,16900.458000,16690.359000,16737.079000,16737.079000,0
2024-05-31,NDXCOMP,16771.896000,16789.266000,16445.537000,16735.015000,16735.015000,0
2024-06-03,NDXCOMP,16865.704000,16909.887000,16646.430000,16828.670000,16828.670000,0
2024-06-04,NDXCOMP,16823.882000,16891.874000,16750.389000,16857.047000,16857.047000,0
2024-06-05,NDXCOMP,16974.477000,17187.918000,16955.561000,17187.905000,17187.905000,0
2024-06-06,NDXCOMP,17204.871000,17235.726000,17123.592000,17173.121000,17173.121000,0
2024-06-07,NDXCOMP,17124.135000,17229.308000,17090.045000,17133.126000,17133.126000,0
2024-06-10,NDXCOMP,17083.446000,17213.447000,17057.335000,17192.529000,17192.529000,0
2024-06-11,NDXCOMP,17160.424000,17345.052000,17107.986000,17343.546000,17343.546000,0
2024-06-12,NDXCOMP,17502.150000,17725.391000,17490.643000,17608.436000,17608.436000,0
2024-06-13,NDXCOMP,17715.265000,17741.798000,17566.319000,17667.560000,17667.560000,0
2024-06-14,NDXCOMP,17621.181000,17693.431000,17590.801000,17688.882000,17688.882000,0
2024-06-17,NDXCOMP,17697.302000,17935.985000,17636.360000,17857.020000,17857.020000,0
2024-06-18,NDXCOMP,17856.759000,17890.518000,17796.878000,17862.232000,17862.232000,0
2024-06-20,NDXCOMP,17913.942000,17936.792000,17650.695000,17721.587000,17721.587000,0
2024-06-21,NDXCOMP,17681.007000,17787.336000,17620.569000,17689.361000,17689.361000,0
2024-06-24,NDXCOMP,17640.259000,17730.119000,17494.018000,17496.817000,17496.817000,0
2024-06-25,NDXCOMP,17572.157000,17734.345000,17546.632000,17717.654000,17717.654000,0
2024-06-26,NDXCOMP,17697.265000,17813.549000,17687.067000,17805.156000,17805.156000,0
2024-06-27,NDXCOMP,17793.954000,17892.781000,17765.421000,17858.684000,17858.684000,0
2024-06-28,NDXCOMP,17891.095000,18034.997000,17723.830000,17732.603000,17732.603000,0
2024-07-01,NDXCOMP,17773.897000,17894.284000,17657.642000,17879.300000,17879.300000,0
2024-07-02,NDXCOMP,17808.037000,18031.288000,17802.238000,18028.763000,18028.763000,0
2024-07-03,NDXCOMP,18188.302000,18188.302000,18188.302000,18188.302000,18188.302000,0
2024-07-05,NDXCOMP,18200.598000,18366.309000,18197.135000,18352.759000,18352.759000,0
2024-07-08,NDXCOMP,18371.859000,18416.941000,18342.600000,18403.738000,18403.738000,0
2024-07-09,NDXCOMP,18465.024000,18511.890000,18381.604000,18429.291000,18429.291000,0
2024-07-10,NDXCOMP,18512.090000,18655.192000,18467.581000,18647.448000,18647.448000,0
2024-07-11,NDXCOMP,18659.246000,18671.069000,18238.782000,18283.407000,18283.407000,0
2024-07-12,NDXCOMP,18303.641000,18556.726000,18293.595000,18398.445000,18398.445000,0
2024-07-15,NDXCOMP,18485.914000,18641.532000,18397.834000,18472.566000,18472.566000,0
2024-07-16,NDXCOMP,18534.268000,18576.832000,18386.069000,18509.340000,18509.340000,0
2024-07-17,NDXCOMP,18188.188000,18223.237000,17972.866000,17996.925000,17996.925000,0
2024-07-18,NDXCOMP,18119.153000,18130.866000,17759.545000,17871.223000,17871.223000,0
2024-07-19,NDXCOMP,17835.592000,17935.142000,17691.431000,17726.940000,17726.940000,0
2024-07-22,NDXCOMP,17923.645000,18040.993000,17839.760000,18007.568000,18007.568000,0
2024-07-23,NDXCOMP,17982.736000,18128.384000,17968.100000,17997.351000,17997.351000,0
2024-07-24,NDXCOMP,17733.907000,17747.058000,17313.518000,17342.413000,17342.413000,0
2024-07-25,NDXCOMP,17352.644000,17544.459000,17033.964000,17181.724000,17181.724000,0
2024-07-26,NDXCOMP,17331.946000,17454.567000,17239.993000,17357.882000,17357.882000,0
2024-07-29,NDXCOMP,17444.390000,17535.316000,17299.831000,17370.201000,17370.201000,0
2024-07-30,NDXCOMP,17424.100000,17468.559000,17015.376000,17147.417000,17147.417000,0
2024-07-31,NDXCOMP,17499.231000,17693.984000,17438.602000,17599.400000,17599.400000,0
2024-08-01,NDXCOMP,17647.032000,17791.585000,17051.418000,17194.145000,17194.145000,0
2024-08-02,NDXCOMP,16780.446000,16920.626000,16582.790000,16776.164000,16776.164000,0
2024-08-05,NDXCOMP,15712.532000,16453.458000,15708.537000,16200.082000,16200.082000,0
2024-08-06,NDXCOMP,16261.360000,16620.315000,16137.646000,16366.855000,16366.855000,0
2024-08-07,NDXCOMP,16622.310000,16709.808000,16179.532000,16195.806000,16195.806000,0
2024-08-08,NDXCOMP,16408.265000,16694.248000,16262.931000,16660.021000,16660.021000,0
2024-08-09,NDXCOMP,16636.522000,16789.222000,16574.575000,16745.302000,16745.302000,0
2024-08-12,NDXCOMP,16793.643000,16895.787000,16699.388000,16780.609000,16780.609000,0
2024-08-13,NDXCOMP,16944.735000,17192.794000,16943.953000,17187.608000,17187.608000,0
2024-08-14,NDXCOMP,17227.640000,17260.727000,17032.168000,17192.601000,17192.601000,0
2024-08-15,NDXCOMP,17394.545000,17602.718000,17375.411000,17594.496000,17594.496000,0
2024-08-16,NDXCOMP,17516.404000,17674.650000,17502.825000,17631.720000,17631.720000,0
2024-08-19,NDXCOMP,17649.741000,17877.442000,17585.578000,17876.771000,17876.771000,0
2024-08-20,NDXCOMP,17849.087000,17932.533000,17758.195000,17816.937000,17816.937000,0
2024-08-21,NDXCOMP,17840.512000,17963.070000,17790.982000,17918.987000,17918.987000,0
2024-08-22,NDXCOMP,17993.720000,18017.689000,17589.150000,17619.354000,17619.354000,0
2024-08-23,NDXCOMP,17772.727000,17941.265000,17700.267000,17877.794000,17877.794000,0
2024-08-26,NDXCOMP,17867.846000,17909.086000,17645.687000,17725.765000,17725.765000,0
2024-08-27,NDXCOMP,17655.522000,17789.719000,17573.371000,17754.820000,17754.820000,0
2024-08-28,NDXCOMP,17738.802000,17759.943000,17439.397000,17556.027000,17556.027000,0
2024-08-29,NDXCOMP,17610.571000,17789.213000,17482.604000,17516.430000,17516.430000,0
2024-08-30,NDXCOMP,17650.491000,17720.375000,17498.792000,17713.624000,17713.624000,0
2024-09-03,NDXCOMP,17585.449000,17585.449000,17057.785000,17136.298000,17136.298000,0
2024-09-04,NDXCOMP,17015.713000,17232.652000,16984.671000,17084.296000,17084.296000,0
2024-09-05,NDXCOMP,17063.237000,17295.576000,17035.067000,17127.661000,17127.661000,0
2024-09-06,NDXCOMP,17137.619000,17166.544000,16668.572000,16690.832000,16690.832000,0
2024-09-09,NDXCOMP,16835.674000,16923.278000,16732.835000,16884.603000,16884.603000,0
2024-09-10,NDXCOMP,16949.641000,17036.071000,16801.126000,17025.880000,17025.880000,0
2024-09-11,NDXCOMP,17061.406000,17420.233000,16787.836000,17395.531000,17395.531000,0
2024-09-12,NDXCOMP,17413.889000,17605.722000,17338.318000,17569.676000,17569.676000,0
2024-09-13,NDXCOMP,17575.258000,17719.137000,17564.605000,17683.976000,17683.976000,0
2024-09-16,NDXCOMP,17573.702000,17618.398000,17480.662000,17592.127000,17592.127000,0
2024-09-17,NDXCOMP,17707.019000,17781.739000,17544.639000,17628.061000,17628.061000,0
2024-09-18,NDXCOMP,17663.383000,17832.704000,17556.425000,17573.301000,17573.301000,0
2024-09-19,NDXCOMP,17980.891000,18099.929000,17909.747000,18013.981000,18013.981000,0
2024-09-20,NDXCOMP,17999.345000,18024.335000,17835.637000,17948.321000,17948.321000,0
2024-09-23,NDXCOMP,17994.905000,18021.575000,17936.369000,17974.270000,17974.270000,0
2024-09-24,NDXCOMP,18046.442000,18091.961000,17863.375000,18074.521000,18074.521000,0
2024-09-25,NDXCOMP,18050.357000,18155.035000,18040.623000,18082.205000,18082.205000,0
2024-09-26,NDXCOMP,18327.340000,18327.340000,18071.738000,18190.291000,18190.291000,0
2024-09-27,NDXCOMP,18228.778000,18238.278000,18069.177000,18119.590000,18119.590000,0
2024-09-30,NDXCOMP,18069.826000,18198.158000,17997.560000,18189.170000,18189.170000,0
2024-10-01,NDXCOMP,18154.939000,18162.721000,17779.772000,17910.359000,17910.359000,0
2024-10-02,NDXCOMP,17867.124000,17978.575000,17767.791000,17925.123000,17925.123000,0
2024-10-03,NDXCOMP,17859.486000,18011.252000,17826.416000,17918.476000,17918.476000,0
2024-10-04,NDXCOMP,18130.421000,18145.276000,17952.301000,18137.849000,18137.849000,0
2024-10-07,NDXCOMP,18080.115000,18096.331000,17900.035000,17923.904000,17923.904000,0
2024-10-08,NDXCOMP,18017.929000,18203.045000,17989.697000,18182.916000,18182.916000,0
2024-10-09,NDXCOMP,18179.220000,18302.053000,18133.019000,18291.617000,18291.617000,0
2024-10-10,NDXCOMP,18200.618000,18333.387000,18154.180000,18282.049000,18282.049000,0
2024-10-11,NDXCOMP,18217.734000,18375.534000,18208.441000,18342.937000,18342.937000,0
2024-10-14,NDXCOMP,18426.658000,18547.915000,18423.599000,18502.685000,18502.685000,0
2024-10-15,NDXCOMP,18515.973000,18564.246000,18252.522000,18315.587000,18315.587000,0
2024-10-16,NDXCOMP,18333.293000,18383.107000,18214.956000,18367.079000,18367.079000,0
2024-10-17,NDXCOMP,18537.212000,18541.459000,18368.794000,18373.609000,18373.609000,0
2024-10-18,NDXCOMP,18466.005000,18524.334000,18452.577000,18489.553000,18489.553000,0
2024-10-21,NDXCOMP,18456.481000,18543.578000,18377.625000,18540.005000,18540.005000,0
2024-10-22,NDXCOMP,18451.861000,18620.710000,18413.473000,18573.129000,18573.129000,0
2024-10-23,NDXCOMP,18502.060000,18509.188000,18146.609000,18276.654000,18276.654000,0
2024-10-24,NDXCOMP,18384.155000,18435.369000,18305.418000,18415.486000,18415.486000,0
2024-10-25,NDXCOMP,18512.577000,18690.008000,18487.063000,18518.606000,18518.606000,0
2024-10-28,NDXCOMP,18648.252000,18671.009000,18563.024000,18567.189000,18567.189000,0
2024-10-29,NDXCOMP,18576.088000,18753.193000,18509.594000,18712.748000,18712.748000,0
2024-10-30,NDXCOMP,18731.694000,18785.495000,18598.236000,18607.931000,18607.931000,0
2024-10-31,NDXCOMP,18427.310000,18427.310000,18083.952000,18095.151000,18095.151000,0
2024-11-01,NDXCOMP,18189.667000,18363.943000,18181.531000,18239.917000,18239.917000,0
2024-11-04,NDXCOMP,18220.426000,18308.300000,18112.830000,18179.984000,18179.984000,0
2024-11-05,NDXCOMP,18250.707000,18449.675000,18250.707000,18439.171000,18439.171000,0
2024-11-06,NDXCOMP,18772.761000,19000.500000,18730.207000,18983.465000,18983.465000,0
2024-11-07,NDXCOMP,19084.428000,19301.701000,19084.428000,19269.459000,19269.459000,0
2024-11-08,NDXCOMP,19255.140000,19318.557000,19224.434000,19286.777000,19286.777000,0
2024-11-11,NDXCOMP,19355.338000,19366.069000,19193.287000,19298.763000,19298.763000,0
2024-11-12,NDXCOMP,19289.814000,19343.046000,19168.524000,19281.401000,19281.401000,0
2024-11-13,NDXCOMP,19286.456000,19358.482000,19191.127000,19230.739000,19230.739000,0
2024-11-14,NDXCOMP,19256.090000,19275.804000,19073.392000,19107.651000,19107.651000,0
2024-11-15,NDXCOMP,18929.916000,18936.751000,18598.874000,18680.121000,18680.121000,0
2024-11-18,NDXCOMP,18717.933000,18865.278000,18672.303000,18791.806000,18791.806000,0
2024-11-19,NDXCOMP,18699.705000,18992.082000,18689.833000,18987.468000,18987.468000,0
2024-11-20,NDXCOMP,18971.311000,18974.908000,18724.386000,18966.143000,18966.143000,0
2024-11-21,NDXCOMP,19072.780000,19110.890000,18714.058000,18972.420000,18972.420000,0
2024-11-22,NDXCOMP,18966.320000,19025.774000,18899.483000,19003.651000,19003.651000,0
2024-11-25,NDXCOMP,19140.586000,19208.678000,18969.349000,19054.835000,19054.835000,0
2024-11-26,NDXCOMP,19109.082000,19184.398000,19100.728000,19174.297000,19174.297000,0
2024-11-27,NDXCOMP,19132.987000,19133.112000,18937.197000,19060.476000,19060.476000,0
2024-11-29,NDXCOMP,19087.467000,19245.488000,19066.520000,19218.166000,19218.166000,0
2024-12-02,NDXCOMP,19255.425000,19436.921000,19255.425000,19403.948000,19403.948000,0
2024-12-03,NDXCOMP,19364.343000,19486.145000,19340.408000,19480.911000,19480.911000,0
2024-12-04,NDXCOMP,19587.477000,19741.762000,19575.395000,19735.116000,19735.116000,0
2024-12-05,NDXCOMP,19756.400000,19790.033000,19688.590000,19700.259000,19700.259000,0
2024-12-06,NDXCOMP,19743.959000,19863.145000,19734.423000,19859.774000,19859.774000,0
2024-12-09,NDXCOMP,19824.090000,19872.788000,19698.051000,19736.690000,19736.690000,0
2024-12-10,NDXCOMP,19796.390000,19887.082000,19641.341000,19687.242000,19687.242000,0
2024-12-11,NDXCOMP,19832.955000,20055.934000,19830.636000,20034.894000,20034.894000,0
2024-12-12,NDXCOMP,19947.336000,20018.244000,19897.384000,19902.841000,19902.841000,0
2024-12-13,NDXCOMP,19995.179000,20061.654000,19817.472000,19926.724000,19926.724000,0
2024-12-16,NDXCOMP,20016.121000,20204.581000,19988.116000,20173.891000,20173.891000,0
2024-12-17,NDXCOMP,20095.618000,20148.827000,20004.734000,20109.060000,20109.060000,0
2024-12-18,NDXCOMP,20114.982000,20179.768000,19336.586000,19392.693000,19392.693000,0
2024-12-19,NDXCOMP,19565.664000,19623.018000,19357.755000,19372.768000,19372.768000,0
2024-12-20,NDXCOMP,19190.042000,19758.611000,19168.382000,19572.597000,19572.597000,0
2024-12-23,NDXCOMP,19641.050000,19772.095000,19504.678000,19764.885000,19764.885000,0
2024-12-24,NDXCOMP,19818.476000,20031.126000,19813.764000,20031.126000,20031.126000,0
2024-12-26,NDXCOMP,19979.251000,20070.084000,19888.112000,20020.357000,20020.357000,0
2024-12-27,NDXCOMP,19896.767000,19904.770000,19553.397000,19722.031000,19722.031000,0
2024-12-30,NDXCOMP,19460.413000,19622.932000,19342.505000,19486.785000,19486.785000,0
2024-12-31,NDXCOMP,19551.358000,19562.434000,19283.407000,19310.792000,19310.792000,0
2025-01-02,NDXCOMP,19403.900000,19517.868000,19117.587000,19280.793000,19280.793000,0
2025-01-03,NDXCOMP,19395.511000,19638.664000,19379.574000,19621.677000,19621.677000,0
2025-01-06,NDXCOMP,19851.990000,20007.947000,19784.995000,19864.981000,19864.981000,0
2025-01-07,NDXCOMP,19938.077000,19940.213000,19421.022000,19489.680000,19489.680000,0
2025-01-08,NDXCOMP,19469.365000,19544.505000,19308.543000,19478.878000,19478.878000,0
2025-01-10,NDXCOMP,19312.261000,19315.114000,19018.747000,19161.628000,19161.628000,0
2025-01-13,NDXCOMP,18903.664000,19099.968000,18831.907000,19088.102000,19088.102000,0
2025-01-14,NDXCOMP,19207.748000,19273.137000,18926.601000,19044.393000,19044.393000,0
2025-01-15,NDXCOMP,19350.313000,19548.900000,19299.319000,19511.234000,19511.234000,0
2025-01-16,NDXCOMP,19573.868000,19579.849000,19335.681000,19338.290000,19338.290000,0
2025-01-17,NDXCOMP,19655.546000,19709.642000,19543.320000,19630.199000,19630.199000,0
2025-01-21,NDXCOMP,19734.391000,19789.625000,19551.166000,19756.779000,19756.779000,0
2025-01-22,NDXCOMP,19903.046000,20068.518000,19903.046000,20009.340000,20009.340000,0
2025-01-23,NDXCOMP,19906.988000,20053.678000,19892.553000,20053.678000,20053.678000,0
2025-01-24,NDXCOMP,20087.105000,20118.607000,19897.134000,19954.301000,19954.301000,0
2025-01-27,NDXCOMP,19234.042000,19514.354000,19204.953000,19341.834000,19341.834000,0
2025-01-28,NDXCOMP,19418.219000,19759.432000,19294.618000,19733.586000,19733.586000,0
2025-01-29,NDXCOMP,19695.680000,19699.824000,19479.510000,19632.323000,19632.323000,0
2025-01-30,NDXCOMP,19697.525000,19785.787000,19483.834000,19681.749000,19681.749000,0
2025-01-31,NDXCOMP,19832.333000,19969.168000,19575.206000,19627.441000,19627.441000,0
2025-02-03,NDXCOMP,19215.375000,19502.128000,19141.147000,19391.955000,19391.955000,0
2025-02-04,NDXCOMP,19422.171000,19666.443000,19408.179000,19654.015000,19654.015000,0
2025-02-05,NDXCOMP,19533.053000,19696.936000,19498.897000,19692.330000,19692.330000,0
2025-02-06,NDXCOMP,19725.827000,19793.359000,19654.106000,19791.991000,19791.991000,0
2025-02-07,NDXCOMP,19774.867000,19862.545000,19489.358000,19523.402000,19523.402000,0
2025-02-10,NDXCOMP,19668.178000,19772.039000,19650.788000,19714.270000,19714.270000,0
2025-02-11,NDXCOMP,19602.112000,19731.933000,19579.767000,19643.856000,19643.856000,0
2025-02-12,NDXCOMP,19436.511000,19682.511000,19415.484000,19649.951000,19649.951000,0
2025-02-13,NDXCOMP,19696.918000,19952.173000,19675.872000,19945.644000,19945.644000,0
2025-02-14,NDXCOMP,19956.821000,20045.763000,19932.149000,20026.773000,20026.773000,0
2025-02-18,NDXCOMP,20090.554000,20110.115000,19909.738000,20041.261000,20041.261000,0
2025-02-19,NDXCOMP,19994.502000,20099.391000,19928.894000,20056.253000,20056.253000,0
2025-02-20,NDXCOMP,20029.185000,20041.152000,19795.019000,19962.362000,19962.362000,0
2025-02-21,NDXCOMP,20006.693000,20016.662000,19510.909000,19524.005000,19524.005000,0
2025-02-24,NDXCOMP,19590.846000,19644.230000,19275.455000,19286.925000,19286.925000,0
2025-02-25,NDXCOMP,19242.608000,19256.346000,18871.520000,19026.386000,19026.386000,0
2025-02-26,NDXCOMP,19109.324000,19286.016000,18966.455000,19075.263000,19075.263000,0
2025-02-27,NDXCOMP,19212.363000,19242.688000,18535.225000,18544.419000,18544.419000,0
2025-02-28,NDXCOMP,18477.171000,18861.326000,18372.986000,18847.279000,18847.279000,0
2025-03-03,NDXCOMP,18923.358000,18992.303000,18216.629000,18350.191000,18350.191000,0
2025-03-04,NDXCOMP,18176.434000,18589.491000,17956.603000,18285.163000,18285.163000,0
2025-03-05,NDXCOMP,18312.965000,18604.468000,18144.726000,18552.734000,18552.734000,0
2025-03-06,NDXCOMP,18204.528000,18439.241000,17980.392000,18069.255000,18069.255000,0
2025-03-07,NDXCOMP,18029.848000,18243.576000,17768.593000,18196.221000,18196.221000,0
2025-03-10,NDXCOMP,17840.321000,17868.075000,17291.821000,17468.321000,17468.321000,0
2025-03-11,NDXCOMP,17443.093000,17687.396000,17238.237000,17436.095000,17436.095000,0
2025-03-12,NDXCOMP,17711.410000,17800.098000,17436.266000,17648.450000,17648.450000,0
2025-03-13,NDXCOMP,17598.565000,17621.910000,17239.440000,17303.014000,17303.014000,0
2025-03-14,NDXCOMP,17523.300000,17773.483000,17491.077000,17754.086000,17754.086000,0
2025-03-17,NDXCOMP,17722.545000,17925.939000,17645.874000,17808.664000,17808.664000,0
2025-03-18,NDXCOMP,17662.569000,17682.919000,17431.669000,17504.117000,17504.117000,0
2025-03-19,NDXCOMP,17590.115000,17917.544000,17533.935000,17750.790000,17750.790000,0
2025-03-20,NDXCOMP,17586.061000,17903.200000,17576.824000,17691.626000,17691.626000,0
2025-03-21,NDXCOMP,17519.838000,17798.057000,17474.809000,17784.051000,17784.051000,0
2025-03-24,NDXCOMP,18046.185000,18210.046000,18030.683000,18188.593000,18188.593000,0
2025-03-25,NDXCOMP,18207.966000,18281.135000,18170.416000,18271.855000,18271.855000,0
2025-03-26,NDXCOMP,18217.330000,18236.553000,17837.262000,17899.015000,17899.015000,0
2025-03-27,NDXCOMP,17811.239000,17988.016000,17743.802000,17804.033000,17804.033000,0
2025-03-28,NDXCOMP,17722.087000,17763.276000,17283.064000,17322.991000,17322.991000,0
2025-03-31,NDXCOMP,17045.443000,17334.983000,16854.371000,17299.287000,17299.287000,0
2025-04-01,NDXCOMP,17221.549000,17506.585000,17149.358000,17449.891000,17449.891000,0
2025-04-02,NDXCOMP,17207.006000,17716.522000,17181.271000,17601.046000,17601.046000,0
2025-04-03,NDXCOMP,16790.526000,16889.343000,16533.044000,16550.605000,16550.605000,0
2025-04-04,NDXCOMP,16045.600000,16128.156000,15575.677000,15587.786000,15587.786000,0
2025-04-07,NDXCOMP,14978.028000,16292.278000,14784.031000,15603.262000,15603.262000,0
2025-04-08,NDXCOMP,16181.041000,16316.505000,15053.386000,15267.913000,15267.913000,0
2025-04-09,NDXCOMP,15295.441000,17202.938000,15270.280000,17124.972000,17124.972000,0
2025-04-10,NDXCOMP,16635.454000,16712.367000,15894.265000,16387.311000,16387.311000,0
2025-04-11,NDXCOMP,16358.532000,16753.408000,16228.040000,16724.456000,16724.456000,0
2025-04-14,NDXCOMP,17120.442000,17136.555000,16661.263000,16831.484000,16831.484000,0
2025-04-15,NDXCOMP,16842.393000,16979.963000,16753.215000,16823.168000,16823.168000,0
2025-04-16,NDXCOMP,16499.693000,16600.365000,16066.462000,16307.160000,16307.160000,0
2025-04-17,NDXCOMP,16399.973000,16408.508000,16181.174000,16286.448000,16286.448000,0
2025-04-22,NDXCOMP,16079.940000,16410.556000,16038.730000,16300.418000,16300.418000,0
2025-04-23,NDXCOMP,16880.290000,17029.864000,16642.664000,16708.050000,16708.050000,0
2025-04-24,NDXCOMP,16754.756000,17174.349000,16744.966000,17166.043000,17166.043000,0
2025-04-25,NDXCOMP,17182.112000,17404.489000,17110.716000,17382.939000,17382.939000,0
2025-04-28,NDXCOMP,17390.929000,17467.348000,17128.707000,17366.133000,17366.133000,0
2025-04-29,NDXCOMP,17270.757000,17500.415000,17256.199000,17461.318000,17461.318000,0
2025-04-30,NDXCOMP,17099.977000,17483.824000,16959.532000,17446.342000,17446.342000,0
2025-05-01,NDXCOMP,17793.136000,17922.828000,17688.105000,17710.739000,17710.739000,0
2025-05-02,NDXCOMP,17868.761000,18048.831000,17812.046000,17977.728000,17977.728000,0
2025-05-05,NDXCOMP,17817.014000,17965.640000,17792.084000,17844.241000,17844.241000,0
2025-05-06,NDXCOMP,17623.209000,17830.352000,17592.880000,17689.659000,17689.659000,0
2025-05-07,NDXCOMP,17706.827000,17820.295000,17503.014000,17738.162000,17738.162000,0
2025-05-08,NDXCOMP,17920.154000,18096.001000,17776.004000,17928.139000,17928.139000,0
2025-05-09,NDXCOMP,18022.549000,18068.899000,17853.836000,17928.916000,17928.916000,0
2025-05-12,NDXCOMP,18674.555000,18710.218000,18472.709000,18708.344000,18708.344000,0
2025-05-13,NDXCOMP,18761.234000,19065.956000,18745.503000,19010.085000,19010.085000,0
2025-05-14,NDXCOMP,19074.722000,19174.550000,19023.608000,19146.809000,19146.809000,0
2025-05-15,NDXCOMP,19031.243000,19207.224000,18967.779000,19112.319000,19112.319000,0
2025-05-16,NDXCOMP,19151.541000,19213.420000,19038.476000,19211.102000,19211.102000,0
2025-05-19,NDXCOMP,18937.417000,19227.221000,18937.417000,19215.463000,19215.463000,0
2025-05-20,NDXCOMP,19132.057000,19186.685000,19015.625000,19142.714000,19142.714000,0
2025-05-21,NDXCOMP,19002.942000,19241.414000,18799.204000,18872.643000,18872.643000,0
2025-05-22,NDXCOMP,18888.048000,19061.113000,18840.341000,18925.735000,18925.735000,0
2025-05-23,NDXCOMP,18622.380000,18841.520000,18599.687000,18737.207000,18737.207000,0
2025-05-27,NDXCOMP,19014.436000,19210.945000,18961.688000,19199.163000,19199.163000,0
2025-05-28,NDXCOMP,19232.619000,19276.829000,19084.382000,19100.938000,19100.938000,0
2025-05-29,NDXCOMP,19389.392000,19389.392000,19091.542000,19175.872000,19175.872000,0
2025-05-30,NDXCOMP,19131.219000,19157.782000,18847.744000,19113.767000,19113.767000,0
2025-06-02,NDXCOMP,19063.060000,19252.714000,18985.303000,19242.613000,19242.613000,0
2025-06-03,NDXCOMP,19288.659000,19459.283000,19224.703000,19398.958000,19398.958000,0
2025-06-04,NDXCOMP,19434.940000,19493.451000,19359.089000,19460.489000,19460.489000,0
2025-06-05,NDXCOMP,19518.197000,19610.511000,19226.215000,19298.448000,19298.448000,0
2025-06-06,NDXCOMP,19526.994000,19593.182000,19464.837000,19529.953000,19529.953000,0
2025-06-09,NDXCOMP,19573.138000,19637.557000,19531.102000,19591.237000,19591.237000,0
2025-06-10,NDXCOMP,19620.108000,19730.377000,19539.088000,19714.989000,19714.989000,0
2025-06-11,NDXCOMP,19779.355000,19800.459000,19551.345000,19615.876000,19615.876000,0
2025-06-12,NDXCOMP,19578.874000,19690.607000,19553.560000,19662.485000,19662.485000,0
2025-06-13,NDXCOMP,19450.925000,19591.873000,19367.416000,19406.826000,19406.826000,0
2025-06-16,NDXCOMP,19550.749000,19733.306000,19550.749000,19701.213000,19701.213000,0
2025-06-17,NDXCOMP,19627.082000,19666.562000,19485.444000,19521.091000,19521.091000,0
2025-06-18,NDXCOMP,19526.917000,19660.766000,19489.564000,19546.273000,19546.273000,0
2025-06-20,NDXCOMP,19639.408000,19696.113000,19380.578000,19447.410000,19447.410000,0
2025-06-23,NDXCOMP,19427.007000,19643.697000,19334.983000,19630.975000,19630.975000,0
2025-06-24,NDXCOMP,19809.615000,19946.720000,19795.288000,19912.533000,19912.533000,0
2025-06-25,NDXCOMP,20013.947000,20052.781000,19918.076000,19973.552000,19973.552000,0
2025-06-26,NDXCOMP,20062.187000,20187.150000,19982.479000,20167.913000,20167.913000,0
2025-06-27,NDXCOMP,20217.264000,20311.505000,20095.049000,20273.459000,20273.459000,0
2025-06-30,NDXCOMP,20360.152000,20418.309000,20266.360000,20369.733000,20369.733000,0
2025-07-01,NDXCOMP,20290.611000,20339.046000,20105.415000,20202.889000,20202.889000,0
2025-07-02,NDXCOMP,20184.374000,20397.217000,20181.737000,20393.130000,20393.130000,0
2025-07-03,NDXCOMP,20497.663000,20624.510000,20480.223000,20601.101000,20601.101000,0
2025-07-07,NDXCOMP,20490.550000,20511.819000,20323.016000,20412.515000,20412.515000,0
2025-07-08,NDXCOMP,20466.926000,20480.892000,20377.355000,20418.464000,20418.464000,0
2025-07-09,NDXCOMP,20522.087000,20645.409000,20486.385000,20611.338000,20611.338000,0
2025-07-10,NDXCOMP,20636.477000,20655.390000,20495.141000,20630.665000,20630.665000,0
2025-07-11,NDXCOMP,20562.884000,20647.975000,20509.752000,20585.527000,20585.527000,0
2025-07-14,NDXCOMP,20592.564000,20672.340000,20492.629000,20640.327000,20640.327000,0
2025-07-15,NDXCOMP,20822.760000,20836.038000,20670.578000,20677.800000,20677.800000,0
2025-07-16,NDXCOMP,20717.809000,20751.046000,20507.064000,20730.491000,20730.491000,0
2025-07-17,NDXCOMP,20760.321000,20911.826000,20735.547000,20884.268000,20884.268000,0
2025-07-18,NDXCOMP,20959.569000,20980.558000,20846.116000,20895.655000,20895.655000,0
2025-07-21,NDXCOMP,20960.330000,21077.367000,20957.442000,20974.175000,20974.175000,0
2025-07-22,NDXCOMP,20982.205000,20985.341000,20750.896000,20892.685000,20892.685000,0
2025-07-23,NDXCOMP,20966.467000,21023.852000,20870.668000,21020.017000,21020.017000,0
2025-07-24,NDXCOMP,21083.818000,21113.101000,21001.681000,21057.959000,21057.959000,0
2025-07-25,NDXCOMP,21059.941000,21159.804000,21036.854000,21108.317000,21108.317000,0
2025-07-28,NDXCOMP,21176.401000,21202.180000,21122.117000,21178.584000,21178.584000,0
2025-07-29,NDXCOMP,21286.725000,21303.956000,21081.685000,21098.291000,21098.291000,0
2025-07-30,NDXCOMP,21140.397000,21230.880000,21016.922000,21129.674000,21129.674000,0
2025-07-31,NDXCOMP,21457.480000,21457.480000,21078.673000,21122.448000,21122.448000,0
2025-08-01,NDXCOMP,20830.643000,20865.625000,20560.171000,20650.132000,20650.132000,0
2025-08-04,NDXCOMP,20853.907000,21055.238000,20833.858000,21053.582000,21053.582000,0
2025-08-05,NDXCOMP,21092.097000,21138.716000,20893.290000,20916.550000,20916.550000,0
2025-08-06,NDXCOMP,20955.222000,21183.876000,20937.487000,21169.424000,21169.424000,0
2025-08-07,NDXCOMP,21325.010000,21408.152000,21090.049000,21242.697000,21242.697000,0
2025-08-08,NDXCOMP,21316.366000,21464.526000,21284.974000,21450.022000,21450.022000,0
2025-08-11,NDXCOMP,21459.654000,21549.732000,21346.620000,21385.404000,21385.404000,0
2025-08-12,NDXCOMP,21507.441000,21689.677000,21386.254000,21681.904000,21681.904000,0
2025-08-13,NDXCOMP,21764.548000,21803.748000,21645.142000,21713.140000,21713.140000,0
2025-08-14,NDXCOMP,21649.211000,21766.291000,21627.130000,21710.670000,21710.670000,0
2025-08-15,NDXCOMP,21709.336000,21716.176000,21567.463000,21622.977000,21622.977000,0
2025-08-18,NDXCOMP,21616.820000,21651.499000,21559.330000,21629.774000,21629.774000,0
2025-08-19,NDXCOMP,21607.452000,21610.241000,21277.711000,21314.952000,21314.952000,0
2025-08-20,NDXCOMP,21269.667000,21269.667000,20905.991000,21172.857000,21172.857000,0
2025-08-21,NDXCOMP,21112.523000,21198.758000,21013.532000,21100.312000,21100.312000,0
2025-08-22,NDXCOMP,21139.826000,21545.425000,21092.355000,21496.535000,21496.535000,0
2025-08-25,NDXCOMP,21466.466000,21572.179000,21400.085000,21449.292000,21449.292000,0
2025-08-26,NDXCOMP,21443.631000,21550.925000,21389.103000,21544.270000,21544.270000,0
2025-08-27,NDXCOMP,21526.334000,21616.174000,21476.299000,21590.140000,21590.140000,0
2025-08-28,NDXCOMP,21619.273000,21742.457000,21534.942000,21705.158000,21705.158000,0
2025-08-29,NDXCOMP,21630.326000,21631.150000,21397.981000,21455.552000,21455.552000,0
2025-09-02,NDXCOMP,21086.575000,21293.688000,21033.046000,21279.630000,21279.630000,0
2025-09-03,NDXCOMP,21461.627000,21553.984000,21370.980000,21497.727000,21497.727000,0
2025-09-04,NDXCOMP,21539.910000,21711.958000,21469.404000,21707.694000,21707.694000,0
2025-09-05,NDXCOMP,21860.441000,21878.813000,21534.725000,21700.388000,21700.388000,0
2025-09-08,NDXCOMP,21806.224000,21885.621000,21776.244000,21798.699000,21798.699000,0
2025-09-09,NDXCOMP,21858.169000,21891.421000,21731.476000,21879.489000,21879.489000,0
2025-09-10,NDXCOMP,21980.601000,22000.969000,21810.842000,21886.060000,21886.060000,0
2025-09-11,NDXCOMP,21977.515000,22059.706000,21908.807000,22043.075000,22043.075000,0
2025-09-12,NDXCOMP,22078.629000,22182.342000,22031.616000,22141.103000,22141.103000,0
2025-09-15,NDXCOMP,22243.199000,22352.249000,22233.003000,22348.749000,22348.749000,0
2025-09-16,NDXCOMP,22397.498000,22397.498000,22308.780000,22333.959000,22333.959000,0
2025-09-17,NDXCOMP,22333.016000,22339.542000,22058.917000,22261.326000,22261.326000,0
2025-09-18,NDXCOMP,22439.111000,22540.930000,22358.485000,22470.725000,22470.725000,0
2025-09-19,NDXCOMP,22554.315000,22645.112000,22497.708000,22631.476000,22631.476000,0
2025-09-22,NDXCOMP,22606.592000,22801.896000,22590.857000,22788.976000,22788.976000,0
2025-09-23,NDXCOMP,22782.718000,22785.127000,22539.043000,22573.473000,22573.473000,0
2025-09-24,NDXCOMP,22656.015000,22657.450000,22396.998000,22497.855000,22497.855000,0
2025-09-25,NDXCOMP,22318.766000,22456.778000,22185.866000,22384.698000,22384.698000,0
2025-09-26,NDXCOMP,22403.273000,22488.181000,22285.439000,22484.068000,22484.068000,0
2025-09-29,NDXCOMP,22605.299000,22704.902000,22536.055000,22591.154000,22591.154000,0
2025-09-30,NDXCOMP,22580.359000,22671.390000,22493.963000,22660.009000,22660.009000,0
2025-10-01,NDXCOMP,22530.946000,22782.580000,22516.737000,22755.157000,22755.157000,0
2025-10-02,NDXCOMP,22885.905000,22900.602000,22729.753000,22844.051000,22844.051000,0
2025-10-03,NDXCOMP,22886.157000,22925.428000,22695.816000,22780.506000,22780.506000,0
2025-10-06,NDXCOMP,22894.352000,22991.716000,22827.563000,22941.667000,22941.667000,0
2025-10-07,NDXCOMP,22972.369000,23006.070000,22718.763000,22788.363000,22788.363000,0
2025-10-08,NDXCOMP,22852.324000,23045.136000,22845.419000,23043.378000,23043.378000,0
2025-10-09,NDXCOMP,23045.329000,23062.622000,22899.164000,23024.626000,23024.626000,0
2025-10-10,NDXCOMP,23043.519000,23119.907000,22193.074000,22204.430000,22204.430000,0
2025-10-13,NDXCOMP,22578.674000,22718.748000,22499.490000,22694.608000,22694.608000,0
2025-10-14,NDXCOMP,22388.043000,22691.072000,22213.729000,22521.701000,22521.701000,0
2025-10-15,NDXCOMP,22738.496000,22841.687000,22427.794000,22670.080000,22670.080000,0
2025-10-16,NDXCOMP,22764.398000,22886.868000,22404.694000,22562.537000,22562.537000,0
2025-10-17,NDXCOMP,22489.815000,22736.011000,22396.646000,22679.975000,22679.975000,0
2025-10-20,NDXCOMP,22844.820000,23031.873000,22841.000000,22990.543000,22990.543000,0
2025-10-21,NDXCOMP,22984.551000,23010.350000,22894.419000,22953.666000,22953.666000,0
2025-10-22,NDXCOMP,22940.790000,22978.397000,22514.082000,22740.396000,22740.396000,0
2025-10-23,NDXCOMP,22751.329000,22983.456000,22732.181000,22941.798000,22941.798000,0
2025-10-24,NDXCOMP,23143.226000,23261.259000,23127.955000,23204.867000,23204.867000,0
2025-10-27,NDXCOMP,23537.319000,23658.657000,23493.956000,23637.456000,23637.456000,0
2025-10-28,NDXCOMP,23766.463000,23901.357000,23675.190000,23827.493000,23827.493000,0
2025-10-29,NDXCOMP,23987.290000,24019.993000,23763.995000,23958.473000,23958.473000,0
2025-10-30,NDXCOMP,23793.082000,23846.132000,23578.469000,23581.144000,23581.144000,0
2025-10-31,NDXCOMP,23941.775000,23946.232000,23628.825000,23724.957000,23724.957000,0
2025-11-03,NDXCOMP,23951.911000,23976.840000,23764.871000,23834.723000,23834.723000,0
2025-11-04,NDXCOMP,23458.211000,23644.150000,23333.317000,23348.637000,23348.637000,0
2025-11-05,NDXCOMP,23358.075000,23636.527000,23286.870000,23499.797000,23499.797000,0
2025-11-06,NDXCOMP,23461.289000,23469.552000,23011.060000,23053.993000,23053.993000,0
2025-11-07,NDXCOMP,22892.917000,23009.915000,22563.417000,23004.538000,23004.538000,0
2025-11-10,NDXCOMP,23354.853000,23569.615000,23290.054000,23527.174000,23527.174000,0
2025-11-11,NDXCOMP,23407.723000,23508.443000,23315.276000,23468.301000,23468.301000,0
2025-11-12,NDXCOMP,23563.839000,23564.088000,23278.296000,23406.457000,23406.457000,0
2025-11-13,NDXCOMP,23262.645000,23264.265000,22796.071000,22870.355000,22870.355000,0
2025-11-14,NDXCOMP,22544.725000,23073.181000,22436.794000,22900.589000,22900.589000,0
2025-11-17,NDXCOMP,22788.316000,23044.552000,22559.508000,22708.075000,22708.075000,0
2025-11-18,NDXCOMP,22565.905000,22643.012000,22231.146000,22432.846000,22432.846000,0
2025-11-19,NDXCOMP,22459.265000,22821.243000,22385.222000,22564.229000,22564.229000,0
2025-11-20,NDXCOMP,23057.001000,23147.331000,22043.203000,22078.048000,22078.048000,0
2025-11-21,NDXCOMP,22162.834000,22531.838000,21898.290000,22273.083000,22273.083000,0
2025-11-24,NDXCOMP,22482.156000,22916.401000,22478.272000,22872.005000,22872.005000,0
2025-11-25,NDXCOMP,22802.847000,23070.089000,22587.110000,23025.591000,23025.591000,0
2025-11-26,NDXCOMP,23163.194000,23280.577000,23074.392000,23214.690000,23214.690000,0
2025-11-28,NDXCOMP,23291.588000,23365.794000,23250.511000,23365.686000,23365.686000,0
2025-12-01,NDXCOMP,23172.342000,23363.849000,23110.206000,23275.922000,23275.922000,0
2025-12-02,NDXCOMP,23379.749000,23526.234000,23286.461000,23413.674000,23413.674000,0
2025-12-03,NDXCOMP,23315.580000,23499.926000,23271.832000,23454.092000,23454.092000,0
2025-12-04,NDXCOMP,23527.296000,23528.527000,23372.333000,23505.136000,23505.136000,0
2025-12-05,NDXCOMP,23567.770000,23680.030000,23506.001000,23578.128000,23578.128000,0
2025-12-08,NDXCOMP,23638.217000,23698.930000,23455.046000,23545.904000,23545.904000,0
2025-12-09,NDXCOMP,23504.614000,23616.455000,23449.730000,23576.486000,23576.486000,0
2025-12-10,NDXCOMP,23536.001000,23704.077000,23435.174000,23654.155000,23654.155000,0
2025-12-11,NDXCOMP,23509.218000,23606.702000,23308.952000,23593.855000,23593.855000,0
2025-12-12,NDXCOMP,23488.871000,23554.888000,23094.507000,23195.169000,23195.169000,0
2025-12-15,NDXCOMP,23330.039000,23345.563000,23011.998000,23057.413000,23057.413000,0
2025-12-16,NDXCOMP,22981.819000,23162.597000,22920.660000,23111.462000,23111.462000,0
2025-12-17,NDXCOMP,23135.609000,23159.196000,22692.003000,22693.323000,22693.323000,0
2025-12-18,NDXCOMP,23012.063000,23149.612000,22906.233000,23006.361000,23006.361000,0
2025-12-19,NDXCOMP,23121.899000,23307.906000,23106.194000,23307.620000,23307.620000,0
2025-12-22,NDXCOMP,23450.531000,23476.504000,23362.926000,23428.829000,23428.829000,0
2025-12-23,NDXCOMP,23407.695000,23563.462000,23377.486000,23561.844000,23561.844000,0
2025-12-24,NDXCOMP,23555.948000,23621.717000,23527.972000,23613.307000,23613.307000,0
2025-12-26,NDXCOMP,23645.908000,23665.150000,23567.855000,23593.097000,23593.097000,0
2025-12-29,NDXCOMP,23414.679000,23531.021000,23397.521000,23474.349000,23474.349000,0
2025-12-30,NDXCOMP,23465.667000,23521.050000,23414.831000,23419.080000,23419.080000,0
2025-12-31,NDXCOMP,23420.853000,23445.264000,23237.783000,23241.991000,23241.991000,0
2026-01-02,NDXCOMP,23481.493000,23585.959000,23119.494000,23235.629000,23235.629000,0
2026-01-05,NDXCOMP,23449.669000,23476.509000,23332.227000,23395.822000,23395.822000,0
2026-01-06,NDXCOMP,23446.959000,23559.154000,23389.573000,23547.173000,23547.173000,0
2026-01-07,NDXCOMP,23544.894000,23723.365000,23504.215000,23584.275000,23584.275000,0
2026-01-08,NDXCOMP,23548.884000,23558.168000,23353.461000,23480.016000,23480.016000,0
2026-01-09,NDXCOMP,23496.211000,23721.154000,23426.478000,23671.346000,23671.346000,0
2026-01-12,NDXCOMP,23576.877000,23775.326000,23562.968000,23733.904000,23733.904000,0
2026-01-13,NDXCOMP,23735.122000,23813.298000,23607.591000,23709.873000,23709.873000,0
2026-01-14,NDXCOMP,23563.916000,23590.195000,23306.661000,23471.749000,23471.749000,0
2026-01-15,NDXCOMP,23693.969000,23721.107000,23502.175000,23530.022000,23530.022000,0
2026-01-16,NDXCOMP,23639.687000,23664.259000,23446.813000,23515.388000,23515.388000,0
2026-01-20,NDXCOMP,23142.687000,23236.052000,22916.833000,22954.322000,22954.322000,0
2026-01-21,NDXCOMP,23017.677000,23383.244000,22927.880000,23224.825000,23224.825000,0
2026-01-22,NDXCOMP,23440.712000,23503.158000,23335.148000,23436.020000,23436.020000,0
2026-01-23,NDXCOMP,23440.917000,23610.743000,23374.260000,23501.244000,23501.244000,0
2026-01-26,NDXCOMP,23529.276000,23688.939000,23486.079000,23601.357000,23601.357000,0
2026-01-27,NDXCOMP,23734.750000,23865.259000,23694.378000,23817.098000,23817.098000,0
2026-01-28,NDXCOMP,23965.108000,23988.265000,23775.488000,23857.447000,23857.447000,0
2026-01-29,NDXCOMP,23830.921000,23840.549000,23232.776000,23685.120000,23685.120000,0
2026-01-30,NDXCOMP,23578.957000,23662.248000,23351.549000,23461.816000,23461.816000,0
2026-02-02,NDXCOMP,23370.545000,23686.828000,23356.404000,23592.107000,23592.107000,0
2026-02-03,NDXCOMP,23667.443000,23691.601000,23027.215000,23255.185000,23255.185000,0
2026-02-04,NDXCOMP,23217.020000,23270.070000,22684.514000,22904.579000,22904.579000,0
2026-02-05,NDXCOMP,22604.016000,22841.278000,22461.138000,22540.586000,22540.586000,0
2026-02-06,NDXCOMP,22625.300000,23088.455000,22586.402000,23031.213000,23031.213000,0
2026-02-09,NDXCOMP,22952.242000,23314.670000,22878.369000,23238.670000,23238.670000,0
2026-02-10,NDXCOMP,23271.224000,23310.730000,23089.101000,23102.474000,23102.474000,0
2026-02-11,NDXCOMP,23278.291000,23320.621000,22902.008000,23066.467000,23066.467000,0
2026-02-12,NDXCOMP,23142.874000,23161.599000,22548.015000,22597.148000,22597.148000,0
2026-02-13,NDXCOMP,22561.456000,22742.056000,22402.383000,22546.671000,22546.671000,0
2026-02-17,NDXCOMP,22394.756000,22690.827000,22256.760000,22578.384000,22578.384000,0
2026-02-18,NDXCOMP,22629.852000,22895.955000,22597.766000,22753.635000,22753.635000,0
2026-02-19,NDXCOMP,22639.875000,22768.828000,22583.608000,22682.729000,22682.729000,0
2026-02-20,NDXCOMP,22542.275000,22948.870000,22539.051000,22886.069000,22886.069000,0
2026-02-23,NDXCOMP,22840.972000,22893.221000,22547.124000,22627.273000,22627.273000,0
2026-02-24,NDXCOMP,22641.604000,22895.478000,22528.264000,22863.682000,22863.682000,0
2026-02-25,NDXCOMP,23005.008000,23169.684000,23004.686000,23152.077000,23152.077000,0
2026-02-26,NDXCOMP,23100.583000,23109.464000,22670.797000,22878.383000,22878.383000,0
2026-02-27,NDXCOMP,22615.429000,22735.784000,22538.300000,22668.212000,22668.212000,0
2026-03-02,NDXCOMP,22322.119000,22802.797000,22306.079000,22748.857000,22748.857000,0
2026-03-03,NDXCOMP,22292.370000,22601.590000,22124.783000,22516.691000,22516.691000,0
2026-03-04,NDXCOMP,22620.890000,22891.880000,22570.666000,22807.484000,22807.484000,0
2026-03-05,NDXCOMP,22707.468000,22877.024000,22500.293000,22748.986000,22748.986000,0
2026-03-06,NDXCOMP,22421.172000,22614.415000,22328.135000,22387.679000,22387.679000,0
2026-03-09,NDXCOMP,22184.047000,22741.026000,22061.966000,22695.946000,22695.946000,0
2026-03-10,NDXCOMP,22722.939000,22906.718000,22608.233000,22697.104000,22697.104000,0
2026-03-11,NDXCOMP,22771.267000,22877.713000,22602.328000,22716.135000,22716.135000,0
2026-03-12,NDXCOMP,22526.585000,22550.747000,22290.477000,22311.979000,22311.979000,0
2026-03-13,NDXCOMP,22425.704000,22521.378000,22069.237000,22105.359000,22105.359000,0
2026-03-16,NDXCOMP,22340.388000,22521.590000,22316.628000,22374.178000,22374.178000,0
2026-03-17,NDXCOMP,22458.032000,22569.642000,22409.075000,22479.528000,22479.528000,0
2026-03-18,NDXCOMP,22421.962000,22461.761000,22144.762000,22152.421000,22152.421000,0
2026-03-19,NDXCOMP,21871.037000,22187.064000,21851.048000,22090.691000,22090.691000,0
2026-03-20,NDXCOMP,21989.333000,21997.091000,21522.749000,21647.611000,21647.611000,0
2026-03-23,NDXCOMP,21995.780000,22189.340000,21865.796000,21946.760000,21946.760000,0
2026-03-24,NDXCOMP,21807.597000,21916.160000,21712.043000,21761.894000,21761.894000,0
2026-03-25,NDXCOMP,22006.428000,22093.180000,21865.455000,21929.825000,21929.825000,0
2026-03-26,NDXCOMP,21693.175000,21823.577000,21395.774000,21408.081000,21408.081000,0
2026-03-27,NDXCOMP,21287.187000,21293.503000,20909.934000,20948.357000,20948.357000,0
2026-03-30,NDXCOMP,21096.243000,21139.717000,20690.249000,20794.641000,20794.641000,0
2026-03-31,NDXCOMP,21064.334000,21642.622000,21063.378000,21590.629000,21590.629000,0
2026-04-01,NDXCOMP,21742.795000,21983.068000,21723.722000,21840.947000,21840.947000,0
2026-04-02,NDXCOMP,21472.523000,21906.484000,21371.320000,21879.182000,21879.182000,0
2026-04-06,NDXCOMP,21939.796000,22052.415000,21864.504000,21996.337000,21996.337000,0
2026-04-07,NDXCOMP,21927.087000,22024.896000,21611.000000,22017.849000,22017.849000,0
2026-04-08,NDXCOMP,22821.209000,22821.209000,22501.283000,22634.995000,22634.995000,0
2026-04-09,NDXCOMP,22646.353000,22836.749000,22529.208000,22822.417000,22822.417000,0
2026-04-10,NDXCOMP,22913.910000,23011.769000,22845.055000,22902.894000,22902.894000,0
2026-04-13,NDXCOMP,22849.230000,23187.964000,22795.816000,23183.736000,23183.736000,0
2026-04-14,NDXCOMP,23331.501000,23639.083000,23331.501000,23639.083000,23639.083000,0
2026-04-15,NDXCOMP,23688.120000,24026.562000,23672.258000,24016.017000,24016.017000,0
2026-04-16,NDXCOMP,24062.454000,24156.184000,23894.910000,24102.704000,24102.704000,0
2026-04-17,NDXCOMP,24338.009000,24519.511000,24286.470000,24468.480000,24468.480000,0
2026-04-20,NDXCOMP,24417.528000,24435.924000,24221.531000,24404.393000,24404.393000,0
2026-04-21,NDXCOMP,24465.339000,24537.582000,24198.995000,24259.964000,24259.964000,0
2026-04-22,NDXCOMP,24462.313000,24660.111000,24421.401000,24657.567000,24657.567000,0
2026-04-23,NDXCOMP,24553.747000,24664.867000,24209.738000,24438.504000,24438.504000,0
2026-04-24,NDXCOMP,24616.564000,24854.037000,24524.368000,24836.599000,24836.599000,0
2026-04-27,NDXCOMP,24799.637000,24899.365000,24694.824000,24887.100000,24887.100000,0
2026-04-28,NDXCOMP,24609.574000,24724.697000,24524.226000,24663.799000,24663.799000,0
2026-04-29,NDXCOMP,24606.527000,24724.106000,24532.702000,24673.241000,24673.241000,0
2026-04-30,NDXCOMP,24859.941000,24935.595000,24491.834000,24892.313000,24892.313000,0
2026-05-01,NDXCOMP,24977.790000,25223.122000,24967.089000,25114.443000,25114.443000,0
2026-05-04,NDXCOMP,25112.180000,25210.475000,24913.121000,25067.801000,25067.801000,0
2026-05-05,NDXCOMP,25258.882000,25361.049000,25217.159000,25326.126000,25326.126000,0
2026-05-06,NDXCOMP,25495.166000,25850.186000,25464.444000,25838.943000,25838.943000,0
2026-05-07,NDXCOMP,25881.304000,26036.379000,25713.647000,25806.196000,25806.196000,0
2026-05-08,NDXCOMP,25958.119000,26248.617000,25944.783000,26247.076000,26247.076000,0
2026-05-11,NDXCOMP,26135.633000,26359.308000,26129.829000,26274.125000,26274.125000,0
2026-05-12,NDXCOMP,26087.009000,26190.478000,25739.224000,26088.203000,26088.203000,0
2026-05-13,NDXCOMP,26147.646000,26474.183000,25990.158000,26402.344000,26402.344000,0
2026-05-14,NDXCOMP,26425.468000,26707.141000,26423.206000,26635.222000,26635.222000,0
2026-05-15,NDXCOMP,26288.923000,26460.757000,26097.537000,26225.145000,26225.145000,0
2026-05-18,NDXCOMP,26289.490000,26310.837000,25867.298000,26090.734000,26090.734000,0
2026-05-19,NDXCOMP,25923.486000,26050.293000,25701.439000,25870.710000,25870.710000,0
2026-05-20,NDXCOMP,25991.509000,26273.755000,25928.330000,26270.359000,26270.359000,0
2026-05-21,NDXCOMP,26143.616000,26403.575000,26039.374000,26293.098000,26293.098000,0
2026-05-22,NDXCOMP,26381.564000,26504.550000,26309.800000,26343.970000,26343.970000,0
2026-05-26,NDXCOMP,26590.504000,26725.292000,26520.298000,26656.181000,26656.181000,0
2026-05-27,NDXCOMP,26695.442000,26715.308000,26538.313000,26674.735000,26674.735000,0
2026-05-28,NDXCOMP,26686.534000,26934.843000,26588.520000,26917.471000,26917.471000,0
2026-05-29,NDXCOMP,26960.840000,27094.803000,26859.265000,26972.620000,26972.620000,0
2026-06-01,NDXCOMP,26952.579000,27190.207000,26913.124000,27086.808000,27086.808000,0
2026-06-02,NDXCOMP,27030.072000,27171.286000,26932.773000,27093.901000,27093.901000,0
2026-06-03,NDXCOMP,27092.845000,27130.876000,26769.155000,26853.976000,26853.976000,0
2026-06-04,NDXCOMP,26579.297000,26923.702000,26554.239000,26830.958000,26830.958000,0
2026-06-05,NDXCOMP,26536.593000,26572.248000,25648.469000,25709.432000,25709.432000,0
2026-06-08,NDXCOMP,26065.071000,26179.653000,25872.681000,25929.663000,25929.663000,0
2026-06-09,NDXCOMP,26110.313000,26259.922000,24980.376000,25678.822000,25678.822000,0
2026-06-10,NDXCOMP,25512.069000,25725.996000,25145.302000,25169.501000,25169.501000,0
2026-06-11,NDXCOMP,25309.778000,25846.564000,25109.394000,25809.660000,25809.660000,0
2026-06-12,NDXCOMP,25783.359000,26010.313000,25599.940000,25888.844000,25888.844000,0
2026-06-15,NDXCOMP,26447.230000,26687.557000,26438.767000,26683.941000,26683.941000,0
2026-06-16,NDXCOMP,26649.969000,26788.618000,26369.388000,26376.344000,26376.344000,0
2026-06-17,NDXCOMP,26493.823000,26511.554000,25960.409000,26021.656000,26021.656000,0
2026-06-18,NDXCOMP,26410.623000,26559.743000,26188.688000,26517.931000,26517.931000,0
2026-06-22,NDXCOMP,26483.310000,26561.118000,26125.479000,26166.602000,26166.602000,0
2026-06-23,NDXCOMP,25549.757000,25882.568000,25513.261000,25587.039000,25587.039000,0
2026-06-24,NDXCOMP,25578.624000,25840.564000,25354.657000,25476.636000,25476.636000,0
2026-06-25,NDXCOMP,25724.779000,25724.779000,25123.426000,25358.603000,25358.603000,0
2026-06-26,NDXCOMP,25105.414000,25491.375000,25014.960000,25297.618000,25297.618000,0
2026-06-29,NDXCOMP,25502.088000,25834.354000,25289.764000,25820.144000,25820.144000,0
2026-06-30,NDXCOMP,25824.474000,26253.042000,25808.059000,26213.720000,26213.720000,0
2026-07-01,NDXCOMP,26039.507000,26238.059000,25954.456000,26040.031000,26040.031000,0
2026-07-02,NDXCOMP,26047.382000,26261.091000,25630.507000,25832.672000,25832.672000,0
2026-07-06,NDXCOMP,25999.608000,26209.762000,25963.440000,26121.160000,26121.160000,0
2026-07-07,NDXCOMP,25960.130000,26010.024000,25684.150000,25818.690000,25818.690000,0
2026-07-08,NDXCOMP,25704.660000,25896.066000,25526.465000,25870.652000,25870.652000,0
2026-07-09,NDXCOMP,25918.311000,26215.825000,25825.846000,26206.890000,26206.890000,0
2026-07-10,NDXCOMP,26175.535000,26301.538000,26009.492000,26281.607000,26281.607000,0
