observation_date,EEM
2003-04-14,11.222222
2003-04-15,11.355556
2003-04-16,11.486667
2003-04-17,11.568889
2003-04-21,11.564444
2003-04-22,11.603333
2003-04-23,11.657778
2003-04-24,11.427778
2003-04-25,11.238889
2003-04-28,11.424444
2003-04-29,11.750000
2003-04-30,11.716667
2003-05-01,11.671111
2003-05-02,11.850000
2003-05-05,11.977778
2003-05-06,12.038889
2003-05-07,12.016667
2003-05-08,11.911111
2003-05-09,12.051111
2003-05-12,12.218889
2003-05-13,12.150000
2003-05-14,12.088889
2003-05-15,12.113333
2003-05-16,12.122222
2003-05-19,11.833333
2003-05-20,11.892222
2003-05-21,11.902222
2003-05-22,12.010000
2003-05-23,12.133333
2003-05-27,12.567778
2003-05-28,12.622222
2003-05-29,12.638889
2003-05-30,12.785556
2003-06-02,12.877778
2003-06-03,12.780000
2003-06-04,12.944444
2003-06-05,12.957778
2003-06-06,13.078889
2003-06-09,12.966667
2003-06-10,13.100000
2003-06-11,13.111111
2003-06-12,13.210000
2003-06-13,13.205556
2003-06-16,13.347778
2003-06-17,13.622222
2003-06-18,13.572222
2003-06-19,13.572222
2003-06-20,13.572222
2003-06-23,13.238889
2003-06-24,13.141111
2003-06-25,13.250000
2003-06-26,13.393333
2003-06-27,13.331111
2003-06-30,13.322222
2003-07-01,13.466667
2003-07-02,13.783333
2003-07-03,13.822222
2003-07-07,14.164444
2003-07-08,14.204444
2003-07-09,14.171111
2003-07-10,13.922222
2003-07-11,14.038889
2003-07-14,14.285556
2003-07-15,14.105556
2003-07-16,14.116667
2003-07-17,13.747778
2003-07-18,13.931111
2003-07-21,13.746667
2003-07-22,13.911111
2003-07-23,13.822222
2003-07-24,13.888889
2003-07-25,14.116667
2003-07-28,14.194444
2003-07-29,14.114444
2003-07-30,14.011111
2003-07-31,14.077778
2003-08-01,14.108889
2003-08-04,14.046667
2003-08-05,13.895556
2003-08-06,13.833333
2003-08-07,13.934444
2003-08-08,14.027778
2003-08-11,14.088889
2003-08-12,14.144444
2003-08-13,14.344444
2003-08-14,14.533333
2003-08-15,14.388889
2003-08-18,14.695556
2003-08-19,14.767778
2003-08-20,14.770000
2003-08-21,15.041111
2003-08-22,15.117778
2003-08-25,15.000000
2003-08-26,14.816667
2003-08-27,14.988889
2003-08-28,15.093333
2003-08-29,15.202222
2003-09-02,15.427778
2003-09-03,15.550000
2003-09-04,15.605556
2003-09-05,15.591111
2003-09-08,15.886667
2003-09-09,15.611111
2003-09-10,15.351111
2003-09-11,15.333333
2003-09-12,15.442222
2003-09-15,15.214444
2003-09-16,15.527778
2003-09-17,15.461111
2003-09-18,15.638889
2003-09-19,15.566667
2003-09-22,15.312222
2003-09-23,15.350000
2003-09-24,15.377778
2003-09-25,15.150000
2003-09-26,15.044444
2003-09-29,15.151111
2003-09-30,15.103333
2003-10-01,15.500000
2003-10-02,15.722222
2003-10-03,15.877778
2003-10-06,15.938889
2003-10-07,15.922222
2003-10-08,16.041111
2003-10-09,16.311111
2003-10-10,16.511110
2003-10-13,16.761110
2003-10-14,16.441111
2003-10-15,16.639999
2003-10-16,16.635555
2003-10-17,16.534445
2003-10-20,16.626667
2003-10-21,16.709999
2003-10-22,16.464443
2003-10-23,16.222221
2003-10-24,16.136667
2003-10-27,16.322222
2003-10-28,16.545555
2003-10-29,16.683332
2003-10-30,16.623333
2003-10-31,16.490000
2003-11-03,16.883333
2003-11-04,16.930000
2003-11-05,16.952223
2003-11-06,16.831112
2003-11-07,16.848888
2003-11-10,16.616667
2003-11-11,16.403334
2003-11-12,16.695557
2003-11-13,16.824444
2003-11-14,16.738890
2003-11-17,16.412222
2003-11-18,16.444445
2003-11-19,16.337778
2003-11-20,16.126667
2003-11-21,16.266666
2003-11-24,16.443333
2003-11-25,16.500000
2003-11-26,16.651112
2003-11-28,16.799999
2003-12-01,17.281111
2003-12-02,17.204445
2003-12-03,17.144444
2003-12-04,17.026667
2003-12-05,16.994444
2003-12-08,17.027779
2003-12-09,16.956667
2003-12-10,16.888889
2003-12-11,17.196667
2003-12-12,17.275557
2003-12-15,17.288889
2003-12-16,17.216667
2003-12-17,17.016666
2003-12-18,17.291111
2003-12-19,17.333332
2003-12-22,17.500000
2003-12-23,17.547777
2003-12-24,17.604445
2003-12-26,17.648890
2003-12-29,17.915556
2003-12-30,18.001110
2003-12-31,18.214443
2004-01-02,18.620001
2004-01-05,19.273333
2004-01-06,19.055555
2004-01-07,19.100000
2004-01-08,19.172222
2004-01-09,19.137777
2004-01-12,19.121111
2004-01-13,19.012222
2004-01-14,19.042221
2004-01-15,18.653334
2004-01-16,18.733334
2004-01-20,19.277779
2004-01-21,19.303333
2004-01-22,19.254444
2004-01-23,19.222221
2004-01-26,19.350000
2004-01-27,19.252222
2004-01-28,18.980000
2004-01-29,18.681110
2004-01-30,18.655556
2004-02-02,18.660000
2004-02-03,18.555555
2004-02-04,18.388889
2004-02-05,18.383333
2004-02-06,18.802221
2004-02-09,19.073334
2004-02-10,19.056667
2004-02-11,19.352222
2004-02-12,19.342222
2004-02-13,19.355556
2004-02-17,19.744444
2004-02-18,19.475555
2004-02-19,19.305555
2004-02-20,19.088888
2004-02-23,18.922222
2004-02-24,18.822222
2004-02-25,19.027779
2004-02-26,19.122223
2004-02-27,19.393333
2004-03-01,19.835556
2004-03-02,19.677778
2004-03-03,19.555555
2004-03-04,19.688889
2004-03-05,19.761110
2004-03-08,19.572222
2004-03-09,19.444445
2004-03-10,19.000000
2004-03-11,18.588888
2004-03-12,18.744444
2004-03-15,18.394444
2004-03-16,18.622223
2004-03-17,18.877777
2004-03-18,18.988890
2004-03-19,18.738890
2004-03-22,18.438889
2004-03-23,18.624443
2004-03-24,18.638889
2004-03-25,18.821112
2004-03-26,18.786667
2004-03-29,19.027779
2004-03-30,19.261110
2004-03-31,19.500000
2004-04-01,19.658890
2004-04-02,19.855556
2004-04-05,19.994444
2004-04-06,20.105556
2004-04-07,20.033333
2004-04-08,20.049999
2004-04-12,20.204445
2004-04-13,19.968889
2004-04-14,19.674444
2004-04-15,19.511110
2004-04-16,19.655556
2004-04-19,19.688889
2004-04-20,19.516666
2004-04-21,19.372223
2004-04-22,19.366667
2004-04-23,19.511110
2004-04-26,19.233334
2004-04-27,19.131111
2004-04-28,18.583332
2004-04-29,17.971111
2004-04-30,17.588888
2004-05-03,17.765556
2004-05-04,18.113333
2004-05-05,18.157778
2004-05-06,17.781111
2004-05-07,17.381111
2004-05-10,16.542221
2004-05-11,17.033333
2004-05-12,17.038889
2004-05-13,16.994444
2004-05-14,16.546667
2004-05-17,15.884444
2004-05-18,16.356667
2004-05-19,16.808889
2004-05-20,16.705557
2004-05-21,16.980000
2004-05-24,17.244444
2004-05-25,17.624443
2004-05-26,17.555555
2004-05-27,17.833332
2004-05-28,17.794443
2004-06-01,17.671110
2004-06-02,17.671110
2004-06-03,17.278889
2004-06-04,17.533333
2004-06-07,18.138889
2004-06-08,17.886667
2004-06-09,17.482222
2004-06-10,17.502222
2004-06-14,16.827778
2004-06-15,17.153334
2004-06-16,16.923332
2004-06-17,17.007778
2004-06-18,16.911112
2004-06-21,16.988890
2004-06-22,17.168888
2004-06-23,17.474443
2004-06-24,17.544443
2004-06-25,17.722221
2004-06-28,17.571112
2004-06-29,17.705557
2004-06-30,17.958889
2004-07-01,17.734444
2004-07-02,17.733334
2004-07-06,17.543333
2004-07-07,17.772223
2004-07-08,17.518888
2004-07-09,17.612223
2004-07-12,17.566668
2004-07-13,17.646667
2004-07-14,17.477777
2004-07-15,17.386667
2004-07-16,17.577778
2004-07-19,17.551111
2004-07-20,17.625557
2004-07-21,17.422222
2004-07-22,17.422222
2004-07-23,17.122223
2004-07-26,16.963333
2004-07-27,17.286667
2004-07-28,17.281111
2004-07-29,17.388889
2004-07-30,17.305555
2004-08-02,17.218889
2004-08-03,17.238890
2004-08-04,17.255556
2004-08-05,17.144444
2004-08-06,17.020000
2004-08-09,17.162222
2004-08-10,17.355556
2004-08-11,17.194445
2004-08-12,17.002222
2004-08-13,17.028889
2004-08-16,17.261110
2004-08-17,17.376667
2004-08-18,17.582222
2004-08-19,17.601110
2004-08-20,17.688889
2004-08-23,17.784445
2004-08-24,17.733334
2004-08-25,17.944445
2004-08-26,17.968889
2004-08-27,17.935556
2004-08-30,17.838888
2004-08-31,17.916668
2004-09-01,18.064444
2004-09-02,18.288889
2004-09-03,18.094444
2004-09-07,18.233334
2004-09-08,18.222221
2004-09-09,18.277779
2004-09-10,18.451111
2004-09-13,18.620001
2004-09-14,18.613333
2004-09-15,18.531111
2004-09-16,18.763332
2004-09-17,18.888889
2004-09-20,18.907778
2004-09-21,19.105556
2004-09-22,18.816668
2004-09-23,18.900000
2004-09-24,18.846666
2004-09-27,18.734444
2004-09-28,18.966667
2004-09-29,19.066668
2004-09-30,19.166668
2004-10-01,19.533333
2004-10-04,19.866667
2004-10-05,19.719999
2004-10-06,19.947779
2004-10-07,19.777779
2004-10-08,19.633333
2004-10-11,19.735556
2004-10-12,19.424444
2004-10-13,19.161112
2004-10-14,18.900000
2004-10-15,19.152222
2004-10-18,19.355556
2004-10-19,19.262222
2004-10-20,19.141111
2004-10-21,19.416668
2004-10-22,19.277779
2004-10-25,19.330000
2004-10-26,19.400000
2004-10-27,19.733334
2004-10-28,19.635555
2004-10-29,19.712221
2004-11-01,19.858889
2004-11-02,19.904444
2004-11-03,20.194445
2004-11-04,20.500000
2004-11-05,20.577778
2004-11-08,20.345556
2004-11-09,20.476667
2004-11-10,20.500000
2004-11-11,20.733334
2004-11-12,21.083332
2004-11-15,21.103333
2004-11-16,20.862223
2004-11-17,21.333332
2004-11-18,21.372223
2004-11-19,21.066668
2004-11-22,21.148890
2004-11-23,21.185556
2004-11-24,21.411112
2004-11-26,21.766666
2004-11-29,21.633333
2004-11-30,21.673332
2004-12-01,21.838888
2004-12-02,21.806667
2004-12-03,21.905556
2004-12-06,21.874443
2004-12-07,21.538889
2004-12-08,21.425556
2004-12-09,21.076668
2004-12-10,21.055555
2004-12-13,21.375557
2004-12-14,21.572222
2004-12-15,21.871111
2004-12-16,21.761110
2004-12-17,21.711111
2004-12-20,21.994444
2004-12-21,22.205557
2004-12-22,22.200001
2004-12-23,22.081112
2004-12-27,22.064444
2004-12-28,22.178888
2004-12-29,22.301111
2004-12-30,22.244444
2004-12-31,22.427778
2005-01-03,22.194445
2005-01-04,21.511110
2005-01-05,21.247778
2005-01-06,21.233334
2005-01-07,21.274445
2005-01-10,21.301111
2005-01-11,21.261110
2005-01-12,21.522223
2005-01-13,21.433332
2005-01-14,21.816668
2005-01-18,21.777779
2005-01-19,21.477777
2005-01-20,21.211111
2005-01-21,21.500000
2005-01-24,21.466667
2005-01-25,21.661112
2005-01-26,21.977777
2005-01-27,21.998890
2005-01-28,22.018888
2005-01-31,22.308889
2005-02-01,22.500000
2005-02-02,22.571112
2005-02-03,22.547777
2005-02-04,22.900000
2005-02-07,22.972221
2005-02-08,23.016666
2005-02-09,22.942223
2005-02-10,23.053333
2005-02-11,23.277779
2005-02-14,23.444445
2005-02-15,23.500000
2005-02-16,23.427778
2005-02-17,23.388889
2005-02-18,23.676666
2005-02-22,23.590000
2005-02-23,23.698889
2005-02-24,24.066668
2005-02-25,24.510000
2005-02-28,24.468889
2005-03-01,24.537779
2005-03-02,24.133333
2005-03-03,24.200001
2005-03-04,24.488890
2005-03-07,24.650000
2005-03-08,24.462221
2005-03-09,24.322222
2005-03-10,24.088888
2005-03-11,23.953333
2005-03-14,23.770000
2005-03-15,23.177778
2005-03-16,22.981112
2005-03-17,23.400000
2005-03-18,23.294443
2005-03-21,22.957779
2005-03-22,22.533333
2005-03-23,22.247778
2005-03-24,22.223333
2005-03-28,22.376667
2005-03-29,21.797777
2005-03-30,22.294443
2005-03-31,22.533333
2005-04-01,22.666668
2005-04-04,22.716667
2005-04-05,22.711111
2005-04-06,23.022223
2005-04-07,23.254444
2005-04-08,23.144444
2005-04-11,22.922222
2005-04-12,23.211111
2005-04-13,22.748890
2005-04-14,22.166668
2005-04-15,21.700001
2005-04-18,21.956667
2005-04-19,22.324444
2005-04-20,21.797777
2005-04-21,22.425556
2005-04-22,22.177778
2005-04-25,22.597778
2005-04-26,22.366667
2005-04-27,22.164444
2005-04-28,21.811111
2005-04-29,22.252222
2005-05-02,22.400000
2005-05-03,22.378889
2005-05-04,22.988890
2005-05-05,23.110001
2005-05-06,23.172222
2005-05-09,23.193333
2005-05-10,22.672222
2005-05-11,22.777779
2005-05-12,22.388889
2005-05-13,22.158890
2005-05-16,22.422222
2005-05-17,22.427778
2005-05-18,22.874443
2005-05-19,22.957779
2005-05-20,22.900000
2005-05-23,22.975555
2005-05-24,22.908890
2005-05-25,22.744444
2005-05-26,23.000000
2005-05-27,23.155556
2005-05-31,22.955557
2005-06-01,23.226667
2005-06-02,23.403334
2005-06-03,23.282223
2005-06-06,23.516666
2005-06-07,23.400000
2005-06-08,23.311111
2005-06-09,23.433332
2005-06-10,23.500000
2005-06-13,23.593332
2005-06-14,23.690001
2005-06-15,23.866667
2005-06-16,24.080000
2005-06-17,24.370001
2005-06-20,24.150000
2005-06-21,24.033333
2005-06-22,24.260000
2005-06-23,23.833332
2005-06-24,23.750000
2005-06-27,23.900000
2005-06-28,24.080000
2005-06-29,23.940001
2005-06-30,23.866667
2005-07-01,23.953333
2005-07-05,24.059999
2005-07-06,23.943333
2005-07-07,24.013332
2005-07-08,24.263332
2005-07-11,24.633333
2005-07-12,24.926666
2005-07-13,24.910000
2005-07-14,25.053333
2005-07-15,24.916668
2005-07-18,24.840000
2005-07-19,25.123333
2005-07-20,25.126667
2005-07-21,25.400000
2005-07-22,25.340000
2005-07-25,25.120001
2005-07-26,25.263332
2005-07-27,25.400000
2005-07-28,25.716667
2005-07-29,25.700001
2005-08-01,26.120001
2005-08-02,26.583332
2005-08-03,26.516666
2005-08-04,26.283333
2005-08-05,25.799999
2005-08-08,25.976667
2005-08-09,26.500000
2005-08-10,26.783333
2005-08-11,26.633333
2005-08-12,26.350000
2005-08-15,26.533333
2005-08-16,26.073334
2005-08-17,26.090000
2005-08-18,25.610001
2005-08-19,25.510000
2005-08-22,25.826668
2005-08-23,25.583332
2005-08-24,25.250000
2005-08-25,25.533333
2005-08-26,25.500000
2005-08-29,25.780001
2005-08-30,25.510000
2005-08-31,26.040001
2005-09-01,26.400000
2005-09-02,26.633333
2005-09-06,26.966667
2005-09-07,27.000000
2005-09-08,26.956667
2005-09-09,27.353333
2005-09-12,27.313334
2005-09-13,27.006666
2005-09-14,26.910000
2005-09-15,27.066668
2005-09-16,27.483334
2005-09-19,27.443333
2005-09-20,27.516666
2005-09-21,27.776667
2005-09-22,27.500000
2005-09-23,27.476667
2005-09-26,27.719999
2005-09-27,27.536667
2005-09-28,27.850000
2005-09-29,28.340000
2005-09-30,28.293333
2005-10-03,28.473333
2005-10-04,28.206667
2005-10-05,27.350000
2005-10-06,26.393333
2005-10-07,27.046667
2005-10-10,26.956667
2005-10-11,27.073334
2005-10-12,26.243334
2005-10-13,26.080000
2005-10-14,25.980000
2005-10-17,26.266666
2005-10-18,25.600000
2005-10-19,26.100000
2005-10-20,25.049999
2005-10-21,25.716667
2005-10-24,26.410000
2005-10-25,25.889999
2005-10-26,25.983334
2005-10-27,25.366667
2005-10-28,26.033333
2005-10-31,26.500000
2005-11-01,26.966667
2005-11-02,27.383333
2005-11-03,27.413334
2005-11-04,27.356667
2005-11-07,27.376667
2005-11-08,27.120001
2005-11-09,27.526667
2005-11-10,27.570000
2005-11-11,27.629999
2005-11-14,27.556667
2005-11-15,27.400000
2005-11-16,27.633333
2005-11-17,28.040001
2005-11-18,28.116667
2005-11-21,28.133333
2005-11-22,28.120001
2005-11-23,28.416668
2005-11-25,28.396667
2005-11-28,28.216667
2005-11-29,27.966667
2005-11-30,28.033333
2005-12-01,28.766666
2005-12-02,28.733334
2005-12-05,28.966667
2005-12-06,29.233334
2005-12-07,28.956667
2005-12-08,28.740000
2005-12-09,29.033333
2005-12-12,29.200001
2005-12-13,29.583332
2005-12-14,29.386667
2005-12-15,29.266666
2005-12-16,29.166668
2005-12-19,29.100000
2005-12-20,29.350000
2005-12-21,29.826668
2005-12-22,29.833332
2005-12-23,29.680000
2005-12-27,29.350000
2005-12-28,29.430000
2005-12-29,29.433332
2005-12-30,29.416668
2006-01-03,30.516666
2006-01-04,30.793333
2006-01-05,30.950001
2006-01-06,31.596666
2006-01-09,31.906668
2006-01-10,31.523333
2006-01-11,31.893333
2006-01-12,31.450001
2006-01-13,31.483334
2006-01-17,30.933332
2006-01-18,30.916668
2006-01-19,31.916668
2006-01-20,30.966667
2006-01-23,31.866667
2006-01-24,32.366669
2006-01-25,32.383331
2006-01-26,33.150002
2006-01-27,33.529999
2006-01-30,33.373333
2006-01-31,33.593334
2006-02-01,33.576668
2006-02-02,32.713333
2006-02-03,32.266666
2006-02-06,33.033333
2006-02-07,32.166668
2006-02-08,32.266666
2006-02-09,32.349998
2006-02-10,32.299999
2006-02-13,31.503332
2006-02-14,32.299999
2006-02-15,32.133331
2006-02-16,32.966667
2006-02-17,32.923332
2006-02-21,32.633331
2006-02-22,32.810001
2006-02-23,32.799999
2006-02-24,32.863335
2006-02-27,33.163334
2006-02-28,32.299999
2006-03-01,33.193333
2006-03-02,33.220001
2006-03-03,32.666668
2006-03-06,32.166668
2006-03-07,31.033333
2006-03-08,31.216667
2006-03-09,30.900000
2006-03-10,31.549999
2006-03-13,31.516666
2006-03-14,32.500000
2006-03-15,32.876667
2006-03-16,32.583332
2006-03-17,32.813332
2006-03-20,33.000000
2006-03-21,32.333332
2006-03-22,32.689999
2006-03-23,32.386665
2006-03-24,32.666668
2006-03-27,32.866669
2006-03-28,32.266666
2006-03-29,32.883331
2006-03-30,33.049999
2006-03-31,33.000000
2006-04-03,33.933334
2006-04-04,34.133331
2006-04-05,34.483334
2006-04-06,34.306667
2006-04-07,33.783333
2006-04-10,33.666668
2006-04-11,33.380001
2006-04-12,33.573334
2006-04-13,33.733334
2006-04-17,34.133331
2006-04-18,35.266666
2006-04-19,35.483334
2006-04-20,35.356667
2006-04-21,35.633331
2006-04-24,35.166668
2006-04-25,34.683334
2006-04-26,35.366669
2006-04-27,34.810001
2006-04-28,35.150002
2006-05-01,35.139999
2006-05-02,35.759998
2006-05-03,35.799999
2006-05-04,36.150002
2006-05-05,36.733334
2006-05-08,37.000000
2006-05-09,37.033333
2006-05-10,36.633331
2006-05-11,35.700001
2006-05-12,34.766666
2006-05-15,33.933334
2006-05-16,34.103333
2006-05-17,32.933334
2006-05-18,32.299999
2006-05-19,32.996666
2006-05-22,31.443333
2006-05-23,31.100000
2006-05-24,30.883333
2006-05-25,32.196667
2006-05-26,32.099998
2006-05-30,30.716667
2006-05-31,31.233334
2006-06-01,31.873333
2006-06-02,32.200001
2006-06-05,30.833332
2006-06-06,30.606667
2006-06-07,29.933332
2006-06-08,29.400000
2006-06-09,29.016666
2006-06-12,27.936666
2006-06-13,27.316668
2006-06-14,28.100000
2006-06-15,29.736668
2006-06-16,29.566668
2006-06-19,28.466667
2006-06-20,28.816668
2006-06-21,29.750000
2006-06-22,29.216667
2006-06-23,29.166668
2006-06-26,29.166668
2006-06-27,28.616667
2006-06-28,29.513332
2006-06-29,31.266666
2006-06-30,31.299999
2006-07-03,31.993334
2006-07-05,31.000000
2006-07-06,31.633333
2006-07-07,31.033333
2006-07-10,31.283333
2006-07-11,31.433332
2006-07-12,30.733334
2006-07-13,29.516666
2006-07-14,29.666668
2006-07-17,29.200001
2006-07-18,29.606667
2006-07-19,31.433332
2006-07-20,30.530001
2006-07-21,29.936666
2006-07-24,31.283333
2006-07-25,31.366667
2006-07-26,31.233334
2006-07-27,31.663334
2006-07-28,32.343334
2006-07-31,32.033333
2006-08-01,31.516666
2006-08-02,31.933332
2006-08-03,31.900000
2006-08-04,31.966667
2006-08-07,31.766666
2006-08-08,31.766666
2006-08-09,31.886667
2006-08-10,32.213333
2006-08-11,31.823334
2006-08-14,31.950001
2006-08-15,32.733334
2006-08-16,33.053333
2006-08-17,33.099998
2006-08-18,32.786667
2006-08-21,32.616669
2006-08-22,32.606667
2006-08-23,32.016666
2006-08-24,31.930000
2006-08-25,32.020000
2006-08-28,32.383331
2006-08-29,32.493332
2006-08-30,32.633331
2006-08-31,32.540001
2006-09-01,32.903332
2006-09-05,33.083332
2006-09-06,32.133331
2006-09-07,31.766666
2006-09-08,32.026669
2006-09-11,31.336666
2006-09-12,31.873333
2006-09-13,32.349998
2006-09-14,32.083332
2006-09-15,32.273335
2006-09-18,32.636665
2006-09-19,32.133331
2006-09-20,32.793331
2006-09-21,31.993334
2006-09-22,31.586666
2006-09-25,31.953333
2006-09-26,32.330002
2006-09-27,32.256668
2006-09-28,32.516666
2006-09-29,32.256668
2006-10-02,32.203335
2006-10-03,31.766666
2006-10-04,32.616669
2006-10-05,33.049999
2006-10-06,32.966667
2006-10-09,32.843334
2006-10-10,33.139999
2006-10-11,32.963333
2006-10-12,33.766666
2006-10-13,33.966667
2006-10-16,34.060001
2006-10-17,33.613335
2006-10-18,33.943333
2006-10-19,34.093334
2006-10-20,33.933334
2006-10-23,33.903332
2006-10-24,34.096668
2006-10-25,34.493332
2006-10-26,34.576668
2006-10-27,34.000000
2006-10-30,33.883331
2006-10-31,34.533333
2006-11-01,34.186668
2006-11-02,34.293331
2006-11-03,34.400002
2006-11-06,35.216667
2006-11-07,35.066666
2006-11-08,35.156666
2006-11-09,35.276669
2006-11-10,35.326668
2006-11-13,35.446667
2006-11-14,36.000000
2006-11-15,36.066666
2006-11-16,35.703335
2006-11-17,35.663334
2006-11-20,35.523335
2006-11-21,36.090000
2006-11-22,36.343334
2006-11-24,36.336666
2006-11-27,35.650002
2006-11-28,35.856667
2006-11-29,36.436668
2006-11-30,36.599998
2006-12-01,36.450001
2006-12-04,37.209999
2006-12-05,37.860001
2006-12-06,37.599998
2006-12-07,37.466667
2006-12-08,37.299999
2006-12-11,37.316666
2006-12-12,36.866669
2006-12-13,37.066666
2006-12-14,37.700001
2006-12-15,37.866669
2006-12-18,37.603333
2006-12-19,37.366669
2006-12-20,37.250000
2006-12-21,37.183334
2006-12-22,37.316666
2006-12-26,37.663334
2006-12-27,38.200001
2006-12-28,38.126667
2006-12-29,38.056667
2007-01-03,38.380001
2007-01-04,37.849998
2007-01-05,36.743332
2007-01-08,37.009998
2007-01-09,36.183334
2007-01-10,36.099998
2007-01-11,36.556667
2007-01-12,37.299999
2007-01-16,37.433334
2007-01-17,37.276669
2007-01-18,36.883331
2007-01-19,37.546665
2007-01-22,37.503334
2007-01-23,38.356667
2007-01-24,38.689999
2007-01-25,37.500000
2007-01-26,37.730000
2007-01-29,37.230000
2007-01-30,37.806667
2007-01-31,38.099998
2007-02-01,38.566666
2007-02-02,38.450001
2007-02-05,38.486668
2007-02-06,38.866669
2007-02-07,38.716667
2007-02-08,38.509998
2007-02-09,38.049999
2007-02-12,37.790001
2007-02-13,38.389999
2007-02-14,39.216667
2007-02-15,39.240002
2007-02-16,39.330002
2007-02-20,39.433334
2007-02-21,39.549999
2007-02-22,39.450001
2007-02-23,39.166668
2007-02-26,39.150002
2007-02-27,35.966667
2007-02-28,36.866669
2007-03-01,36.336666
2007-03-02,36.000000
2007-03-05,35.076668
2007-03-06,36.616669
2007-03-07,36.393333
2007-03-08,37.333332
2007-03-09,37.400002
2007-03-12,37.583332
2007-03-13,36.490002
2007-03-14,36.790001
2007-03-15,37.090000
2007-03-16,36.773335
2007-03-19,37.580002
2007-03-20,37.826668
2007-03-21,38.959999
2007-03-22,38.793331
2007-03-23,38.973331
2007-03-26,38.950001
2007-03-27,38.776669
2007-03-28,38.083332
2007-03-29,38.840000
2007-03-30,38.833332
2007-04-02,39.099998
2007-04-03,39.740002
2007-04-04,39.990002
2007-04-05,40.026669
2007-04-09,40.256668
2007-04-10,40.446667
2007-04-11,40.073334
2007-04-12,40.743332
2007-04-13,40.943333
2007-04-16,41.430000
2007-04-17,41.206669
2007-04-18,40.900002
2007-04-19,40.570000
2007-04-20,41.053333
2007-04-23,40.889999
2007-04-24,40.883331
2007-04-25,41.389999
2007-04-26,41.279999
2007-04-27,41.073334
2007-04-30,40.279999
2007-05-01,40.439999
2007-05-02,41.243332
2007-05-03,41.590000
2007-05-04,41.576668
2007-05-07,41.846668
2007-05-08,41.303333
2007-05-09,41.970001
2007-05-10,40.943333
2007-05-11,41.983334
2007-05-14,41.566666
2007-05-15,41.616669
2007-05-16,42.220001
2007-05-17,42.066666
2007-05-18,42.283333
2007-05-21,42.360001
2007-05-22,42.366669
2007-05-23,42.299999
2007-05-24,41.283333
2007-05-25,41.916668
2007-05-29,41.773335
2007-05-30,42.200001
2007-05-31,42.320000
2007-06-01,43.376667
2007-06-04,43.183334
2007-06-05,43.033333
2007-06-06,41.950001
2007-06-07,41.303333
2007-06-08,42.033333
2007-06-11,42.393333
2007-06-12,41.656666
2007-06-13,42.490002
2007-06-14,43.156666
2007-06-15,44.139999
2007-06-18,44.180000
2007-06-19,44.230000
2007-06-20,43.853333
2007-06-21,44.400002
2007-06-22,43.813332
2007-06-25,43.480000
2007-06-26,43.099998
2007-06-27,43.713333
2007-06-28,43.723331
2007-06-29,43.876667
2007-07-02,44.766666
2007-07-03,45.123333
2007-07-05,45.323334
2007-07-06,46.099998
2007-07-09,46.546665
2007-07-10,45.630001
2007-07-11,46.006668
2007-07-12,47.016666
2007-07-13,47.599998
2007-07-16,47.133331
2007-07-17,47.096668
2007-07-18,46.520000
2007-07-19,46.983334
2007-07-20,46.660000
2007-07-23,48.009998
2007-07-24,46.366669
2007-07-25,46.633331
2007-07-26,44.256668
2007-07-27,43.683334
2007-07-30,45.113335
2007-07-31,44.189999
2007-08-01,44.016666
2007-08-02,44.503334
2007-08-03,42.583332
2007-08-06,43.343334
2007-08-07,43.666668
2007-08-08,45.133331
2007-08-09,43.266666
2007-08-10,42.516666
2007-08-13,42.936668
2007-08-14,41.826668
2007-08-15,40.183334
2007-08-16,39.500000
2007-08-17,40.750000
2007-08-20,40.833332
2007-08-21,40.683334
2007-08-22,42.433334
2007-08-23,42.650002
2007-08-24,43.666668
2007-08-27,43.866669
2007-08-28,42.083332
2007-08-29,43.750000
2007-08-30,43.526669
2007-08-31,44.650002
2007-09-04,45.403332
2007-09-05,44.716667
2007-09-06,45.066666
2007-09-07,44.049999
2007-09-10,44.083332
2007-09-11,44.973331
2007-09-12,45.133331
2007-09-13,45.633331
2007-09-14,45.723331
2007-09-17,45.433334
2007-09-18,47.633331
2007-09-19,47.849998
2007-09-20,47.700001
2007-09-21,48.333332
2007-09-24,48.933334
2007-09-25,48.750000
2007-09-26,49.400002
2007-09-27,50.133331
2007-09-28,49.816666
2007-10-01,51.383331
2007-10-02,51.733334
2007-10-03,50.166668
2007-10-04,50.666668
2007-10-05,52.356667
2007-10-08,51.799999
2007-10-09,52.606667
2007-10-10,52.676666
2007-10-11,52.213333
2007-10-12,53.166668
2007-10-15,52.516666
2007-10-16,51.543331
2007-10-17,52.733334
2007-10-18,53.000000
2007-10-19,50.733334
2007-10-22,51.099998
2007-10-23,52.516666
2007-10-24,52.173332
2007-10-25,52.836666
2007-10-26,54.333332
2007-10-29,55.583332
2007-10-30,54.533333
2007-10-31,55.730000
2007-11-01,53.480000
2007-11-02,53.783333
2007-11-05,51.913334
2007-11-06,53.883331
2007-11-07,52.166668
2007-11-08,52.433334
2007-11-09,51.200001
2007-11-12,48.366669
2007-11-13,51.783333
2007-11-14,51.833332
2007-11-15,50.639999
2007-11-16,51.266666
2007-11-19,48.903332
2007-11-20,50.246666
2007-11-21,47.716667
2007-11-23,49.126667
2007-11-26,47.176666
2007-11-27,48.983334
2007-11-28,51.666668
2007-11-29,51.033333
2007-11-30,51.466667
2007-12-03,51.020000
2007-12-04,50.886665
2007-12-05,53.146667
2007-12-06,53.983334
2007-12-07,53.343334
2007-12-10,53.360001
2007-12-11,51.099998
2007-12-12,52.633331
2007-12-13,51.186668
2007-12-14,49.966667
2007-12-17,47.836666
2007-12-18,49.150002
2007-12-19,49.470001
2007-12-20,49.740002
2007-12-21,51.240002
2007-12-24,51.446667
2007-12-26,51.713333
2007-12-27,50.520000
2007-12-28,50.709999
2007-12-31,50.099998
2008-01-02,49.273335
2008-01-03,49.716667
2008-01-04,48.223331
2008-01-07,48.576668
2008-01-08,48.200001
2008-01-09,49.779999
2008-01-10,50.366669
2008-01-11,48.950001
2008-01-14,49.669998
2008-01-15,47.423332
2008-01-16,45.450001
2008-01-17,44.126667
2008-01-18,45.133331
2008-01-22,44.000000
2008-01-23,44.279999
2008-01-24,45.139999
2008-01-25,44.453335
2008-01-28,45.553333
2008-01-29,45.330002
2008-01-30,44.733334
2008-01-31,45.630001
2008-02-01,46.540001
2008-02-04,46.683334
2008-02-05,44.169998
2008-02-06,43.446667
2008-02-07,44.183334
2008-02-08,44.099998
2008-02-11,44.646667
2008-02-12,45.366669
2008-02-13,46.386665
2008-02-14,45.790001
2008-02-15,46.116669
2008-02-19,46.720001
2008-02-20,47.110001
2008-02-21,46.450001
2008-02-22,47.073334
2008-02-25,47.950001
2008-02-26,48.583332
2008-02-27,48.993332
2008-02-28,48.466667
2008-02-29,46.540001
2008-03-03,46.793331
2008-03-04,45.706669
2008-03-05,46.666668
2008-03-06,45.066666
2008-03-07,44.443333
2008-03-10,43.663334
2008-03-11,46.599998
2008-03-12,45.736668
2008-03-13,45.320000
2008-03-14,43.713333
2008-03-17,42.633331
2008-03-18,44.849998
2008-03-19,42.156666
2008-03-20,42.866669
2008-03-24,44.509998
2008-03-25,45.193333
2008-03-26,44.826668
2008-03-27,44.610001
2008-03-28,44.529999
2008-03-31,44.793331
2008-04-01,46.513332
2008-04-02,46.546665
2008-04-03,47.113335
2008-04-04,46.923332
2008-04-07,47.546665
2008-04-08,47.286667
2008-04-09,46.549999
2008-04-10,47.216667
2008-04-11,46.446667
2008-04-14,46.336666
2008-04-15,46.880001
2008-04-16,48.266666
2008-04-17,47.916668
2008-04-18,48.639999
2008-04-21,48.886665
2008-04-22,48.433334
2008-04-23,49.130001
2008-04-24,48.500000
2008-04-25,48.856667
2008-04-28,48.763332
2008-04-29,47.900002
2008-04-30,48.886665
2008-05-01,49.406666
2008-05-02,49.880001
2008-05-05,49.843334
2008-05-06,50.400002
2008-05-07,48.900002
2008-05-08,49.403332
2008-05-09,49.000000
2008-05-12,49.630001
2008-05-13,49.866669
2008-05-14,49.986668
2008-05-15,51.049999
2008-05-16,51.700001
2008-05-19,51.709999
2008-05-20,50.813332
2008-05-21,50.296665
2008-05-22,50.443333
2008-05-23,49.563332
2008-05-27,49.483334
2008-05-28,50.150002
2008-05-29,50.259998
2008-05-30,50.433334
2008-06-02,49.833332
2008-06-03,48.933334
2008-06-04,48.506668
2008-06-05,50.049999
2008-06-06,48.236668
2008-06-09,48.113335
2008-06-10,47.003334
2008-06-11,46.299999
2008-06-12,46.570000
2008-06-13,47.073334
2008-06-16,47.233334
2008-06-17,47.433334
2008-06-18,47.203335
2008-06-19,47.276669
2008-06-20,45.733334
2008-06-23,45.866669
2008-06-24,45.663334
2008-06-25,46.049999
2008-06-26,44.470001
2008-06-27,44.900002
2008-06-30,45.240002
2008-07-01,44.433334
2008-07-02,43.166668
2008-07-03,43.043331
2008-07-07,42.889999
2008-07-08,43.416668
2008-07-09,42.540001
2008-07-10,43.310001
2008-07-11,43.020000
2008-07-14,42.966667
2008-07-15,42.250000
2008-07-16,43.470001
2008-07-17,43.673332
2008-07-18,43.296665
2008-07-21,43.833332
2008-07-22,43.860001
2008-07-23,43.923332
2008-07-24,42.299999
2008-07-25,42.590000
2008-07-28,41.869999
2008-07-29,44.189999
2008-07-30,43.730000
2008-07-31,42.750000
2008-08-01,42.459999
2008-08-04,41.160000
2008-08-05,41.689999
2008-08-06,42.520000
2008-08-07,41.060001
2008-08-08,41.160000
2008-08-11,40.730000
2008-08-12,40.389999
2008-08-13,40.380001
2008-08-14,40.910000
2008-08-15,40.270000
2008-08-18,39.590000
2008-08-19,39.259998
2008-08-20,40.259998
2008-08-21,40.200001
2008-08-22,40.169998
2008-08-25,39.340000
2008-08-26,39.410000
2008-08-27,40.250000
2008-08-28,40.529999
2008-08-29,40.049999
2008-09-02,38.840000
2008-09-03,38.200001
2008-09-04,36.439999
2008-09-05,36.959999
2008-09-08,37.419998
2008-09-09,35.320000
2008-09-10,35.889999
2008-09-11,35.360001
2008-09-12,36.540001
2008-09-15,33.669998
2008-09-16,33.959999
2008-09-17,31.549999
2008-09-18,34.209999
2008-09-19,38.470001
2008-09-22,35.959999
2008-09-23,34.840000
2008-09-24,35.240002
2008-09-25,37.049999
2008-09-26,35.790001
2008-09-29,31.610001
2008-09-30,34.169998
2008-10-01,34.580002
2008-10-02,31.549999
2008-10-03,30.719999
2008-10-06,28.410000
2008-10-07,26.200001
2008-10-08,26.200001
2008-10-09,24.270000
2008-10-10,24.549999
2008-10-13,30.139999
2008-10-14,28.639999
2008-10-15,24.010000
2008-10-16,25.190001
2008-10-17,24.400000
2008-10-20,26.110001
2008-10-21,24.030001
2008-10-22,21.500000
2008-10-23,22.100000
2008-10-24,19.820000
2008-10-27,19.299999
2008-10-28,23.340000
2008-10-29,22.600000
2008-10-30,25.650000
2008-10-31,25.430000
2008-11-03,25.200001
2008-11-04,27.500000
2008-11-05,24.000000
2008-11-06,22.790001
2008-11-07,24.639999
2008-11-10,24.870001
2008-11-11,23.320000
2008-11-12,21.590000
2008-11-13,24.580000
2008-11-14,22.219999
2008-11-17,21.850000
2008-11-18,21.530001
2008-11-19,19.670000
2008-11-20,18.260000
2008-11-21,20.889999
2008-11-24,22.160000
2008-11-25,21.740000
2008-11-26,23.400000
2008-11-28,22.950001
2008-12-01,20.740000
2008-12-02,22.049999
2008-12-03,22.230000
2008-12-04,21.280001
2008-12-05,22.540001
2008-12-08,23.980000
2008-12-09,23.650000
2008-12-10,25.059999
2008-12-11,24.420000
2008-12-12,24.760000
2008-12-15,24.430000
2008-12-16,26.379999
2008-12-17,25.920000
2008-12-18,25.350000
2008-12-19,25.440001
2008-12-22,24.490000
2008-12-23,23.950001
2008-12-24,24.120001
2008-12-26,24.040001
2008-12-29,24.000000
2008-12-30,24.639999
2008-12-31,24.969999
2009-01-02,26.160000
2009-01-05,26.500000
2009-01-06,27.100000
2009-01-07,25.540001
2009-01-08,25.430000
2009-01-09,24.879999
2009-01-12,23.830000
2009-01-13,23.900000
2009-01-14,22.740000
2009-01-15,23.000000
2009-01-16,23.250000
2009-01-20,21.520000
2009-01-21,22.690001
2009-01-22,21.940001
2009-01-23,22.219999
2009-01-26,22.480000
2009-01-27,22.879999
2009-01-28,24.040001
2009-01-29,22.820000
2009-01-30,22.650000
2009-02-02,22.420000
2009-02-03,23.090000
2009-02-04,23.260000
2009-02-05,23.750000
2009-02-06,24.940001
2009-02-09,24.809999
2009-02-10,23.309999
2009-02-11,24.010000
2009-02-12,23.860001
2009-02-13,23.980000
2009-02-17,22.450001
2009-02-18,22.290001
2009-02-19,22.080000
2009-02-20,21.520000
2009-02-23,20.990000
2009-02-24,22.139999
2009-02-25,21.760000
2009-02-26,21.570000
2009-02-27,21.230000
2009-03-02,19.940001
2009-03-03,20.219999
2009-03-04,21.639999
2009-03-05,20.750000
2009-03-06,21.100000
2009-03-09,20.690001
2009-03-10,22.370001
2009-03-11,22.370001
2009-03-12,23.230000
2009-03-13,23.360001
2009-03-16,23.379999
2009-03-17,23.889999
2009-03-18,24.389999
2009-03-19,24.230000
2009-03-20,23.900000
2009-03-23,26.110001
2009-03-24,25.299999
2009-03-25,25.680000
2009-03-26,26.379999
2009-03-27,25.600000
2009-03-30,24.280001
2009-03-31,24.809999
2009-04-01,25.629999
2009-04-02,27.020000
2009-04-03,27.350000
2009-04-06,27.010000
2009-04-07,26.389999
2009-04-08,26.780001
2009-04-09,27.950001
2009-04-13,28.120001
2009-04-14,27.670000
2009-04-15,28.070000
2009-04-16,28.309999
2009-04-17,28.110001
2009-04-20,26.740000
2009-04-21,27.309999
2009-04-22,27.080000
2009-04-23,27.500000
2009-04-24,28.020000
2009-04-27,27.080000
2009-04-28,26.990000
2009-04-29,28.410000
2009-04-30,28.670000
2009-05-01,29.090000
2009-05-04,31.100000
2009-05-05,30.820000
2009-05-06,31.350000
2009-05-07,30.570000
2009-05-08,31.590000
2009-05-11,30.850000
2009-05-12,31.070000
2009-05-13,29.930000
2009-05-14,30.360001
2009-05-15,30.080000
2009-05-18,31.750000
2009-05-19,32.110001
2009-05-20,32.209999
2009-05-21,31.610001
2009-05-22,31.750000
2009-05-26,32.130001
2009-05-27,31.760000
2009-05-28,32.740002
2009-05-29,33.240002
2009-06-01,34.639999
2009-06-02,34.139999
2009-06-03,32.930000
2009-06-04,33.540001
2009-06-05,33.610001
2009-06-08,33.090000
2009-06-09,33.150002
2009-06-10,33.570000
2009-06-11,34.290001
2009-06-12,33.740002
2009-06-15,32.529999
2009-06-16,32.040001
2009-06-17,31.680000
2009-06-18,31.590000
2009-06-19,31.750000
2009-06-22,30.600000
2009-06-23,30.549999
2009-06-24,31.219999
2009-06-25,32.150002
2009-06-26,32.320000
2009-06-29,32.560001
2009-06-30,32.230000
2009-07-01,32.820000
2009-07-02,31.920000
2009-07-06,31.850000
2009-07-07,31.100000
2009-07-08,30.740000
2009-07-09,31.290001
2009-07-10,30.920000
2009-07-13,31.139999
2009-07-14,31.480000
2009-07-15,33.169998
2009-07-16,33.230000
2009-07-17,33.570000
2009-07-20,34.770000
2009-07-21,34.669998
2009-07-22,34.590000
2009-07-23,35.570000
2009-07-24,35.400002
2009-07-27,35.709999
2009-07-28,35.549999
2009-07-29,34.750000
2009-07-30,35.610001
2009-07-31,35.779999
2009-08-03,37.119999
2009-08-04,36.779999
2009-08-05,36.470001
2009-08-06,36.169998
2009-08-07,36.529999
2009-08-10,36.119999
2009-08-11,35.439999
2009-08-12,35.759998
2009-08-13,36.380001
2009-08-14,35.720001
2009-08-17,34.320000
2009-08-18,35.070000
2009-08-19,35.160000
2009-08-20,35.770000
2009-08-21,36.310001
2009-08-24,36.470001
2009-08-25,36.389999
2009-08-26,36.279999
2009-08-27,36.209999
2009-08-28,36.020000
2009-08-31,35.310001
2009-09-01,34.639999
2009-09-02,35.009998
2009-09-03,35.709999
2009-09-04,36.400002
2009-09-08,37.150002
2009-09-09,37.349998
2009-09-10,37.840000
2009-09-11,37.860001
2009-09-14,37.720001
2009-09-15,38.169998
2009-09-16,39.130001
2009-09-17,38.919998
2009-09-18,39.029999
2009-09-21,38.689999
2009-09-22,39.279999
2009-09-23,38.689999
2009-09-24,37.930000
2009-09-25,38.090000
2009-09-28,38.580002
2009-09-29,38.669998
2009-09-30,38.910000
2009-10-01,37.849998
2009-10-02,37.860001
2009-10-05,38.740002
2009-10-06,39.380001
2009-10-07,39.340000
2009-10-08,39.820000
2009-10-09,39.849998
2009-10-12,40.180000
2009-10-13,40.250000
2009-10-14,41.549999
2009-10-15,41.320000
2009-10-16,40.750000
2009-10-19,41.529999
2009-10-20,40.980000
2009-10-21,40.759998
2009-10-22,41.099998
2009-10-23,40.759998
2009-10-26,40.250000
2009-10-27,39.549999
2009-10-28,37.740002
2009-10-29,39.410000
2009-10-30,37.570000
2009-11-02,38.130001
2009-11-03,38.189999
2009-11-04,38.900002
2009-11-05,39.700001
2009-11-06,39.650002
2009-11-09,41.110001
2009-11-10,40.919998
2009-11-11,41.270000
2009-11-12,40.349998
2009-11-13,41.040001
2009-11-16,42.070000
2009-11-17,41.919998
2009-11-18,41.590000
2009-11-19,40.820000
2009-11-20,40.650002
2009-11-23,41.500000
2009-11-24,41.270000
2009-11-25,41.750000
2009-11-27,40.130001
2009-11-30,40.520000
2009-12-01,41.680000
2009-12-02,41.849998
2009-12-03,41.459999
2009-12-04,41.840000
2009-12-07,41.480000
2009-12-08,40.709999
2009-12-09,40.959999
2009-12-10,41.200001
2009-12-11,41.349998
2009-12-14,41.630001
2009-12-15,41.200001
2009-12-16,41.439999
2009-12-17,40.250000
2009-12-18,40.360001
2009-12-21,40.310001
2009-12-22,40.389999
2009-12-23,40.790001
2009-12-24,41.200001
2009-12-28,41.340000
2009-12-29,41.180000
2009-12-30,41.360001
2009-12-31,41.500000
2010-01-04,42.709999
2010-01-05,43.020000
2010-01-06,43.110001
2010-01-07,42.860001
2010-01-08,43.200001
2010-01-11,43.110001
2010-01-12,42.419998
2010-01-13,42.549999
2010-01-14,42.439999
2010-01-15,41.950001
2010-01-19,42.799999
2010-01-20,41.770000
2010-01-21,40.509998
2010-01-22,39.610001
2010-01-25,39.900002
2010-01-26,39.070000
2010-01-27,38.970001
2010-01-28,38.700001
2010-01-29,38.279999
2010-02-01,39.310001
2010-02-02,39.630001
2010-02-03,39.400002
2010-02-04,37.619999
2010-02-05,37.200001
2010-02-08,36.830002
2010-02-09,38.029999
2010-02-10,37.930000
2010-02-11,38.930000
2010-02-12,38.439999
2010-02-16,39.430000
2010-02-17,39.570000
2010-02-18,39.720001
2010-02-19,39.380001
2010-02-22,39.430000
2010-02-23,38.520000
2010-02-24,38.889999
2010-02-25,38.570000
2010-02-26,38.959999
2010-03-01,39.619999
2010-03-02,40.070000
2010-03-03,40.119999
2010-03-04,39.910000
2010-03-05,40.950001
2010-03-08,40.980000
2010-03-09,41.209999
2010-03-10,41.500000
2010-03-11,41.509998
2010-03-12,41.369999
2010-03-15,41.070000
2010-03-16,41.599998
2010-03-17,42.049999
2010-03-18,41.730000
2010-03-19,41.189999
2010-03-22,41.340000
2010-03-23,41.630001
2010-03-24,41.009998
2010-03-25,40.900002
2010-03-26,41.099998
2010-03-29,41.840000
2010-03-30,42.000000
2010-03-31,42.119999
2010-04-01,43.220001
2010-04-05,43.610001
2010-04-06,43.740002
2010-04-07,43.360001
2010-04-08,43.509998
2010-04-09,43.779999
2010-04-12,43.430000
2010-04-13,43.340000
2010-04-14,43.980000
2010-04-15,43.740002
2010-04-16,42.459999
2010-04-19,42.290001
2010-04-20,42.790001
2010-04-21,42.650002
2010-04-22,42.830002
2010-04-23,43.060001
2010-04-26,43.060001
2010-04-27,41.520000
2010-04-28,41.869999
2010-04-29,42.560001
2010-04-30,42.049999
2010-05-03,42.279999
2010-05-04,40.340000
2010-05-05,39.610001
2010-05-06,37.990002
2010-05-07,38.189999
2010-05-10,40.939999
2010-05-11,40.200001
2010-05-12,40.700001
2010-05-13,40.320000
2010-05-14,39.490002
2010-05-17,39.250000
2010-05-18,38.430000
2010-05-19,38.060001
2010-05-20,36.169998
2010-05-21,37.340000
2010-05-24,36.950001
2010-05-25,36.549999
2010-05-26,36.529999
2010-05-27,38.740002
2010-05-28,38.099998
2010-06-01,37.400002
2010-06-02,38.709999
2010-06-03,38.570000
2010-06-04,37.200001
2010-06-07,36.619999
2010-06-08,37.459999
2010-06-09,37.259998
2010-06-10,38.560001
2010-06-11,38.759998
2010-06-14,38.770000
2010-06-15,39.939999
2010-06-16,39.939999
2010-06-17,39.740002
2010-06-18,39.919998
2010-06-21,40.610001
2010-06-22,39.830002
2010-06-23,39.669998
2010-06-24,38.970001
2010-06-25,39.430000
2010-06-28,39.160000
2010-06-29,37.570000
2010-06-30,37.320000
2010-07-01,37.590000
2010-07-02,37.750000
2010-07-06,38.450001
2010-07-07,39.299999
2010-07-08,39.490002
2010-07-09,39.970001
2010-07-12,39.650002
2010-07-13,40.110001
2010-07-14,40.029999
2010-07-15,39.840000
2010-07-16,38.650002
2010-07-19,39.160000
2010-07-20,40.080002
2010-07-21,39.669998
2010-07-22,40.869999
2010-07-23,41.150002
2010-07-26,41.430000
2010-07-27,41.360001
2010-07-28,41.130001
2010-07-29,41.200001
2010-07-30,41.400002
2010-08-02,42.470001
2010-08-03,42.270000
2010-08-04,42.330002
2010-08-05,42.139999
2010-08-06,42.080002
2010-08-09,42.299999
2010-08-10,41.720001
2010-08-11,40.389999
2010-08-12,40.459999
2010-08-13,40.680000
2010-08-16,41.060001
2010-08-17,41.490002
2010-08-18,41.459999
2010-08-19,41.139999
2010-08-20,41.020000
2010-08-23,40.650002
2010-08-24,40.130001
2010-08-25,39.869999
2010-08-26,39.619999
2010-08-27,40.490002
2010-08-30,39.820000
2010-08-31,40.060001
2010-09-01,41.470001
2010-09-02,41.540001
2010-09-03,42.029999
2010-09-07,41.419998
2010-09-08,41.869999
2010-09-09,42.110001
2010-09-10,42.259998
2010-09-13,43.270000
2010-09-14,43.250000
2010-09-15,43.310001
2010-09-16,43.090000
2010-09-17,43.020000
2010-09-20,43.700001
2010-09-21,43.570000
2010-09-22,43.599998
2010-09-23,43.320000
2010-09-24,44.119999
2010-09-27,44.040001
2010-09-28,44.360001
2010-09-29,44.509998
2010-09-30,44.770000
2010-10-01,45.430000
2010-10-04,45.290001
2010-10-05,46.110001
2010-10-06,46.090000
2010-10-07,45.680000
2010-10-08,46.230000
2010-10-11,46.200001
2010-10-12,46.009998
2010-10-13,46.860001
2010-10-14,46.779999
2010-10-15,46.720001
2010-10-18,46.740002
2010-10-19,45.259998
2010-10-20,45.980000
2010-10-21,45.980000
2010-10-22,46.029999
2010-10-25,46.529999
2010-10-26,46.490002
2010-10-27,45.700001
2010-10-28,45.990002
2010-10-29,46.119999
2010-11-01,46.630001
2010-11-02,47.209999
2010-11-03,47.500000
2010-11-04,48.580002
2010-11-05,48.490002
2010-11-08,48.290001
2010-11-09,47.680000
2010-11-10,48.029999
2010-11-11,47.560001
2010-11-12,46.410000
2010-11-15,46.389999
2010-11-16,45.169998
2010-11-17,45.400002
2010-11-18,46.480000
2010-11-19,46.509998
2010-11-22,46.369999
2010-11-23,44.900002
2010-11-24,45.939999
2010-11-26,44.799999
2010-11-29,45.150002
2010-11-30,44.779999
2010-12-01,46.060001
2010-12-02,46.970001
2010-12-03,47.139999
2010-12-06,47.060001
2010-12-07,46.840000
2010-12-08,46.540001
2010-12-09,46.380001
2010-12-10,46.590000
2010-12-13,46.889999
2010-12-14,46.959999
2010-12-15,46.200001
2010-12-16,46.330002
2010-12-17,46.400002
2010-12-20,46.189999
2010-12-21,46.500000
2010-12-22,46.660000
2010-12-23,46.610001
2010-12-27,46.459999
2010-12-28,46.500000
2010-12-29,47.070000
2010-12-30,47.310001
2010-12-31,47.639999
2011-01-03,48.099998
2011-01-04,48.320000
2011-01-05,48.200001
2011-01-06,47.689999
2011-01-07,47.250000
2011-01-10,46.759998
2011-01-11,47.259998
2011-01-12,48.209999
2011-01-13,47.790001
2011-01-14,47.930000
2011-01-18,47.860001
2011-01-19,47.490002
2011-01-20,46.970001
2011-01-21,46.480000
2011-01-24,46.840000
2011-01-25,46.560001
2011-01-26,46.970001
2011-01-27,46.810001
2011-01-28,45.330002
2011-01-31,45.810001
2011-02-01,46.919998
2011-02-02,46.570000
2011-02-03,46.509998
2011-02-04,46.500000
2011-02-07,46.560001
2011-02-08,46.580002
2011-02-09,45.509998
2011-02-10,45.080002
2011-02-11,45.630001
2011-02-14,45.400002
2011-02-15,45.490002
2011-02-16,45.869999
2011-02-17,46.029999
2011-02-18,46.310001
2011-02-22,44.830002
2011-02-23,44.869999
2011-02-24,44.980000
2011-02-25,45.520000
2011-02-28,45.790001
2011-03-01,45.320000
2011-03-02,45.939999
2011-03-03,46.849998
2011-03-04,46.900002
2011-03-07,46.240002
2011-03-08,46.860001
2011-03-09,46.950001
2011-03-10,45.560001
2011-03-11,46.029999
2011-03-14,46.299999
2011-03-15,45.529999
2011-03-16,44.599998
2011-03-17,45.150002
2011-03-18,45.230000
2011-03-21,46.099998
2011-03-22,46.240002
2011-03-23,46.849998
2011-03-24,47.389999
2011-03-25,47.340000
2011-03-28,47.099998
2011-03-29,47.639999
2011-03-30,48.250000
2011-03-31,48.669998
2011-04-01,49.450001
2011-04-04,49.869999
2011-04-05,49.770000
2011-04-06,50.040001
2011-04-07,49.990002
2011-04-08,50.040001
2011-04-11,49.450001
2011-04-12,48.520000
2011-04-13,48.919998
2011-04-14,49.070000
2011-04-15,49.130001
2011-04-18,47.900002
2011-04-19,48.590000
2011-04-20,49.740002
2011-04-21,50.180000
2011-04-25,49.770000
2011-04-26,50.200001
2011-04-27,50.110001
2011-04-28,49.700001
2011-04-29,50.000000
2011-05-02,50.009998
2011-05-03,48.900002
2011-05-04,48.090000
2011-05-05,47.630001
2011-05-06,48.250000
2011-05-09,48.340000
2011-05-10,48.910000
2011-05-11,47.830002
2011-05-12,47.970001
2011-05-13,46.919998
2011-05-16,46.849998
2011-05-17,47.000000
2011-05-18,47.759998
2011-05-19,47.450001
2011-05-20,47.070000
2011-05-23,46.090000
2011-05-24,46.549999
2011-05-25,46.650002
2011-05-26,47.250000
2011-05-27,47.750000
2011-05-31,48.529999
2011-06-01,47.660000
2011-06-02,48.110001
2011-06-03,47.869999
2011-06-06,47.099998
2011-06-07,47.470001
2011-06-08,47.130001
2011-06-09,47.500000
2011-06-10,46.470001
2011-06-13,46.389999
2011-06-14,47.090000
2011-06-15,46.080002
2011-06-16,45.730000
2011-06-17,45.790001
2011-06-20,45.720001
2011-06-21,46.560001
2011-06-22,45.639999
2011-06-23,45.580002
2011-06-24,45.500000
2011-06-27,46.029999
2011-06-28,46.660000
2011-06-29,47.090000
2011-06-30,47.599998
2011-07-01,48.160000
2011-07-05,48.139999
2011-07-06,47.820000
2011-07-07,48.480000
2011-07-08,47.930000
2011-07-11,46.590000
2011-07-12,46.119999
2011-07-13,46.869999
2011-07-14,46.369999
2011-07-15,46.660000
2011-07-18,46.119999
2011-07-19,46.790001
2011-07-20,46.930000
2011-07-21,47.680000
2011-07-22,47.650002
2011-07-25,47.549999
2011-07-26,47.709999
2011-07-27,46.869999
2011-07-28,46.910000
2011-07-29,47.110001
2011-08-01,47.070000
2011-08-02,45.619999
2011-08-03,45.459999
2011-08-04,42.860001
2011-08-05,42.580002
2011-08-08,39.029999
2011-08-09,41.320000
2011-08-10,39.130001
2011-08-11,41.290001
2011-08-12,41.270000
2011-08-15,42.230000
2011-08-16,41.869999
2011-08-17,42.169998
2011-08-18,40.180000
2011-08-19,39.680000
2011-08-22,39.639999
2011-08-23,41.029999
2011-08-24,40.630001
2011-08-25,39.840000
2011-08-26,40.520000
2011-08-29,41.830002
2011-08-30,41.889999
2011-08-31,42.750000
2011-09-01,42.520000
2011-09-02,41.560001
2011-09-06,41.130001
2011-09-07,42.349998
2011-09-08,41.410000
2011-09-09,40.009998
2011-09-12,39.930000
2011-09-13,39.990002
2011-09-14,39.880001
2011-09-15,40.459999
2011-09-16,40.529999
2011-09-19,39.330002
2011-09-20,39.040001
2011-09-21,37.590000
2011-09-22,34.950001
2011-09-23,35.880001
2011-09-26,36.419998
2011-09-27,37.580002
2011-09-28,36.450001
2011-09-29,36.950001
2011-09-30,35.099998
2011-10-03,34.360001
2011-10-04,34.889999
2011-10-05,35.700001
2011-10-06,36.880001
2011-10-07,36.439999
2011-10-10,38.070000
2011-10-11,38.090000
2011-10-12,39.160000
2011-10-13,38.810001
2011-10-14,39.590000
2011-10-17,38.250000
2011-10-18,39.270000
2011-10-19,38.520000
2011-10-20,37.779999
2011-10-21,38.860001
2011-10-24,40.380001
2011-10-25,39.580002
2011-10-26,40.310001
2011-10-27,42.759998
2011-10-28,42.400002
2011-10-31,40.810001
2011-11-01,39.820000
2011-11-02,41.040001
2011-11-03,41.459999
2011-11-04,41.189999
2011-11-07,41.540001
2011-11-08,42.029999
2011-11-09,39.570000
2011-11-10,39.830002
2011-11-11,40.790001
2011-11-14,40.230000
2011-11-15,40.480000
2011-11-16,39.389999
2011-11-17,38.389999
2011-11-18,38.540001
2011-11-21,37.299999
2011-11-22,37.430000
2011-11-23,36.220001
2011-11-25,36.099998
2011-11-28,37.830002
2011-11-29,37.660000
2011-11-30,40.009998
2011-12-01,39.889999
2011-12-02,39.770000
2011-12-05,40.419998
2011-12-06,39.869999
2011-12-07,40.029999
2011-12-08,38.590000
2011-12-09,39.369999
2011-12-12,37.889999
2011-12-13,37.540001
2011-12-14,37.000000
2011-12-15,37.240002
2011-12-16,37.520000
2011-12-19,36.549999
2011-12-20,37.720001
2011-12-21,37.840000
2011-12-22,38.340000
2011-12-23,38.490002
2011-12-27,38.119999
2011-12-28,37.480000
2011-12-29,37.910000
2011-12-30,37.939999
2012-01-03,39.099998
2012-01-04,38.880001
2012-01-05,38.709999
2012-01-06,38.220001
2012-01-09,38.619999
2012-01-10,39.459999
2012-01-11,39.490002
2012-01-12,39.650002
2012-01-13,39.290001
2012-01-17,40.040001
2012-01-18,41.049999
2012-01-19,41.410000
2012-01-20,41.380001
2012-01-23,41.779999
2012-01-24,41.840000
2012-01-25,42.310001
2012-01-26,42.139999
2012-01-27,42.360001
2012-01-30,41.750000
2012-01-31,42.110001
2012-02-01,43.040001
2012-02-02,43.160000
2012-02-03,43.880001
2012-02-06,43.509998
2012-02-07,43.599998
2012-02-08,43.910000
2012-02-09,43.889999
2012-02-10,42.919998
2012-02-13,43.619999
2012-02-14,43.259998
2012-02-15,43.380001
2012-02-16,43.849998
2012-02-17,43.930000
2012-02-21,43.750000
2012-02-22,43.830002
2012-02-23,43.750000
2012-02-24,44.189999
2012-02-27,43.750000
2012-02-28,44.360001
2012-02-29,44.330002
2012-03-01,44.750000
2012-03-02,44.639999
2012-03-05,43.869999
2012-03-06,42.400002
2012-03-07,42.910000
2012-03-08,43.810001
2012-03-09,43.790001
2012-03-12,43.310001
2012-03-13,44.490002
2012-03-14,43.790001
2012-03-15,44.139999
2012-03-16,44.090000
2012-03-19,43.919998
2012-03-20,43.160000
2012-03-21,43.240002
2012-03-22,42.580002
2012-03-23,42.900002
2012-03-26,43.650002
2012-03-27,43.419998
2012-03-28,42.689999
2012-03-29,42.639999
2012-03-30,42.950001
2012-04-02,43.540001
2012-04-03,43.290001
2012-04-04,42.509998
2012-04-05,42.740002
2012-04-09,42.110001
2012-04-10,41.290001
2012-04-11,41.740002
2012-04-12,42.810001
2012-04-13,42.160000
2012-04-16,41.950001
2012-04-17,42.430000
2012-04-18,42.230000
2012-04-19,42.040001
2012-04-20,42.330002
2012-04-23,41.520000
2012-04-24,41.610001
2012-04-25,41.990002
2012-04-26,42.250000
2012-04-27,42.310001
2012-04-30,42.220001
2012-05-01,42.500000
2012-05-02,42.419998
2012-05-03,42.099998
2012-05-04,41.360001
2012-05-07,41.509998
2012-05-08,40.849998
2012-05-09,40.320000
2012-05-10,40.490002
2012-05-11,39.970001
2012-05-14,39.060001
2012-05-15,38.720001
2012-05-16,38.169998
2012-05-17,37.650002
2012-05-18,37.290001
2012-05-21,38.180000
2012-05-22,37.779999
2012-05-23,37.520000
2012-05-24,37.330002
2012-05-25,37.150002
2012-05-29,38.200001
2012-05-30,37.540001
2012-05-31,37.700001
2012-06-01,36.689999
2012-06-04,36.849998
2012-06-05,36.950001
2012-06-06,38.029999
2012-06-07,38.259998
2012-06-08,37.930000
2012-06-11,37.380001
2012-06-12,38.160000
2012-06-13,38.020000
2012-06-14,38.290001
2012-06-15,38.990002
2012-06-18,39.070000
2012-06-19,39.700001
2012-06-20,39.570000
2012-06-21,37.669998
2012-06-22,37.790001
2012-06-25,37.090000
2012-06-26,37.410000
2012-06-27,37.650002
2012-06-28,37.470001
2012-06-29,39.130001
2012-07-02,39.130001
2012-07-03,39.910000
2012-07-05,39.490002
2012-07-06,38.770000
2012-07-09,38.630001
2012-07-10,38.200001
2012-07-11,38.400002
2012-07-12,37.759998
2012-07-13,38.490002
2012-07-16,38.400002
2012-07-17,38.910000
2012-07-18,38.810001
2012-07-19,39.169998
2012-07-20,38.590000
2012-07-23,37.580002
2012-07-24,37.419998
2012-07-25,37.599998
2012-07-26,38.450001
2012-07-27,39.529999
2012-07-30,39.299999
2012-07-31,39.119999
2012-08-01,39.189999
2012-08-02,38.730000
2012-08-03,39.930000
2012-08-06,40.180000
2012-08-07,40.290001
2012-08-08,40.369999
2012-08-09,40.540001
2012-08-10,40.730000
2012-08-13,40.369999
2012-08-14,40.360001
2012-08-15,40.299999
2012-08-16,40.669998
2012-08-17,40.470001
2012-08-20,40.450001
2012-08-21,40.389999
2012-08-22,40.410000
2012-08-23,40.040001
2012-08-24,40.049999
2012-08-27,39.639999
2012-08-28,39.560001
2012-08-29,39.369999
2012-08-30,38.910000
2012-08-31,39.279999
2012-09-04,39.060001
2012-09-05,38.860001
2012-09-06,39.720001
2012-09-07,40.639999
2012-09-10,40.119999
2012-09-11,40.599998
2012-09-12,40.779999
2012-09-13,41.880001
2012-09-14,42.369999
2012-09-17,41.910000
2012-09-18,41.930000
2012-09-19,41.930000
2012-09-20,41.680000
2012-09-21,41.779999
2012-09-24,41.740002
2012-09-25,41.119999
2012-09-26,40.930000
2012-09-27,41.580002
2012-09-28,41.330002
2012-10-01,41.740002
2012-10-02,41.799999
2012-10-03,41.520000
2012-10-04,41.950001
2012-10-05,41.950001
2012-10-08,41.580002
2012-10-09,41.270000
2012-10-10,41.020000
2012-10-11,41.400002
2012-10-12,41.270000
2012-10-15,41.509998
2012-10-16,41.939999
2012-10-17,42.270000
2012-10-18,42.150002
2012-10-19,41.500000
2012-10-22,41.900002
2012-10-23,41.040001
2012-10-24,41.080002
2012-10-25,41.529999
2012-10-26,41.209999
2012-10-31,41.150002
2012-11-01,41.820000
2012-11-02,41.599998
2012-11-05,41.799999
2012-11-06,42.130001
2012-11-07,41.439999
2012-11-08,40.919998
2012-11-09,41.000000
2012-11-12,41.150002
2012-11-13,40.779999
2012-11-14,40.150002
2012-11-15,40.290001
2012-11-16,40.410000
2012-11-19,41.119999
2012-11-20,41.040001
2012-11-21,40.959999
2012-11-23,41.630001
2012-11-26,41.630001
2012-11-27,41.279999
2012-11-28,41.509998
2012-11-29,41.810001
2012-11-30,41.790001
2012-12-03,41.770000
2012-12-04,41.889999
2012-12-05,42.340000
2012-12-06,42.660000
2012-12-07,42.790001
2012-12-10,43.029999
2012-12-11,43.250000
2012-12-12,43.380001
2012-12-13,43.189999
2012-12-14,43.380001
2012-12-17,43.490002
2012-12-18,43.529999
2012-12-19,43.509998
2012-12-20,43.770000
2012-12-21,43.270000
2012-12-24,43.180000
2012-12-26,43.310001
2012-12-27,43.540001
2012-12-28,43.700001
2012-12-31,44.349998
2013-01-02,45.220001
2013-01-03,44.900002
2013-01-04,44.990002
2013-01-07,44.650002
2013-01-08,44.250000
2013-01-09,44.439999
2013-01-10,44.830002
2013-01-11,44.470001
2013-01-14,44.660000
2013-01-15,44.470001
2013-01-16,44.430000
2013-01-17,44.680000
2013-01-18,44.779999
2013-01-22,44.709999
2013-01-23,44.470001
2013-01-24,44.310001
2013-01-25,44.160000
2013-01-28,43.849998
2013-01-29,44.340000
2013-01-30,44.130001
2013-01-31,44.220001
2013-02-01,44.509998
2013-02-04,43.919998
2013-02-05,43.970001
2013-02-06,43.919998
2013-02-07,43.529999
2013-02-08,43.849998
2013-02-11,43.830002
2013-02-12,43.950001
2013-02-13,44.169998
2013-02-14,44.150002
2013-02-15,43.990002
2013-02-19,44.080002
2013-02-20,43.689999
2013-02-21,43.090000
2013-02-22,43.279999
2013-02-25,42.700001
2013-02-26,42.939999
2013-02-27,43.410000
2013-02-28,43.209999
2013-03-01,43.310001
2013-03-04,42.900002
2013-03-05,43.419998
2013-03-06,43.630001
2013-03-07,43.750000
2013-03-08,44.130001
2013-03-11,43.889999
2013-03-12,43.389999
2013-03-13,42.980000
2013-03-14,43.160000
2013-03-15,42.770000
2013-03-18,42.290001
2013-03-19,41.990002
2013-03-20,42.230000
2013-03-21,41.799999
2013-03-22,41.959999
2013-03-25,41.919998
2013-03-26,42.520000
2013-03-27,42.680000
2013-03-28,42.770000
2013-04-01,42.310001
2013-04-02,42.330002
2013-04-03,41.830002
2013-04-04,41.709999
2013-04-05,41.610001
2013-04-08,41.680000
2013-04-09,42.090000
2013-04-10,42.490002
2013-04-11,42.529999
2013-04-12,41.880001
2013-04-15,40.860001
2013-04-16,41.700001
2013-04-17,41.040001
2013-04-18,41.040001
2013-04-19,41.639999
2013-04-22,41.840000
2013-04-23,42.040001
2013-04-24,42.290001
2013-04-25,42.669998
2013-04-26,42.240002
2013-04-29,42.680000
2013-04-30,43.290001
2013-05-01,42.820000
2013-05-02,43.160000
2013-05-03,43.520000
2013-05-06,43.580002
2013-05-07,43.889999
2013-05-08,44.230000
2013-05-09,43.910000
2013-05-10,43.570000
2013-05-13,43.169998
2013-05-14,43.369999
2013-05-15,43.380001
2013-05-16,43.230000
2013-05-17,43.419998
2013-05-20,43.529999
2013-05-21,43.439999
2013-05-22,42.959999
2013-05-23,42.639999
2013-05-24,42.270000
2013-05-28,42.500000
2013-05-29,41.959999
2013-05-30,41.959999
2013-05-31,41.200001
2013-06-03,41.810001
2013-06-04,41.299999
2013-06-05,40.560001
2013-06-06,40.900002
2013-06-07,40.689999
2013-06-10,40.139999
2013-06-11,39.380001
2013-06-12,39.110001
2013-06-13,39.939999
2013-06-14,39.310001
2013-06-17,39.669998
2013-06-18,39.840000
2013-06-19,38.610001
2013-06-20,36.880001
2013-06-21,37.410000
2013-06-24,36.650002
2013-06-25,37.430000
2013-06-26,38.020000
2013-06-27,38.279999
2013-06-28,38.500000
2013-07-01,38.619999
2013-07-02,37.930000
2013-07-03,37.580002
2013-07-05,37.340000
2013-07-08,37.389999
2013-07-09,37.880001
2013-07-10,37.520000
2013-07-11,39.360001
2013-07-12,38.939999
2013-07-15,39.340000
2013-07-16,39.500000
2013-07-17,39.860001
2013-07-18,39.389999
2013-07-19,39.279999
2013-07-22,39.669998
2013-07-23,40.099998
2013-07-24,39.689999
2013-07-25,39.919998
2013-07-26,39.830002
2013-07-29,39.330002
2013-07-30,39.240002
2013-07-31,39.009998
2013-08-01,39.720001
2013-08-02,39.709999
2013-08-05,39.459999
2013-08-06,38.959999
2013-08-07,38.540001
2013-08-08,39.279999
2013-08-09,39.360001
2013-08-12,39.730000
2013-08-13,39.970001
2013-08-14,40.099998
2013-08-15,39.639999
2013-08-16,39.299999
2013-08-19,38.560001
2013-08-20,38.490002
2013-08-21,37.590000
2013-08-22,38.200001
2013-08-23,38.650002
2013-08-26,38.230000
2013-08-27,37.349998
2013-08-28,37.430000
2013-08-29,37.730000
2013-08-30,38.020000
2013-09-03,38.259998
2013-09-04,38.939999
2013-09-05,39.400002
2013-09-06,39.980000
2013-09-09,41.029999
2013-09-10,41.340000
2013-09-11,41.369999
2013-09-12,40.889999
2013-09-13,41.160000
2013-09-16,41.619999
2013-09-17,41.529999
2013-09-18,43.270000
2013-09-19,43.040001
2013-09-20,42.080002
2013-09-23,42.230000
2013-09-24,41.869999
2013-09-25,41.549999
2013-09-26,41.720001
2013-09-27,41.230000
2013-09-30,40.759998
2013-10-01,41.570000
2013-10-02,41.730000
2013-10-03,41.570000
2013-10-04,42.110001
2013-10-07,41.750000
2013-10-08,41.349998
2013-10-09,41.660000
2013-10-10,42.639999
2013-10-11,42.830002
2013-10-14,43.080002
2013-10-15,42.660000
2013-10-16,43.000000
2013-10-17,43.270000
2013-10-18,43.310001
2013-10-21,43.240002
2013-10-22,43.660000
2013-10-23,42.639999
2013-10-24,42.549999
2013-10-25,42.750000
2013-10-28,43.000000
2013-10-29,43.139999
2013-10-30,42.900002
2013-10-31,42.459999
2013-11-01,42.480000
2013-11-04,42.740002
2013-11-05,41.880001
2013-11-06,42.009998
2013-11-07,41.250000
2013-11-08,41.160000
2013-11-11,40.950001
2013-11-12,40.730000
2013-11-13,40.799999
2013-11-14,41.459999
2013-11-15,42.250000
2013-11-18,42.630001
2013-11-19,42.369999
2013-11-20,41.790001
2013-11-21,41.750000
2013-11-22,42.049999
2013-11-25,41.509998
2013-11-26,41.650002
2013-11-27,41.919998
2013-11-29,42.349998
2013-12-02,41.459999
2013-12-03,41.320000
2013-12-04,41.270000
2013-12-05,41.029999
2013-12-06,41.939999
2013-12-09,42.000000
2013-12-10,42.020000
2013-12-11,41.090000
2013-12-12,40.849998
2013-12-13,40.950001
2013-12-16,41.220001
2013-12-17,40.860001
2013-12-18,41.299999
2013-12-19,40.540001
2013-12-20,40.480000
2013-12-23,40.779999
2013-12-24,41.020000
2013-12-26,40.669998
2013-12-27,41.299999
2013-12-30,41.480000
2013-12-31,41.799999
2014-01-02,40.189999
2014-01-03,40.119999
2014-01-06,39.740002
2014-01-07,39.910000
2014-01-08,39.779999
2014-01-09,39.570000
2014-01-10,40.270000
2014-01-13,39.790001
2014-01-14,40.220001
2014-01-15,40.209999
2014-01-16,39.990002
2014-01-17,39.790001
2014-01-21,39.730000
2014-01-22,40.259998
2014-01-23,39.270000
2014-01-24,38.240002
2014-01-27,38.090000
2014-01-28,38.330002
2014-01-29,37.779999
2014-01-30,38.130001
2014-01-31,38.189999
2014-02-03,37.110001
2014-02-04,37.860001
2014-02-05,37.720001
2014-02-06,38.509998
2014-02-07,38.730000
2014-02-10,38.299999
2014-02-11,39.130001
2014-02-12,39.139999
2014-02-13,39.180000
2014-02-14,39.660000
2014-02-18,39.290001
2014-02-19,39.020000
2014-02-20,39.160000
2014-02-21,39.430000
2014-02-24,39.430000
2014-02-25,38.980000
2014-02-26,39.009998
2014-02-27,39.750000
2014-02-28,39.480000
2014-03-03,38.779999
2014-03-04,39.439999
2014-03-05,39.470001
2014-03-06,40.029999
2014-03-07,39.520000
2014-03-10,39.250000
2014-03-11,38.810001
2014-03-12,38.889999
2014-03-13,38.189999
2014-03-14,38.400002
2014-03-17,38.869999
2014-03-18,39.410000
2014-03-19,38.570000
2014-03-20,38.740002
2014-03-21,38.980000
2014-03-24,39.360001
2014-03-25,39.810001
2014-03-26,39.900002
2014-03-27,40.419998
2014-03-28,40.740002
2014-03-31,41.009998
2014-04-01,41.490002
2014-04-02,41.570000
2014-04-03,41.410000
2014-04-04,41.299999
2014-04-07,41.480000
2014-04-08,41.959999
2014-04-09,42.279999
2014-04-10,41.830002
2014-04-11,41.830002
2014-04-14,41.740002
2014-04-15,41.110001
2014-04-16,41.630001
2014-04-17,42.009998
2014-04-21,41.750000
2014-04-22,41.639999
2014-04-23,41.340000
2014-04-24,41.380001
2014-04-25,40.820000
2014-04-28,41.020000
2014-04-29,41.410000
2014-04-30,41.330002
2014-05-01,41.380001
2014-05-02,41.610001
2014-05-05,41.380001
2014-05-06,41.570000
2014-05-07,41.790001
2014-05-08,41.689999
2014-05-09,41.619999
2014-05-12,42.320000
2014-05-13,42.480000
2014-05-14,42.779999
2014-05-15,42.380001
2014-05-16,42.939999
2014-05-19,42.939999
2014-05-20,42.590000
2014-05-21,42.919998
2014-05-22,43.220001
2014-05-23,43.139999
2014-05-27,42.770000
2014-05-28,43.020000
2014-05-29,43.139999
2014-05-30,42.549999
2014-06-02,42.680000
2014-06-03,42.919998
2014-06-04,42.680000
2014-06-05,43.130001
2014-06-06,43.560001
2014-06-09,43.720001
2014-06-10,43.950001
2014-06-11,43.799999
2014-06-12,43.590000
2014-06-13,43.610001
2014-06-16,43.410000
2014-06-17,43.419998
2014-06-18,43.900002
2014-06-19,43.650002
2014-06-20,43.560001
2014-06-23,43.470001
2014-06-24,43.450001
2014-06-25,43.200001
2014-06-26,43.250000
2014-06-27,43.349998
2014-06-30,43.230000
2014-07-01,43.639999
2014-07-02,43.900002
2014-07-03,44.160000
2014-07-07,44.130001
2014-07-08,43.930000
2014-07-09,44.180000
2014-07-10,43.939999
2014-07-11,43.889999
2014-07-14,44.230000
2014-07-15,44.200001
2014-07-16,44.310001
2014-07-17,43.480000
2014-07-18,44.160000
2014-07-21,44.310001
2014-07-22,44.720001
2014-07-23,44.759998
2014-07-24,44.959999
2014-07-25,44.779999
2014-07-28,45.090000
2014-07-29,44.820000
2014-07-30,44.599998
2014-07-31,43.820000
2014-08-01,44.060001
2014-08-04,44.470001
2014-08-05,43.790001
2014-08-06,43.490002
2014-08-07,43.320000
2014-08-08,43.709999
2014-08-11,44.270000
2014-08-12,44.320000
2014-08-13,44.560001
2014-08-14,44.630001
2014-08-15,44.509998
2014-08-18,44.939999
2014-08-19,45.150002
2014-08-20,45.060001
2014-08-21,44.869999
2014-08-22,44.750000
2014-08-25,45.080002
2014-08-26,45.349998
2014-08-27,45.580002
2014-08-28,45.130001
2014-08-29,45.060001
2014-09-02,44.990002
2014-09-03,45.580002
2014-09-04,45.459999
2014-09-05,45.849998
2014-09-08,45.310001
2014-09-09,44.750000
2014-09-10,44.560001
2014-09-11,44.259998
2014-09-12,43.790001
2014-09-15,43.570000
2014-09-16,44.139999
2014-09-17,43.730000
2014-09-18,43.790001
2014-09-19,43.459999
2014-09-22,42.799999
2014-09-23,42.560001
2014-09-24,43.169998
2014-09-25,42.230000
2014-09-26,42.419998
2014-09-29,41.560001
2014-09-30,41.560001
2014-10-01,40.709999
2014-10-02,40.930000
2014-10-03,41.279999
2014-10-06,41.820000
2014-10-07,41.450001
2014-10-08,42.070000
2014-10-09,41.410000
2014-10-10,40.509998
2014-10-13,40.919998
2014-10-14,41.160000
2014-10-15,40.639999
2014-10-16,40.270000
2014-10-17,40.720001
2014-10-20,40.840000
2014-10-21,41.009998
2014-10-22,40.740002
2014-10-23,40.730000
2014-10-24,41.020000
2014-10-27,40.700001
2014-10-28,41.520000
2014-10-29,41.580002
2014-10-30,41.970001
2014-10-31,42.150002
2014-11-03,41.799999
2014-11-04,41.840000
2014-11-05,41.470001
2014-11-06,40.959999
2014-11-07,41.220001
2014-11-10,41.330002
2014-11-11,41.290001
2014-11-12,41.209999
2014-11-13,41.099998
2014-11-14,41.439999
2014-11-17,41.000000
2014-11-18,41.220001
2014-11-19,41.200001
2014-11-20,41.130001
2014-11-21,42.439999
2014-11-24,42.090000
2014-11-25,41.820000
2014-11-26,42.349998
2014-11-28,41.500000
2014-12-01,40.790001
2014-12-02,40.779999
2014-12-03,40.889999
2014-12-04,40.959999
2014-12-05,40.880001
2014-12-08,40.279999
2014-12-09,39.900002
2014-12-10,39.310001
2014-12-11,38.980000
2014-12-12,38.340000
2014-12-15,37.790001
2014-12-16,37.730000
2014-12-17,38.049999
2014-12-18,38.570000
2014-12-19,38.840000
2014-12-22,39.380001
2014-12-23,39.020000
2014-12-24,39.110001
2014-12-26,39.419998
2014-12-29,39.180000
2014-12-30,39.259998
2014-12-31,39.290001
2015-01-02,38.770000
2015-01-05,38.080002
2015-01-06,37.919998
2015-01-07,38.740002
2015-01-08,39.400002
2015-01-09,39.270000
2015-01-12,38.950001
2015-01-13,39.290001
2015-01-14,39.070000
2015-01-15,39.160000
2015-01-16,39.490002
2015-01-20,39.430000
2015-01-21,40.299999
2015-01-22,41.070000
2015-01-23,40.759998
2015-01-26,40.779999
2015-01-27,40.560001
2015-01-28,40.119999
2015-01-29,40.119999
2015-01-30,39.020000
2015-02-02,39.720001
2015-02-03,40.470001
2015-02-04,40.270000
2015-02-05,40.509998
2015-02-06,39.820000
2015-02-09,39.759998
2015-02-10,39.660000
2015-02-11,39.369999
2015-02-12,40.209999
2015-02-13,40.669998
2015-02-17,40.580002
2015-02-18,40.570000
2015-02-19,40.400002
2015-02-20,40.669998
2015-02-23,40.259998
2015-02-24,40.840000
2015-02-25,40.759998
2015-02-26,40.770000
2015-02-27,40.740002
2015-03-02,40.680000
2015-03-03,40.369999
2015-03-04,39.930000
2015-03-05,39.869999
2015-03-06,39.259998
2015-03-09,39.110001
2015-03-10,38.240002
2015-03-11,38.529999
2015-03-12,38.770000
2015-03-13,38.299999
2015-03-16,38.759998
2015-03-17,39.209999
2015-03-18,40.169998
2015-03-19,39.490002
2015-03-20,40.080002
2015-03-23,40.200001
2015-03-24,40.360001
2015-03-25,39.720001
2015-03-26,39.349998
2015-03-27,39.459999
2015-03-30,40.220001
2015-03-31,40.130001
2015-04-01,40.630001
2015-04-02,41.240002
2015-04-06,41.770000
2015-04-07,41.560001
2015-04-08,42.430000
2015-04-09,42.849998
2015-04-10,42.880001
2015-04-13,42.630001
2015-04-14,42.820000
2015-04-15,43.119999
2015-04-16,43.459999
2015-04-17,42.700001
2015-04-20,42.660000
2015-04-21,42.910000
2015-04-22,43.369999
2015-04-23,43.689999
2015-04-24,43.849998
2015-04-27,44.020000
2015-04-28,44.090000
2015-04-29,43.540001
2015-04-30,42.880001
2015-05-01,43.139999
2015-05-04,43.389999
2015-05-05,42.919998
2015-05-06,42.389999
2015-05-07,42.330002
2015-05-08,42.869999
2015-05-11,42.459999
2015-05-12,42.320000
2015-05-13,42.400002
2015-05-14,42.820000
2015-05-15,43.150002
2015-05-18,42.709999
2015-05-19,42.779999
2015-05-20,42.750000
2015-05-21,42.599998
2015-05-22,42.740002
2015-05-26,42.060001
2015-05-27,42.070000
2015-05-28,41.520000
2015-05-29,41.119999
2015-06-01,40.959999
2015-06-02,41.119999
2015-06-03,40.910000
2015-06-04,40.290001
2015-06-05,40.110001
2015-06-08,40.099998
2015-06-09,39.860001
2015-06-10,40.439999
2015-06-11,40.240002
2015-06-12,40.240002
2015-06-15,39.790001
2015-06-16,39.799999
2015-06-17,40.040001
2015-06-18,40.410000
2015-06-19,40.060001
2015-06-22,40.639999
2015-06-23,41.040001
2015-06-24,40.750000
2015-06-25,40.310001
2015-06-26,39.930000
2015-06-29,39.040001
2015-06-30,39.619999
2015-07-01,39.590000
2015-07-02,39.779999
2015-07-06,38.669998
2015-07-07,38.090000
2015-07-08,36.779999
2015-07-09,37.490002
2015-07-10,38.439999
2015-07-13,38.700001
2015-07-14,38.770000
2015-07-15,38.330002
2015-07-16,38.810001
2015-07-17,38.759998
2015-07-20,38.509998
2015-07-21,38.520000
2015-07-22,37.970001
2015-07-23,37.599998
2015-07-24,37.060001
2015-07-27,36.360001
2015-07-28,36.730000
2015-07-29,37.090000
2015-07-30,36.720001
2015-07-31,37.119999
2015-08-03,36.500000
2015-08-04,36.630001
2015-08-05,36.639999
2015-08-06,36.320000
2015-08-07,36.299999
2015-08-10,36.910000
2015-08-11,36.099998
2015-08-12,35.540001
2015-08-13,35.480000
2015-08-14,35.529999
2015-08-17,35.139999
2015-08-18,34.759998
2015-08-19,34.330002
2015-08-20,33.790001
2015-08-21,32.750000
2015-08-24,31.320000
2015-08-25,31.719999
2015-08-26,32.770000
2015-08-27,34.220001
2015-08-28,33.779999
2015-08-31,33.840000
2015-09-01,32.529999
2015-09-02,33.000000
2015-09-03,33.130001
2015-09-04,32.139999
2015-09-08,33.160000
2015-09-09,32.990002
2015-09-10,33.330002
2015-09-11,33.459999
2015-09-14,33.410000
2015-09-15,33.730000
2015-09-16,34.549999
2015-09-17,34.470001
2015-09-18,33.830002
2015-09-21,33.770000
2015-09-22,33.139999
2015-09-23,32.610001
2015-09-24,32.470001
2015-09-25,32.400002
2015-09-28,31.709999
2015-09-29,31.860001
2015-09-30,32.779999
2015-10-01,32.959999
2015-10-02,33.840000
2015-10-05,34.570000
2015-10-06,34.509998
2015-10-07,35.430000
2015-10-08,35.810001
2015-10-09,35.939999
2015-10-12,35.669998
2015-10-13,35.090000
2015-10-14,35.360001
2015-10-15,36.220001
2015-10-16,36.250000
2015-10-19,35.880001
2015-10-20,35.869999
2015-10-21,35.349998
2015-10-22,36.080002
2015-10-23,36.290001
2015-10-26,35.959999
2015-10-27,35.549999
2015-10-28,35.139999
2015-10-29,34.810001
2015-10-30,34.869999
2015-11-02,35.560001
2015-11-03,36.029999
2015-11-04,35.740002
2015-11-05,35.799999
2015-11-06,35.299999
2015-11-09,34.419998
2015-11-10,34.270000
2015-11-11,34.340000
2015-11-12,34.009998
2015-11-13,33.540001
2015-11-16,34.189999
2015-11-17,34.090000
2015-11-18,34.459999
2015-11-19,34.770000
2015-11-20,35.119999
2015-11-23,34.790001
2015-11-24,34.970001
2015-11-25,34.700001
2015-11-27,33.939999
2015-11-30,33.990002
2015-12-01,34.250000
2015-12-02,33.840000
2015-12-03,33.650002
2015-12-04,33.880001
2015-12-07,33.320000
2015-12-08,32.950001
2015-12-09,32.680000
2015-12-10,32.459999
2015-12-11,31.549999
2015-12-14,32.060001
2015-12-15,32.549999
2015-12-16,33.189999
2015-12-17,32.759998
2015-12-18,32.650002
2015-12-21,32.400002
2015-12-22,32.660000
2015-12-23,33.119999
2015-12-24,33.000000
2015-12-28,32.770000
2015-12-29,32.799999
2015-12-30,32.290001
2015-12-31,32.189999
2016-01-04,31.309999
2016-01-05,31.379999
2016-01-06,30.780001
2016-01-07,29.830000
2016-01-08,29.510000
2016-01-11,29.500000
2016-01-12,29.559999
2016-01-13,29.250000
2016-01-14,29.629999
2016-01-15,28.459999
2016-01-19,28.879999
2016-01-20,28.250000
2016-01-21,28.360001
2016-01-22,29.330000
2016-01-25,28.830000
2016-01-26,29.250000
2016-01-27,29.150000
2016-01-28,29.610001
2016-01-29,30.570000
2016-02-01,30.280001
2016-02-02,29.299999
2016-02-03,30.129999
2016-02-04,30.360001
2016-02-05,30.010000
2016-02-08,29.600000
2016-02-09,29.190001
2016-02-10,29.309999
2016-02-11,28.820000
2016-02-12,29.320000
2016-02-16,29.969999
2016-02-17,30.559999
2016-02-18,30.379999
2016-02-19,30.240000
2016-02-22,30.990000
2016-02-23,30.330000
2016-02-24,30.260000
2016-02-25,30.360001
2016-02-26,30.059999
2016-02-29,30.320000
2016-03-01,31.400000
2016-03-02,31.820000
2016-03-03,32.180000
2016-03-04,32.820000
2016-03-07,32.770000
2016-03-08,32.209999
2016-03-09,32.410000
2016-03-10,32.459999
2016-03-11,33.139999
2016-03-14,32.939999
2016-03-15,32.470001
2016-03-16,33.119999
2016-03-17,33.849998
2016-03-18,34.029999
2016-03-21,34.099998
2016-03-22,34.020000
2016-03-23,33.439999
2016-03-24,33.360001
2016-03-28,33.470001
2016-03-29,33.930000
2016-03-30,34.279999
2016-03-31,34.250000
2016-04-01,34.150002
2016-04-04,33.740002
2016-04-05,33.080002
2016-04-06,33.480000
2016-04-07,32.810001
2016-04-08,33.380001
2016-04-11,33.810001
2016-04-12,34.330002
2016-04-13,34.939999
2016-04-14,34.770000
2016-04-15,34.570000
2016-04-18,34.730000
2016-04-19,35.259998
2016-04-20,35.099998
2016-04-21,34.750000
2016-04-22,34.540001
2016-04-25,34.320000
2016-04-26,34.689999
2016-04-27,34.900002
2016-04-28,34.540001
2016-04-29,34.389999
2016-05-02,34.299999
2016-05-03,33.330002
2016-05-04,32.790001
2016-05-05,32.779999
2016-05-06,32.830002
2016-05-09,32.410000
2016-05-10,33.029999
2016-05-11,32.950001
2016-05-12,32.860001
2016-05-13,32.270000
2016-05-16,32.660000
2016-05-17,32.509998
2016-05-18,32.189999
2016-05-19,31.889999
2016-05-20,32.209999
2016-05-23,32.150002
2016-05-24,32.480000
2016-05-25,32.869999
2016-05-26,33.090000
2016-05-27,33.080002
2016-05-31,33.119999
2016-06-01,33.099998
2016-06-02,33.369999
2016-06-03,33.880001
2016-06-06,34.240002
2016-06-07,34.549999
2016-06-08,34.799999
2016-06-09,34.400002
2016-06-10,33.529999
2016-06-13,33.060001
2016-06-14,32.950001
2016-06-15,33.299999
2016-06-16,33.180000
2016-06-17,33.270000
2016-06-20,33.860001
2016-06-21,34.119999
2016-06-22,33.939999
2016-06-23,34.759998
2016-06-24,32.650002
2016-06-27,32.230000
2016-06-28,33.180000
2016-06-29,34.020000
2016-06-30,34.360001
2016-07-01,34.689999
2016-07-05,33.950001
2016-07-06,33.860001
2016-07-07,33.770000
2016-07-08,34.500000
2016-07-11,34.830002
2016-07-12,35.320000
2016-07-13,35.259998
2016-07-14,35.770000
2016-07-15,35.689999
2016-07-18,36.009998
2016-07-19,35.639999
2016-07-20,35.820000
2016-07-21,35.709999
2016-07-22,35.970001
2016-07-25,35.610001
2016-07-26,35.889999
2016-07-27,36.009998
2016-07-28,36.020000
2016-07-29,36.209999
2016-08-01,36.139999
2016-08-02,35.880001
2016-08-03,36.000000
2016-08-04,36.200001
2016-08-05,36.619999
2016-08-08,36.880001
2016-08-09,37.130001
2016-08-10,37.139999
2016-08-11,37.619999
2016-08-12,37.480000
2016-08-15,37.869999
2016-08-16,37.700001
2016-08-17,37.459999
2016-08-18,37.810001
2016-08-19,37.599998
2016-08-22,37.099998
2016-08-23,36.950001
2016-08-24,37.049999
2016-08-25,37.080002
2016-08-26,36.759998
2016-08-29,37.040001
2016-08-30,36.939999
2016-08-31,36.529999
2016-09-01,36.810001
2016-09-02,37.410000
2016-09-06,38.209999
2016-09-07,38.090000
2016-09-08,37.990002
2016-09-09,36.709999
2016-09-12,36.959999
2016-09-13,36.029999
2016-09-14,36.139999
2016-09-15,36.759998
2016-09-16,36.509998
2016-09-19,36.799999
2016-09-20,36.820000
2016-09-21,37.849998
2016-09-22,38.119999
2016-09-23,37.630001
2016-09-26,37.080002
2016-09-27,37.610001
2016-09-28,37.950001
2016-09-29,37.290001
2016-09-30,37.450001
2016-10-03,37.709999
2016-10-04,37.290001
2016-10-05,37.830002
2016-10-06,37.860001
2016-10-07,37.689999
2016-10-10,38.099998
2016-10-11,37.220001
2016-10-12,37.150002
2016-10-13,36.820000
2016-10-14,36.880001
2016-10-17,36.840000
2016-10-18,37.490002
2016-10-19,37.720001
2016-10-20,37.610001
2016-10-21,37.599998
2016-10-24,37.759998
2016-10-25,37.799999
2016-10-26,37.400002
2016-10-27,37.080002
2016-10-28,36.930000
2016-10-31,37.139999
2016-11-01,36.840000
2016-11-02,36.400002
2016-11-03,36.299999
2016-11-04,35.930000
2016-11-07,37.230000
2016-11-08,37.470001
2016-11-09,36.250000
2016-11-10,35.220001
2016-11-11,34.549999
2016-11-14,34.299999
2016-11-15,34.990002
2016-11-16,34.700001
2016-11-17,34.750000
2016-11-18,34.590000
2016-11-21,34.930000
2016-11-22,35.459999
2016-11-23,35.080002
2016-11-25,35.250000
2016-11-28,35.389999
2016-11-29,35.439999
2016-11-30,35.500000
2016-12-01,35.080002
2016-12-02,35.119999
2016-12-05,35.410000
2016-12-06,35.599998
2016-12-07,36.200001
2016-12-08,36.360001
2016-12-09,36.169998
2016-12-12,35.930000
2016-12-13,36.330002
2016-12-14,35.250000
2016-12-15,35.310001
2016-12-16,35.150002
2016-12-19,34.910000
2016-12-20,35.029999
2016-12-21,34.490002
2016-12-22,34.080002
2016-12-23,34.279999
2016-12-27,34.430000
2016-12-28,34.689999
2016-12-29,35.259998
2016-12-30,35.009998
2017-01-03,35.430000
2017-01-04,35.700001
2017-01-05,36.090000
2017-01-06,35.939999
2017-01-09,35.910000
2017-01-10,36.119999
2017-01-11,36.549999
2017-01-12,36.709999
2017-01-13,36.680000
2017-01-17,36.660000
2017-01-18,36.459999
2017-01-19,36.349998
2017-01-20,36.419998
2017-01-23,36.959999
2017-01-24,37.189999
2017-01-25,37.599998
2017-01-26,37.439999
2017-01-27,37.470001
2017-01-30,37.270000
2017-01-31,37.340000
2017-02-01,37.360001
2017-02-02,37.520000
2017-02-03,37.750000
2017-02-06,37.660000
2017-02-07,37.470001
2017-02-08,37.700001
2017-02-09,37.869999
2017-02-10,38.220001
2017-02-13,38.340000
2017-02-14,38.380001
2017-02-15,38.689999
2017-02-16,38.549999
2017-02-17,38.389999
2017-02-21,38.810001
2017-02-22,38.930000
2017-02-23,38.939999
2017-02-24,38.480000
2017-02-27,38.360001
2017-02-28,37.990002
2017-03-01,38.580002
2017-03-02,37.900002
2017-03-03,38.189999
2017-03-06,38.209999
2017-03-07,38.250000
2017-03-08,37.889999
2017-03-09,37.590000
2017-03-10,38.009998
2017-03-13,38.540001
2017-03-14,38.320000
2017-03-15,39.320000
2017-03-16,39.560001
2017-03-17,39.490002
2017-03-20,39.950001
2017-03-21,39.509998
2017-03-22,39.700001
2017-03-23,39.709999
2017-03-24,39.810001
2017-03-27,39.700001
2017-03-28,39.810001
2017-03-29,39.880001
2017-03-30,39.669998
2017-03-31,39.389999
2017-04-03,39.610001
2017-04-04,39.630001
2017-04-05,39.509998
2017-04-06,39.439999
2017-04-07,39.369999
2017-04-10,39.209999
2017-04-11,39.119999
2017-04-12,39.310001
2017-04-13,39.139999
2017-04-17,39.549999
2017-04-18,39.049999
2017-04-19,38.810001
2017-04-20,39.290001
2017-04-21,39.290001
2017-04-24,39.849998
2017-04-25,40.200001
2017-04-26,40.049999
2017-04-27,40.000000
2017-04-28,40.060001
2017-05-01,40.290001
2017-05-02,40.580002
2017-05-03,40.310001
2017-05-04,39.860001
2017-05-05,40.189999
2017-05-08,40.180000
2017-05-09,40.689999
2017-05-10,40.959999
2017-05-11,41.049999
2017-05-12,41.220001
2017-05-15,41.639999
2017-05-16,41.680000
2017-05-17,40.970001
2017-05-18,40.290001
2017-05-19,41.150002
2017-05-22,41.189999
2017-05-23,41.230000
2017-05-24,41.389999
2017-05-25,41.590000
2017-05-26,41.740002
2017-05-30,41.520000
2017-05-31,41.200001
2017-06-01,41.549999
2017-06-02,41.759998
2017-06-05,41.709999
2017-06-06,41.730000
2017-06-07,41.680000
2017-06-08,41.930000
2017-06-09,41.610001
2017-06-12,41.389999
2017-06-13,41.590000
2017-06-14,41.580002
2017-06-15,41.150002
2017-06-16,41.220001
2017-06-19,41.630001
2017-06-20,40.980000
2017-06-21,41.070000
2017-06-22,41.279999
2017-06-23,41.500000
2017-06-26,41.900002
2017-06-27,41.410000
2017-06-28,41.730000
2017-06-29,41.200001
2017-06-30,41.389999
2017-07-03,41.630001
2017-07-05,41.549999
2017-07-06,41.049999
2017-07-07,41.130001
2017-07-10,41.520000
2017-07-11,41.860001
2017-07-12,42.669998
2017-07-13,42.880001
2017-07-14,43.419998
2017-07-17,43.220001
2017-07-18,43.349998
2017-07-19,43.709999
2017-07-20,43.660000
2017-07-21,43.630001
2017-07-24,43.759998
2017-07-25,43.650002
2017-07-26,44.009998
2017-07-27,43.770000
2017-07-28,43.750000
2017-07-31,43.799999
2017-08-01,43.930000
2017-08-02,43.970001
2017-08-03,43.790001
2017-08-04,43.950001
2017-08-07,44.250000
2017-08-08,44.259998
2017-08-09,43.860001
2017-08-10,42.820000
2017-08-11,42.919998
2017-08-14,43.360001
2017-08-15,43.410000
2017-08-16,43.860001
2017-08-17,43.299999
2017-08-18,43.669998
2017-08-21,43.830002
2017-08-22,44.320000
2017-08-23,44.529999
2017-08-24,44.669998
2017-08-25,44.930000
2017-08-28,44.770000
2017-08-29,44.689999
2017-08-30,44.759998
2017-08-31,44.830002
2017-09-01,45.160000
2017-09-05,44.570000
2017-09-06,44.860001
2017-09-07,45.189999
2017-09-08,44.889999
2017-09-11,45.490002
2017-09-12,45.439999
2017-09-13,45.200001
2017-09-14,45.320000
2017-09-15,45.590000
2017-09-18,45.750000
2017-09-19,45.849998
2017-09-20,45.639999
2017-09-21,45.639999
2017-09-22,45.380001
2017-09-25,44.610001
2017-09-26,44.490002
2017-09-27,44.330002
2017-09-28,44.299999
2017-09-29,44.810001
2017-10-02,44.820000
2017-10-03,45.529999
2017-10-04,45.520000
2017-10-05,45.860001
2017-10-06,45.630001
2017-10-09,45.599998
2017-10-10,46.049999
2017-10-11,46.259998
2017-10-12,46.240002
2017-10-13,46.660000
2017-10-16,46.630001
2017-10-17,46.389999
2017-10-18,46.500000
2017-10-19,46.090000
2017-10-20,46.259998
2017-10-23,45.889999
2017-10-24,45.889999
2017-10-25,45.790001
2017-10-26,45.480000
2017-10-27,46.139999
2017-10-30,45.849998
2017-10-31,46.279999
2017-11-01,46.520000
2017-11-02,46.580002
2017-11-03,46.340000
2017-11-06,46.860001
2017-11-07,46.560001
2017-11-08,46.779999
2017-11-09,46.490002
2017-11-10,46.290001
2017-11-13,46.189999
2017-11-14,45.880001
2017-11-15,45.639999
2017-11-16,46.590000
2017-11-17,46.820000
2017-11-20,47.060001
2017-11-21,47.689999
2017-11-22,47.810001
2017-11-24,47.709999
2017-11-27,47.009998
2017-11-28,47.360001
2017-11-29,46.610001
2017-11-30,46.099998
2017-12-01,45.840000
2017-12-04,45.930000
2017-12-05,45.900002
2017-12-06,45.279999
2017-12-07,45.410000
2017-12-08,45.939999
2017-12-11,46.169998
2017-12-12,45.860001
2017-12-13,46.410000
2017-12-14,46.070000
2017-12-15,46.169998
2017-12-18,46.689999
2017-12-19,45.750000
2017-12-20,45.810001
2017-12-21,46.110001
2017-12-22,46.500000
2017-12-26,46.459999
2017-12-27,46.580002
2017-12-28,46.900002
2017-12-29,47.119999
2018-01-02,48.009998
2018-01-03,48.470001
2018-01-04,48.709999
2018-01-05,49.130001
2018-01-08,49.130001
2018-01-09,49.049999
2018-01-10,48.740002
2018-01-11,49.040001
2018-01-12,49.509998
2018-01-16,49.320000
2018-01-17,49.970001
2018-01-18,50.029999
2018-01-19,50.439999
2018-01-22,50.730000
2018-01-23,50.970001
2018-01-24,51.400002
2018-01-25,51.369999
2018-01-26,52.080002
2018-01-29,51.290001
2018-01-30,50.590000
2018-01-31,51.029999
2018-02-01,50.340000
2018-02-02,49.049999
2018-02-05,47.330002
2018-02-06,48.869999
2018-02-07,47.330002
2018-02-08,45.689999
2018-02-09,46.419998
2018-02-12,47.150002
2018-02-13,47.509998
2018-02-14,48.700001
2018-02-15,49.700001
2018-02-16,49.540001
2018-02-20,48.860001
2018-02-21,48.820000
2018-02-22,48.849998
2018-02-23,49.720001
2018-02-26,50.180000
2018-02-27,48.720001
2018-02-28,48.020000
2018-03-01,47.930000
2018-03-02,48.130001
2018-03-05,48.200001
2018-03-06,48.650002
2018-03-07,48.700001
2018-03-08,48.709999
2018-03-09,49.750000
2018-03-12,49.869999
2018-03-13,49.419998
2018-03-14,49.500000
2018-03-15,49.320000
2018-03-16,49.209999
2018-03-19,48.680000
2018-03-20,49.220001
2018-03-21,49.509998
2018-03-22,47.860001
2018-03-23,46.889999
2018-03-26,48.410000
2018-03-27,47.529999
2018-03-28,47.290001
2018-03-29,48.279999
2018-04-02,47.410000
2018-04-03,47.880001
2018-04-04,47.900002
2018-04-05,48.020000
2018-04-06,47.080002
2018-04-09,47.130001
2018-04-10,48.049999
2018-04-11,48.070000
2018-04-12,48.049999
2018-04-13,47.570000
2018-04-16,47.630001
2018-04-17,47.730000
2018-04-18,48.139999
2018-04-19,47.860001
2018-04-20,47.259998
2018-04-23,46.880001
2018-04-24,46.660000
2018-04-25,46.299999
2018-04-26,46.970001
2018-04-27,47.259998
2018-04-30,46.919998
2018-05-01,46.689999
2018-05-02,46.320000
2018-05-03,46.220001
2018-05-04,46.430000
2018-05-07,46.160000
2018-05-08,46.419998
2018-05-09,46.509998
2018-05-10,47.480000
2018-05-11,47.400002
2018-05-14,47.459999
2018-05-15,46.480000
2018-05-16,47.180000
2018-05-17,46.459999
2018-05-18,46.070000
2018-05-21,46.349998
2018-05-22,46.509998
2018-05-23,46.490002
2018-05-24,46.240002
2018-05-25,46.430000
2018-05-29,45.349998
2018-05-30,45.709999
2018-05-31,45.689999
2018-06-01,46.330002
2018-06-04,46.799999
2018-06-05,46.439999
2018-06-06,47.139999
2018-06-07,46.419998
2018-06-08,46.330002
2018-06-11,46.330002
2018-06-12,46.209999
2018-06-13,45.900002
2018-06-14,45.590000
2018-06-15,45.230000
2018-06-18,44.680000
2018-06-19,43.900002
2018-06-20,44.090000
2018-06-21,43.470001
2018-06-22,43.919998
2018-06-25,43.330002
2018-06-26,43.160000
2018-06-27,42.330002
2018-06-28,42.689999
2018-06-29,43.330002
2018-07-02,42.900002
2018-07-03,42.930000
2018-07-05,42.820000
2018-07-06,43.410000
2018-07-09,44.189999
2018-07-10,44.090000
2018-07-11,43.230000
2018-07-12,43.820000
2018-07-13,43.849998
2018-07-16,43.610001
2018-07-17,43.930000
2018-07-18,43.880001
2018-07-19,43.340000
2018-07-20,43.959999
2018-07-23,43.669998
2018-07-24,44.310001
2018-07-25,45.029999
2018-07-26,44.529999
2018-07-27,44.689999
2018-07-30,44.619999
2018-07-31,44.860001
2018-08-01,44.459999
2018-08-02,43.869999
2018-08-03,44.209999
2018-08-06,43.869999
2018-08-07,44.320000
2018-08-08,44.259998
2018-08-09,44.130001
2018-08-10,43.189999
2018-08-13,42.480000
2018-08-14,42.740002
2018-08-15,41.509998
2018-08-16,41.770000
2018-08-17,42.209999
2018-08-20,42.400002
2018-08-21,42.939999
2018-08-22,43.279999
2018-08-23,42.580002
2018-08-24,43.369999
2018-08-27,43.990002
2018-08-28,43.830002
2018-08-29,44.099998
2018-08-30,42.950001
2018-08-31,43.169998
2018-09-04,42.330002
2018-09-05,41.720001
2018-09-06,41.759998
2018-09-07,41.549999
2018-09-10,41.139999
2018-09-11,41.230000
2018-09-12,41.439999
2018-09-13,42.000000
2018-09-14,41.959999
2018-09-17,41.580002
2018-09-18,41.980000
2018-09-19,42.560001
2018-09-20,43.029999
2018-09-21,43.230000
2018-09-24,42.740002
2018-09-25,42.910000
2018-09-26,43.000000
2018-09-27,43.209999
2018-09-28,42.919998
2018-10-01,42.930000
2018-10-02,42.389999
2018-10-03,42.040001
2018-10-04,40.990002
2018-10-05,40.840000
2018-10-08,40.900002
2018-10-09,40.750000
2018-10-10,39.540001
2018-10-11,39.139999
2018-10-12,40.290001
2018-10-15,39.860001
2018-10-16,40.860001
2018-10-17,40.360001
2018-10-18,39.299999
2018-10-19,39.669998
2018-10-22,40.099998
2018-10-23,39.660000
2018-10-24,38.380001
2018-10-25,39.119999
2018-10-26,38.669998
2018-10-29,38.000000
2018-10-30,38.740002
2018-10-31,39.160000
2018-11-01,40.560001
2018-11-02,40.820000
2018-11-05,40.930000
2018-11-06,40.860001
2018-11-07,41.630001
2018-11-08,40.549999
2018-11-09,39.799999
2018-11-12,39.240002
2018-11-13,39.689999
2018-11-14,39.930000
2018-11-15,40.820000
2018-11-16,40.900002
2018-11-19,40.349998
2018-11-20,39.480000
2018-11-21,40.209999
2018-11-23,39.740002
2018-11-26,40.230000
2018-11-27,40.509998
2018-11-28,41.480000
2018-11-29,41.119999
2018-11-30,41.080002
2018-12-03,41.910000
2018-12-04,41.020000
2018-12-06,40.639999
2018-12-07,39.880001
2018-12-10,39.459999
2018-12-11,39.759998
2018-12-12,40.410000
2018-12-13,40.400002
2018-12-14,39.830002
2018-12-17,39.459999
2018-12-18,39.139999
2018-12-19,38.490002
2018-12-20,38.790001
2018-12-21,38.520000
2018-12-24,38.160000
2018-12-26,38.919998
2018-12-27,38.869999
2018-12-28,39.240002
2018-12-31,39.060001
2019-01-02,39.160000
2019-01-03,38.450001
2019-01-04,39.689999
2019-01-07,39.779999
2019-01-08,39.930000
2019-01-09,40.639999
2019-01-10,40.930000
2019-01-11,40.730000
2019-01-14,40.389999
2019-01-15,40.669998
2019-01-16,41.169998
2019-01-17,41.349998
2019-01-18,41.549999
2019-01-22,40.830002
2019-01-23,41.250000
2019-01-24,41.650002
2019-01-25,42.200001
2019-01-28,41.759998
2019-01-29,41.830002
2019-01-30,42.740002
2019-01-31,43.099998
2019-02-01,42.759998
2019-02-04,42.830002
2019-02-05,43.419998
2019-02-06,42.830002
2019-02-07,42.400002
2019-02-08,42.160000
2019-02-11,42.020000
2019-02-12,42.369999
2019-02-13,42.070000
2019-02-14,42.150002
2019-02-15,42.090000
2019-02-19,42.419998
2019-02-20,42.660000
2019-02-21,42.570000
2019-02-22,43.040001
2019-02-25,43.520000
2019-02-26,43.369999
2019-02-27,43.000000
2019-02-28,42.439999
2019-03-01,42.490002
2019-03-04,42.549999
2019-03-05,42.970001
2019-03-06,42.730000
2019-03-07,41.939999
2019-03-08,41.639999
2019-03-11,42.419998
2019-03-12,42.639999
2019-03-13,42.689999
2019-03-14,42.459999
2019-03-15,43.080002
2019-03-18,43.560001
2019-03-19,43.580002
2019-03-20,43.650002
2019-03-21,43.709999
2019-03-22,42.430000
2019-03-25,42.529999
2019-03-26,42.660000
2019-03-27,42.200001
2019-03-28,42.480000
2019-03-29,42.919998
2019-04-01,43.630001
2019-04-02,43.490002
2019-04-03,43.790001
2019-04-04,44.060001
2019-04-05,44.400002
2019-04-08,44.400002
2019-04-09,44.310001
2019-04-10,44.520000
2019-04-11,44.040001
2019-04-12,44.360001
2019-04-15,44.130001
2019-04-16,44.459999
2019-04-17,44.590000
2019-04-18,44.560001
2019-04-22,44.270000
2019-04-23,44.369999
2019-04-24,43.770000
2019-04-25,43.709999
2019-04-26,43.880001
2019-04-29,43.970001
2019-04-30,43.930000
2019-05-01,43.599998
2019-05-02,43.700001
2019-05-03,44.220001
2019-05-06,43.310001
2019-05-07,42.459999
2019-05-08,42.400002
2019-05-09,41.730000
2019-05-10,41.980000
2019-05-13,40.580002
2019-05-14,41.150002
2019-05-15,41.230000
2019-05-16,41.029999
2019-05-17,40.290001
2019-05-20,40.119999
2019-05-21,40.630001
2019-05-22,40.430000
2019-05-23,39.910000
2019-05-24,39.950001
2019-05-28,40.090000
2019-05-29,40.349998
2019-05-30,40.570000
2019-05-31,40.709999
2019-06-03,41.080002
2019-06-04,41.169998
2019-06-05,40.840000
2019-06-06,40.860001
2019-06-07,41.180000
2019-06-10,41.610001
2019-06-11,42.080002
2019-06-12,41.630001
2019-06-13,41.560001
2019-06-14,41.099998
2019-06-17,40.950001
2019-06-18,41.939999
2019-06-19,42.290001
2019-06-20,42.910000
2019-06-21,42.770000
2019-06-24,42.709999
2019-06-25,42.270000
2019-06-26,42.669998
2019-06-27,42.970001
2019-06-28,42.910000
2019-07-01,43.419998
2019-07-02,43.310001
2019-07-03,43.230000
2019-07-05,42.930000
2019-07-08,42.669998
2019-07-09,42.540001
2019-07-10,42.900002
2019-07-11,42.820000
2019-07-12,42.849998
2019-07-15,43.009998
2019-07-16,42.950001
2019-07-17,42.820000
2019-07-18,43.080002
2019-07-19,42.860001
2019-07-22,42.869999
2019-07-23,42.919998
2019-07-24,42.990002
2019-07-25,42.610001
2019-07-26,42.700001
2019-07-29,42.619999
2019-07-30,42.290001
2019-07-31,41.770000
2019-08-01,40.950001
2019-08-02,40.549999
2019-08-05,39.049999
2019-08-06,39.610001
2019-08-07,39.790001
2019-08-08,40.279999
2019-08-09,39.869999
2019-08-12,39.389999
2019-08-13,39.889999
2019-08-14,38.740002
2019-08-15,39.000000
2019-08-16,39.540001
2019-08-19,39.700001
2019-08-20,39.779999
2019-08-21,40.160000
2019-08-22,39.639999
2019-08-23,39.049999
2019-08-26,39.259998
2019-08-27,39.330002
2019-08-28,39.439999
2019-08-29,39.880001
2019-08-30,40.189999
2019-09-03,39.939999
2019-09-04,40.610001
2019-09-05,41.070000
2019-09-06,41.250000
2019-09-09,41.380001
2019-09-10,41.410000
2019-09-11,41.700001
2019-09-12,42.000000
2019-09-13,42.240002
2019-09-16,41.910000
2019-09-17,41.910000
2019-09-18,41.740002
2019-09-19,41.570000
2019-09-20,41.610001
2019-09-23,41.650002
2019-09-24,41.209999
2019-09-25,41.180000
2019-09-26,41.169998
2019-09-27,40.639999
2019-09-30,40.869999
2019-10-01,40.580002
2019-10-02,40.270000
2019-10-03,40.790001
2019-10-04,40.970001
2019-10-07,40.630001
2019-10-08,40.340000
2019-10-09,40.650002
2019-10-10,41.070000
2019-10-11,41.730000
2019-10-14,41.549999
2019-10-15,41.919998
2019-10-16,42.040001
2019-10-17,42.200001
2019-10-18,41.980000
2019-10-21,42.360001
2019-10-22,42.389999
2019-10-23,42.400002
2019-10-24,42.400002
2019-10-25,42.700001
2019-10-28,42.950001
2019-10-29,42.730000
2019-10-30,42.919998
2019-10-31,42.580002
2019-11-01,43.220001
2019-11-04,43.650002
2019-11-05,43.900002
2019-11-06,43.759998
2019-11-07,44.080002
2019-11-08,43.680000
2019-11-11,43.369999
2019-11-12,43.090000
2019-11-13,42.759998
2019-11-14,42.790001
2019-11-15,43.130001
2019-11-18,43.060001
2019-11-19,43.150002
2019-11-20,42.959999
2019-11-21,42.869999
2019-11-22,42.869999
2019-11-25,43.299999
2019-11-26,43.169998
2019-11-27,43.220001
2019-11-29,42.540001
2019-12-02,42.529999
2019-12-03,42.310001
2019-12-04,42.630001
2019-12-05,42.820000
2019-12-06,43.070000
2019-12-09,42.900002
2019-12-10,43.049999
2019-12-11,43.680000
2019-12-12,44.439999
2019-12-13,44.419998
2019-12-16,43.860001
2019-12-17,44.259998
2019-12-18,44.500000
2019-12-19,44.520000
2019-12-20,44.610001
2019-12-23,44.669998
2019-12-24,44.570000
2019-12-26,44.889999
2019-12-27,45.070000
2019-12-30,44.770000
2019-12-31,44.869999
2020-01-02,45.779999
2020-01-03,44.930000
2020-01-06,44.820000
2020-01-07,44.790001
2020-01-08,45.049999
2020-01-09,45.349998
2020-01-10,45.590000
2020-01-13,46.299999
2020-01-14,46.040001
2020-01-15,45.680000
2020-01-16,45.970001
2020-01-17,46.230000
2020-01-21,45.060001
2020-01-22,45.430000
2020-01-23,44.959999
2020-01-24,44.599998
2020-01-27,43.060001
2020-01-28,43.419998
2020-01-29,43.630001
2020-01-30,42.980000
2020-01-31,42.110001
2020-02-03,42.580002
2020-02-04,43.680000
2020-02-05,43.930000
2020-02-06,43.970001
2020-02-07,43.360001
2020-02-10,43.599998
2020-02-11,44.169998
2020-02-12,44.770000
2020-02-13,44.180000
2020-02-14,44.200001
2020-02-18,43.910000
2020-02-19,44.230000
2020-02-20,43.540001
2020-02-21,43.290001
2020-02-24,41.669998
2020-02-25,41.340000
2020-02-26,41.669998
2020-02-27,40.669998
2020-02-28,40.520000
2020-03-02,41.400002
2020-03-03,41.119999
2020-03-04,41.849998
2020-03-05,40.970001
2020-03-06,40.130001
2020-03-09,37.389999
2020-03-10,39.290001
2020-03-11,37.459999
2020-03-12,33.709999
2020-03-13,36.139999
2020-03-16,31.629999
2020-03-17,33.810001
2020-03-18,30.889999
2020-03-19,31.129999
2020-03-20,31.360001
2020-03-23,30.610001
2020-03-24,32.910000
2020-03-25,34.070000
2020-03-26,35.360001
2020-03-27,33.349998
2020-03-30,33.900002
2020-03-31,34.130001
2020-04-01,32.669998
2020-04-02,33.770000
2020-04-03,33.130001
2020-04-06,34.939999
2020-04-07,35.119999
2020-04-08,35.480000
2020-04-09,35.349998
2020-04-13,35.400002
2020-04-14,36.209999
2020-04-15,35.279999
2020-04-16,35.470001
2020-04-17,36.259998
2020-04-20,35.799999
2020-04-21,34.810001
2020-04-22,35.759998
2020-04-23,35.630001
2020-04-24,35.580002
2020-04-27,36.299999
2020-04-28,36.369999
2020-04-29,37.430000
2020-04-30,36.639999
2020-05-01,35.320000
2020-05-04,35.700001
2020-05-05,35.900002
2020-05-06,35.790001
2020-05-07,36.080002
2020-05-08,36.840000
2020-05-11,36.599998
2020-05-12,36.459999
2020-05-13,36.389999
2020-05-14,36.529999
2020-05-15,36.029999
2020-05-18,37.439999
2020-05-19,37.139999
2020-05-20,37.630001
2020-05-21,37.200001
2020-05-22,36.430000
2020-05-26,37.230000
2020-05-27,37.349998
2020-05-28,37.090000
2020-05-29,37.730000
2020-06-01,38.599998
2020-06-02,39.520000
2020-06-03,40.439999
2020-06-04,39.869999
2020-06-05,40.919998
2020-06-08,41.169998
2020-06-09,40.889999
2020-06-10,41.189999
2020-06-11,39.040001
2020-06-12,39.869999
2020-06-15,39.279999
2020-06-16,39.529999
2020-06-17,39.910000
2020-06-18,39.930000
2020-06-19,39.919998
2020-06-22,40.410000
2020-06-23,40.799999
2020-06-24,40.259998
2020-06-25,40.430000
2020-06-26,39.939999
2020-06-29,40.119999
2020-06-30,39.990002
2020-07-01,40.439999
2020-07-02,41.360001
2020-07-06,43.139999
2020-07-07,42.419998
2020-07-08,43.520000
2020-07-09,43.520000
2020-07-10,43.240002
2020-07-13,42.950001
2020-07-14,43.009998
2020-07-15,43.139999
2020-07-16,42.529999
2020-07-17,42.770000
2020-07-20,43.320000
2020-07-21,43.720001
2020-07-22,43.529999
2020-07-23,43.180000
2020-07-24,43.139999
2020-07-27,43.810001
2020-07-28,43.450001
2020-07-29,44.150002
2020-07-30,43.590000
2020-07-31,43.290001
2020-08-03,43.590000
2020-08-04,44.169998
2020-08-05,44.650002
2020-08-06,44.790001
2020-08-07,43.869999
2020-08-10,43.980000
2020-08-11,43.860001
2020-08-12,44.450001
2020-08-13,44.320000
2020-08-14,44.240002
2020-08-17,44.799999
2020-08-18,44.750000
2020-08-19,44.200001
2020-08-20,44.060001
2020-08-21,44.279999
2020-08-24,44.770000
2020-08-25,45.220001
2020-08-26,45.340000
2020-08-27,44.959999
2020-08-28,45.549999
2020-08-31,44.540001
2020-09-01,45.299999
2020-09-02,45.180000
2020-09-03,44.320000
2020-09-04,44.340000
2020-09-08,43.570000
2020-09-09,44.220001
2020-09-10,43.509998
2020-09-11,43.930000
2020-09-14,44.639999
2020-09-15,45.110001
2020-09-16,45.049999
2020-09-17,44.869999
2020-09-18,44.520000
2020-09-21,44.110001
2020-09-22,43.779999
2020-09-23,43.099998
2020-09-24,42.900002
2020-09-25,42.939999
2020-09-28,43.419998
2020-09-29,43.389999
2020-09-30,44.090000
2020-10-01,44.500000
2020-10-02,43.990002
2020-10-05,44.580002
2020-10-06,44.660000
2020-10-07,45.150002
2020-10-08,45.520000
2020-10-09,45.830002
2020-10-12,46.230000
2020-10-13,46.040001
2020-10-14,45.730000
2020-10-15,45.400002
2020-10-16,45.560001
2020-10-19,45.430000
2020-10-20,45.930000
2020-10-21,46.060001
2020-10-22,46.049999
2020-10-23,46.320000
2020-10-26,45.720001
2020-10-27,45.919998
2020-10-28,44.770000
2020-10-29,45.220001
2020-10-30,44.709999
2020-11-02,45.279999
2020-11-03,45.480000
2020-11-04,46.910000
2020-11-05,47.709999
2020-11-06,47.930000
2020-11-09,48.259998
2020-11-10,47.709999
2020-11-11,48.020000
2020-11-12,47.660000
2020-11-13,48.330002
2020-11-16,48.930000
2020-11-17,48.880001
2020-11-18,48.709999
2020-11-19,48.790001
2020-11-20,49.060001
2020-11-23,49.189999
2020-11-24,49.849998
2020-11-25,49.570000
2020-11-27,50.040001
2020-11-30,48.730000
2020-12-01,49.689999
2020-12-02,49.759998
2020-12-03,50.330002
2020-12-04,50.849998
2020-12-07,50.849998
2020-12-08,50.869999
2020-12-09,50.430000
2020-12-10,51.080002
2020-12-11,50.720001
2020-12-14,49.939999
2020-12-15,50.480000
2020-12-16,50.720001
2020-12-17,51.049999
2020-12-18,50.990002
2020-12-21,50.240002
2020-12-22,49.840000
2020-12-23,50.349998
2020-12-24,50.130001
2020-12-28,50.270000
2020-12-29,51.020000
2020-12-30,51.700001
2020-12-31,51.669998
2021-01-04,52.000000
2021-01-05,53.250000
2021-01-06,52.799999
2021-01-07,53.299999
2021-01-08,54.709999
2021-01-11,53.970001
2021-01-12,54.500000
2021-01-13,54.619999
2021-01-14,55.130001
2021-01-15,54.349998
2021-01-19,55.250000
2021-01-20,56.220001
2021-01-21,56.320000
2021-01-22,55.830002
2021-01-25,56.250000
2021-01-26,55.840000
2021-01-27,54.290001
2021-01-28,54.669998
2021-01-29,53.310001
2021-02-01,54.750000
2021-02-02,55.459999
2021-02-03,55.740002
2021-02-04,55.759998
2021-02-05,56.240002
2021-02-08,56.340000
2021-02-09,56.939999
2021-02-10,57.139999
2021-02-11,57.750000
2021-02-12,57.799999
2021-02-16,57.939999
2021-02-17,57.959999
2021-02-18,57.160000
2021-02-19,57.529999
2021-02-22,55.840000
2021-02-23,56.090000
2021-02-24,55.730000
2021-02-25,54.459999
2021-02-26,53.730000
2021-03-01,55.169998
2021-03-02,54.630001
2021-03-03,54.520000
2021-03-04,53.250000
2021-03-05,53.830002
2021-03-08,52.380001
2021-03-09,53.529999
2021-03-10,53.290001
2021-03-11,54.970001
2021-03-12,53.990002
2021-03-15,54.119999
2021-03-16,54.349998
2021-03-17,54.419998
2021-03-18,53.419998
2021-03-19,54.080002
2021-03-22,53.919998
2021-03-23,52.889999
2021-03-24,51.680000
2021-03-25,51.919998
2021-03-26,53.270000
2021-03-29,52.900002
2021-03-30,53.070000
2021-03-31,53.340000
2021-04-01,53.860001
2021-04-05,54.070000
2021-04-06,54.369999
2021-04-07,53.570000
2021-04-08,54.009998
2021-04-09,53.549999
2021-04-12,53.230000
2021-04-13,53.450001
2021-04-14,53.720001
2021-04-15,54.209999
2021-04-16,54.349998
2021-04-19,54.150002
2021-04-20,53.709999
2021-04-21,54.040001
2021-04-22,53.849998
2021-04-23,54.630001
2021-04-26,54.700001
2021-04-27,54.669998
2021-04-28,55.080002
2021-04-29,54.950001
2021-04-30,53.980000
2021-05-03,53.980000
2021-05-04,53.369999
2021-05-05,53.619999
2021-05-06,54.130001
2021-05-07,54.689999
2021-05-10,53.709999
2021-05-11,53.560001
2021-05-12,52.080002
2021-05-13,52.009998
2021-05-14,52.950001
2021-05-17,52.900002
2021-05-18,53.610001
2021-05-19,53.450001
2021-05-20,53.759998
2021-05-21,53.139999
2021-05-24,53.580002
2021-05-25,54.110001
2021-05-26,54.509998
2021-05-27,54.520000
2021-05-28,54.869999
2021-06-01,56.000000
2021-06-02,56.090000
2021-06-03,55.490002
2021-06-04,55.990002
2021-06-07,55.709999
2021-06-08,55.439999
2021-06-09,55.279999
2021-06-10,55.480000
2021-06-11,55.290001
2021-06-14,55.439999
2021-06-15,55.060001
2021-06-16,54.310001
2021-06-17,54.610001
2021-06-18,54.230000
2021-06-21,54.459999
2021-06-22,54.209999
2021-06-23,54.540001
2021-06-24,55.040001
2021-06-25,55.500000
2021-06-28,55.549999
2021-06-29,55.509998
2021-06-30,55.150002
2021-07-01,54.840000
2021-07-02,54.779999
2021-07-06,53.820000
2021-07-07,53.759998
2021-07-08,52.639999
2021-07-09,53.549999
2021-07-12,53.599998
2021-07-13,53.650002
2021-07-14,53.880001
2021-07-15,54.009998
2021-07-16,53.590000
2021-07-19,52.689999
2021-07-20,52.860001
2021-07-21,53.200001
2021-07-22,53.299999
2021-07-23,52.509998
2021-07-26,51.509998
2021-07-27,50.470001
2021-07-28,51.840000
2021-07-29,52.099998
2021-07-30,51.599998
2021-08-02,51.970001
2021-08-03,52.189999
2021-08-04,52.459999
2021-08-05,52.380001
2021-08-06,51.939999
2021-08-09,52.110001
2021-08-10,52.180000
2021-08-11,52.320000
2021-08-12,51.860001
2021-08-13,51.730000
2021-08-16,51.259998
2021-08-17,50.320000
2021-08-18,50.400002
2021-08-19,49.540001
2021-08-20,49.500000
2021-08-23,50.250000
2021-08-24,51.389999
2021-08-25,51.450001
2021-08-26,50.959999
2021-08-27,51.590000
2021-08-30,51.700001
2021-08-31,52.410000
2021-09-01,53.080002
2021-09-02,52.840000
2021-09-03,53.119999
2021-09-07,53.430000
2021-09-08,52.650002
2021-09-09,52.549999
2021-09-10,52.490002
2021-09-13,52.630001
2021-09-14,52.189999
2021-09-15,52.180000
2021-09-16,51.590000
2021-09-17,51.369999
2021-09-20,49.990002
2021-09-21,50.360001
2021-09-22,50.990002
2021-09-23,51.389999
2021-09-24,50.779999
2021-09-27,51.110001
2021-09-28,50.450001
2021-09-29,49.980000
2021-09-30,50.380001
2021-10-01,50.330002
2021-10-04,49.590000
2021-10-05,49.939999
2021-10-06,49.660000
2021-10-07,50.630001
2021-10-08,50.820000
2021-10-11,50.720001
2021-10-12,50.459999
2021-10-13,51.160000
2021-10-14,51.320000
2021-10-15,51.939999
2021-10-18,51.810001
2021-10-19,52.500000
2021-10-20,52.490002
2021-10-21,52.150002
2021-10-22,52.040001
2021-10-25,52.310001
2021-10-26,52.040001
2021-10-27,51.619999
2021-10-28,51.669998
2021-10-29,50.919998
2021-11-01,51.320000
2021-11-02,50.860001
2021-11-03,51.099998
2021-11-04,50.980000
2021-11-05,50.919998
2021-11-08,51.389999
2021-11-09,51.189999
2021-11-10,50.980000
2021-11-11,51.860001
2021-11-12,52.000000
2021-11-15,51.830002
2021-11-16,51.900002
2021-11-17,51.630001
2021-11-18,51.000000
2021-11-19,50.919998
2021-11-22,50.509998
2021-11-23,50.459999
2021-11-24,50.389999
2021-11-26,48.700001
2021-11-29,48.889999
2021-11-30,48.840000
2021-12-01,49.020000
2021-12-02,49.619999
2021-12-03,48.919998
2021-12-06,49.299999
2021-12-07,50.080002
2021-12-08,50.279999
2021-12-09,50.040001
2021-12-10,50.080002
2021-12-13,48.590000
2021-12-14,48.480000
2021-12-15,48.340000
2021-12-16,48.400002
2021-12-17,48.160000
2021-12-20,47.439999
2021-12-21,48.240002
2021-12-22,48.470001
2021-12-23,48.720001
2021-12-27,48.939999
2021-12-28,48.779999
2021-12-29,48.560001
2021-12-30,49.090000
2021-12-31,48.849998
2022-01-03,49.200001
2022-01-04,49.029999
2022-01-05,48.230000
2022-01-06,48.450001
2022-01-07,48.889999
2022-01-10,48.889999
2022-01-11,50.020000
2022-01-12,50.849998
2022-01-13,50.130001
2022-01-14,50.110001
2022-01-18,49.220001
2022-01-19,49.430000
2022-01-20,49.720001
2022-01-21,49.000000
2022-01-24,48.310001
2022-01-25,48.220001
2022-01-26,47.610001
2022-01-27,47.060001
2022-01-28,47.290001
2022-01-31,48.840000
2022-02-01,49.139999
2022-02-02,49.060001
2022-02-03,48.540001
2022-02-04,48.660000
2022-02-07,48.560001
2022-02-08,49.029999
2022-02-09,49.799999
2022-02-10,49.470001
2022-02-11,48.720001
2022-02-14,48.380001
2022-02-15,49.430000
2022-02-16,49.790001
2022-02-17,49.209999
2022-02-18,48.720001
2022-02-22,48.029999
2022-02-23,47.470001
2022-02-24,46.490002
2022-02-25,47.349998
2022-02-28,46.730000
2022-03-01,46.110001
2022-03-02,46.189999
2022-03-03,45.540001
2022-03-04,44.619999
2022-03-07,42.950001
2022-03-08,43.090000
2022-03-09,44.310001
2022-03-10,43.480000
2022-03-11,42.570000
2022-03-14,41.540001
2022-03-15,41.599998
2022-03-16,44.950001
2022-03-17,44.720001
2022-03-18,45.360001
2022-03-21,44.660000
2022-03-22,45.470001
2022-03-23,45.169998
2022-03-24,45.410000
2022-03-25,45.049999
2022-03-28,45.200001
2022-03-29,45.970001
2022-03-30,45.840000
2022-03-31,45.150002
2022-04-01,45.900002
2022-04-04,46.709999
2022-04-05,45.849998
2022-04-06,45.250000
2022-04-07,44.889999
2022-04-08,44.930000
2022-04-11,44.369999
2022-04-12,44.230000
2022-04-13,44.810001
2022-04-14,44.230000
2022-04-18,44.080002
2022-04-19,43.860001
2022-04-20,43.599998
2022-04-21,42.759998
2022-04-22,42.380001
2022-04-25,42.070000
2022-04-26,41.150002
2022-04-27,41.630001
2022-04-28,42.230000
2022-04-29,42.380001
2022-05-02,42.320000
2022-05-03,42.630001
2022-05-04,43.090000
2022-05-05,41.500000
2022-05-06,40.930000
2022-05-09,39.750000
2022-05-10,39.939999
2022-05-11,39.660000
2022-05-12,39.400002
2022-05-13,40.490002
2022-05-16,40.330002
2022-05-17,41.320000
2022-05-18,40.330002
2022-05-19,40.970001
2022-05-20,41.139999
2022-05-23,41.450001
2022-05-24,40.730000
2022-05-25,40.930000
2022-05-26,41.570000
2022-05-27,42.049999
2022-05-31,42.639999
2022-06-01,42.340000
2022-06-02,43.070000
2022-06-03,42.369999
2022-06-06,42.599998
2022-06-07,42.730000
2022-06-08,42.959999
2022-06-09,41.590000
2022-06-10,41.130001
2022-06-13,39.689999
2022-06-14,40.240002
2022-06-15,40.770000
2022-06-16,39.520000
2022-06-17,39.669998
2022-06-21,40.310001
2022-06-22,39.590000
2022-06-23,39.709999
2022-06-24,40.650002
2022-06-27,40.700001
2022-06-28,40.450001
2022-06-29,40.290001
2022-06-30,40.099998
2022-07-01,39.849998
2022-07-05,39.540001
2022-07-06,39.299999
2022-07-07,40.090000
2022-07-08,40.090000
2022-07-11,39.020000
2022-07-12,38.869999
2022-07-13,38.779999
2022-07-14,38.430000
2022-07-15,38.630001
2022-07-18,38.900002
2022-07-19,39.540001
2022-07-20,39.369999
2022-07-21,39.820000
2022-07-22,39.419998
2022-07-25,39.560001
2022-07-26,39.250000
2022-07-27,39.980000
2022-07-28,40.150002
2022-07-29,39.959999
2022-08-01,39.619999
2022-08-02,39.430000
2022-08-03,39.740002
2022-08-04,40.020000
2022-08-05,40.060001
2022-08-08,40.110001
2022-08-09,39.959999
2022-08-10,40.459999
2022-08-11,40.619999
2022-08-12,41.049999
2022-08-15,40.860001
2022-08-16,40.849998
2022-08-17,40.680000
2022-08-18,40.450001
2022-08-19,39.900002
2022-08-22,39.549999
2022-08-23,39.759998
2022-08-24,39.750000
2022-08-25,40.610001
2022-08-26,40.009998
2022-08-29,39.759998
2022-08-30,39.290001
2022-08-31,39.430000
2022-09-01,39.119999
2022-09-02,38.759998
2022-09-06,38.299999
2022-09-07,38.639999
2022-09-08,38.430000
2022-09-09,39.000000
2022-09-12,39.580002
2022-09-13,38.360001
2022-09-14,38.549999
2022-09-15,38.139999
2022-09-16,37.790001
2022-09-19,37.910000
2022-09-20,37.700001
2022-09-21,37.070000
2022-09-22,36.889999
2022-09-23,35.980000
2022-09-26,35.540001
2022-09-27,35.500000
2022-09-28,35.810001
2022-09-29,35.009998
2022-09-30,34.880001
2022-10-03,35.450001
2022-10-04,36.610001
2022-10-05,36.630001
2022-10-06,36.410000
2022-10-07,35.650002
2022-10-10,35.150002
2022-10-11,34.590000
2022-10-12,34.630001
2022-10-13,34.730000
2022-10-14,34.209999
2022-10-17,35.150002
2022-10-18,35.160000
2022-10-19,34.520000
2022-10-20,34.740002
2022-10-21,35.270000
2022-10-24,33.930000
2022-10-25,34.209999
2022-10-26,34.770000
2022-10-27,34.500000
2022-10-28,34.290001
2022-10-31,34.189999
2022-11-01,34.820000
2022-11-02,34.529999
2022-11-03,34.730000
2022-11-04,36.200001
2022-11-07,36.220001
2022-11-08,36.480000
2022-11-09,35.849998
2022-11-10,37.150002
2022-11-11,38.160000
2022-11-14,37.930000
2022-11-15,38.799999
2022-11-16,38.180000
2022-11-17,38.250000
2022-11-18,38.029999
2022-11-21,37.549999
2022-11-22,37.639999
2022-11-23,37.950001
2022-11-25,37.770000
2022-11-28,37.599998
2022-11-29,38.410000
2022-11-30,39.520000
2022-12-01,39.389999
2022-12-02,39.540001
2022-12-05,39.090000
2022-12-06,39.040001
2022-12-07,38.810001
2022-12-08,39.279999
2022-12-09,39.020000
2022-12-12,38.900002
2022-12-13,38.590000
2022-12-14,38.610001
2022-12-15,37.720001
2022-12-16,37.830002
2022-12-19,37.860001
2022-12-20,37.849998
2022-12-21,38.189999
2022-12-22,37.849998
2022-12-23,37.799999
2022-12-27,38.360001
2022-12-28,37.799999
2022-12-29,38.430000
2022-12-30,37.900002
2023-01-03,38.220001
2023-01-04,39.369999
2023-01-05,39.250000
2023-01-06,40.070000
2023-01-09,40.369999
2023-01-10,40.660000
2023-01-11,40.830002
2023-01-12,41.029999
2023-01-13,41.299999
2023-01-17,41.070000
2023-01-18,40.790001
2023-01-19,41.099998
2023-01-20,41.730000
2023-01-23,42.029999
2023-01-24,42.060001
2023-01-25,42.099998
2023-01-26,42.500000
2023-01-27,42.299999
2023-01-30,41.450001
2023-01-31,41.360001
2023-02-01,41.869999
2023-02-02,41.619999
2023-02-03,40.880001
2023-02-06,40.279999
2023-02-07,40.439999
2023-02-08,40.389999
2023-02-09,40.580002
2023-02-10,40.189999
2023-02-13,40.520000
2023-02-14,40.450001
2023-02-15,40.110001
2023-02-16,40.119999
2023-02-17,39.680000
2023-02-21,39.180000
2023-02-22,38.990002
2023-02-23,39.180000
2023-02-24,38.299999
2023-02-27,38.500000
2023-02-28,38.230000
2023-03-01,39.049999
2023-03-02,39.189999
2023-03-03,39.540001
2023-03-06,39.400002
2023-03-07,38.740002
2023-03-08,38.900002
2023-03-09,38.040001
2023-03-10,37.840000
2023-03-13,37.900002
2023-03-14,37.919998
2023-03-15,37.270000
2023-03-16,37.840000
2023-03-17,37.610001
2023-03-20,37.750000
2023-03-21,38.090000
2023-03-22,38.240002
2023-03-23,38.770000
2023-03-24,38.669998
2023-03-27,38.459999
2023-03-28,39.009998
2023-03-29,39.119999
2023-03-30,39.509998
2023-03-31,39.459999
2023-04-03,39.540001
2023-04-04,39.540001
2023-04-05,39.230000
2023-04-06,39.389999
2023-04-10,39.430000
2023-04-11,39.669998
2023-04-12,39.389999
2023-04-13,39.930000
2023-04-14,39.720001
2023-04-17,39.889999
2023-04-18,39.840000
2023-04-19,39.439999
2023-04-20,39.380001
2023-04-21,39.009998
2023-04-24,38.919998
2023-04-25,38.189999
2023-04-26,38.410000
2023-04-27,38.930000
2023-04-28,39.130001
2023-05-01,39.000000
2023-05-02,38.619999
2023-05-03,38.560001
2023-05-04,38.869999
2023-05-05,39.389999
2023-05-08,39.410000
2023-05-09,39.169998
2023-05-10,39.150002
2023-05-11,39.009998
2023-05-12,38.549999
2023-05-15,39.259998
2023-05-16,38.980000
2023-05-17,39.160000
2023-05-18,38.950001
2023-05-19,38.980000
2023-05-22,39.299999
2023-05-23,38.689999
2023-05-24,38.400002
2023-05-25,38.320000
2023-05-26,39.000000
2023-05-30,38.549999
2023-05-31,38.189999
2023-06-01,38.869999
2023-06-02,39.540001
2023-06-05,39.529999
2023-06-06,39.880001
2023-06-07,39.400002
2023-06-08,39.680000
2023-06-09,39.860001
2023-06-12,39.939999
2023-06-13,40.340000
2023-06-14,40.639999
2023-06-15,41.020000
2023-06-16,40.880001
2023-06-20,40.080002
2023-06-21,39.889999
2023-06-22,39.750000
2023-06-23,39.169998
2023-06-26,39.299999
2023-06-27,39.700001
2023-06-28,39.459999
2023-06-29,39.250000
2023-06-30,39.560001
2023-07-03,40.000000
2023-07-05,39.759998
2023-07-06,38.950001
2023-07-07,39.389999
2023-07-10,39.419998
2023-07-11,39.820000
2023-07-12,40.709999
2023-07-13,41.240002
2023-07-14,41.009998
2023-07-17,41.060001
2023-07-18,40.759998
2023-07-19,40.680000
2023-07-20,40.380001
2023-07-21,40.320000
2023-07-24,40.869999
2023-07-25,41.209999
2023-07-26,41.450001
2023-07-27,40.939999
2023-07-28,41.930000
2023-07-31,41.950001
2023-08-01,41.419998
2023-08-02,40.430000
2023-08-03,40.590000
2023-08-04,40.540001
2023-08-07,40.480000
2023-08-08,39.990002
2023-08-09,40.090000
2023-08-10,40.150002
2023-08-11,39.560001
2023-08-14,39.369999
2023-08-15,38.919998
2023-08-16,38.570000
2023-08-17,38.660000
2023-08-18,38.400002
2023-08-21,38.490002
2023-08-22,38.410000
2023-08-23,39.020000
2023-08-24,38.869999
2023-08-25,38.910000
2023-08-28,39.290001
2023-08-29,39.790001
2023-08-30,39.660000
2023-08-31,39.169998
2023-09-01,39.630001
2023-09-05,39.310001
2023-09-06,39.090000
2023-09-07,38.630001
2023-09-08,38.709999
2023-09-11,39.189999
2023-09-12,39.070000
2023-09-13,39.020000
2023-09-14,39.279999
2023-09-15,39.130001
2023-09-18,39.080002
2023-09-19,38.849998
2023-09-20,38.689999
2023-09-21,38.020000
2023-09-22,38.470001
2023-09-25,38.299999
2023-09-26,37.759998
2023-09-27,37.820000
2023-09-28,37.919998
2023-09-29,37.950001
2023-10-02,37.759998
2023-10-03,37.259998
2023-10-04,37.150002
2023-10-05,37.290001
2023-10-06,37.830002
2023-10-09,37.650002
2023-10-10,38.189999
2023-10-11,38.430000
2023-10-12,38.000000
2023-10-13,37.860001
2023-10-16,38.139999
2023-10-17,38.040001
2023-10-18,37.459999
2023-10-19,37.240002
2023-10-20,36.790001
2023-10-23,36.759998
2023-10-24,37.230000
2023-10-25,36.740002
2023-10-26,36.560001
2023-10-27,36.529999
2023-10-30,36.910000
2023-10-31,36.700001
2023-11-01,37.040001
2023-11-02,37.689999
2023-11-03,38.459999
2023-11-06,38.770000
2023-11-07,38.700001
2023-11-08,38.439999
2023-11-09,38.080002
2023-11-10,38.349998
2023-11-13,38.340000
2023-11-14,39.360001
2023-11-15,39.689999
2023-11-16,39.310001
2023-11-17,39.360001
2023-11-20,39.849998
2023-11-21,39.599998
2023-11-22,39.520000
2023-11-24,39.540001
2023-11-27,39.380001
2023-11-28,39.709999
2023-11-29,39.480000
2023-11-30,39.560001
2023-12-01,39.730000
2023-12-04,39.279999
2023-12-05,39.040001
2023-12-06,38.990002
2023-12-07,39.180000
2023-12-08,39.009998
2023-12-11,39.240002
2023-12-12,39.250000
2023-12-13,39.639999
2023-12-14,40.220001
2023-12-15,39.980000
2023-12-18,39.959999
2023-12-19,40.299999
2023-12-20,38.840000
2023-12-21,39.570000
2023-12-22,39.380001
2023-12-26,39.689999
2023-12-27,39.919998
2023-12-28,40.230000
2023-12-29,40.209999
2024-01-02,39.740002
2024-01-03,39.520000
2024-01-04,39.389999
2024-01-05,39.439999
2024-01-08,39.549999
2024-01-09,38.990002
2024-01-10,38.900002
2024-01-11,39.060001
2024-01-12,39.200001
2024-01-16,38.250000
2024-01-17,37.680000
2024-01-18,37.990002
2024-01-19,38.389999
2024-01-22,38.049999
2024-01-23,38.380001
2024-01-24,38.810001
2024-01-25,38.860001
2024-01-26,38.889999
2024-01-29,38.910000
2024-01-30,38.599998
2024-01-31,38.389999
2024-02-01,38.759998
2024-02-02,38.650002
2024-02-05,38.700001
2024-02-06,39.580002
2024-02-07,39.630001
2024-02-08,39.410000
2024-02-09,39.580002
2024-02-12,39.889999
2024-02-13,39.139999
2024-02-14,39.700001
2024-02-15,39.889999
2024-02-16,40.080002
2024-02-20,40.139999
2024-02-21,40.209999
2024-02-22,40.619999
2024-02-23,40.599998
2024-02-26,40.419998
2024-02-27,40.500000
2024-02-28,39.970001
2024-02-29,39.990002
2024-03-01,40.480000
2024-03-04,40.389999
2024-03-05,40.029999
2024-03-06,40.610001
2024-03-07,40.860001
2024-03-08,40.820000
2024-03-11,40.910000
2024-03-12,41.360001
2024-03-13,41.230000
2024-03-14,41.020000
2024-03-15,40.770000
2024-03-18,40.840000
2024-03-19,40.639999
2024-03-20,41.099998
2024-03-21,41.150002
2024-03-22,40.860001
2024-03-25,40.889999
2024-03-26,40.860001
2024-03-27,40.930000
2024-03-28,41.080002
2024-04-01,41.150002
2024-04-02,41.279999
2024-04-03,41.310001
2024-04-04,41.160000
2024-04-05,41.250000
2024-04-08,41.520000
2024-04-09,41.799999
2024-04-10,41.230000
2024-04-11,41.480000
2024-04-12,40.529999
2024-04-15,40.270000
2024-04-16,39.740002
2024-04-17,39.709999
2024-04-18,39.869999
2024-04-19,39.709999
2024-04-22,40.139999
2024-04-23,40.470001
2024-04-24,40.610001
2024-04-25,40.700001
2024-04-26,41.169998
2024-04-29,41.570000
2024-04-30,40.990002
2024-05-01,41.029999
2024-05-02,42.090000
2024-05-03,42.470001
2024-05-06,42.509998
2024-05-07,42.270000
2024-05-08,42.279999
2024-05-09,42.410000
2024-05-10,42.500000
2024-05-13,42.820000
2024-05-14,43.049999
2024-05-15,43.509998
2024-05-16,43.599998
2024-05-17,43.790001
2024-05-20,43.630001
2024-05-21,43.360001
2024-05-22,43.220001
2024-05-23,42.900002
2024-05-24,43.020000
2024-05-28,42.959999
2024-05-29,42.320000
2024-05-30,42.200001
2024-05-31,41.790001
2024-06-03,42.230000
2024-06-04,41.639999
2024-06-05,42.310001
2024-06-06,42.520000
2024-06-07,42.040001
2024-06-10,42.290001
2024-06-11,41.860001
2024-06-12,42.279999
2024-06-13,42.180000
2024-06-14,42.230000
2024-06-17,42.500000
2024-06-18,42.889999
2024-06-20,42.820000
2024-06-21,42.669998
2024-06-24,42.669998
2024-06-25,42.570000
2024-06-26,42.480000
2024-06-27,42.509998
2024-06-28,42.590000
2024-07-01,42.689999
2024-07-02,42.820000
2024-07-03,43.450001
2024-07-05,43.630001
2024-07-08,43.639999
2024-07-09,43.820000
2024-07-10,44.070000
2024-07-11,44.330002
2024-07-12,44.509998
2024-07-15,44.040001
2024-07-16,44.290001
2024-07-17,43.570000
2024-07-18,43.160000
2024-07-19,42.740002
2024-07-22,43.099998
2024-07-23,42.720001
2024-07-24,42.099998
2024-07-25,41.930000
2024-07-26,42.360001
2024-07-29,42.220001
2024-07-30,42.029999
2024-07-31,42.950001
2024-08-01,42.200001
2024-08-02,41.599998
2024-08-05,40.419998
2024-08-06,40.650002
2024-08-07,40.900002
2024-08-08,41.830002
2024-08-09,42.060001
2024-08-12,42.200001
2024-08-13,42.669998
2024-08-14,42.439999
2024-08-15,42.910000
2024-08-16,43.410000
2024-08-19,43.830002
2024-08-20,43.490002
2024-08-21,43.660000
2024-08-22,43.119999
2024-08-23,43.840000
2024-08-26,43.470001
2024-08-27,43.529999
2024-08-28,43.259998
2024-08-29,43.279999
2024-08-30,43.369999
2024-09-03,42.509998
2024-09-04,42.500000
2024-09-05,42.560001
2024-09-06,41.779999
2024-09-09,42.130001
2024-09-10,41.970001
2024-09-11,42.279999
2024-09-12,42.630001
2024-09-13,42.830002
2024-09-16,42.970001
2024-09-17,43.020000
2024-09-18,42.869999
2024-09-19,43.779999
2024-09-20,43.689999
2024-09-23,44.029999
2024-09-24,45.529999
2024-09-25,45.049999
2024-09-26,46.700001
2024-09-27,46.610001
2024-09-30,45.860001
2024-10-01,46.189999
2024-10-02,47.099998
2024-10-03,46.540001
2024-10-04,46.970001
2024-10-07,47.360001
2024-10-08,46.189999
2024-10-09,45.939999
2024-10-10,46.029999
2024-10-11,46.360001
2024-10-14,46.169998
2024-10-15,45.189999
2024-10-16,45.540001
2024-10-17,45.470001
2024-10-18,45.919998
2024-10-21,45.599998
2024-10-22,45.500000
2024-10-23,45.230000
2024-10-24,45.160000
2024-10-25,45.119999
2024-10-28,45.320000
2024-10-29,45.180000
2024-10-30,44.740002
2024-10-31,44.450001
2024-11-01,44.490002
2024-11-04,44.740002
2024-11-05,45.349998
2024-11-06,44.790001
2024-11-07,45.779999
2024-11-08,44.650002
2024-11-11,44.310001
2024-11-12,43.470001
2024-11-13,43.189999
2024-11-14,42.950001
2024-11-15,42.950001
2024-11-18,43.439999
2024-11-19,43.410000
2024-11-20,43.360001
2024-11-21,43.270000
2024-11-22,43.279999
2024-11-25,43.310001
2024-11-26,43.130001
2024-11-27,43.189999
2024-11-29,43.259998
2024-12-02,43.430000
2024-12-03,43.520000
2024-12-04,43.630001
2024-12-05,43.919998
2024-12-06,43.849998
2024-12-09,44.750000
2024-12-10,44.029999
2024-12-11,44.209999
2024-12-12,43.990002
2024-12-13,44.029999
2024-12-16,43.790001
2024-12-17,42.959999
2024-12-18,41.959999
2024-12-19,42.099998
2024-12-20,42.270000
2024-12-23,42.509998
2024-12-24,42.639999
2024-12-26,42.490002
2024-12-27,42.299999
2024-12-30,41.959999
2024-12-31,41.820000
2025-01-02,41.759998
2025-01-03,42.150002
2025-01-06,42.299999
2025-01-07,42.000000
2025-01-08,41.799999
2025-01-10,41.090000
2025-01-13,40.810001
2025-01-14,41.270000
2025-01-15,41.810001
2025-01-16,41.759998
2025-01-17,42.090000
2025-01-21,42.540001
2025-01-22,42.570000
2025-01-23,42.669998
2025-01-24,42.950001
2025-01-27,42.169998
2025-01-28,42.480000
2025-01-29,42.490002
2025-01-30,43.209999
2025-01-31,42.720001
2025-02-03,42.410000
2025-02-04,43.169998
2025-02-05,43.060001
2025-02-06,43.240002
2025-02-07,43.200001
2025-02-10,43.720001
2025-02-11,43.549999
2025-02-12,43.790001
2025-02-13,44.070000
2025-02-14,44.410000
2025-02-18,44.689999
2025-02-19,44.619999
2025-02-20,45.029999
2025-02-21,44.900002
2025-02-24,44.209999
2025-02-25,44.240002
2025-02-26,44.680000
2025-02-27,43.810001
2025-02-28,43.209999
2025-03-03,42.830002
2025-03-04,43.189999
2025-03-05,44.480000
2025-03-06,44.200001
2025-03-07,44.419998
2025-03-10,43.360001
2025-03-11,43.720001
2025-03-12,43.959999
2025-03-13,43.779999
2025-03-14,44.580002
2025-03-17,45.340000
2025-03-18,45.110001
2025-03-19,45.220001
2025-03-20,44.799999
2025-03-21,44.580002
2025-03-24,44.779999
2025-03-25,44.650002
2025-03-26,44.380001
2025-03-27,44.599998
2025-03-28,43.770000
2025-03-31,43.700001
2025-04-01,43.840000
2025-04-02,43.900002
2025-04-03,42.970001
2025-04-04,40.580002
2025-04-07,39.070000
2025-04-08,38.520000
2025-04-09,41.189999
2025-04-10,40.480000
2025-04-11,41.750000
2025-04-14,42.130001
2025-04-15,42.090000
2025-04-16,41.599998
2025-04-17,41.919998
2025-04-21,41.910000
2025-04-22,42.540001
2025-04-23,43.029999
2025-04-24,43.529999
2025-04-25,43.450001
2025-04-28,43.529999
2025-04-29,43.650002
2025-04-30,43.759998
2025-05-01,43.750000
2025-05-02,45.000000
2025-05-05,45.340000
2025-05-06,45.160000
2025-05-07,44.639999
2025-05-08,44.610001
2025-05-09,44.910000
2025-05-12,45.880001
2025-05-13,45.959999
2025-05-14,46.310001
2025-05-15,46.290001
2025-05-16,46.259998
2025-05-19,46.360001
2025-05-20,46.310001
2025-05-21,46.189999
2025-05-22,46.040001
2025-05-23,46.230000
2025-05-27,46.119999
2025-05-28,45.910000
2025-05-29,46.080002
2025-05-30,45.520000
2025-06-02,45.849998
2025-06-03,45.959999
2025-06-04,46.529999
2025-06-05,46.770000
2025-06-06,46.919998
2025-06-09,47.320000
2025-06-10,47.590000
2025-06-11,47.790001
2025-06-12,47.869999
2025-06-13,47.110001
2025-06-16,47.230000
2025-06-17,46.610001
2025-06-18,46.599998
2025-06-20,46.330002
2025-06-23,46.709999
2025-06-24,47.919998
2025-06-25,47.959999
2025-06-26,48.279999
2025-06-27,48.090000
2025-06-30,48.240002
2025-07-01,48.330002
2025-07-02,48.540001
2025-07-03,48.759998
2025-07-07,48.070000
2025-07-08,48.369999
2025-07-09,48.290001
2025-07-10,48.419998
2025-07-11,48.259998
2025-07-14,48.330002
2025-07-15,48.680000
2025-07-16,48.910000
2025-07-17,49.189999
2025-07-18,49.080002
2025-07-21,49.400002
2025-07-22,49.430000
2025-07-23,49.930000
2025-07-24,49.660000
2025-07-25,49.509998
2025-07-28,49.180000
2025-07-29,49.200001
2025-07-30,48.840000
2025-07-31,48.560001
2025-08-01,48.200001
2025-08-04,48.700001
2025-08-05,48.840000
2025-08-06,49.070000
2025-08-07,49.480000
2025-08-08,49.439999
2025-08-11,49.299999
2025-08-12,49.900002
2025-08-13,50.500000
2025-08-14,49.880001
2025-08-15,49.939999
2025-08-18,50.230000
2025-08-19,49.820000
2025-08-20,49.750000
2025-08-21,49.639999
2025-08-22,50.630001
2025-08-25,50.340000
2025-08-26,50.209999
2025-08-27,49.910000
2025-08-28,50.099998
2025-08-29,49.860001
2025-09-02,49.820000
2025-09-03,50.009998
2025-09-04,49.849998
2025-09-05,50.450001
2025-09-08,50.910000
2025-09-09,51.189999
2025-09-10,51.540001
2025-09-11,52.290001
2025-09-12,52.259998
2025-09-15,52.639999
2025-09-16,53.029999
2025-09-17,53.259998
2025-09-18,53.130001
2025-09-19,53.009998
2025-09-22,53.270000
2025-09-23,53.299999
2025-09-24,53.119999
2025-09-25,52.810001
2025-09-26,52.709999
2025-09-29,53.189999
2025-09-30,53.400002
2025-10-01,53.820000
2025-10-02,54.070000
2025-10-03,54.230000
2025-10-06,54.480000
2025-10-07,54.060001
2025-10-08,54.490002
2025-10-09,53.930000
2025-10-10,51.939999
2025-10-13,53.450001
2025-10-14,52.970001
2025-10-15,53.840000
2025-10-16,54.189999
2025-10-17,54.180000
2025-10-20,54.919998
2025-10-21,54.310001
2025-10-22,54.259998
2025-10-23,54.740002
2025-10-24,55.099998
2025-10-27,55.709999
2025-10-28,55.689999
2025-10-29,56.009998
2025-10-30,55.430000
2025-10-31,55.299999
2025-11-03,55.650002
2025-11-04,54.630001
2025-11-05,55.119999
2025-11-06,54.709999
2025-11-07,54.549999
2025-11-10,55.509998
2025-11-11,55.570000
2025-11-12,55.580002
2025-11-13,54.930000
2025-11-14,54.959999
2025-11-17,54.310001
2025-11-18,54.040001
2025-11-19,53.849998
2025-11-20,53.110001
2025-11-21,53.099998
2025-11-24,53.660000
2025-11-25,53.849998
2025-11-26,54.240002
2025-11-28,54.320000
2025-12-01,54.279999
2025-12-02,54.299999
2025-12-03,54.340000
2025-12-04,54.330002
2025-12-05,54.740002
2025-12-08,54.619999
2025-12-09,54.529999
2025-12-10,55.139999
2025-12-11,54.880001
2025-12-12,54.240002
2025-12-15,54.080002
2025-12-16,52.980000
2025-12-17,52.599998
2025-12-18,53.200001
2025-12-19,53.720001
2025-12-22,54.009998
2025-12-23,54.310001
2025-12-24,54.419998
2025-12-26,54.799999
2025-12-29,54.660000
2025-12-30,54.880001
2025-12-31,54.709999
2026-01-02,56.240002
2026-01-05,56.860001
2026-01-06,57.279999
2026-01-07,56.849998
2026-01-08,56.869999
2026-01-09,57.139999
2026-01-12,57.939999
2026-01-13,57.509998
2026-01-14,57.750000
2026-01-15,58.090000
2026-01-16,57.869999
2026-01-20,57.310001
2026-01-21,58.259998
2026-01-22,58.700001
2026-01-23,59.070000
2026-01-26,59.169998
2026-01-27,60.340000
2026-01-28,60.750000
2026-01-29,60.439999
2026-01-30,59.099998
2026-02-02,59.279999
2026-02-03,59.599998
2026-02-04,58.799999
2026-02-05,58.529999
2026-02-06,60.070000
2026-02-09,60.509998
2026-02-10,60.599998
2026-02-11,61.560001
2026-02-12,60.860001
2026-02-13,61.119999
2026-02-17,60.869999
2026-02-18,61.189999
2026-02-19,61.040001
2026-02-20,62.340000
2026-02-23,61.650002
2026-02-24,62.619999
2026-02-25,63.310001
2026-02-26,62.709999
2026-02-27,62.580002
2026-03-02,61.500000
2026-03-03,58.419998
2026-03-04,59.049999
2026-03-05,57.630001
2026-03-06,57.320000
2026-03-09,58.450001
2026-03-10,58.680000
2026-03-11,58.830002
2026-03-12,56.950001
2026-03-13,56.799999
2026-03-16,58.380001
2026-03-17,58.750000
2026-03-18,57.560001
2026-03-19,57.619999
2026-03-20,55.639999
2026-03-23,57.310001
2026-03-24,56.520000
2026-03-25,57.419998
2026-03-26,55.470001
2026-03-27,55.200001
2026-03-30,54.750000
2026-03-31,56.790001
2026-04-01,57.230000
2026-04-02,56.590000
2026-04-06,57.110001
2026-04-07,57.310001
2026-04-08,60.439999
2026-04-09,60.279999
2026-04-10,60.560001
2026-04-13,61.070000
2026-04-14,62.240002
2026-04-15,62.200001
2026-04-16,62.450001
2026-04-17,63.639999
2026-04-20,63.180000
2026-04-21,62.250000
2026-04-22,63.380001
2026-04-23,62.349998
2026-04-24,63.740002
2026-04-27,63.639999
2026-04-28,62.990002
2026-04-29,62.689999
2026-04-30,63.990002
2026-05-01,64.129997
2026-05-04,64.099998
2026-05-05,65.400002
2026-05-06,67.489998
2026-05-07,66.589996
2026-05-08,67.940002
2026-05-11,67.889999
2026-05-12,65.820000
2026-05-13,67.209999
2026-05-14,67.379997
2026-05-15,65.070000
2026-05-18,64.970001
2026-05-19,64.260002
2026-05-20,65.459999
2026-05-21,66.029999
2026-05-22,65.879997
2026-05-26,68.400002
2026-05-27,68.389999
2026-05-28,68.610001
2026-05-29,68.599998
2026-06-01,70.080002
2026-06-02,70.800003
2026-06-03,69.919998
2026-06-04,69.099998
2026-06-05,64.589996
2026-06-08,65.750000
2026-06-09,65.820000
2026-06-10,64.660004
2026-06-11,67.500000
2026-06-12,67.879997
2026-06-15,69.750000
2026-06-16,68.639999
2026-06-17,68.559998
2026-06-18,70.790001
2026-06-22,71.209999
2026-06-23,67.169998
2026-06-24,67.250000
2026-06-25,67.959999
2026-06-26,67.190002
2026-06-29,67.430000
2026-06-30,68.410004
2026-07-01,66.480003
2026-07-02,65.699997
2026-07-06,67.570000
2026-07-07,65.720001
2026-07-08,66.230003
2026-07-09,66.779999
2026-07-10,66.900002
2026-07-13,64.500000
2026-07-14,65.669998
2026-07-15,65.570000
2026-07-16,64.190002
2026-07-17,63.290001
2026-07-20,63.560001
2026-07-21,65.339996
2026-07-22,64.989998
2026-07-23,64.599998
2026-07-24,63.330002
2026-07-27,63.619999
2026-07-28,62.360001
2026-07-29,61.070000
2026-07-30,63.590000
2026-07-31,64.089996
2026-08-03,64.320000
2026-08-04,66.000000
2026-08-05,65.720001
2026-08-06,65.019997
