date,ticker,code,shares,price,value
2015-05-28,AAPL,S,70000.0,131.47,9202900.0
2015-06-24,AAPL,S,12697.0,128.45,1630929.65
2015-06-24,AAPL,S,11388.0,129.21,1471443.48
2015-07-20,AAPL,S,8886.0,131.46,1168153.56
2015-07-20,AAPL,S,15410.0,132.22,2037510.2
2015-07-20,AAPL,S,704.0,132.86,93533.44
2015-07-21,AAPL,S,16189.0,131.03,2121244.67
2015-07-21,AAPL,S,3000.0,131.69,395070.0
2015-07-21,AAPL,S,600.0,132.76,79656.0
2015-07-24,AAPL,P,100.0,124.27,12427.0
2015-07-24,AAPL,P,100.0,124.34,12434.0
2015-07-24,AAPL,P,100.0,124.33,12433.0
2015-07-24,AAPL,P,1500.0,124.12,186180.0
2015-07-24,AAPL,S,14985.0,124.49,1865482.65
2015-07-24,AAPL,S,9100.0,125.25,1139775.0
2015-07-27,AAPL,P,2000.0,122.9,245800.0
2015-09-08,AAPL,S,6700.0,110.95,743365.0
2015-09-08,AAPL,S,9618.0,111.82,1075484.76
2015-09-08,AAPL,S,300.0,112.46,33738.0
2015-10-02,AAPL,S,42573.0,110.44,4701762.12
2015-10-02,AAPL,S,4300.0,110.94,477042.0
2015-10-06,AAPL,S,7582.0,110.11,834854.02
2015-10-06,AAPL,S,200.0,111.2,22240.0
2015-10-16,AAPL,S,3300.0,111.88,369204.0
2015-10-20,AAPL,S,2908.0,111.88,325347.04
2015-10-30,AAPL,S,160655.0,120.0,19278600.0
2015-10-30,AAPL,S,39345.0,120.58,4744220.1
2015-10-30,AAPL,S,66793.0,120.48,8047220.640000001
2015-10-30,AAPL,S,3800.0,121.08,460104.0
2015-11-02,AAPL,S,10700.0,120.74,1291918.0
2015-11-02,AAPL,S,2888.0,121.09,349707.92
2015-11-02,AAPL,S,10000.0,120.0,1200000.0
2015-11-03,AAPL,S,10000.0,120.73,1207300.0
2015-11-04,AAPL,S,10000.0,123.07,1230700.0
2015-11-05,AAPL,S,10000.0,121.94,1219400.0
2015-11-06,AAPL,S,10000.0,121.23,1212300.0
2015-11-09,AAPL,S,10000.0,120.81,1208100.0
2016-02-02,AAPL,S,2008.0,95.47,191703.76
2016-03-15,AAPL,S,18241.0,103.92,1895604.72
2016-03-22,AAPL,S,268644.0,106.91,28720730.04
2016-03-30,AAPL,S,268644.0,110.01,29553526.44
2016-04-04,AAPL,S,26284.0,111.43,2928826.12
2016-04-04,AAPL,S,26284.0,111.68,2935397.12
2016-05-23,AAPL,S,103300.0,96.78,9997374.0
2016-05-26,AAPL,S,8000.0,99.75,798000.0
2016-05-26,AAPL,S,25000.0,100.0,2500000.0
2016-05-27,AAPL,S,40755.0,100.0,4075500.0
2016-05-27,AAPL,S,50000.0,99.44,4972000.0
2016-05-27,AAPL,S,25000.0,100.0,2500000.0
2016-05-31,AAPL,S,25000.0,100.0,2500000.0
2016-07-18,AAPL,S,25000.0,100.0,2500000.0
2016-07-19,AAPL,S,10797.0,100.0,1079700.0
2016-08-02,AAPL,S,9829.0,104.87,1030767.23
2016-08-05,AAPL,S,23305.0,107.49,2505054.45
2016-08-09,AAPL,S,70000.0,108.68,7607600.000000001
2016-08-12,AAPL,S,5500.0,108.0,594000.0
2016-08-15,AAPL,S,4327.0,109.0,471643.0
2016-08-16,AAPL,S,24000.0,110.11,2642640.0
2016-08-17,AAPL,S,90153.0,109.15,9840199.95
2016-08-17,AAPL,S,11021.0,108.93,1200517.53
2016-08-25,AAPL,S,207807.0,107.21,22278988.47
2016-08-25,AAPL,S,16193.0,107.73,1744471.89
2016-08-26,AAPL,S,86300.0,107.07,9240141.0
2016-08-26,AAPL,S,23700.0,107.69,2552253.0
2016-08-29,AAPL,S,106700.0,106.82,11397694.0
2016-08-29,AAPL,S,3300.0,107.37,354321.0
2016-08-30,AAPL,S,110000.0,105.95,11654500.0
2016-08-30,AAPL,S,49996.0,105.95,5297076.2
2016-08-31,AAPL,S,49883.0,106.19,5297075.77
2016-09-21,AAPL,S,20100.0,113.0,2271300.0
2016-09-21,AAPL,S,2281.0,113.55,259007.55
2016-10-03,AAPL,S,43769.0,112.59,4927951.71
2016-10-27,AAPL,S,43769.0,115.07,5036498.83
2016-10-27,AAPL,S,26624.0,114.88,3058565.12
2016-10-27,AAPL,S,6700.0,115.26,772242.0
2016-11-02,AAPL,S,335000.0,111.86,37473100.0
2016-11-03,AAPL,S,22723.0,110.09,2501575.0700000003
2016-11-03,AAPL,S,10600.0,110.9,1175540.0
2016-11-07,AAPL,S,16950.0,110.03,1865008.5
2016-11-18,AAPL,S,3689.0,110.0,405790.0
2016-11-21,AAPL,S,4401.0,111.0,488511.0
2016-12-09,AAPL,S,4423.0,113.92,503868.16
2016-12-09,AAPL,S,900.0,114.3,102870.0
2016-12-15,AAPL,S,10342.0,116.04,1200085.6800000002
2016-12-15,AAPL,S,600.0,116.55,69930.0
2016-12-27,AAPL,S,2100.0,117.66,247086.0
2016-12-28,AAPL,S,200.0,117.83,23566.0
2017-01-06,AAPL,S,4010.0,117.88,472698.8
2017-01-17,AAPL,S,10000.0,120.0,1200000.0
2017-01-18,AAPL,S,10000.0,120.0,1200000.0
2017-01-18,AAPL,S,10942.0,119.99,1312930.5799999998
2017-01-19,AAPL,S,10000.0,120.0,1200000.0
2017-01-20,AAPL,S,10000.0,120.41,1204100.0
2017-01-23,AAPL,S,10000.0,120.0,1200000.0
2017-01-24,AAPL,S,10000.0,120.0,1200000.0
2017-01-25,AAPL,S,10000.0,120.28,1202800.0
2017-01-26,AAPL,S,10000.0,121.7,1217000.0
2017-01-27,AAPL,S,10000.0,122.14,1221400.0
2017-01-30,AAPL,S,10000.0,120.93,1209300.0
2017-01-31,AAPL,S,10000.0,121.03,1210300.0
2017-02-01,AAPL,S,15000.0,127.1,1906500.0
2017-02-01,AAPL,S,5000.0,130.0,650000.0
2017-02-02,AAPL,S,75000.0,128.43,9632250.0
2017-02-02,AAPL,S,2580.0,127.99,330214.2
2017-02-02,AAPL,S,2649.0,128.05,339204.45
2017-02-02,AAPL,S,100000.0,128.05,12805000.000000002
2017-02-02,AAPL,S,67800.0,128.32,8700096.0
2017-02-02,AAPL,S,2200.0,129.12,284064.0
2017-02-02,AAPL,S,8571.0,127.99,1097002.29
2017-02-03,AAPL,S,7529.0,128.88,970337.52
2017-02-06,AAPL,S,3357.0,130.0,436410.0
2017-02-07,AAPL,S,5652.0,131.0,740412.0
2017-02-16,AAPL,S,70627.0,135.3,9555833.1
2017-02-17,AAPL,S,4000.0,135.5,542000.0
2017-02-21,AAPL,S,3000.0,136.245,408735.0
2017-02-22,AAPL,S,215437.0,136.72,29454546.64
2017-02-22,AAPL,S,6207.0,137.0,850359.0
2017-03-15,AAPL,S,17897.0,140.18,2508801.46
2017-04-04,AAPL,S,47796.0,143.32,6850122.72
2017-04-05,AAPL,S,6574.0,144.63,950797.62
2017-04-05,AAPL,S,13733.0,145.25,1994718.25
2017-04-06,AAPL,S,11949.0,143.98,1720417.0199999998
2017-04-19,AAPL,S,4300.0,141.56,608708.0
2017-04-20,AAPL,S,1300.0,142.19,184847.0
2017-04-20,AAPL,S,708.0,142.77,101081.16
2017-05-04,AAPL,S,24000.0,146.24,3509760.0
2017-05-04,AAPL,S,1000.0,146.93,146930.0
2017-05-05,AAPL,S,67500.0,148.76,10041300.0
2017-05-05,AAPL,S,17336.0,147.3,2553592.8000000003
2017-05-05,AAPL,S,7664.0,147.86,1133199.04
2017-05-08,AAPL,S,25000.0,150.21,3755250.0
2017-05-09,AAPL,S,35000.0,153.88,5385800.0
2017-05-09,AAPL,S,21180.0,154.17,3265320.6
2017-05-09,AAPL,S,3820.0,154.66,590801.2
2017-05-10,AAPL,S,377.0,153.63,57918.51
2017-05-16,AAPL,S,11849.0,155.27,1839794.23
2017-05-16,AAPL,S,100.0,155.76,15576.0
2017-05-22,AAPL,S,10000.0,153.2,1532000.0
2017-05-22,AAPL,S,45000.0,153.78,6920100.0
2017-05-23,AAPL,S,40500.0,154.01,6237405.0
2017-05-24,AAPL,S,24000.0,152.95,3670800.0
2017-05-25,AAPL,S,5447.0,154.07,839219.2899999999
2017-05-30,AAPL,S,4572.0,153.83,703310.76
2017-06-02,AAPL,S,2000.0,154.13,308260.0
2017-06-02,AAPL,S,2757.0,155.11,427638.27
2017-06-07,AAPL,S,10849.0,155.28,1684632.72
2017-06-07,AAPL,S,1100.0,155.73,171303.0
2017-07-06,AAPL,S,11949.0,142.86,1707034.14
2017-08-07,AAPL,S,28895.0,158.07,4567432.649999999
2017-08-07,AAPL,S,2730.0,158.8,433524.00000000006
2017-08-07,AAPL,S,35000.0,157.58,5515300.0
2017-08-07,AAPL,S,63163.0,158.07,9984175.41
2017-08-16,AAPL,S,10469.0,162.2,1698071.7999999998
2017-08-16,AAPL,S,6209.0,161.96,1005609.64
2017-08-25,AAPL,S,125321.0,159.96,20046347.16
2017-08-25,AAPL,S,9406.0,160.45,1509192.7
2017-08-28,AAPL,S,5892.0,161.0,948612.0
2017-08-28,AAPL,S,23304.0,160.51,3740525.04
2017-08-28,AAPL,S,110592.0,161.43,17852866.560000002
2017-10-03,AAPL,S,56808.0,154.7,8788197.6
2017-10-03,AAPL,S,25000.0,154.62,3865500.0
2017-10-04,AAPL,S,25000.0,153.41,3835250.0
2017-10-05,AAPL,S,15642.0,155.01,2424666.42
2017-10-05,AAPL,S,8588.0,154.77,1329164.76
2017-10-05,AAPL,S,4800.0,155.23,745104.0
2017-11-14,AAPL,S,7241.0,171.85,1244365.85
2017-11-14,AAPL,S,8400.0,172.79,1451436.0
2017-11-22,AAPL,S,5760.0,174.4,1004544.0
2017-11-24,AAPL,S,4608.0,175.04,806584.32
2017-11-30,AAPL,S,33995.0,171.35,5825043.25
2017-11-30,AAPL,S,31366.0,171.87,5390874.42
2017-12-07,AAPL,S,13941.0,169.63,2364811.83
2017-12-07,AAPL,S,1700.0,170.19,289323.0
2018-01-05,AAPL,S,1902.0,174.02,330986.04000000004
2018-01-05,AAPL,S,13739.0,174.89,2402813.71
2018-04-03,AAPL,S,23001.0,165.52,3807125.52
2018-04-03,AAPL,S,31525.0,166.63,5253010.75
2018-04-03,AAPL,S,14965.0,167.36,2504542.4000000004
2018-04-04,AAPL,S,3300.0,166.31,548823.0
2018-04-04,AAPL,S,700.0,167.34,117138.0
2018-04-04,AAPL,S,1200.0,168.29,201948.0
2018-04-04,AAPL,S,5900.0,169.35,999165.0
2018-04-04,AAPL,S,3900.0,170.38,664482.0
2018-04-04,AAPL,S,2375.0,171.35,406956.25
2018-04-12,AAPL,S,38022.0,174.65,6640542.3
2018-04-13,AAPL,S,1100.0,174.9,192390.0
2018-05-03,AAPL,S,25000.0,175.68,4392000.0
2018-05-04,AAPL,S,13228.0,178.17,2356832.76
2018-05-08,AAPL,S,2514.0,184.52,463883.28
2018-05-08,AAPL,S,12939.0,185.29,2397467.31
2018-05-08,AAPL,S,200.0,186.0,37200.0
2018-05-09,AAPL,S,35000.0,185.99,6509650.0
2018-05-16,AAPL,S,4867.0,187.0,910129.0
2018-05-17,AAPL,S,8472.0,187.15,1585534.8
2018-05-17,AAPL,S,7100.0,187.95,1334445.0
2018-05-17,AAPL,S,1800.0,188.68,339624.0
2018-05-23,AAPL,S,14976.0,187.74,2811594.24
2018-05-31,AAPL,S,100.0,188.01,18801.0
2018-06-01,AAPL,S,1278.0,188.82,241311.96
2018-06-01,AAPL,S,3391.0,189.86,643815.26
2018-06-08,AAPL,S,7223.0,190.52,1376125.96
2018-06-08,AAPL,S,8330.0,191.3,1593529.0
2018-06-08,AAPL,S,100.0,191.96,19196.0
2018-06-15,AAPL,S,6568.0,188.81,1240104.08
2018-07-09,AAPL,S,14131.0,190.14,2686868.34
2018-07-09,AAPL,S,1521.0,190.53,289796.13
2018-08-02,AAPL,S,20000.0,206.58,4131600.000000001
2018-08-03,AAPL,S,15000.0,206.96,3104400.0
2018-08-08,AAPL,S,900.0,205.29,184761.0
2018-08-08,AAPL,S,2400.0,206.01,494424.0
2018-08-08,AAPL,S,12252.0,207.13,2537756.76
2018-08-08,AAPL,S,100.0,207.72,20772.0
2018-08-09,AAPL,S,47796.0,207.5,9917670.0
2018-08-17,AAPL,S,5000.0,215.5,1077500.0
2018-08-17,AAPL,S,3617.0,215.0,777655.0
2018-08-17,AAPL,S,5523.0,214.5,1184683.5
2018-08-27,AAPL,S,56324.0,216.96,12220055.04
2018-08-27,AAPL,S,190746.0,217.96,41574998.16
2018-08-27,AAPL,S,18090.0,218.54,3953388.6
2018-10-03,AAPL,S,45388.0,232.19,10538639.72
2018-10-03,AAPL,S,16610.0,232.7,3865147.0
2018-10-03,AAPL,S,25000.0,232.66,5816500.0
2018-10-04,AAPL,S,35904.0,227.69,8174981.76
2018-10-04,AAPL,S,31747.0,228.28,7247205.16
2018-10-04,AAPL,S,25509.0,229.6,5856866.399999999
2018-10-04,AAPL,S,5485.0,230.22,1262756.7
2018-10-04,AAPL,S,1600.0,231.48,370368.0
2018-10-04,AAPL,S,25000.0,230.78,5769500.0
2018-10-05,AAPL,S,14194.0,227.96,3235664.24
2018-11-19,AAPL,S,3408.0,190.0,647520.0
2019-02-01,AAPL,S,1521.0,167.71,255086.91
2019-04-05,AAPL,S,51138.0,196.61,10054242.180000002
2019-04-17,NVDA,P,4.0,186.93,747.72
2019-05-02,AAPL,S,13433.0,208.99,2807362.67
2019-05-02,AAPL,S,18256.0,209.71,3828465.76
2019-05-02,AAPL,S,8601.0,210.98,1814638.98
2019-05-02,AAPL,S,14571.0,211.83,3086574.93
2019-05-02,AAPL,S,1550.0,212.46,329313.0
2019-05-03,AAPL,S,35000.0,210.86,7380100.000000001
2019-08-01,AAPL,S,17500.0,214.02,3745350.0
2019-08-01,AAPL,S,4376.0,217.4669,951635.1544
2019-08-12,AAPL,S,17500.0,201.69,3529575.0
2019-08-26,AAPL,S,129555.0,205.75,26655941.25
2019-08-26,AAPL,S,132113.0,206.55,27287940.15
2019-08-26,AAPL,S,3492.0,207.13,723297.96
2019-10-02,AAPL,S,24601.0,218.62,5378270.62
2019-10-02,AAPL,S,42953.0,219.28,9418733.84
2019-10-07,AAPL,S,3600.0,226.58,815688.0
2019-10-07,AAPL,S,19949.0,227.59,4540192.91
2019-10-07,AAPL,S,21100.0,228.66,4824726.0
2019-10-07,AAPL,S,17010.0,229.34,3901073.4
2019-10-16,AAPL,S,12459.0,234.04,2915904.36
2019-10-16,AAPL,S,3932.0,233.26,917178.32
2019-11-05,AAPL,S,37394.0,257.79,9639799.260000002
2020-02-03,AAPL,S,1429.0,304.11,434573.19
2020-04-02,AAPL,S,3849.0,238.03,916177.47
2020-04-02,AAPL,S,3039.0,238.96,726199.4400000001
2020-04-02,AAPL,S,5266.0,240.2,1264893.2
2020-04-02,AAPL,S,7454.0,241.24,1798202.96
2020-04-02,AAPL,S,13783.0,242.3,3339620.9000000004
2020-04-02,AAPL,S,4449.0,243.03,1081240.47
2020-04-02,AAPL,S,2377.0,244.36,580843.7200000001
2020-04-02,AAPL,S,845.0,244.98,207008.1
2020-04-07,AAPL,S,3203.0,260.1,833100.3
2020-04-07,AAPL,S,3185.0,260.97,831189.4500000001
2020-04-07,AAPL,S,4395.0,262.09,1151885.5499999998
2020-04-07,AAPL,S,3700.0,263.04,973248.0
2020-04-07,AAPL,S,4500.0,264.08,1188360.0
2020-04-07,AAPL,S,8579.0,265.32,2276180.28
2020-04-07,AAPL,S,7200.0,266.26,1917072.0
2020-04-07,AAPL,S,3700.0,267.11,988307.0
2020-04-07,AAPL,S,1400.0,268.41,375774.00000000006
2020-04-07,AAPL,S,1200.0,269.44,323328.0
2020-04-16,AAPL,S,2278.0,283.82,646541.96
2020-04-16,AAPL,S,2851.0,284.52,811166.5199999999
2020-04-16,AAPL,S,1847.0,285.66,527614.02
2020-04-16,AAPL,S,2161.0,286.82,619818.02
2020-04-16,NVDA,P,6.0,294.71,1768.2599999999998
2020-04-21,NVDA,P,25.0,269.52,6738.0
2020-05-01,MSFT,S,35000.0,176.08,6162800.0
2020-05-01,MSFT,S,3000.0,176.937,530811.0
2020-05-04,NVDA,P,9.0,291.29,2621.61
2020-05-08,AAPL,S,4491.0,305.62,1372539.42
2020-05-15,NVDA,P,8.0,339.64,2717.12
2020-06-05,NVDA,P,7.0,356.81,2497.67
2020-06-08,MSFT,S,49.0,186.0513,9116.5137
2020-06-19,NVDA,S,18166.0,372.2134,6761628.624399999
2020-06-22,NVDA,S,22400.0,378.5537,8479602.879999999
2020-06-23,NVDA,S,13000.0,384.688,5000944.0
2020-06-24,NVDA,S,805.0,367.8,296079.0
2020-06-24,NVDA,S,1651.0,369.39,609862.89
2020-06-24,NVDA,S,1305.0,370.23,483150.15
2020-06-24,NVDA,S,1682.0,371.33,624577.0599999999
2020-06-24,NVDA,S,380.0,372.28,141466.4
2020-06-24,NVDA,S,795.0,373.92,297266.4
2020-06-24,NVDA,S,724.0,375.07,271550.68
2020-06-24,NVDA,S,1036.0,375.92,389453.12
2020-06-24,NVDA,S,34.0,377.03,12819.02
2020-06-24,NVDA,S,39.0,378.16,14748.240000000002
2020-06-24,NVDA,S,472.0,379.66,179199.52000000002
2020-06-24,NVDA,S,460.0,380.86,175195.6
2020-06-24,NVDA,S,412.0,381.68,157252.16
2020-06-24,NVDA,S,76.0,366.79,27876.04
2020-06-24,NVDA,S,309.0,368.53,113875.77
2020-06-24,NVDA,S,774.0,369.59,286062.66
2020-06-24,NVDA,S,504.0,370.97,186968.88
2020-06-24,NVDA,S,166.0,372.05,61760.3
2020-06-24,NVDA,S,338.0,373.68,126303.84
2020-06-24,NVDA,S,320.0,375.35,120112.0
2020-06-24,NVDA,S,154.0,376.24,57940.96
2020-06-24,NVDA,S,36.0,379.2,13651.2
2020-06-24,NVDA,S,377.0,381.07,143663.38999999998
2020-07-01,NVDA,S,5503.0,377.48,2077272.44
2020-07-01,NVDA,S,11096.0,378.5,4199836.0
2020-07-01,NVDA,S,7612.0,379.34,2887536.08
2020-07-01,NVDA,S,21392.0,380.47,8139014.24
2020-07-01,NVDA,S,39064.0,381.39,14898618.96
2020-07-01,NVDA,S,15033.0,382.2,5745612.6
2020-07-01,NVDA,S,300.0,382.94,114882.0
2020-07-02,NVDA,S,16437.0,387.18,6364077.66
2020-07-02,NVDA,S,9378.0,387.94,3638101.32
2020-07-09,NVDA,S,100.0,411.04,41104.0
2020-07-09,NVDA,S,100.0,411.77,41177.0
2020-07-09,NVDA,S,300.0,413.17,123951.0
2020-07-09,NVDA,S,250.0,414.18,103545.0
2020-07-09,NVDA,S,350.0,415.67,145484.5
2020-07-09,NVDA,S,301.0,417.17,125568.17
2020-07-09,NVDA,S,300.0,418.2,125460.0
2020-07-09,NVDA,S,250.0,418.99,104747.5
2020-07-09,NVDA,S,305.0,420.47,128243.35
2020-07-09,NVDA,S,50.0,422.24,21112.0
2020-07-09,NVDA,S,150.0,410.63,61594.5
2020-07-09,NVDA,S,200.0,412.03,82406.0
2020-07-09,NVDA,S,600.0,413.14,247884.0
2020-07-09,NVDA,S,550.0,414.1,227755.0
2020-07-09,NVDA,S,450.0,415.66,187047.0
2020-07-09,NVDA,S,550.0,417.0,229350.0
2020-07-09,NVDA,S,500.0,417.78,208890.0
2020-07-09,NVDA,S,500.0,418.8,209400.0
2020-07-09,NVDA,S,346.0,420.13,145364.98
2020-07-09,NVDA,S,300.0,420.95,126285.0
2020-07-24,NVDA,S,168.0,391.72,65808.96
2020-07-24,NVDA,S,513.0,394.83,202547.79
2020-07-24,NVDA,S,502.0,395.81,198696.62
2020-07-24,NVDA,S,168.0,396.83,66667.44
2020-07-24,NVDA,S,641.0,398.29,255303.89
2020-07-24,NVDA,S,388.0,401.42,155750.96
2020-07-24,NVDA,S,190.0,402.42,76459.8
2020-07-24,NVDA,S,443.0,404.85,179348.55000000002
2020-07-24,NVDA,S,632.0,405.97,256573.04
2020-07-24,NVDA,S,1117.0,406.97,454585.4900000001
2020-07-24,NVDA,S,1237.0,408.05,504757.85
2020-07-24,NVDA,S,1155.0,408.97,472360.35
2020-07-24,NVDA,S,875.0,410.17,358898.75
2020-07-24,NVDA,S,652.0,410.99,267965.48
2020-07-24,NVDA,S,673.0,413.58,278339.34
2020-07-24,NVDA,S,603.0,395.44,238450.32
2020-07-24,NVDA,S,11.0,396.59,4362.49
2020-07-24,NVDA,S,138.0,399.41,55118.58
2020-07-24,NVDA,S,199.0,403.56,80308.44
2020-07-24,NVDA,S,220.0,404.62,89016.4
2020-07-24,NVDA,S,157.0,405.55,63671.35
2020-07-24,NVDA,S,63.0,406.62,25617.06
2020-07-24,NVDA,S,731.0,408.02,298262.62
2020-07-24,NVDA,S,715.0,409.24,292606.60000000003
2020-07-24,NVDA,S,370.0,411.35,152199.5
2020-07-24,NVDA,S,131.0,413.28,54139.67999999999
2020-08-06,MSFT,S,15140.0,215.0,3255100.0
2020-08-17,MSFT,S,30871.0,209.8981,6479764.2451
2020-08-17,NVDA,S,700.0,473.47,331429.0
2020-08-17,NVDA,S,400.0,474.26,189704.0
2020-08-17,NVDA,S,500.0,475.67,237835.0
2020-08-17,NVDA,S,2100.0,476.72,1001112.0
2020-08-17,NVDA,S,600.0,477.77,286662.0
2020-08-17,NVDA,S,400.0,479.79,191916.0
2020-08-17,NVDA,S,1200.0,480.4,576480.0
2020-08-17,NVDA,S,600.0,481.91,289146.0
2020-08-17,NVDA,S,4100.0,482.94,1980054.0
2020-08-17,NVDA,S,5001.0,483.94,2420183.94
2020-08-17,NVDA,S,1400.0,485.2,679280.0
2020-08-17,NVDA,S,3507.0,485.81,1703735.67
2020-08-17,NVDA,S,5404.0,487.13,2632450.52
2020-08-17,NVDA,S,9297.0,488.25,4539260.25
2020-08-17,NVDA,S,6889.0,489.15,3369754.35
2020-08-17,NVDA,S,9712.0,490.23,4761113.76
2020-08-17,NVDA,S,4236.0,491.17,2080596.12
2020-08-17,NVDA,S,7007.0,492.34,3449826.38
2020-08-17,NVDA,S,10197.0,493.37,5030893.89
2020-08-17,NVDA,S,17416.0,494.34,8609425.44
2020-08-17,NVDA,S,8434.0,495.21,4176601.14
2020-08-17,NVDA,S,900.0,495.87,446283.0
2020-08-25,AAPL,S,7118.0,493.5,3512733.0
2020-08-25,AAPL,S,18014.0,494.59,8909544.26
2020-08-25,AAPL,S,97417.0,495.53,48273046.01
2020-08-25,AAPL,S,30814.0,496.45,15297610.3
2020-08-25,AAPL,S,19650.0,497.54,9776661.0
2020-08-25,AAPL,S,32447.0,498.54,16176127.38
2020-08-25,AAPL,S,58710.0,499.42,29320948.2
2020-08-25,AAPL,S,990.0,500.11,495108.9
2020-08-25,MSFT,S,15014.0,213.5854,3206771.1956
2020-09-01,NVDA,S,800.0,538.64,430912.0
2020-09-01,NVDA,S,1650.0,539.69,890488.5000000001
2020-09-01,NVDA,S,1200.0,540.64,648768.0
2020-09-01,NVDA,S,600.0,541.44,324864.00000000006
2020-09-01,NVDA,S,200.0,542.43,108486.0
2020-09-01,NVDA,S,300.0,543.68,163103.99999999997
2020-09-01,NVDA,S,1300.0,545.18,708733.9999999999
2020-09-01,NVDA,S,600.0,546.2,327720.0
2020-09-01,NVDA,S,700.0,547.09,382963.0
2020-09-01,NVDA,S,1700.0,548.3,932110.0
2020-09-01,NVDA,S,3419.0,549.42,1878466.98
2020-09-01,NVDA,S,6210.0,550.4,3417984.0
2020-09-01,NVDA,S,9523.0,551.43,5251267.89
2020-09-01,NVDA,S,13629.0,552.37,7528250.73
2020-09-01,NVDA,S,3874.0,553.28,2143406.72
2020-09-01,NVDA,S,1356.0,554.44,751820.6400000001
2020-09-01,NVDA,S,848.0,555.44,471013.12000000005
2020-09-01,NVDA,S,900.0,556.43,500787.0
2020-09-01,NVDA,S,789.0,557.53,439891.17
2020-09-01,NVDA,S,400.0,558.97,223588.0
2020-09-01,NVDA,S,1.0,559.78,559.78
2020-09-03,MSFT,S,80000.0,218.14,17451200.0
2020-09-08,MSFT,S,42.0,206.51,8673.42
2020-09-09,MSFT,S,6000.0,207.55,1245300.0
2020-09-09,MSFT,S,4000.0,210.01,840040.0
2020-09-09,MSFT,S,8000.0,211.96,1695680.0
2020-09-09,MSFT,S,5000.0,213.0,1065000.0
2020-09-10,MSFT,S,4500.0,205.92,926640.0
2020-09-10,MSFT,S,2500.0,208.555,521387.5
2020-09-15,NVDA,S,10000.0,513.77,5137700.0
2020-09-15,NVDA,S,36090.0,517.61,18680544.9
2020-09-15,NVDA,S,3910.0,518.18,2026083.8
2020-09-16,NVDA,S,3100.0,516.54,1601274.0
2020-09-16,NVDA,S,4900.0,517.4,2535260.0
2020-09-21,NVDA,P,435.0,498.23,216730.05
2020-09-22,NVDA,P,15.0,494.15,7412.25
2020-09-25,NVDA,P,498.0,500.95,249473.1
2020-10-02,AAPL,S,228957.0,113.52,25991198.64
2020-10-02,AAPL,S,28386.0,114.19,3241397.34
2020-10-02,NVDA,S,629.0,533.3022,335447.0838
2020-10-09,AAPL,S,243431.0,116.89,28454649.59
2020-10-15,NVDA,S,300.0,551.91,165573.0
2020-10-15,NVDA,S,1212.0,553.19,670466.28
2020-10-15,NVDA,S,1402.0,554.32,777156.64
2020-10-15,NVDA,S,3074.0,555.28,1706930.72
2020-10-15,NVDA,S,3940.0,556.49,2192570.6
2020-10-15,NVDA,S,2797.0,557.49,1559299.53
2020-10-15,NVDA,S,1941.0,558.59,1084223.1900000002
2020-10-15,NVDA,S,1820.0,559.41,1018126.2
2020-10-15,NVDA,S,200.0,560.17,112034.0
2020-10-16,AAPL,S,18748.0,119.58,2241885.84
2020-10-16,AAPL,S,12452.0,120.14,1495983.28
2020-10-16,AAPL,S,14840.0,121.34,1800685.6
2020-10-19,NVDA,S,400.0,537.27,214908.0
2020-10-19,NVDA,S,1200.0,538.45,646140.0
2020-10-19,NVDA,S,2039.0,539.25,1099530.75
2020-10-19,NVDA,S,1488.0,540.16,803758.08
2020-10-19,NVDA,S,500.0,541.08,270540.0
2020-10-19,NVDA,S,300.0,542.49,162747.0
2020-10-19,NVDA,S,804.0,543.52,436990.08
2020-10-19,NVDA,S,300.0,544.36,163308.0
2020-10-19,NVDA,S,1097.0,546.04,599005.88
2020-10-19,NVDA,S,1800.0,547.32,985176.0
2020-10-19,NVDA,S,3501.0,548.37,1919843.37
2020-10-19,NVDA,S,3354.0,549.27,1842251.58
2020-10-19,NVDA,S,5500.0,550.37,3027035.0
2020-10-19,NVDA,S,3300.0,551.23,1819059.0
2020-10-19,NVDA,S,1600.0,552.56,884095.9999999999
2020-10-19,NVDA,S,2896.0,553.6,1603225.6
2020-10-19,NVDA,S,1400.0,554.52,776328.0
2020-10-19,NVDA,S,1584.0,555.48,879880.3200000001
2020-10-19,NVDA,S,600.0,556.69,334014.00000000006
2020-10-19,NVDA,S,1577.0,557.64,879398.28
2020-10-19,NVDA,S,100.0,558.33,55833.00000000001
2020-11-03,AAPL,S,2612.0,109.22,285282.64
2020-11-03,AAPL,S,8641.0,110.4,953966.4
2020-11-03,AAPL,S,5747.0,110.99,637859.53
2020-11-05,MSFT,S,52250.0,222.5199,11626664.775
2020-11-05,MSFT,S,135043.0,222.3478,30026513.9554
2020-11-05,MSFT,S,64957.0,223.0546,14488957.6522
2020-12-01,NVDA,S,356.0,540.52,192425.12
2020-12-01,NVDA,S,1800.0,529.84,953712.0
2020-12-01,NVDA,S,3496.0,531.13,1856830.48
2020-12-01,NVDA,S,9966.0,532.08,5302709.28
2020-12-01,NVDA,S,8479.0,533.13,4520409.27
2020-12-01,NVDA,S,8015.0,534.1,4280811.5
2020-12-01,NVDA,S,16602.0,535.17,8884892.34
2020-12-01,NVDA,S,14408.0,536.02,7722976.16
2020-12-01,NVDA,S,16864.0,537.04,9056642.56
2020-12-01,NVDA,S,8551.0,537.94,4599924.94
2020-12-01,NVDA,S,5296.0,539.04,2854755.84
2020-12-01,NVDA,S,6123.0,540.05,3306726.15
2020-12-01,NVDA,S,400.0,540.74,216296.0
2020-12-03,NVDA,P,100.0,536.61,53661.0
2020-12-03,NVDA,P,100.0,537.28,53728.0
2020-12-03,NVDA,S,3927.0,536.99,2108759.73
2020-12-09,MSFT,S,30000.0,212.4267,6372801.0
2020-12-23,NVDA,S,2.0,522.71,1045.42
2020-12-23,NVDA,S,183.0,529.93,96977.19
2021-01-04,NVDA,S,1761.0,519.34,914557.74
2021-01-04,NVDA,S,2900.0,520.58,1509682.0000000002
2021-01-04,NVDA,S,2300.0,521.69,1199887.0000000002
2021-01-04,NVDA,S,3318.0,522.54,1733787.72
2021-01-04,NVDA,S,9565.0,523.86,5010720.9
2021-01-04,NVDA,S,16701.0,524.79,8764517.79
2021-01-04,NVDA,S,13596.0,525.66,7146873.359999999
2021-01-04,NVDA,S,7378.0,526.66,3885697.48
2021-01-04,NVDA,S,1267.0,527.55,668405.85
2021-01-04,NVDA,S,1600.0,528.71,845936.0
2021-01-04,NVDA,S,1100.0,529.72,582692.0
2021-01-04,NVDA,S,600.0,531.11,318666.0
2021-01-04,NVDA,S,2401.0,532.29,1278028.2899999998
2021-01-04,NVDA,S,3838.0,533.24,2046575.12
2021-01-04,NVDA,S,2738.0,534.15,1462502.7
2021-01-04,NVDA,S,3143.0,535.26,1682322.18
2021-01-04,NVDA,S,3800.0,536.27,2037826.0
2021-01-04,NVDA,S,3615.0,537.24,1942122.6
2021-01-04,NVDA,S,1878.0,538.26,1010852.28
2021-01-04,NVDA,S,3648.0,539.23,1967111.04
2021-01-04,NVDA,S,2808.0,540.3,1517162.4
2021-01-04,NVDA,S,900.0,541.45,487305.00000000006
2021-01-04,NVDA,S,2500.0,542.48,1356200.0
2021-01-04,NVDA,S,3945.0,543.52,2144186.4
2021-01-04,NVDA,S,1600.0,544.57,871312.0000000001
2021-01-04,NVDA,S,1100.0,545.49,600039.0
2021-01-07,NVDA,S,356.0,528.7253,188226.2068
2021-01-28,MSFT,S,18358.0,239.5969,4398519.8902
2021-02-01,AAPL,S,1908.0,131.79,251455.32
2021-02-01,AAPL,S,2902.0,132.85,385530.7
2021-02-01,AAPL,S,4762.0,133.82,637250.84
2021-02-01,AAPL,S,7428.0,134.56,999511.68
2021-02-02,AAPL,S,3416.0,135.6,463209.6
2021-02-26,NVDA,S,100.0,546.04,54604.0
2021-02-26,NVDA,S,300.0,547.62,164286.0
2021-02-26,NVDA,S,1196.0,548.75,656305.0
2021-02-26,NVDA,S,1748.0,549.92,961260.16
2021-02-26,NVDA,S,406.0,550.48,223494.88
2021-02-26,NVDA,S,300.0,551.83,165549.0
2021-02-26,NVDA,S,700.0,553.0,387100.0
2021-03-01,NVDA,S,1200.0,543.36,652032.0
2021-03-01,NVDA,S,2147.0,544.48,1168998.56
2021-03-01,NVDA,S,4312.0,545.64,2352799.68
2021-03-01,NVDA,S,8068.0,546.5,4409162.0
2021-03-01,NVDA,S,8957.0,547.5,4903957.5
2021-03-01,NVDA,S,5564.0,548.53,3052020.92
2021-03-01,NVDA,S,5365.0,549.6,2948604.0
2021-03-01,NVDA,S,3490.0,550.36,1920756.4
2021-03-01,NVDA,S,2021.0,551.44,1114460.2400000002
2021-03-01,NVDA,S,1938.0,552.51,1070764.38
2021-03-01,NVDA,S,163.0,553.42,90207.46
2021-03-01,NVDA,S,1000.0,555.13,555130.0
2021-03-01,NVDA,S,100.0,556.3,55629.99999999999
2021-03-01,NVDA,S,200.0,544.29,108858.0
2021-03-01,NVDA,S,800.0,545.52,436416.0
2021-03-01,NVDA,S,1001.0,546.76,547306.76
2021-03-01,NVDA,S,645.0,547.62,353214.9
2021-03-01,NVDA,S,774.0,548.73,424717.02
2021-03-01,NVDA,S,521.0,550.03,286565.63
2021-03-01,NVDA,S,400.0,550.89,220356.0
2021-03-01,NVDA,S,200.0,552.04,110408.0
2021-03-01,NVDA,S,100.0,552.81,55280.99999999999
2021-03-01,NVDA,S,109.0,553.83,60367.47
2021-03-02,MSFT,S,105328.0,234.1172,24659096.4416
2021-03-02,MSFT,S,133758.0,235.0381,31438226.1798
2021-03-02,MSFT,S,38808.0,235.863,9153371.304
2021-03-02,MSFT,S,800.0,236.6967,189357.36
2021-03-10,MSFT,P,4300.0,236.8,1018240.0
2021-04-05,AAPL,S,133867.0,125.74,16832436.58
2021-04-05,NVDA,S,4704.0,556.46,2617587.8400000003
2021-04-05,NVDA,S,1400.0,556.98,779772.0
2021-04-12,NVDA,S,27.0,567.98,15335.46
2021-04-12,NVDA,S,54.0,569.26,30740.04
2021-04-12,NVDA,S,36.0,570.06,20522.16
2021-04-12,NVDA,S,86.0,571.25,49127.5
2021-04-12,NVDA,S,40.0,572.16,22886.4
2021-04-12,NVDA,S,305.0,575.01,175378.05
2021-04-12,NVDA,S,10.0,577.98,5779.8
2021-04-12,NVDA,S,10.0,579.28,5792.799999999999
2021-04-12,NVDA,S,20.0,589.27,11785.4
2021-04-12,NVDA,S,10.0,590.93,5909.299999999999
2021-04-12,NVDA,S,20.0,593.51,11870.2
2021-04-12,NVDA,S,66.0,598.1,39474.6
2021-04-12,NVDA,S,26.0,598.97,15573.22
2021-04-12,NVDA,S,400.0,600.0,240000.0
2021-04-12,NVDA,S,64.0,609.36,38999.04
2021-04-12,NVDA,S,26.0,610.19,15864.940000000002
2021-04-14,NVDA,S,570.0,610.49,347979.3
2021-04-14,NVDA,S,800.0,611.45,489160.00000000006
2021-04-14,NVDA,S,430.0,612.32,263297.60000000003
2021-04-14,NVDA,S,300.0,613.51,184053.0
2021-04-14,NVDA,S,700.0,615.05,430535.0
2021-04-14,NVDA,S,200.0,616.3,123260.0
2021-04-14,NVDA,S,268.0,617.52,165495.36
2021-04-14,NVDA,S,600.0,619.19,371514.00000000006
2021-04-14,NVDA,S,1398.0,620.17,866997.6599999999
2021-04-14,NVDA,S,1421.0,621.16,882668.36
2021-04-14,NVDA,S,1655.0,622.31,1029923.05
2021-04-14,NVDA,S,458.0,623.08,285370.64
2021-04-14,NVDA,S,350.0,624.48,218568.0
2021-04-14,NVDA,S,250.0,625.28,156320.0
2021-04-14,NVDA,S,100.0,627.55,62754.99999999999
2021-04-15,NVDA,S,2076.0,644.64,1338272.64
2021-04-15,NVDA,S,1460.0,645.61,942590.6
2021-04-15,NVDA,S,1464.0,646.54,946534.56
2021-04-16,AAPL,S,18216.0,134.01,2441126.16
2021-05-03,AAPL,S,87612.0,132.58,11615598.96
2021-05-03,AAPL,S,29760.0,133.34,3968198.4
2021-05-03,AAPL,S,3700.0,133.93,495541.0
2021-05-03,AAPL,S,12130.0,132.57,1608074.1
2021-05-03,AAPL,S,4470.0,133.33,595985.1000000001
2021-05-03,AAPL,S,400.0,133.93,53572.0
2021-05-07,MSFT,S,6086.0,252.6636,1537710.6696
2021-05-10,MSFT,S,8000.0,250.2701,2002160.8
2021-05-12,MSFT,S,1500.0,240.0,360000.0
2021-05-13,MSFT,S,2414.0,244.8846,591151.4244
2021-05-28,NVDA,S,38585.0,650.27,25090667.95
2021-05-28,NVDA,S,290.0,651.01,188792.9
2021-05-28,NVDA,S,30723.0,650.27,19978245.21
2021-05-28,NVDA,S,109.0,651.01,70960.09
2021-06-01,NVDA,S,1.0,643.17,643.17
2021-06-01,NVDA,S,102.0,651.23,66425.46
2021-06-14,NVDA,S,12.0,710.59,8527.08
2021-06-14,NVDA,S,59.0,711.37,41970.83
2021-06-14,NVDA,S,99.0,712.67,70554.33
2021-06-14,NVDA,S,105.0,713.41,74908.05
2021-06-14,NVDA,S,67.0,714.41,47865.47
2021-06-14,NVDA,S,26.0,716.53,18629.78
2021-06-14,NVDA,S,69.0,717.36,49497.84
2021-06-14,NVDA,S,125.0,718.44,89805.0
2021-06-14,NVDA,S,80.0,719.27,57541.6
2021-06-14,NVDA,S,107.0,720.56,77099.92
2021-06-14,NVDA,S,51.0,721.1,36776.1
2021-06-15,NVDA,S,59.0,717.025,42304.475
2021-06-15,NVDA,S,1680.0,714.658,1200625.44
2021-06-15,NVDA,S,8124.0,716.207,5818465.668
2021-06-15,NVDA,S,241.0,717.025,172803.025
2021-06-15,NVDA,S,6836.0,714.658,4885402.088
2021-06-15,NVDA,S,33060.0,716.207,23677803.42
2021-06-15,NVDA,S,1494.0,712.8,1064923.2
2021-06-15,NVDA,S,2506.0,713.47,1787955.82
2021-06-16,NVDA,S,356.0,706.98,251684.88
2021-06-21,NVDA,S,1.0,724.33,724.33
2021-06-21,NVDA,S,33.0,736.97,24320.01
2021-06-28,NVDA,S,5750.0,774.24,4451880.0
2021-07-01,NVDA,S,1000.0,801.69,801690.0
2021-07-01,NVDA,S,3500.0,802.65,2809275.0
2021-07-01,NVDA,S,4000.0,803.77,3215080.0
2021-07-01,NVDA,S,4103.0,804.71,3301725.1300000004
2021-07-01,NVDA,S,6500.0,805.77,5237505.0
2021-07-01,NVDA,S,13477.0,806.82,10873513.14
2021-07-01,NVDA,S,12950.0,807.76,10460492.0
2021-07-01,NVDA,S,9867.0,808.74,7979837.58
2021-07-01,NVDA,S,12440.0,809.85,10074534.0
2021-07-01,NVDA,S,10175.0,810.78,8249686.5
2021-07-01,NVDA,S,9809.0,811.71,7962063.390000001
2021-07-01,NVDA,S,3694.0,812.94,3003000.3600000003
2021-07-01,NVDA,S,1900.0,813.76,1546144.0
2021-07-01,NVDA,S,1200.0,814.96,977952.0
2021-07-01,NVDA,S,1700.0,815.93,1387081.0
2021-07-01,NVDA,S,3085.0,816.9,2520136.5
2021-07-01,NVDA,S,600.0,817.96,490776.0
2021-08-02,AAPL,S,15600.0,145.83,2274948.0
2021-08-02,AAPL,S,1400.0,146.5,205100.0
2021-08-02,NVDA,S,46909.0,194.38,9118171.42
2021-08-02,NVDA,S,44938.0,195.28,8775492.64
2021-08-02,NVDA,S,55662.0,196.05,10912535.1
2021-08-02,NVDA,S,83842.0,197.4,16550410.8
2021-08-02,NVDA,S,119960.0,198.46,23807261.6
2021-08-02,NVDA,S,48689.0,199.06,9692032.34
2021-08-06,AAPL,S,14877.0,145.99,2171893.23
2021-08-20,NVDA,S,10000.0,203.41,2034100.0
2021-08-24,NVDA,S,20000.0,218.38,4367600.0
2021-08-25,AAPL,S,1820655.0,148.3,270003136.5
2021-08-25,AAPL,S,475724.0,149.37,71058893.88
2021-08-25,AAPL,S,90061.0,149.97,13506448.17
2021-09-01,MSFT,S,60000.0,303.083,18184980.0
2021-09-01,MSFT,S,9877.0,301.9371,2982232.7367
2021-09-01,MSFT,S,37181.0,303.0176,11266497.3856
2021-09-01,MSFT,S,24715.0,303.9974,7513295.741
2021-09-01,MSFT,S,3800.0,304.7397,1158010.86
2021-09-01,NVDA,S,7702.0,223.85,1724092.7
2021-09-01,NVDA,S,12298.0,224.64,2762622.72
2021-09-01,NVDA,S,66897.0,224.47,15016369.59
2021-09-01,NVDA,S,86606.0,225.21,19504537.26
2021-09-01,NVDA,S,45097.0,226.12,10197333.64
2021-09-01,NVDA,S,1400.0,226.78,317492.0
2021-09-10,MSFT,S,20000.0,298.677,5973540.0
2021-09-10,MSFT,S,10000.0,298.8176,2988176.0000000005
2021-10-04,AAPL,S,165829.0,138.83,23022040.07
2021-10-04,AAPL,S,89437.0,138.83,12416538.71
2021-10-13,NVDA,S,7521.0,208.54,1568429.34
2021-10-13,NVDA,S,2479.0,209.11,518383.69000000006
2021-10-18,AAPL,S,17108.0,146.32,2503242.56
2021-10-18,AAPL,S,1139.0,146.75,167148.25
2021-10-19,AAPL,S,165829.0,148.62,24645505.98
2021-11-01,AAPL,S,21710.0,148.61,3226323.1
2021-11-01,AAPL,S,3290.0,149.11,490571.9
2021-11-01,MSFT,S,55000.0,328.6009,18073049.5
2021-11-02,MSFT,S,54757.0,332.2833,18194836.6581
2021-11-12,AAPL,S,9005.0,150.0,1350750.0
2021-11-19,NVDA,S,550.0,326.77,179723.5
2021-11-19,NVDA,S,805.0,328.28,264265.4
2021-11-19,NVDA,S,2681.0,329.09,882290.2899999999
2021-11-19,NVDA,S,1046.0,329.86,345033.56
2021-11-19,NVDA,S,10000.0,326.65,3266500.0
2021-11-19,NVDA,S,856.0,328.91,281546.96
2021-11-22,MSFT,S,22483.0,340.1752,7648159.021600001
2021-11-22,MSFT,S,13558.0,341.4757,4629727.5406
2021-11-22,MSFT,S,78387.0,342.3622,26836745.7714
2021-11-22,MSFT,S,110677.0,343.3285,37998568.3945
2021-11-22,MSFT,S,10847.0,344.3051,3734677.4197
2021-11-22,MSFT,S,43387.0,345.3587,14984077.9169
2021-11-22,MSFT,S,27178.0,346.4781,9416581.8018
2021-11-22,MSFT,S,53924.0,347.3461,18730291.0964
2021-11-22,MSFT,S,41691.0,348.328,14522142.647999998
2021-11-22,MSFT,S,17160.0,349.2243,5992688.988000001
2021-11-22,NVDA,S,11090.0,340.84,3779915.6
2021-11-22,NVDA,S,17910.0,341.65,6118951.5
2021-11-22,NVDA,S,29000.0,343.82,9970780.0
2021-11-22,NVDA,S,372.0,320.06,119062.32
2021-11-22,NVDA,S,200.0,320.78,64155.99999999999
2021-11-22,NVDA,S,100.0,322.02,32202.0
2021-11-22,NVDA,S,255.0,323.54,82502.70000000001
2021-11-22,NVDA,S,500.0,325.0,162500.0
2021-11-22,NVDA,S,1100.0,326.13,358743.0
2021-11-22,NVDA,S,550.0,326.83,179756.5
2021-11-22,NVDA,S,605.0,327.43,198095.15
2021-11-22,NVDA,S,400.0,328.41,131364.0
2021-11-22,NVDA,S,600.0,329.88,197928.0
2021-11-22,NVDA,S,200.0,333.45,66690.0
2021-11-22,NVDA,S,100.0,335.11,33511.0
2021-11-22,NVDA,S,100.0,337.65,33765.0
2021-11-23,MSFT,S,58581.0,334.3696,19587705.5376
2021-11-23,MSFT,S,135450.0,335.1057,45390067.065000005
2021-11-23,MSFT,S,107917.0,336.1191,36272964.9147
2021-11-23,MSFT,S,90075.0,337.1503,30368813.2725
2021-11-23,MSFT,S,19569.0,338.041,6615124.329
2021-11-23,MSFT,S,7700.0,338.9869,2610199.13
2021-12-01,NVDA,S,4159.0,314.74,1309003.66
2021-12-01,NVDA,S,11906.0,315.48,3756104.88
2021-12-01,NVDA,S,11837.0,316.51,3746528.87
2021-12-01,NVDA,S,19384.0,317.53,6155001.52
2021-12-01,NVDA,S,10203.0,318.69,3251594.07
2021-12-01,NVDA,S,7484.0,319.52,2391287.68
2021-12-01,NVDA,S,15897.0,320.72,5098485.840000001
2021-12-01,NVDA,S,21958.0,321.66,7063010.28
2021-12-01,NVDA,S,31862.0,322.6,10278681.2
2021-12-01,NVDA,S,20977.0,323.61,6788366.970000001
2021-12-01,NVDA,S,5617.0,324.67,1823671.39
2021-12-01,NVDA,S,5855.0,325.54,1906036.7
2021-12-01,NVDA,S,15712.0,326.97,5137352.640000001
2021-12-01,NVDA,S,32125.0,327.89,10533466.25
2021-12-01,NVDA,S,69590.0,328.73,22876320.700000003
2021-12-01,NVDA,S,61248.0,329.79,20198977.92
2021-12-01,NVDA,S,51938.0,330.76,17179012.88
2021-12-01,NVDA,S,34781.0,331.65,11535118.65
2021-12-01,NVDA,S,7467.0,332.49,2482702.83
2021-12-07,MSFT,S,1650.0,334.8955,552577.5750000001
2021-12-13,NVDA,S,2.0,299.04,598.08
2021-12-13,NVDA,S,245.0,302.07,74007.15
2021-12-16,NVDA,S,41484.0,311.5,12922266.0
2021-12-23,NVDA,S,281.0,297.5,83597.5
2022-01-03,NVDA,S,5500.0,298.47,1641585.0000000002
2022-01-03,NVDA,S,42388.0,299.9,12712161.2
2022-01-03,NVDA,S,103927.0,300.75,31256045.25
2022-01-03,NVDA,S,106629.0,301.77,32177433.33
2022-01-03,NVDA,S,68162.0,302.77,20637408.74
2022-01-03,NVDA,S,55263.0,303.8,16788899.400000002
2022-01-03,NVDA,S,35625.0,304.82,10859212.5
2022-01-03,NVDA,S,19606.0,305.64,5992377.84
2022-01-03,NVDA,S,2900.0,306.52,888908.0
2022-01-28,MSFT,P,1700.0,295.4803,502316.51
2022-01-31,MSFT,P,1600.0,311.5281,498444.96
2022-02-01,AAPL,S,1986.0,173.29,344153.94
2022-02-03,AAPL,S,2058.0,173.04,356116.32
2022-02-03,AAPL,S,6400.0,174.32,1115648.0
2022-02-03,AAPL,S,14242.0,175.08,2493489.3600000003
2022-02-03,AAPL,S,2300.0,175.78,404294.0
2022-02-08,MSFT,S,27860.0,304.6364,8487170.104
2022-03-01,MSFT,S,7931.0,296.5245,2351735.8095
2022-03-01,NVDA,S,27280.0,232.03,6329778.4
2022-03-01,NVDA,S,34353.0,232.88,8000126.64
2022-03-01,NVDA,S,41983.0,233.93,9821083.19
2022-03-01,NVDA,S,29661.0,234.87,6966479.07
2022-03-01,NVDA,S,21446.0,235.89,5058896.94
2022-03-01,NVDA,S,2000.0,236.82,473640.0
2022-03-01,NVDA,S,5700.0,238.19,1357683.0
2022-03-01,NVDA,S,24525.0,239.12,5864418.0
2022-03-01,NVDA,S,19803.0,239.82,4749155.46
2022-03-01,NVDA,S,21398.0,241.04,5157773.92
2022-03-01,NVDA,S,52983.0,241.96,12819766.68
2022-03-01,NVDA,S,11208.0,242.88,2722199.04
2022-03-18,NVDA,S,1800.0,262.9,473220.0
2022-03-18,NVDA,S,12100.0,263.67,3190407.0
2022-03-18,NVDA,S,2716.0,264.92,719522.7200000001
2022-03-18,NVDA,S,100.0,265.49,26549.0
2022-03-28,NVDA,S,100000.0,274.0572,27405720.000000004
2022-04-04,AAPL,S,63164.0,177.46,11209083.44
2022-04-04,AAPL,S,42737.0,178.19,7615306.03
2022-04-04,AAPL,S,17497.0,177.49,3105542.5300000003
2022-04-04,AAPL,S,11701.0,178.18,2084884.18
2022-04-18,AAPL,S,4569.0,164.54,751783.26
2022-04-18,AAPL,S,3431.0,165.41,567521.71
2022-05-04,AAPL,S,9136.0,159.94,1461211.84
2022-05-04,AAPL,S,5316.0,160.82,854919.12
2022-05-04,AAPL,S,4006.0,161.93,648691.5800000001
2022-05-04,AAPL,S,900.0,162.77,146493.0
2022-05-04,AAPL,S,1550.0,163.94,254107.0
2022-05-04,AAPL,S,1800.0,165.06,297108.0
2022-05-04,AAPL,S,2292.0,165.95,380357.4
2022-05-27,NVDA,S,2200.0,185.59,408298.0
2022-05-27,NVDA,S,274721.0,185.19,50875581.99
2022-05-27,NVDA,S,3279.0,186.02,609959.5800000001
2022-06-08,NVDA,S,4459.0,186.14,829998.2599999999
2022-06-08,NVDA,S,5943.0,186.81,1110211.83
2022-06-08,NVDA,S,2309.0,187.91,433884.19
2022-06-08,NVDA,S,4101.0,188.97,774965.97
2022-06-08,NVDA,S,3100.0,189.98,588938.0
2022-06-08,NVDA,S,3632.0,190.92,693421.44
2022-06-08,NVDA,S,100.0,191.63,19163.0
2022-06-13,NVDA,S,56600.0,159.0,8999400.0
2022-06-13,NVDA,S,57250.0,157.07,8992257.5
2022-06-14,NVDA,S,113800.0,158.1,17991780.0
2022-08-03,AAPL,S,700.0,161.46,113022.0
2022-08-03,AAPL,S,2928.0,162.43,475595.04
2022-08-03,AAPL,S,5073.0,163.69,830399.37
2022-08-03,AAPL,S,5031.0,164.69,828555.39
2022-08-03,AAPL,S,5568.0,165.91,923786.88
2022-08-03,AAPL,S,5700.0,166.28,947796.0
2022-08-08,AAPL,S,15366.0,164.86,2533238.76
2022-08-17,AAPL,S,66390.0,174.66,11595677.4
2022-08-17,AAPL,S,30345.0,175.6,5328582.0
2022-09-01,MSFT,S,15471.0,256.1627,3963093.1317
2022-09-01,MSFT,S,9366.0,256.8175,2405352.705
2022-09-01,MSFT,S,14398.0,258.1669,3717087.0262
2022-09-01,MSFT,S,14370.0,258.9257,3720762.309
2022-09-01,MSFT,S,3295.0,260.0665,856919.1175
2022-09-01,MSFT,S,99.0,260.74,25813.26
2022-09-01,NVDA,S,945.0,142.06,134246.7
2022-09-02,MSFT,S,75351.395,259.4655,19551087.379372504
2022-09-12,MSFT,S,5000.0,266.2501,1331250.4999999998
2022-10-03,AAPL,S,42393.0,141.09,5981228.37
2022-10-03,AAPL,S,66880.0,142.17,9508329.6
2022-10-03,AAPL,S,67026.0,142.83,9573323.58
2022-10-03,AAPL,S,5400.0,138.44,747576.0
2022-10-03,AAPL,S,13199.0,139.15,1836640.85
2022-10-03,AAPL,S,27669.0,140.34,3883067.46
2022-10-03,AAPL,S,56271.0,141.19,7944902.49
2022-10-03,AAPL,S,65350.0,142.45,9309107.5
2022-10-03,AAPL,S,13250.0,142.93,1893822.5
2022-10-11,NVDA,S,53269.0,115.8,6168550.2
2022-10-11,NVDA,S,31731.0,117.66,3733469.46
2022-10-13,NVDA,S,87500.0,119.6484,10469235.0
2022-10-17,AAPL,S,8053.0,142.45,1147149.85
2022-10-28,AAPL,S,14274.0,154.7,2208187.8
2022-10-28,AAPL,S,85147.0,155.63,13251427.61
2022-10-28,AAPL,S,69678.0,156.46,10901819.88
2022-10-28,AAPL,S,7200.0,157.2,1131840.0
2022-11-21,NVDA,S,495.0,151.11,74799.45000000001
2022-11-22,AAPL,S,20200.0,148.72,3004144.0
2022-12-01,MSFT,S,1400.0,251.6071,352249.94
2022-12-01,MSFT,S,2815.0,252.5761,711001.7215
2022-12-01,MSFT,S,4541.0,253.4161,1150762.5101
2022-12-01,MSFT,S,6802.0,254.4833,1730995.4066
2022-12-01,MSFT,S,8186.0,255.5211,2091695.7246
2022-12-01,MSFT,S,400.0,256.0463,102418.52
2022-12-15,NVDA,S,2494.0,167.89,418717.66
2022-12-19,NVDA,S,293.0,165.8,48579.4
2022-12-21,NVDA,S,58600.0,165.08,9673688.0
2022-12-21,NVDA,S,1400.0,165.57,231798.0
2023-01-09,NVDA,S,60000.0,158.03,9481800.0
2023-01-09,NVDA,S,30000.0,159.21,4776300.0
2023-01-09,NVDA,S,30000.0,160.1,4803000.0
2023-01-10,NVDA,S,90000.0,157.92,14212799.999999998
2023-01-12,NVDA,S,45000.0,164.7,7411499.999999999
2023-01-13,NVDA,S,20000.0,167.42,3348399.9999999995
2023-01-26,NVDA,S,10741.0,200.0,2148200.0
2023-01-27,NVDA,S,23532.0,205.0,4824060.0
2023-02-09,MSFT,S,1000.0,269.38,269380.0
2023-02-13,MSFT,S,1000.0,272.3233,272323.30000000005
2023-02-24,NVDA,S,7500.0,230.4003,1728002.25
2023-02-27,NVDA,S,6800.0,235.3089,1600100.52
2023-02-27,NVDA,S,6100.0,236.2549,1441154.89
2023-02-27,NVDA,S,5700.0,237.3644,1352977.0799999998
2023-02-27,NVDA,S,1400.0,237.9968,333195.52
2023-02-28,MSFT,S,4767.0,248.88,1186410.96
2023-03-13,NVDA,S,300.0,223.71,67113.0
2023-03-13,NVDA,S,900.0,227.12,204408.0
2023-03-13,NVDA,S,700.0,227.99,159593.0
2023-03-13,NVDA,S,1300.0,229.16,297908.0
2023-03-13,NVDA,S,1537.0,230.45,354201.65
2023-03-13,NVDA,S,1263.0,231.61,292523.43
2023-03-22,AAPL,S,187730.0,159.76,29991744.8
2023-03-30,NVDA,S,5000.0,274.553,1372765.0
2023-04-03,AAPL,S,17664.0,164.73,2909790.72
2023-04-03,AAPL,S,25958.0,165.87,4305653.46
2023-04-03,AAPL,S,26623.0,164.67,4384009.409999999
2023-04-03,AAPL,S,29449.0,165.62,4877343.38
2023-04-03,AAPL,S,33407.0,164.71,5502466.970000001
2023-04-03,AAPL,S,38818.0,165.81,6436412.58
2023-04-04,AAPL,S,77430.0,166.11,12861897.3
2023-04-04,AAPL,S,387.0,166.62,64481.94
2023-04-06,AAPL,S,200.0,164.92,32984.0
2023-04-13,AAPL,S,69996.0,165.25,11566839.0
2023-05-01,MSFT,S,30000.0,306.09,9182700.0
2023-05-05,MSFT,S,5000.0,310.05,1550250.0
2023-05-08,AAPL,S,4092.0,173.26,708979.9199999999
2023-05-09,MSFT,S,5000.0,308.705,1543525.0
2023-05-10,MSFT,S,4177.0,312.905,1307004.1849999998
2023-05-16,MSFT,S,5081.0,312.5416,1588023.8696
2023-05-18,MSFT,S,5000.0,316.8707,1584353.5
2023-05-18,NVDA,S,23084.0,305.0,7040620.0
2023-05-26,NVDA,S,100000.0,379.0,37900000.0
2023-05-26,NVDA,S,7800.0,386.031,3011041.8
2023-05-30,NVDA,S,900.0,400.254,360228.60000000003
2023-05-30,NVDA,S,630.0,401.416,252892.08
2023-05-30,NVDA,S,400.0,402.248,160899.19999999998
2023-05-30,NVDA,S,500.0,403.342,201671.0
2023-05-30,NVDA,S,200.0,404.155,80831.0
2023-05-30,NVDA,S,500.0,405.756,202878.0
2023-05-30,NVDA,S,300.0,408.043,122412.9
2023-05-30,NVDA,S,900.0,409.227,368304.3
2023-05-30,NVDA,S,600.0,410.455,246273.0
2023-05-30,NVDA,S,400.0,411.595,164638.0
2023-05-30,NVDA,S,400.0,412.478,164991.2
2023-05-30,NVDA,S,294.0,413.841,121669.254
2023-05-30,NVDA,S,100.0,417.79,41779.0
2023-06-01,NVDA,S,383.0,384.89,147412.87
2023-06-02,MSFT,S,1250.0,334.7701,418462.625
2023-06-02,NVDA,S,70205.0,405.0,28433025.0
2023-06-07,NVDA,S,3500.0,384.0309,1344108.15
2023-06-13,NVDA,S,45739.0,400.38,18312980.82
2023-06-13,NVDA,S,19037.0,401.48,7642974.760000001
2023-06-13,NVDA,S,6471.0,402.53,2604771.63
2023-06-13,NVDA,S,3001.0,403.55,1211053.55
2023-06-13,NVDA,S,5282.0,404.51,2136621.82
2023-06-13,NVDA,S,4722.0,405.99,1917084.78
2023-06-13,NVDA,S,21574.0,406.84,8777166.16
2023-06-13,NVDA,S,13369.0,407.63,5449605.47
2023-06-13,NVDA,S,600.0,408.39,245034.0
2023-06-14,NVDA,S,50000.0,422.1544,21107720.0
2023-06-14,NVDA,S,860.0,424.69,365233.4
2023-06-16,NVDA,S,70000.0,430.0782,30105474.0
2023-06-16,NVDA,S,8602.0,433.9333,3732694.2466
2023-06-20,NVDA,S,36695.0,432.0089,15852566.5855
2023-06-20,NVDA,S,3305.0,432.6398,1429874.539
2023-06-26,NVDA,S,283.0,424.53,120141.99
2023-07-31,NVDA,P,62500.0,4.0,250000.0
2023-08-01,MSFT,S,28962.0,336.8867,9756912.6054
2023-08-01,MSFT,S,21038.0,337.6363,7103192.479400001
2023-08-07,AAPL,S,15419.0,178.56,2753216.64
2023-08-28,NVDA,S,21500.0,468.0761,10063636.15
2023-08-28,NVDA,S,200.0,451.565,90313.0
2023-08-28,NVDA,S,700.0,453.8814,317716.98
2023-08-28,NVDA,S,600.0,455.5483,273328.98
2023-08-28,NVDA,S,300.0,456.5833,136974.99
2023-08-28,NVDA,S,700.0,458.2871,320800.97000000003
2023-08-28,NVDA,S,137.0,459.6028,62965.5836
2023-08-28,NVDA,S,200.0,462.355,92471.0
2023-08-28,NVDA,S,300.0,463.7967,139139.01
2023-08-28,NVDA,S,300.0,464.9333,139479.99
2023-08-28,NVDA,S,301.0,466.2444,140339.5644
2023-08-28,NVDA,S,600.0,467.1567,280294.02
2023-08-28,NVDA,S,542.0,468.1768,253751.8256
2023-08-28,NVDA,S,100.0,469.0,46900.0
2023-08-29,NVDA,S,30675.0,489.9127,15028072.0725
2023-09-01,MSFT,S,26814.601,327.372,8778349.558572
2023-09-01,MSFT,S,10104.0,327.5625,3309691.5
2023-09-01,MSFT,S,19241.0,328.2869,6316568.2429
2023-09-01,MSFT,S,6264.0,329.3014,2062743.9696
2023-09-01,MSFT,S,1325.0,330.2249,437547.9925
2023-09-01,MSFT,S,1300.0,331.2377,430609.01
2023-09-01,NVDA,S,700.0,482.5329,337773.03
2023-09-01,NVDA,S,2674.0,483.3338,1292434.5812
2023-09-01,NVDA,S,4634.0,484.408,2244746.6720000003
2023-09-01,NVDA,S,7605.0,485.2885,3690619.0425
2023-09-01,NVDA,S,5575.0,486.308,2711167.1
2023-09-01,NVDA,S,2600.0,487.2835,1266937.1
2023-09-01,NVDA,S,2300.0,488.383,1123280.9
2023-09-01,NVDA,S,1100.0,489.41,538351.0
2023-09-01,NVDA,S,200.0,490.615,98123.0
2023-09-01,NVDA,S,400.0,491.6175,196647.0
2023-09-01,NVDA,S,600.0,492.7867,295672.02
2023-09-01,NVDA,S,400.0,494.4475,197779.0
2023-09-01,NVDA,S,500.0,495.632,247816.0
2023-09-01,NVDA,S,300.0,496.9233,149076.99
2023-09-01,NVDA,S,100.0,497.82,49782.0
2023-09-05,NVDA,S,100.0,478.97,47897.0
2023-09-05,NVDA,S,1000.0,480.482,480482.0
2023-09-05,NVDA,S,1600.0,481.4275,770284.0
2023-09-05,NVDA,S,3100.0,482.6268,1496143.08
2023-09-05,NVDA,S,5100.0,483.5934,2466326.34
2023-09-05,NVDA,S,6084.0,484.5783,2948174.3772
2023-09-05,NVDA,S,5315.0,485.6108,2581021.402
2023-09-05,NVDA,S,5008.0,486.6393,2437089.6144
2023-09-05,NVDA,S,2181.0,487.6181,1063495.0761
2023-09-05,NVDA,S,200.0,488.24,97648.0
2023-09-06,NVDA,S,1600.0,466.865,746984.0
2023-09-06,NVDA,S,2846.0,467.6665,1330978.859
2023-09-06,NVDA,S,2900.0,468.6638,1359125.02
2023-09-06,NVDA,S,7020.0,469.6286,3296792.772
2023-09-06,NVDA,S,8254.0,470.5673,3884062.4942
2023-09-06,NVDA,S,1800.0,471.4578,848624.04
2023-09-06,NVDA,S,300.0,472.5367,141761.01
2023-09-06,NVDA,S,200.0,473.57,94714.0
2023-09-06,NVDA,S,300.0,475.89,142767.0
2023-09-06,NVDA,S,200.0,477.95,95590.0
2023-09-06,NVDA,S,700.0,479.5343,335674.01
2023-09-06,NVDA,S,568.0,480.4422,272891.1696
2023-09-06,NVDA,S,600.0,481.71,289026.0
2023-09-06,NVDA,S,1400.0,482.8564,675998.96
2023-09-06,NVDA,S,400.0,483.4625,193385.0
2023-09-06,NVDA,S,500.0,484.738,242369.0
2023-09-06,NVDA,S,100.0,485.44,48544.0
2023-09-07,NVDA,S,600.0,453.7367,272242.02
2023-09-07,NVDA,S,1426.0,454.8442,648607.8292
2023-09-07,NVDA,S,2226.0,455.9116,1014859.2216
2023-09-07,NVDA,S,7571.0,456.7126,3457771.0946
2023-09-07,NVDA,S,5800.0,457.7974,2655224.92
2023-09-07,NVDA,S,4368.0,458.7662,2003890.7616
2023-09-07,NVDA,S,1100.0,459.5627,505518.97
2023-09-07,NVDA,S,2100.0,461.2957,968720.97
2023-09-07,NVDA,S,4097.0,462.2702,1893921.0094
2023-09-07,NVDA,S,400.0,462.955,185182.0
2023-09-11,NVDA,S,1000.0,443.924,443924.0
2023-09-11,NVDA,S,1400.0,445.1621,623226.9400000001
2023-09-11,NVDA,S,5497.0,446.1162,2452300.7514
2023-09-11,NVDA,S,3996.0,447.0619,1786459.3524
2023-09-11,NVDA,S,3200.0,448.1003,1433920.96
2023-09-11,NVDA,S,2304.0,449.2014,1034960.0256
2023-09-11,NVDA,S,3945.0,450.1311,1775767.1895
2023-09-11,NVDA,S,4589.0,451.2504,2070788.0856
2023-09-11,NVDA,S,1408.0,452.0923,636545.9584
2023-09-11,NVDA,S,900.0,452.98,407682.0
2023-09-11,NVDA,S,300.0,454.5633,136368.99000000002
2023-09-11,NVDA,S,100.0,456.8,45680.0
2023-09-11,NVDA,S,200.0,458.265,91653.0
2023-09-11,NVDA,S,600.0,459.625,275775.0
2023-09-11,NVDA,S,200.0,460.41,92082.0
2023-09-11,NVDA,S,49.0,461.63,22619.87
2023-09-12,NVDA,S,400.0,446.19,178476.0
2023-09-12,NVDA,S,200.0,446.965,89393.0
2023-09-12,NVDA,S,3764.0,448.9613,1689890.3332
2023-09-12,NVDA,S,2500.0,449.8936,1124734.0
2023-09-12,NVDA,S,3571.0,450.8405,1609951.4255
2023-09-12,NVDA,S,6948.0,451.903,3139822.044
2023-09-12,NVDA,S,3864.0,452.9436,1750174.0704
2023-09-12,NVDA,S,5200.0,453.7954,2359736.08
2023-09-12,NVDA,S,1841.0,454.914,837496.674
2023-09-12,NVDA,S,1400.0,455.8957,638253.98
2023-09-13,NVDA,S,200.0,445.575,89115.0
2023-09-13,NVDA,S,400.0,447.51,179004.0
2023-09-13,NVDA,S,1000.0,448.788,448788.0
2023-09-13,NVDA,S,2100.0,449.9295,944851.95
2023-09-13,NVDA,S,1600.0,451.1294,721807.0399999999
2023-09-13,NVDA,S,3900.0,452.1795,1763500.05
2023-09-13,NVDA,S,3939.0,453.1835,1785089.8065
2023-09-13,NVDA,S,3918.0,454.1943,1779533.2674
2023-09-13,NVDA,S,3990.0,455.1171,1815917.229
2023-09-13,NVDA,S,3532.0,456.4399,1612145.7268
2023-09-13,NVDA,S,3109.0,457.3827,1422002.8143
2023-09-13,NVDA,S,1600.0,458.2169,733147.04
2023-09-13,NVDA,S,400.0,459.0125,183605.0
2023-09-14,NVDA,S,1900.0,452.2295,859236.0499999999
2023-09-14,NVDA,S,1300.0,453.1746,589126.98
2023-09-14,NVDA,S,4237.0,454.1897,1924401.7589
2023-09-14,NVDA,S,7968.0,455.2982,3627816.0576
2023-09-14,NVDA,S,5216.0,456.139,2379221.024
2023-09-14,NVDA,S,4669.0,457.2575,2134935.2675
2023-09-14,NVDA,S,3594.0,458.1044,1646427.2136
2023-09-14,NVDA,S,800.0,458.9763,367181.04
2023-10-03,AAPL,S,61610.0,172.08,10601848.8
2023-10-03,AAPL,S,3926.0,172.65,677823.9
2023-10-03,AAPL,S,55664.0,171.42,9541922.88
2023-10-03,AAPL,S,99223.0,172.52,17117951.96
2023-10-03,AAPL,S,85682.0,173.18,14838408.76
2023-10-03,AAPL,S,25850.0,171.62,4436377.0
2023-10-03,AAPL,S,32886.0,172.23,5663955.779999999
2023-10-03,AAPL,S,6800.0,173.24,1178032.0
2023-10-06,AAPL,S,69785.0,177.0,12351945.0
2023-10-06,AAPL,S,32010.0,177.89,5694258.899999999
2023-10-09,AAPL,S,19000.0,178.55,3392450.0
2023-10-09,AAPL,S,12685.0,178.91,2269473.35
2023-11-10,AAPL,S,4806.0,184.04,884496.24
2023-11-13,MSFT,S,11500.0,367.377,4224835.5
2023-11-17,AAPL,S,123448.0,188.79,23305747.92
2023-11-24,NVDA,S,218.0,484.99,105727.82
2023-11-24,NVDA,S,280.0,482.0,134960.0
2023-11-27,NVDA,S,10000.0,483.1754,4831754.0
2023-11-27,NVDA,S,317.0,477.7092,151433.8164
2023-11-27,NVDA,S,2281.0,479.2621,1093196.8501
2023-11-27,NVDA,S,1834.0,480.2577,880792.6218
2023-11-27,NVDA,S,5185.0,481.307,2495576.795
2023-11-27,NVDA,S,3913.0,482.1824,1886779.7312
2023-11-27,NVDA,S,4647.0,483.3959,2246340.7473
2023-11-27,NVDA,S,1553.0,484.2081,751975.1793
2023-11-27,NVDA,S,270.0,485.077,130970.79
2023-11-28,NVDA,S,11000.0,477.7699,5255468.9
2023-11-28,NVDA,S,2000.0,475.898,951796.0
2023-11-28,NVDA,S,7368.0,476.7445,3512653.4760000003
2023-11-28,NVDA,S,3996.0,477.7192,1908965.9232
2023-11-28,NVDA,S,1500.0,478.754,718131.0
2023-11-28,NVDA,S,1892.0,480.2148,908566.4016
2023-11-28,NVDA,S,2244.0,481.1136,1079618.9184
2023-11-28,NVDA,S,800.0,482.0563,385645.04
2023-11-28,NVDA,S,200.0,482.835,96567.0
2023-11-29,AAPL,S,5513.0,192.0,1058496.0
2023-11-29,NVDA,S,400.0,479.3675,191747.0
2023-11-29,NVDA,S,2000.0,480.505,961010.0
2023-11-29,NVDA,S,4877.0,481.4336,2347951.6672
2023-11-29,NVDA,S,4652.0,482.3828,2244044.7856
2023-11-29,NVDA,S,1200.0,483.2842,579941.04
2023-11-29,NVDA,S,700.0,484.3629,339054.03
2023-11-29,NVDA,S,500.0,485.222,242611.0
2023-11-29,NVDA,S,1395.0,486.5039,678672.9405
2023-11-29,NVDA,S,100.0,487.29,48729.0
2023-12-08,MSFT,S,24680.983,369.0,9107282.727
2023-12-13,NVDA,S,4250.0,481.9877,2048447.725
2023-12-13,NVDA,S,10400.0,481.6,5008640.0
2023-12-15,NVDA,S,1000.0,492.525,492525.0
2023-12-15,NVDA,S,6872.0,489.9,3366592.8
2023-12-15,NVDA,S,3328.0,490.82,1633448.96
2023-12-18,NVDA,S,20000.0,500.043,10000860.0
2024-01-05,NVDA,S,450.0,484.62,218079.0
2024-01-08,NVDA,S,5676.0,500.0,2838000.0
2024-01-10,NVDA,S,18000.0,541.5919,9748654.2
2024-01-10,NVDA,S,3800.0,542.5,2061500.0
2024-01-10,NVDA,S,5000.0,543.5,2717500.0
2024-01-10,NVDA,S,8848.0,545.5,4826584.0
2024-01-11,NVDA,S,18500.0,549.8795,10172770.75
2024-01-12,NVDA,S,36000.0,546.954,19690344.0
2024-02-02,MSFT,S,45000.0,411.7784,18530028.0
2024-02-05,MSFT,S,1078.0,404.8921,436473.68380000006
2024-02-05,MSFT,S,1425.0,405.7466,578188.905
2024-02-05,MSFT,S,300.0,406.8433,122052.99
2024-02-05,MSFT,S,200.0,408.1,81620.0
2024-02-05,MSFT,S,300.0,410.2233,123066.99
2024-02-22,MSFT,S,1000000.0,1.95,1950000.0
2024-02-23,NVDA,S,5000.0,795.14,3975700.0
2024-02-23,NVDA,S,5000.0,800.0,4000000.0
2024-02-23,NVDA,S,15000.0,796.4461,11946691.5
2024-02-23,NVDA,S,4000.0,800.0,3200000.0
2024-02-23,NVDA,S,2909.0,805.7369,2343888.6421
2024-02-23,NVDA,S,1861.0,806.4855,1500869.5155
2024-02-23,NVDA,S,4945.0,807.8962,3995046.709
2024-02-23,NVDA,S,1404.0,809.3397,1136312.9388
2024-02-23,NVDA,S,1835.0,810.0574,1486455.329
2024-02-23,NVDA,S,900.0,811.4433,730298.97
2024-02-23,NVDA,S,900.0,812.2833,731054.9700000001
2024-02-23,NVDA,S,400.0,813.3775,325351.0
2024-02-23,NVDA,S,1500.0,814.4853,1221727.9500000002
2024-02-23,NVDA,S,1317.0,815.5542,1074084.8814
2024-02-23,NVDA,S,8960.0,816.8385,7318872.96
2024-02-23,NVDA,S,16290.0,817.7023,13320370.467
2024-02-23,NVDA,S,11185.0,818.6122,9156177.457
2024-02-23,NVDA,S,5282.0,819.6108,4329184.2456
2024-02-23,NVDA,S,2854.0,820.599,2341989.546
2024-02-23,NVDA,S,1958.0,821.5435,1608582.173
2024-02-23,NVDA,S,400.0,822.68,329072.0
2024-02-23,NVDA,S,100.0,823.72,82372.0
2024-02-26,NVDA,S,5000.0,800.74,4003700.0
2024-02-29,AAPL,S,100000.0,180.94,18094000.0
2024-03-01,MSFT,S,1276.0,410.94,524359.44
2024-03-04,NVDA,S,6000.0,852.0608,5112364.8
2024-03-04,NVDA,S,6000.0,855.0229,5130137.4
2024-03-05,NVDA,S,5000.0,845.128,4225640.0
2024-03-05,NVDA,S,1000.0,852.5009,852500.9
2024-03-05,NVDA,S,9590.0,851.3375,8164326.625
2024-03-05,NVDA,S,189410.0,850.0266,161003538.306
2024-03-07,NVDA,S,21600.0,919.2979,19856834.64
2024-03-07,NVDA,S,150.0,924.4875,138673.125
2024-03-11,MSFT,S,21955.333,403.96,8869076.31868
2024-03-11,MSFT,S,10000.0,403.649,4036490.0
2024-03-22,NVDA,S,450.0,911.62,410229.0
2024-03-25,NVDA,S,128.0,940.0,120320.0
2024-03-28,NVDA,S,11000.0,905.65,9962150.0
2024-04-01,AAPL,S,99183.0,170.03,16864085.49
2024-04-02,AAPL,S,54732.0,168.91,9244782.12
2024-04-02,AAPL,S,97062.0,168.62,16366594.44
2024-04-02,AAPL,S,165.0,169.3,27934.500000000004
2024-04-02,AAPL,S,54732.0,168.9,9244234.8
2024-04-02,NVDA,S,7000.0,887.8942,6215259.399999999
2024-04-05,NVDA,S,5500.0,877.0,4823500.0
2024-04-05,NVDA,S,5700.0,878.0,5004600.0
2024-04-05,NVDA,S,11500.0,882.36,10147140.0
2024-04-11,AAPL,S,59162.0,172.22,10188879.64
2024-04-11,AAPL,S,12700.0,173.19,2199513.0
2024-04-11,AAPL,S,27600.0,174.12,4805712.0
2024-04-11,AAPL,S,12894.0,175.02,2256707.8800000004
2024-05-15,AAPL,S,4999.0,190.395,951784.605
2024-05-23,MSFT,S,25000.0,425.678,10641950.0
2024-05-24,NVDA,S,9703.0,1058.57,10271304.71
2024-05-24,NVDA,S,1446.0,1059.81,1532485.26
2024-05-24,NVDA,S,3851.0,1060.57,4084255.07
2024-05-24,NVDA,S,198.0,1043.95,206702.1
2024-05-28,NVDA,S,57.0,1147.34,65398.38
2024-05-28,NVDA,S,327.0,1103.68,360903.36
2024-05-28,NVDA,S,92.0,1107.3,101871.6
2024-05-28,NVDA,S,105.0,1109.28,116474.4
2024-05-28,NVDA,S,220.0,1111.47,244523.4
2024-05-28,NVDA,S,141.0,1112.76,156899.16
2024-05-28,NVDA,S,78.0,1113.52,86854.56
2024-05-28,NVDA,S,195.0,1114.51,217329.45
2024-05-28,NVDA,S,272.0,1115.45,303402.4
2024-05-28,NVDA,S,232.0,1117.53,259266.96
2024-05-28,NVDA,S,160.0,1118.09,178894.4
2024-05-28,NVDA,S,120.0,1119.41,134329.2
2024-05-28,NVDA,S,122.0,1120.72,136727.84
2024-05-28,NVDA,S,99.0,1121.85,111063.15
2024-05-28,NVDA,S,30.0,1122.81,33684.3
2024-05-28,NVDA,S,33.0,1125.14,37129.62
2024-05-28,NVDA,S,126.0,1126.65,141957.90000000002
2024-05-28,NVDA,S,192.0,1127.82,216541.44
2024-05-28,NVDA,S,39.0,1129.16,44037.240000000005
2024-05-28,NVDA,S,89.0,1130.56,100619.84
2024-05-28,NVDA,S,138.0,1131.97,156211.86000000002
2024-05-28,NVDA,S,28.0,1133.07,31725.96
2024-05-28,NVDA,S,57.0,1134.73,64679.61
2024-05-28,NVDA,S,187.0,1135.63,212362.81000000003
2024-05-28,NVDA,S,231.0,1136.91,262626.21
2024-05-28,NVDA,S,141.0,1138.33,160504.53
2024-05-28,NVDA,S,91.0,1139.59,103702.69
2024-05-28,NVDA,S,124.0,1140.63,141438.12000000002
2024-05-28,NVDA,S,129.0,1142.08,147328.31999999998
2024-05-28,NVDA,S,48.0,1143.77,54900.96
2024-05-28,NVDA,S,33.0,1145.27,37793.91
2024-05-28,NVDA,S,1438.0,1117.72,1607281.36
2024-05-28,NVDA,S,5000.0,1140.04,5700200.0
2024-05-29,NVDA,S,17000.0,1148.01,19516170.0
2024-05-29,NVDA,S,5000.0,1150.03,5750150.0
2024-05-30,AAPL,S,75000.0,191.58,14368500.000000002
2024-05-30,NVDA,S,9639.0,1130.14,10893419.46
2024-05-30,NVDA,S,300.0,1131.24,339372.0
2024-05-31,MSFT,S,322.0,416.6,134145.2
2024-06-03,MSFT,S,244.0,415.53,101389.32
2024-06-03,NVDA,S,222.0,1121.75,249028.5
2024-06-03,NVDA,S,200.0,1124.7,224940.0
2024-06-03,NVDA,S,300.0,1125.97,337791.0
2024-06-03,NVDA,S,500.0,1127.26,563630.0
2024-06-03,NVDA,S,200.0,1128.59,225718.0
2024-06-03,NVDA,S,600.0,1129.71,677826.0
2024-06-03,NVDA,S,500.0,1130.82,565410.0
2024-06-03,NVDA,S,700.0,1131.92,792344.0
2024-06-03,NVDA,S,1100.0,1133.22,1246542.0
2024-06-03,NVDA,S,900.0,1134.29,1020861.0
2024-06-03,NVDA,S,1300.0,1135.31,1475903.0
2024-06-03,NVDA,S,1161.0,1136.47,1319441.67
2024-06-03,NVDA,S,2104.0,1137.45,2393194.8000000003
2024-06-03,NVDA,S,1100.0,1138.32,1252152.0
2024-06-03,NVDA,S,1130.0,1139.38,1287499.4
2024-06-03,NVDA,S,419.0,1140.38,477819.22
2024-06-03,NVDA,S,402.0,1141.72,458971.44
2024-06-03,NVDA,S,400.0,1142.84,457136.0
2024-06-03,NVDA,S,500.0,1144.16,572080.0
2024-06-03,NVDA,S,400.0,1145.28,458112.0
2024-06-03,NVDA,S,200.0,1146.45,229290.0
2024-06-03,NVDA,S,200.0,1147.79,229558.0
2024-06-03,NVDA,S,431.0,1149.14,495279.34
2024-06-03,NVDA,S,31.0,1149.93,35647.83
2024-06-03,NVDA,S,4500.0,1138.0,5121000.0
2024-06-03,NVDA,S,4400.0,1140.43,5017892.0
2024-06-04,NVDA,S,400.0,1141.71,456684.0
2024-06-04,NVDA,S,1200.0,1143.28,1371936.0
2024-06-04,NVDA,S,900.0,1144.12,1029708.0
2024-06-04,NVDA,S,1400.0,1145.4,1603560.0000000002
2024-06-04,NVDA,S,700.0,1146.23,802361.0
2024-06-04,NVDA,S,600.0,1147.86,688715.9999999999
2024-06-04,NVDA,S,1001.0,1148.97,1150118.97
2024-06-04,NVDA,S,1200.0,1149.89,1379868.0000000002
2024-06-04,NVDA,S,2000.0,1151.14,2302280.0
2024-06-04,NVDA,S,304.0,1151.88,350171.52
2024-06-04,NVDA,S,600.0,1153.55,692130.0
2024-06-04,NVDA,S,300.0,1154.67,346401.0
2024-06-04,NVDA,S,500.0,1155.5,577750.0
2024-06-04,NVDA,S,400.0,1156.72,462688.0
2024-06-04,NVDA,S,500.0,1157.71,578855.0
2024-06-04,NVDA,S,500.0,1159.21,579605.0
2024-06-04,NVDA,S,700.0,1160.57,812399.0
2024-06-04,NVDA,S,200.0,1161.38,232276.00000000003
2024-06-04,NVDA,S,400.0,1162.53,465012.0
2024-06-04,NVDA,S,380.0,1163.74,442221.2
2024-06-04,NVDA,S,715.0,1164.44,832574.6000000001
2024-06-04,NVDA,S,100.0,1165.27,116527.0
2024-06-05,NVDA,S,300.0,1221.95,366585.0
2024-06-05,NVDA,S,200.0,1222.85,244570.0
2024-06-05,NVDA,S,215.0,1224.04,263168.6
2024-06-05,NVDA,S,100.0,1175.67,117567.0
2024-06-05,NVDA,S,100.0,1178.97,117897.0
2024-06-05,NVDA,S,400.0,1180.56,472224.0
2024-06-05,NVDA,S,100.0,1181.22,118122.0
2024-06-05,NVDA,S,400.0,1183.42,473368.0
2024-06-05,NVDA,S,200.0,1184.54,236908.0
2024-06-05,NVDA,S,300.0,1187.19,356157.0
2024-06-05,NVDA,S,100.0,1189.8,118980.0
2024-06-05,NVDA,S,500.0,1191.52,595760.0
2024-06-05,NVDA,S,300.0,1192.14,357642.00000000006
2024-06-05,NVDA,S,400.0,1193.82,477528.0
2024-06-05,NVDA,S,200.0,1194.75,238950.0
2024-06-05,NVDA,S,200.0,1196.29,239258.0
2024-06-05,NVDA,S,900.0,1197.55,1077795.0
2024-06-05,NVDA,S,1444.0,1198.71,1730937.24
2024-06-05,NVDA,S,1227.0,1199.39,1471651.53
2024-06-05,NVDA,S,100.0,1203.97,120397.0
2024-06-05,NVDA,S,100.0,1205.02,120502.0
2024-06-05,NVDA,S,400.0,1207.83,483132.0
2024-06-05,NVDA,S,206.0,1209.94,249247.64
2024-06-05,NVDA,S,200.0,1210.96,242192.0
2024-06-05,NVDA,S,400.0,1212.63,485052.00000000006
2024-06-05,NVDA,S,200.0,1213.59,242718.0
2024-06-05,NVDA,S,200.0,1214.7,242940.0
2024-06-05,NVDA,S,248.0,1216.47,301684.56
2024-06-05,NVDA,S,500.0,1217.22,608610.0
2024-06-05,NVDA,S,100.0,1218.11,121811.0
2024-06-05,NVDA,S,500.0,1219.56,609780.0
2024-06-05,NVDA,S,400.0,1220.83,488332.0
2024-06-05,NVDA,S,8000.0,1197.2,9577600.0
2024-06-05,NVDA,S,8000.0,1199.25,9594000.0
2024-06-05,NVDA,S,670.0,1219.02,816743.4
2024-06-07,NVDA,S,1409.0,1197.3594,1687079.3946
2024-06-07,NVDA,S,4008.0,1196.4958,4795555.1664
2024-06-07,NVDA,S,20969.0,1195.543,25069341.167
2024-06-07,NVDA,S,73614.0,1194.1402,87905436.68280001
2024-06-11,NVDA,S,150000.0,120.4219,18063285.0
2024-06-12,NVDA,S,320000.0,125.8773,40280736.0
2024-06-13,NVDA,S,15935.0,127.7824,2036212.544
2024-06-13,NVDA,S,57977.0,128.5528,7453105.685599999
2024-06-13,NVDA,S,46088.0,129.3184,5960026.419199999
2024-06-14,NVDA,S,6125.0,128.8395,789141.9374999999
2024-06-14,NVDA,S,12865.0,129.4266,1665073.209
2024-06-14,NVDA,S,22908.0,130.6515,2992964.562
2024-06-14,NVDA,S,62727.0,131.6038,8255111.562600001
2024-06-14,NVDA,S,15375.0,132.2372,2033146.95
2024-06-17,NVDA,S,655.0,129.7985,85018.01749999999
2024-06-17,NVDA,S,24748.0,130.7238,3235152.6024
2024-06-17,NVDA,S,38788.0,131.5125,5101106.85
2024-06-17,NVDA,S,49162.0,132.297,6503985.114
2024-06-17,NVDA,S,6647.0,133.3176,886162.0872
2024-06-18,NVDA,S,905.0,130.8833,118449.3865
2024-06-18,NVDA,S,16318.0,131.5792,2147109.3856
2024-06-18,NVDA,S,7255.0,132.5703,961797.5265
2024-06-18,NVDA,S,33651.0,133.2829,4485102.8679
2024-06-18,NVDA,S,19078.0,134.4696,2565411.0288000004
2024-06-18,NVDA,S,38066.0,135.6103,5162141.6798
2024-06-18,NVDA,S,4727.0,136.1154,643417.4957999999
2024-06-20,NVDA,S,822.0,129.8217,106713.4374
2024-06-20,NVDA,S,7454.0,130.6168,973617.6272
2024-06-20,NVDA,S,19931.0,131.4692,2620312.6252
2024-06-20,NVDA,S,15265.0,132.4967,2022562.1255
2024-06-20,NVDA,S,5555.0,133.4268,741185.874
2024-06-20,NVDA,S,1751.0,134.4189,235367.4939
2024-06-20,NVDA,S,1462.0,135.3806,197926.4372
2024-06-20,NVDA,S,4299.0,136.5668,587100.6732
2024-06-20,NVDA,S,8902.0,137.5157,1224164.7614000002
2024-06-20,NVDA,S,25498.0,138.6648,3535675.0704000005
2024-06-20,NVDA,S,20837.0,139.5082,2906932.3634
2024-06-20,NVDA,S,8224.0,140.2401,1153334.5824000002
2024-06-21,NVDA,S,899.0,124.7483,112148.7217
2024-06-21,NVDA,S,14073.0,125.6123,1767741.8979
2024-06-21,NVDA,S,56631.0,126.5165,7164755.911499999
2024-06-21,NVDA,S,23763.0,127.5389,3030706.8807
2024-06-21,NVDA,S,13343.0,128.407,1713334.6010000005
2024-06-21,NVDA,S,9538.0,129.514,1235304.532
2024-06-21,NVDA,S,1753.0,130.2868,228392.7604
2024-06-21,NVDA,S,7384.0,125.3904,925882.7136
2024-06-21,NVDA,S,48416.0,126.3454,6117138.8864
2024-06-21,NVDA,S,21930.0,127.1488,2788373.184
2024-06-21,NVDA,S,11941.0,128.1575,1530328.7075
2024-06-21,NVDA,S,7529.0,129.2659,973242.9611
2024-06-21,NVDA,S,2800.0,130.0433,364121.24
2024-06-21,NVDA,S,4500.0,128.1668,576750.6
2024-06-24,NVDA,S,12864.0,118.7148,1527147.1872
2024-06-24,NVDA,S,24506.0,119.6266,2931569.4596
2024-06-24,NVDA,S,28778.0,120.5003,3467757.6334
2024-06-24,NVDA,S,6670.0,121.6123,811154.0410000001
2024-06-24,NVDA,S,13538.0,122.6929,1661016.4802
2024-06-24,NVDA,S,13044.0,123.5797,1611973.6068
2024-06-24,NVDA,S,600.0,124.3317,74599.02
2024-06-24,NVDA,S,12159.0,118.6297,1442418.5223
2024-06-24,NVDA,S,30307.0,119.5226,3622371.4382
2024-06-24,NVDA,S,36169.0,120.4533,4356675.4077
2024-06-24,NVDA,S,9324.0,121.5154,1133009.5896
2024-06-24,NVDA,S,13952.0,122.6326,1710970.0352
2024-06-24,NVDA,S,16885.0,123.5267,2085748.3295
2024-06-24,NVDA,S,1204.0,124.0656,149374.9824
2024-06-25,NVDA,S,3001.0,119.8649,359714.5649
2024-06-25,NVDA,S,10964.0,120.9954,1326593.5656
2024-06-25,NVDA,S,25560.0,121.8755,3115137.7800000003
2024-06-25,NVDA,S,2850.0,122.9669,350455.665
2024-06-25,NVDA,S,16435.0,124.023,2038318.005
2024-06-25,NVDA,S,30430.0,124.8779,3800034.497
2024-06-25,NVDA,S,10660.0,125.9284,1342396.744
2024-06-25,NVDA,S,100.0,126.461,12646.1
2024-06-25,NVDA,S,1948.0,119.6669,233111.1212
2024-06-25,NVDA,S,8194.0,120.6128,988301.2832
2024-06-25,NVDA,S,29021.0,121.599,3528924.579
2024-06-25,NVDA,S,11089.0,122.2362,1355477.2218
2024-06-25,NVDA,S,9228.0,123.6424,1140972.0672
2024-06-25,NVDA,S,35500.0,124.5556,4421723.8
2024-06-25,NVDA,S,19266.0,125.3699,2415376.4934
2024-06-25,NVDA,S,5754.0,126.1941,726120.8514
2024-06-26,NVDA,S,1560.0,122.8817,191695.452
2024-06-26,NVDA,S,45036.0,123.5646,5564855.3256
2024-06-26,NVDA,S,24385.0,124.3984,3033454.984
2024-06-26,NVDA,S,17263.0,125.4853,2166252.7339
2024-06-26,NVDA,S,18657.0,126.5406,2360867.9742
2024-06-26,NVDA,S,12699.0,127.3739,1617521.1561
2024-06-26,NVDA,S,400.0,128.045,51217.99999999999
2024-06-27,NVDA,S,200.0,122.97,24594.0
2024-06-27,NVDA,S,30811.0,123.6578,3810020.4758
2024-06-27,NVDA,S,75300.0,124.5,9374850.0
2024-06-27,NVDA,S,12602.0,125.3517,1579682.1234
2024-06-27,NVDA,S,1087.0,126.1549,137130.3763
2024-06-28,NVDA,S,550.0,122.9018,67595.98999999999
2024-06-28,NVDA,S,20330.0,123.6804,2514422.532
2024-06-28,NVDA,S,45629.0,124.3141,5672328.068899999
2024-06-28,NVDA,S,20877.0,125.6139,2622441.3903
2024-06-28,NVDA,S,25041.0,126.3882,3164886.9162
2024-06-28,NVDA,S,7573.0,127.1861,963180.3353
2024-07-01,NVDA,S,200.0,118.945,23789.0
2024-07-01,NVDA,S,5973.0,119.6197,714488.4680999999
2024-07-01,NVDA,S,11226.0,120.5477,1353268.4802
2024-07-01,NVDA,S,20311.0,121.5859,2469531.2149
2024-07-01,NVDA,S,13949.0,122.3601,1706801.0349
2024-07-01,NVDA,S,37339.0,123.5628,4613711.3892
2024-07-01,NVDA,S,31002.0,124.2454,3851855.8908
2024-07-02,NVDA,S,37998.0,121.6668,4623095.0664
2024-07-02,NVDA,S,75208.0,122.4405,9208505.124
2024-07-02,NVDA,S,6794.0,123.1642,836777.5748
2024-07-03,NVDA,S,12485.0,121.8738,1521594.393
2024-07-03,NVDA,S,48562.0,122.2538,5936889.0356
2024-07-03,NVDA,S,3306.0,123.6096,408653.3376
2024-07-03,NVDA,S,4195.0,124.5084,522312.738
2024-07-03,NVDA,S,15243.0,125.5593,1913900.4099
2024-07-03,NVDA,S,7260.0,126.5215,918546.09
2024-07-03,NVDA,S,26322.0,127.4541,3354846.8202
2024-07-03,NVDA,S,2627.0,128.085,336479.29500000004
2024-07-05,NVDA,S,1061.0,125.9134,133594.1174
2024-07-05,NVDA,S,48981.0,126.7294,6207332.7414
2024-07-05,NVDA,S,64455.0,127.3786,8210187.663000001
2024-07-05,NVDA,S,5503.0,128.2262,705628.7786000001
2024-07-08,NVDA,S,23016.0,127.7409,2940084.5544
2024-07-08,NVDA,S,72615.0,128.4858,9329996.367
2024-07-08,NVDA,S,15716.0,129.4238,2034024.4408
2024-07-08,NVDA,S,8653.0,130.3304,1127748.9512
2024-07-09,NVDA,S,325.0,128.8846,41887.495
2024-07-09,NVDA,S,6145.0,129.6715,796831.3675
2024-07-09,NVDA,S,32827.0,130.4642,4282748.2934
2024-07-09,NVDA,S,46346.0,131.4517,6092260.4882
2024-07-09,NVDA,S,27148.0,132.4945,3596960.686
2024-07-09,NVDA,S,7209.0,133.3506,961324.4754
2024-07-09,NVDA,S,316092.0,130.6476,41296661.1792
2024-07-09,NVDA,S,68908.0,131.14,9036595.12
2024-07-10,NVDA,S,5252.0,132.8281,697613.1812
2024-07-10,NVDA,S,41010.0,133.5866,5478386.466
2024-07-10,NVDA,S,73638.0,134.4833,9903081.2454
2024-07-10,NVDA,S,100.0,135.07,13507.0
2024-07-10,NVDA,S,400000.0,134.1619,53664760.0
2024-07-11,NVDA,S,11338.0,127.6962,1447819.5156
2024-07-11,NVDA,S,34067.0,128.4863,4377142.7821
2024-07-11,NVDA,S,20834.0,129.474,2697461.316
2024-07-11,NVDA,S,12338.0,130.5589,1610835.7082
2024-07-11,NVDA,S,10005.0,131.458,1315237.29
2024-07-11,NVDA,S,2767.0,132.3813,366299.0571
2024-07-11,NVDA,S,10990.0,133.6765,1469104.735
2024-07-11,NVDA,S,13055.0,134.4253,1754922.2914999998
2024-07-11,NVDA,S,4506.0,135.5507,610791.4542
2024-07-11,NVDA,S,100.0,136.0,13600.0
2024-07-12,NVDA,S,156023.0,129.8146,20254063.335800003
2024-07-12,NVDA,S,4530.0,127.7646,578773.638
2024-07-12,NVDA,S,9996.0,128.4859,1284345.0564
2024-07-12,NVDA,S,26323.0,129.5391,3409857.7293
2024-07-12,NVDA,S,39651.0,130.492,5174138.291999999
2024-07-12,NVDA,S,19610.0,131.4041,2576834.401
2024-07-12,NVDA,S,5383.0,127.7578,687720.2374
2024-07-12,NVDA,S,13539.0,128.446,1739030.394
2024-07-12,NVDA,S,33761.0,129.5522,4373811.8242
2024-07-12,NVDA,S,47394.0,130.4932,6184594.7208
2024-07-12,NVDA,S,19923.0,131.4011,2617904.1153
2024-07-15,NVDA,S,21020.0,127.7886,2686116.372
2024-07-15,NVDA,S,47986.0,128.4358,6163120.2988
2024-07-15,NVDA,S,31099.0,129.4782,4026642.5418
2024-07-15,NVDA,S,18681.0,130.3399,2434879.6719
2024-07-15,NVDA,S,1214.0,131.1704,159240.8656
2024-07-16,NVDA,S,2032.0,124.8385,253671.832
2024-07-16,NVDA,S,47007.0,125.6945,5908521.361500001
2024-07-16,NVDA,S,48576.0,126.3402,6137101.555199999
2024-07-16,NVDA,S,9695.0,127.7808,1238834.856
2024-07-16,NVDA,S,12590.0,128.4396,1617054.5640000002
2024-07-16,NVDA,S,100.0,129.01,12901.0
2024-07-17,NVDA,S,800.0,116.9026,93522.08
2024-07-17,NVDA,S,10711.0,117.7198,1260896.7778
2024-07-17,NVDA,S,50730.0,118.4823,6010607.079
2024-07-17,NVDA,S,33137.0,119.4416,3957936.2992
2024-07-17,NVDA,S,12559.0,120.6708,1515504.5772
2024-07-17,NVDA,S,12063.0,121.2334,1462438.5042
2024-07-18,NVDA,S,3441.0,116.8258,401997.5778
2024-07-18,NVDA,S,6082.0,117.5928,715199.4096
2024-07-18,NVDA,S,17314.0,118.5076,2051840.5864
2024-07-18,NVDA,S,30773.0,119.5547,3679056.7831
2024-07-18,NVDA,S,46075.0,120.4543,5549931.8725000005
2024-07-18,NVDA,S,14717.0,121.3381,1785732.8177
2024-07-18,NVDA,S,1598.0,122.1224,195151.5952
2024-07-19,NVDA,S,17307.0,117.858,2039768.406
2024-07-19,NVDA,S,44362.0,118.4147,5253112.921399999
2024-07-19,NVDA,S,35282.0,119.4773,4215398.0986
2024-07-19,NVDA,S,20475.0,120.4709,2466641.6775
2024-07-19,NVDA,S,2574.0,121.2065,311985.531
2024-07-22,NVDA,S,300.0,119.9533,35985.99
2024-07-22,NVDA,S,15421.0,120.5776,1859427.1696
2024-07-22,NVDA,S,30698.0,121.567,3731863.766
2024-07-22,NVDA,S,44933.0,122.5262,5505469.7446
2024-07-22,NVDA,S,28334.0,123.3972,3496336.2648
2024-07-22,NVDA,S,314.0,124.0245,38943.693
2024-07-23,NVDA,S,44236.0,122.7186,5428579.9896
2024-07-23,NVDA,S,55031.0,123.5103,6796895.3193
2024-07-23,NVDA,S,20733.0,124.2004,2575046.8932
2024-07-24,NVDA,S,500.0,113.854,56927.0
2024-07-24,NVDA,S,12202.0,114.5506,1397746.4212
2024-07-24,NVDA,S,13850.0,115.5799,1600781.615
2024-07-24,NVDA,S,23424.0,116.4168,2726947.1232
2024-07-24,NVDA,S,22424.0,117.6689,2638607.4136
2024-07-24,NVDA,S,37801.0,118.5046,4479592.3846
2024-07-24,NVDA,S,9799.0,119.2609,1168637.5591
2024-07-25,NVDA,S,1978.0,106.7889,211228.4442
2024-07-25,NVDA,S,2751.0,107.3842,295413.9342
2024-07-25,NVDA,S,4487.0,108.5411,487023.9157
2024-07-25,NVDA,S,4369.0,109.4555,478211.0795
2024-07-25,NVDA,S,4597.0,110.621,508524.737
2024-07-25,NVDA,S,10062.0,111.5327,1122242.0274
2024-07-25,NVDA,S,13945.0,112.5003,1568816.6835
2024-07-25,NVDA,S,20036.0,113.5474,2275035.7064
2024-07-25,NVDA,S,33483.0,114.5484,3835424.0772
2024-07-25,NVDA,S,19117.0,115.4841,2207709.5397
2024-07-25,NVDA,S,5175.0,116.2227,601452.4725
2024-07-26,NVDA,S,1093.0,111.7904,122186.9072
2024-07-26,NVDA,S,40010.0,112.6801,4508330.801
2024-07-26,NVDA,S,40254.0,113.4359,4566248.7186
2024-07-26,NVDA,S,29097.0,114.3478,3327177.9366
2024-07-26,NVDA,S,9546.0,115.3466,1101098.6436
2024-07-29,NVDA,S,23369.0,111.8076,2612831.8044
2024-07-29,NVDA,S,34315.0,112.3601,3855636.8315
2024-07-29,NVDA,S,22487.0,113.3188,2548199.8556
2024-07-29,NVDA,S,20817.0,114.6734,2387156.1678
2024-07-29,NVDA,S,17842.0,115.4828,2060444.1176
2024-07-29,NVDA,S,1170.0,116.1079,135846.243
2024-07-30,NVDA,S,1000.0,102.854,102854.0
2024-07-30,NVDA,S,8794.0,103.6757,911724.1058
2024-07-30,NVDA,S,32562.0,104.5481,3404295.2322
2024-07-30,NVDA,S,24594.0,105.4372,2593122.4968000003
2024-07-30,NVDA,S,8540.0,106.5551,909980.554
2024-07-30,NVDA,S,10485.0,107.4363,1126469.6055
2024-07-30,NVDA,S,14960.0,108.5924,1624542.304
2024-07-30,NVDA,S,5995.0,109.2693,655069.4535000001
2024-07-30,NVDA,S,1523.0,110.4946,168283.2758
2024-07-30,NVDA,S,11547.0,111.4202,1286569.0494
2024-07-31,NVDA,S,188.0,110.9847,20865.1236
2024-07-31,NVDA,S,3995.0,111.593,445814.035
2024-07-31,NVDA,S,3018.0,112.6752,340053.7536
2024-07-31,NVDA,S,8003.0,113.461,908028.383
2024-07-31,NVDA,S,26149.0,114.6826,2998835.3074
2024-07-31,NVDA,S,34076.0,115.4724,3934837.5024
2024-07-31,NVDA,S,22893.0,116.5184,2667455.7312
2024-07-31,NVDA,S,20531.0,117.4189,2410727.4359
2024-07-31,NVDA,S,1147.0,118.0893,135448.4271
2024-08-01,NVDA,S,784.0,106.9405,83841.352
2024-08-01,NVDA,S,15107.0,107.6353,1626046.4771
2024-08-01,NVDA,S,17879.0,108.5009,1939887.5911
2024-08-01,NVDA,S,6532.0,109.2986,713938.4552
2024-08-01,NVDA,S,3662.0,110.4857,404598.6334
2024-08-01,NVDA,S,7449.0,111.4435,830142.6315
2024-08-01,NVDA,S,7018.0,112.4934,789478.6812
2024-08-01,NVDA,S,11044.0,113.4906,1253390.1864
2024-08-01,NVDA,S,10088.0,114.4555,1154627.084
2024-08-01,NVDA,S,4052.0,115.625,468512.5
2024-08-01,NVDA,S,4314.0,116.6285,503135.349
2024-08-01,NVDA,S,12130.0,117.5872,1426332.736
2024-08-01,NVDA,S,12124.0,118.5049,1436753.4076
2024-08-01,NVDA,S,7219.0,119.4355,862204.8745
2024-08-01,NVDA,S,598.0,120.0536,71792.0528
2024-08-02,NVDA,S,2726.0,101.7675,277418.205
2024-08-02,NVDA,S,7439.0,102.7041,764015.7999
2024-08-02,NVDA,S,14350.0,103.5419,1485826.265
2024-08-02,NVDA,S,20574.0,104.4998,2149978.8852
2024-08-02,NVDA,S,38774.0,105.6069,4094801.9406
2024-08-02,NVDA,S,23410.0,106.4152,2491179.832
2024-08-02,NVDA,S,10820.0,107.4207,1162291.974
2024-08-02,NVDA,S,1907.0,108.227,206388.889
2024-08-05,AAPL,S,97600.0,206.42,20146592.0
2024-08-05,AAPL,S,2400.0,207.05,496920.0
2024-08-05,NVDA,S,641.0,91.7248,58795.5968
2024-08-05,NVDA,S,1908.0,92.4981,176486.3748
2024-08-05,NVDA,S,605.0,93.655,56661.275
2024-08-05,NVDA,S,921.0,94.6801,87200.3721
2024-08-05,NVDA,S,2505.0,95.5316,239306.658
2024-08-05,NVDA,S,3476.0,96.5363,335560.1788
2024-08-05,NVDA,S,1777.0,97.5589,173362.1653
2024-08-05,NVDA,S,9541.0,98.7366,942045.9006
2024-08-05,NVDA,S,35866.0,99.5525,3570549.965
2024-08-05,NVDA,S,33759.0,100.4994,3392759.2446
2024-08-05,NVDA,S,26349.0,101.4336,2672673.9264
2024-08-05,NVDA,S,2252.0,102.5443,230929.7636
2024-08-05,NVDA,S,400.0,103.1075,41243.0
2024-08-06,NVDA,S,1105.0,100.8528,111442.344
2024-08-06,NVDA,S,4041.0,101.5095,410199.8895
2024-08-06,NVDA,S,7420.0,102.5237,760725.854
2024-08-06,NVDA,S,14756.0,103.5319,1527716.7163999998
2024-08-06,NVDA,S,26389.0,104.4452,2756204.3828
2024-08-06,NVDA,S,26891.0,105.4799,2836459.9909
2024-08-06,NVDA,S,27946.0,106.5149,2976665.3954
2024-08-06,NVDA,S,11452.0,107.2306,1228004.8312
2024-08-07,NVDA,S,1801.0,98.8394,178009.7594
2024-08-07,NVDA,S,9415.0,99.6623,938320.5545
2024-08-07,NVDA,S,16466.0,100.3887,1653000.3342
2024-08-07,NVDA,S,4910.0,101.282,497294.62
2024-08-07,NVDA,S,10801.0,102.4816,1106903.7616
2024-08-07,NVDA,S,14563.0,103.549,1507984.087
2024-08-07,NVDA,S,14564.0,104.62,1523685.6800000002
2024-08-07,NVDA,S,19721.0,105.5318,2081192.6278
2024-08-07,NVDA,S,10883.0,106.3541,1157451.6703
2024-08-07,NVDA,S,12904.0,107.6078,1388571.0512
2024-08-07,NVDA,S,3972.0,108.1906,429733.0632
2024-08-08,NVDA,S,903.0,97.8019,88315.11570000001
2024-08-08,NVDA,S,2822.0,98.4704,277883.4688
2024-08-08,NVDA,S,5776.0,99.639,575514.864
2024-08-08,NVDA,S,12299.0,100.5423,1236569.7477
2024-08-08,NVDA,S,17577.0,101.4908,1783903.7916
2024-08-08,NVDA,S,19969.0,102.5673,2048166.4137
2024-08-08,NVDA,S,22811.0,103.4764,2360400.1604
2024-08-08,NVDA,S,26423.0,104.6263,2764540.7249
2024-08-08,NVDA,S,11420.0,105.1628,1200959.176
2024-08-09,AAPL,S,5178.0,216.5,1121037.0
2024-08-09,NVDA,S,7146.0,103.8462,742084.9452
2024-08-09,NVDA,S,69715.0,104.5696,7290069.664
2024-08-09,NVDA,S,40875.0,105.3669,4306872.0375
2024-08-09,NVDA,S,2264.0,106.2871,240633.9944
2024-08-15,AAPL,S,8706.0,225.0,1958850.0
2024-08-23,MSFT,S,7199.0,417.412,3004948.988
2024-08-30,NVDA,S,8241.0,117.814,970905.174
2024-08-30,NVDA,S,63072.0,118.5062,7474423.0464
2024-08-30,NVDA,S,29012.0,119.451,3465512.412
2024-08-30,NVDA,S,16149.0,120.4619,1945339.2231
2024-08-30,NVDA,S,3526.0,121.2909,427671.7134
2024-09-03,NVDA,S,4129.0,107.8088,445142.5352
2024-09-03,NVDA,S,22425.0,108.4498,2431986.765
2024-09-03,NVDA,S,8596.0,109.5475,941670.31
2024-09-03,NVDA,S,38949.0,110.4253,4300955.009699999
2024-09-03,NVDA,S,11653.0,111.342,1297468.326
2024-09-03,NVDA,S,18770.0,112.5095,2111803.315
2024-09-03,NVDA,S,12023.0,113.4549,1364068.2626999998
2024-09-03,NVDA,S,1587.0,114.4953,181704.0411
2024-09-03,NVDA,S,1158.0,115.533,133787.214
2024-09-03,NVDA,S,710.0,116.0321,82382.791
2024-09-04,MSFT,S,2800.0,404.985,1133958.0
2024-09-04,MSFT,S,5939.0,406.1717,2412253.7263
2024-09-04,MSFT,S,9648.0,407.0234,3926961.7632
2024-09-04,MSFT,S,7391.0,408.3398,3018039.4618
2024-09-04,MSFT,S,36955.0,409.1226,15119125.682999998
2024-09-04,MSFT,S,14120.0,410.1035,5790661.42
2024-09-04,MSFT,S,1500.0,410.816,616224.0
2024-09-04,NVDA,S,2937.0,104.6212,307272.4644
2024-09-04,NVDA,S,17575.0,105.7284,1858176.63
2024-09-04,NVDA,S,20522.0,106.49,2185387.78
2024-09-04,NVDA,S,24264.0,107.5299,2609105.4936
2024-09-04,NVDA,S,34465.0,108.5248,3740307.232
2024-09-04,NVDA,S,20237.0,109.3024,2211952.6688
2024-09-05,MSFT,S,38000.0,410.5472,15600793.6
2024-09-05,NVDA,S,201.0,104.88,21080.88
2024-09-05,NVDA,S,3093.0,105.479,326246.547
2024-09-05,NVDA,S,37421.0,106.7214,3993621.5094
2024-09-05,NVDA,S,45904.0,107.3395,4927312.408
2024-09-05,NVDA,S,26289.0,108.4235,2850345.3915
2024-09-05,NVDA,S,7092.0,109.2331,774681.1451999999
2024-09-06,NVDA,S,70.0,100.99,7069.299999999999
2024-09-06,NVDA,S,15831.0,101.7539,1610865.9909
2024-09-06,NVDA,S,48502.0,102.4629,4969655.575800001
2024-09-06,NVDA,S,22625.0,103.2694,2336470.1750000003
2024-09-06,NVDA,S,12371.0,104.603,1294043.713
2024-09-06,NVDA,S,10622.0,105.3727,1119268.8194
2024-09-06,NVDA,S,3953.0,106.2611,420050.1283
2024-09-06,NVDA,S,5794.0,107.4849,622767.5105999999
2024-09-06,NVDA,S,232.0,108.0,25056.0
2024-09-09,MSFT,S,39970.0,402.5883,16091454.351
2024-09-09,MSFT,S,30.0,403.3,12099.0
2024-09-09,NVDA,S,3077.0,103.9209,319764.6093
2024-09-09,NVDA,S,27423.0,104.5483,2867028.0309
2024-09-09,NVDA,S,70982.0,105.4773,7486989.7086
2024-09-09,NVDA,S,18518.0,106.1575,1965824.585
2024-09-10,MSFT,S,2500.0,411.043,1027607.5
2024-09-10,MSFT,S,17377.576,411.8464,7156892.116326401
2024-09-10,NVDA,S,126.0,104.99,13228.74
2024-09-10,NVDA,S,14411.0,105.6127,1521984.6197000002
2024-09-10,NVDA,S,39272.0,106.5662,4185067.8064
2024-09-10,NVDA,S,59590.0,107.3396,6396366.764
2024-09-10,NVDA,S,5501.0,108.3271,595907.3771
2024-09-10,NVDA,S,1100.0,109.2059,120126.49
2024-09-11,NVDA,S,3821.0,107.7877,411856.8017
2024-09-11,NVDA,S,14310.0,108.582,1553808.42
2024-09-11,NVDA,S,19230.0,109.4587,2104890.801
2024-09-11,NVDA,S,19087.0,110.4715,2108569.5205
2024-09-11,NVDA,S,11400.0,111.5284,1271423.76
2024-09-11,NVDA,S,12763.0,112.4851,1435647.3313
2024-09-11,NVDA,S,6916.0,113.4994,784961.8504
2024-09-11,NVDA,S,11914.0,114.6346,1365756.6244
2024-09-11,NVDA,S,11258.0,115.4912,1300199.9296
2024-09-11,NVDA,S,8437.0,116.3373,981537.8001
2024-09-11,NVDA,S,864.0,117.072,101150.208
2024-09-12,NVDA,S,1296.0,115.8235,150107.256
2024-09-12,NVDA,S,7818.0,116.5917,911513.9106
2024-09-12,NVDA,S,12474.0,117.501,1465707.4740000002
2024-09-12,NVDA,S,28767.0,118.5941,3411596.4747
2024-09-12,NVDA,S,51208.0,119.4302,6115781.6816
2024-09-12,NVDA,S,18437.0,120.2905,2217795.9485
2024-09-13,NVDA,S,539.0,117.8956,63545.7284
2024-09-13,NVDA,S,64318.0,118.7759,7639428.3362
2024-09-13,NVDA,S,55143.0,119.2616,6576442.4088
2024-09-19,NVDA,S,1000000.0,119.2664,119266400.0
2024-09-20,NVDA,S,202978.0,117.2922,23807736.1716
2024-09-20,NVDA,S,797022.0,116.2665,92666958.363
2024-09-20,NVDA,S,3300.0,116.1755,383379.15
2024-09-20,NVDA,S,900.0,117.1889,105470.01
2024-09-20,NVDA,S,300.0,118.1467,35444.01
2024-09-20,NVDA,S,45510.0,116.1898,5287797.798
2024-09-20,NVDA,S,14291.0,117.1491,1674177.7881
2024-09-20,NVDA,S,6869.0,118.0486,810875.8334
2024-09-24,NVDA,S,165100.0,121.2685,20021429.35
2024-09-27,NVDA,S,40000.0,121.0089,4840356.0
2024-10-02,AAPL,S,51674.0,226.8,11719663.2
2024-10-02,AAPL,S,8056.0,227.22,1830484.32
2024-10-02,AAPL,S,5850.0,223.79,1309171.5
2024-10-02,AAPL,S,6454.0,224.59,1449503.86
2024-10-02,AAPL,S,7550.0,225.87,1705318.5
2024-10-02,AAPL,S,38170.0,226.82,8657719.4
2024-10-02,AAPL,S,2995.0,227.24,680583.8
2024-10-02,AAPL,S,109741.0,223.75,24554548.75
2024-10-02,AAPL,S,61912.0,224.46,13896767.52
2024-10-02,AAPL,S,45140.0,225.86,10195320.4
2024-10-02,AAPL,S,7193.0,226.57,1629718.01
2024-10-02,AAPL,S,38691.0,226.72,8772023.52
2024-10-02,AAPL,S,22328.0,227.13,5071358.64
2024-10-03,NVDA,S,125000.0,122.6076,15325950.0
2024-10-04,AAPL,S,59305.0,226.52,13433768.6
2024-10-09,NVDA,S,155000.0,132.2747,20502578.5
2024-11-12,MSFT,S,7200.0,423.6584,3050340.48
2024-11-15,AAPL,S,75000.0,224.68,16851000.0
2024-11-18,AAPL,S,75000.0,228.66,17149500.0
2024-11-18,AAPL,S,4130.0,228.87,945233.1
2024-11-19,AAPL,S,50000.0,229.28,11464000.0
2024-11-22,MSFT,S,1000.0,414.72,414720.0
2024-11-22,MSFT,S,25000.0,417.0,10425000.0
2024-11-25,NVDA,S,716.0,142.0,101672.0
2024-11-27,MSFT,S,1000.0,423.48,423480.0
2024-12-02,MSFT,S,2500.0,430.873,1077182.5
2024-12-04,MSFT,S,2000.0,437.317,874634.0
2024-12-09,MSFT,S,2500.0,447.412,1118530.0
2024-12-13,NVDA,S,10602.0,133.2352,1412559.5904
2024-12-13,NVDA,S,28003.0,134.0182,3752911.6546
2024-12-13,NVDA,S,3384.0,135.1413,457318.1592
2024-12-13,NVDA,S,2618.0,136.0459,356168.1662
2024-12-13,NVDA,S,3074.0,136.9946,421121.4004
2024-12-13,NVDA,S,13330.0,138.1333,1841316.889
2024-12-13,NVDA,S,5659.0,138.88,785921.9199999999
2024-12-13,NVDA,S,800.0,133.345,106676.0
2024-12-13,NVDA,S,1994.0,134.0985,267392.409
2024-12-13,NVDA,S,300.0,135.1933,40557.99
2024-12-13,NVDA,S,200.0,136.33,27266.000000000004
2024-12-13,NVDA,S,706.0,138.0901,97491.6106
2024-12-13,NVDA,S,500.0,138.782,69391.0
2024-12-16,AAPL,S,13925.0,248.61,3461894.25
2024-12-16,AAPL,S,34752.0,249.5,8670624.0
2024-12-16,AAPL,S,42939.0,250.58,10759654.62
2024-12-16,AAPL,S,8384.0,251.1,2105222.4
2024-12-16,NVDA,S,18591.0,132.6405,2465919.5355
2024-12-16,NVDA,S,244176.0,131.8579,32196534.5904
2024-12-16,NVDA,S,737233.0,131.0324,96601409.3492
2025-01-06,NVDA,S,12500.0,150.4125,1880156.25
2025-01-06,NVDA,S,23772.0,151.4581,3600461.9532
2025-01-06,NVDA,S,190.0,152.0189,28883.591
2025-01-07,NVDA,S,96.0,150.405,14438.88
2025-01-07,NVDA,S,48.0,151.46,7270.08
2025-01-07,NVDA,S,89.0,152.5001,13572.5089
2025-02-03,AAPL,S,1516.0,226.3501,343146.7516
2025-03-10,NVDA,S,2663.0,110.0,292930.0
2025-03-13,NVDA,S,53324.0,115.4903,6158404.7572
2025-03-20,NVDA,S,2300.0,116.9924,269082.52
2025-03-20,NVDA,S,9224.0,118.3643,1091792.3032
2025-03-20,NVDA,S,8476.0,118.8653,1007502.2828
2025-03-21,NVDA,S,1900.0,116.3079,220985.01
2025-03-21,NVDA,S,2300.0,117.0735,269269.05
2025-03-21,NVDA,S,300.0,117.77,35331.0
2025-03-21,NVDA,S,22950.0,116.2502,2667942.0900000003
2025-03-21,NVDA,S,39963.0,117.0837,4679015.9031
2025-03-21,NVDA,S,3747.0,117.7035,441035.0145000001
2025-04-02,AAPL,S,15721.0,223.48,3513329.08
2025-04-02,AAPL,S,17292.0,224.34,3879287.28
2025-04-02,AAPL,S,2480.0,225.03,558074.4
2025-04-02,AAPL,S,6695.0,221.77,1484750.15
2025-04-02,AAPL,S,28774.0,222.99,6416314.260000001
2025-04-02,AAPL,S,62077.0,223.97,13903385.69
2025-04-02,AAPL,S,10590.0,224.76,2380208.4
2025-04-02,AAPL,S,1600.0,221.68,354688.0
2025-04-02,AAPL,S,9231.0,222.87,2057312.97
2025-04-02,AAPL,S,22343.0,223.9,5002597.7
2025-04-02,AAPL,S,5648.0,224.62,1268653.76
2025-04-23,AAPL,S,4570.0,206.0,941420.0
2025-04-23,MSFT,P,3842.0,377.465,1450220.5299999998
2025-04-30,MSFT,S,30.0,390.5729,11717.187
2025-05-02,MSFT,S,18212.0,435.3053,7927780.1236
2025-05-02,MSFT,S,56788.0,436.2919,24776144.4172
2025-05-05,MSFT,S,3812.0,438.8197,1672780.6964
2025-05-05,MSFT,S,6000.0,433.17,2599020.0
2025-05-12,AAPL,S,4486.0,208.1933,933955.1438
2025-05-15,MSFT,S,13242.774,452.0115,5985886.139901
2025-05-19,MSFT,S,9298.0,457.97,4258205.0600000005
2025-05-19,MSFT,S,6702.0,458.462,3072612.324
2025-05-21,MSFT,S,21500.0,453.7745,9756151.75
2025-05-30,MSFT,S,1000.0,460.008,460008.0
2025-05-30,NVDA,S,50000.0,134.8164,6740819.999999999
2025-05-30,NVDA,S,660.0,138.8,91608.0
2025-06-02,NVDA,S,125836.0,137.7879,17338678.1844
2025-06-03,MSFT,S,3000.0,463.0,1389000.0
2025-06-03,NVDA,S,935000.0,140.9151,131755618.5
2025-06-06,NVDA,S,168849.0,141.8553,23952125.5497
2025-06-09,NVDA,S,1000000.0,142.8046,142804600.0
2025-06-09,NVDA,S,190000.0,142.5091,27076729.0
2025-06-18,NVDA,S,608248.0,145.2633,88356111.69839999
2025-06-20,NVDA,S,8674.0,143.2326,1242399.5724
2025-06-20,NVDA,S,17844.0,144.1641,2572464.2004
2025-06-20,NVDA,S,20921.0,145.3569,3041011.7049
2025-06-20,NVDA,S,7843.0,145.8638,1144009.7834
2025-06-20,NVDA,S,10232.0,143.4568,1467849.9776
2025-06-20,NVDA,S,27563.0,144.0127,3969422.0501
2025-06-20,NVDA,S,8691.0,145.3591,1263315.9381
2025-06-20,NVDA,S,3514.0,145.864,512566.096
2025-06-20,NVDA,S,9340.0,143.5441,1340701.894
2025-06-20,NVDA,S,14578.0,144.0359,2099755.3502
2025-06-20,NVDA,S,5043.0,145.4132,733318.7675999999
2025-06-20,NVDA,S,1539.0,145.9002,224540.4078
2025-06-20,NVDA,S,3051.0,143.5452,437956.4052
2025-06-20,NVDA,S,4797.0,144.0371,690945.9687000001
2025-06-20,NVDA,S,1662.0,145.4131,241676.5722
2025-06-20,NVDA,S,490.0,145.9034,71492.666
2025-06-20,NVDA,S,3020.0,143.5466,433510.732
2025-06-20,NVDA,S,4839.0,144.0401,697010.0438999999
2025-06-20,NVDA,S,1699.0,145.4132,247057.0268
2025-06-20,NVDA,S,442.0,145.9123,64493.2366
2025-06-20,NVDA,S,4500.0,143.6598,646469.1
2025-06-23,NVDA,S,9956.0,142.9474,1423184.3143999998
2025-06-23,NVDA,S,45725.0,143.8318,6576709.055
2025-06-23,NVDA,S,4937.0,142.8047,705026.8038999999
2025-06-23,NVDA,S,33194.0,143.7742,4772440.7948
2025-06-23,NVDA,S,11869.0,144.3225,1712963.7525
2025-06-24,NVDA,S,4918.0,146.1433,718732.7494000001
2025-06-24,NVDA,S,42013.0,147.1666,6182910.3658
2025-06-24,NVDA,S,3069.0,147.7522,453451.5018
2025-06-24,NVDA,S,12834.0,146.2951,1877551.3134
2025-06-24,NVDA,S,40781.0,147.0417,5996507.5677
2025-06-24,NVDA,S,852.0,147.7665,125897.058
2025-06-25,NVDA,S,5955.0,150.5096,896284.6680000001
2025-06-25,NVDA,S,53013.0,151.6017,8036860.9221
2025-06-25,NVDA,S,40619.0,152.4496,6192350.3024
2025-06-25,NVDA,S,65420.0,153.7079,10055570.818
2025-06-25,NVDA,S,3188.0,154.3203,491973.1164
2025-06-25,NVDA,S,6892.0,149.9687,1033584.2804
2025-06-25,NVDA,S,10967.0,151.1583,1657753.0761
2025-06-25,NVDA,S,28055.0,151.8864,4261172.9520000005
2025-06-25,NVDA,S,6860.0,152.6868,1047431.448
2025-06-25,NVDA,S,3043.0,149.8507,455995.6801
2025-06-25,NVDA,S,6429.0,151.0466,971078.5914
2025-06-25,NVDA,S,24866.0,151.8086,3774872.6476
2025-06-25,NVDA,S,11499.0,152.6631,1755472.9869
2025-06-25,NVDA,S,28277.0,153.7151,4346601.8827
2025-06-25,NVDA,S,886.0,154.352,136755.872
2025-06-26,NVDA,S,13561.0,154.6887,2097733.4607
2025-06-26,NVDA,S,27941.0,155.5779,4347002.1039
2025-06-26,NVDA,S,9953.0,156.2489,1555145.3017
2025-06-26,NVDA,S,11324.0,154.7779,1752704.9396
2025-06-26,NVDA,S,54331.0,155.6449,8456343.061900001
2025-06-26,NVDA,S,9345.0,156.2868,1460500.146
2025-06-27,NVDA,S,17774.0,156.0159,2773026.6066
2025-06-27,NVDA,S,27574.0,156.8974,4326288.9076000005
2025-06-27,NVDA,S,26947.0,157.6498,4248189.1606
2025-06-27,NVDA,S,2705.0,158.4551,428621.0455
2025-06-27,NVDA,S,14355.0,155.9728,2238989.544
2025-06-27,NVDA,S,18411.0,156.7448,2885828.5128
2025-06-27,NVDA,S,13013.0,157.6161,2051058.3093
2025-06-27,NVDA,S,5201.0,158.428,823984.0279999999
2025-06-30,NVDA,S,20463.0,156.7071,3206697.3873
2025-06-30,NVDA,S,26519.0,157.3152,4171841.7888
2025-06-30,NVDA,S,3930.0,158.1053,621353.829
2025-06-30,NVDA,S,19624.0,156.8135,3077308.1240000003
2025-06-30,NVDA,S,49070.0,157.7268,7739654.075999999
2025-06-30,NVDA,S,6306.0,158.2701,998051.2506
2025-07-01,NVDA,S,6194.0,152.1636,942501.3384
2025-07-01,NVDA,S,14391.0,153.0724,2202864.9084
2025-07-01,NVDA,S,3590.0,153.9755,552772.045
2025-07-01,NVDA,S,3224.0,155.0303,499817.6872
2025-07-01,NVDA,S,22318.0,156.1398,3484728.0564
2025-07-01,NVDA,S,2023.0,156.8321,317271.3383
2025-07-01,NVDA,S,4497.0,152.2292,684574.7124
2025-07-01,NVDA,S,14104.0,153.0139,2158108.0456000003
2025-07-01,NVDA,S,21050.0,153.7314,3236045.97
2025-07-01,NVDA,S,18612.0,154.6027,2877465.4524
2025-07-01,NVDA,S,12561.0,156.0585,1960250.8185
2025-07-01,NVDA,S,4176.0,156.6425,654139.0800000001
2025-07-02,NVDA,S,1856.0,153.6703,285212.0768
2025-07-02,NVDA,S,10638.0,154.54,1643996.52
2025-07-02,NVDA,S,5675.0,155.4484,882169.6699999999
2025-07-02,NVDA,S,36662.0,156.7389,5746361.5518000005
2025-07-02,NVDA,S,20169.0,157.2401,3171375.5769
2025-07-02,NVDA,S,4180.0,153.8818,643225.924
2025-07-02,NVDA,S,16042.0,154.6144,2480324.2048
2025-07-02,NVDA,S,9379.0,155.6175,1459536.5325
2025-07-02,NVDA,S,19128.0,156.5667,2994807.8376
2025-07-02,NVDA,S,2682.0,157.3542,422023.9644
2025-07-03,NVDA,S,17324.0,158.4139,2744362.4036000003
2025-07-03,NVDA,S,42970.0,159.3874,6848876.578000001
2025-07-03,NVDA,S,13758.0,160.125,2202999.75
2025-07-03,NVDA,S,948.0,160.8423,152478.5004
2025-07-07,NVDA,S,46971.0,158.1943,7430544.4653
2025-07-07,NVDA,S,28029.0,158.6077,4445615.2233
2025-07-07,NVDA,S,25738.0,158.0646,4068266.6748
2025-07-07,NVDA,S,24776.0,158.686,3931604.336
2025-07-08,NVDA,S,41182.0,159.0669,6550693.0758
2025-07-08,NVDA,S,33818.0,159.7173,5401319.6514
2025-07-08,NVDA,S,49595.0,159.0372,7887449.934
2025-07-08,NVDA,S,705.0,159.5989,112517.2245
2025-07-09,NVDA,S,1302.0,161.6309,210443.4318
2025-07-09,NVDA,S,49324.0,162.9137,8035555.3388
2025-07-09,NVDA,S,24031.0,163.5914,3931264.9334
2025-07-09,NVDA,S,343.0,164.2916,56352.0188
2025-07-09,NVDA,S,19922.0,162.9602,3246493.1044
2025-07-09,NVDA,S,28199.0,163.6163,4613816.0437
2025-07-09,NVDA,S,850.0,164.2981,139653.385
2025-07-10,NVDA,S,18386.0,162.3414,2984808.9804
2025-07-10,NVDA,S,29285.0,163.1494,4777830.1790000005
2025-07-10,NVDA,S,27329.0,163.9923,4481745.5667
2025-07-10,NVDA,S,22292.0,162.3193,3618421.8356
2025-07-10,NVDA,S,21333.0,163.0789,3478962.1737
2025-07-10,NVDA,S,5506.0,163.9091,902483.5046
2025-07-11,NVDA,S,2562.0,164.2132,420714.2184
2025-07-11,NVDA,S,8883.0,165.1635,1467147.3705
2025-07-11,NVDA,S,21838.0,166.332,3632358.216
2025-07-11,NVDA,S,13979.0,167.1897,2337144.8163
2025-07-11,NVDA,S,850.0,167.7859,142618.01499999998
2025-07-11,NVDA,S,2550.0,164.1768,418650.84
2025-07-11,NVDA,S,23547.0,165.2138,3890289.3486
2025-07-11,NVDA,S,36807.0,166.2351,6118615.3257
2025-07-11,NVDA,S,11324.0,167.1746,1893085.1704
2025-07-11,NVDA,S,772.0,167.7699,129518.3628
2025-07-14,NVDA,S,5984.0,162.671,973423.264
2025-07-14,NVDA,S,22798.0,163.6321,3730484.6158
2025-07-14,NVDA,S,16326.0,164.6228,2687631.8328
2025-07-14,NVDA,S,3684.0,165.1422,608383.8648
2025-07-14,NVDA,S,4941.0,162.7089,803944.6749
2025-07-14,NVDA,S,19824.0,163.702,3245228.448
2025-07-14,NVDA,S,44176.0,164.73,7277112.479999999
2025-07-14,NVDA,S,6059.0,165.1752,1000796.5368
2025-07-15,NVDA,S,4933.0,170.0271,838743.6843
2025-07-15,NVDA,S,18527.0,170.9335,3166884.9545
2025-07-15,NVDA,S,4190.0,171.6808,719342.552
2025-07-15,NVDA,S,1777.0,170.0274,302138.6898
2025-07-15,NVDA,S,6720.0,170.9338,1148675.136
2025-07-15,NVDA,S,1503.0,171.6807,258036.0921
2025-07-15,NVDA,S,1785.0,170.0266,303497.481
2025-07-15,NVDA,S,6693.0,170.9326,1144051.8918
2025-07-15,NVDA,S,1522.0,171.6822,261300.3084
2025-07-15,NVDA,S,9940.0,169.9454,1689257.276
2025-07-15,NVDA,S,42447.0,170.7953,7249748.0991
2025-07-15,NVDA,S,22613.0,171.4854,3877799.3502
2025-07-16,NVDA,S,8171.0,169.7369,1386920.2099
2025-07-16,NVDA,S,44727.0,170.4735,7624768.2345
2025-07-16,NVDA,S,22102.0,171.1389,3782511.9678
2025-07-17,NVDA,S,6853.0,171.5135,1175382.0155
2025-07-17,NVDA,S,13610.0,172.6338,2349546.018
2025-07-17,NVDA,S,53807.0,173.3385,9326824.6695
2025-07-17,NVDA,S,730.0,174.0332,127044.236
2025-07-18,NVDA,S,32909.0,172.0562,5662197.4858
2025-07-18,NVDA,S,27225.0,172.4796,4695757.11
2025-07-18,NVDA,S,14866.0,173.6049,2580810.4434
2025-07-21,NVDA,S,22769.0,171.9176,3914391.8344
2025-07-21,NVDA,S,51901.0,172.6317,8959757.8617
2025-07-21,NVDA,S,330.0,173.1861,57151.413
2025-07-22,NVDA,S,2390.0,165.3619,395214.941
2025-07-22,NVDA,S,8414.0,166.2245,1398612.943
2025-07-22,NVDA,S,16041.0,167.2578,2682982.3698
2025-07-22,NVDA,S,43439.0,168.0112,7298238.5168
2025-07-22,NVDA,S,3356.0,168.9343,566943.5108
2025-07-22,NVDA,S,843.0,170.3842,143633.8806
2025-07-22,NVDA,S,517.0,170.974,88393.55799999999
2025-07-23,NVDA,S,23208.0,168.7626,3916642.4208
2025-07-23,NVDA,S,31123.0,169.4245,5272998.7135
2025-07-23,NVDA,S,20329.0,170.5735,3467588.6815
2025-07-23,NVDA,S,340.0,171.1571,58193.414
2025-07-24,NVDA,S,13798.0,172.0758,2374301.8884
2025-07-24,NVDA,S,34909.0,172.8449,6033842.6141
2025-07-24,NVDA,S,26293.0,173.571,4563702.303
2025-07-25,NVDA,S,46701.0,173.657,8109955.557000001
2025-07-25,NVDA,S,28299.0,174.2598,4931378.080200001
2025-07-28,NVDA,S,36083.0,174.8635,6309599.6705
2025-07-28,NVDA,S,33967.0,175.4397,5959160.289899999
2025-07-28,NVDA,S,4950.0,176.3777,873069.615
2025-07-29,NVDA,S,22617.0,175.9113,3978585.8721
2025-07-29,NVDA,S,23643.0,176.4785,4172481.1755
2025-07-29,NVDA,S,8234.0,177.877,1464639.218
2025-07-29,NVDA,S,20062.0,178.652,3584116.424
2025-07-29,NVDA,S,444.0,179.3038,79610.8872
2025-07-30,NVDA,S,2241.0,176.7086,396003.9726
2025-07-30,NVDA,S,11141.0,177.6767,1979496.1147
2025-07-30,NVDA,S,37774.0,178.7388,6751679.4312
2025-07-30,NVDA,S,23844.0,179.4286,4278295.5384
2025-07-31,NVDA,S,1958.0,176.9181,346405.6398
2025-07-31,NVDA,S,19623.0,177.7261,3487519.2603
2025-07-31,NVDA,S,3947.0,178.9803,706435.2441
2025-07-31,NVDA,S,11204.0,179.8009,2014489.2836
2025-07-31,NVDA,S,17547.0,180.7904,3172329.1488
2025-07-31,NVDA,S,17768.0,181.7127,3228671.2536000004
2025-07-31,NVDA,S,2953.0,182.7007,539515.1671000001
2025-08-01,NVDA,S,4067.0,171.5924,697866.2908
2025-08-01,NVDA,S,10946.0,172.5176,1888377.6496
2025-08-01,NVDA,S,24897.0,173.4905,4319392.9785
2025-08-01,NVDA,S,17001.0,174.4972,2966626.8972
2025-08-01,NVDA,S,13030.0,175.4639,2286294.617
2025-08-01,NVDA,S,5059.0,176.1652,891219.7468
2025-08-04,NVDA,S,1235.0,175.0895,216235.5325
2025-08-04,NVDA,S,2076.0,176.2875,365972.85
2025-08-04,NVDA,S,6871.0,177.1508,1217203.1468
2025-08-04,NVDA,S,5328.0,177.9366,948046.2048
2025-08-04,NVDA,S,10857.0,179.1525,1945058.6925
2025-08-04,NVDA,S,1273.0,179.8424,228939.3752
2025-08-04,NVDA,S,441.0,175.0899,77214.6459
2025-08-04,NVDA,S,738.0,176.288,130100.544
2025-08-04,NVDA,S,2463.0,177.1519,436325.1297000001
2025-08-04,NVDA,S,2009.0,177.9396,357480.65640000004
2025-08-04,NVDA,S,3883.0,179.147,695627.801
2025-08-04,NVDA,S,466.0,179.8426,83806.6516
2025-08-04,NVDA,S,429.0,175.0881,75112.7949
2025-08-04,NVDA,S,722.0,176.2888,127280.5136
2025-08-04,NVDA,S,2424.0,177.1538,429420.8112
2025-08-04,NVDA,S,2136.0,177.944,380088.384
2025-08-04,NVDA,S,3825.0,179.1389,685206.2925
2025-08-04,NVDA,S,464.0,179.8415,83446.456
2025-08-04,NVDA,S,3187.0,175.1502,558203.6874
2025-08-04,NVDA,S,6221.0,176.3812,1097267.4452
2025-08-04,NVDA,S,20670.0,177.3531,3665888.577
2025-08-04,NVDA,S,12243.0,178.2361,2182144.5723
2025-08-04,NVDA,S,30197.0,179.2267,5412108.659899999
2025-08-04,NVDA,S,2482.0,179.9019,446516.51580000005
2025-08-05,NVDA,S,7876.0,176.686,1391578.936
2025-08-05,NVDA,S,21460.0,177.6166,3811652.236
2025-08-05,NVDA,S,30466.0,178.4764,5437462.002400001
2025-08-05,NVDA,S,13567.0,179.3724,2433545.3508
2025-08-05,NVDA,S,1631.0,180.1028,293747.6668
2025-08-06,NVDA,S,4809.0,176.8756,850594.7603999999
2025-08-06,NVDA,S,28725.0,177.8317,5108215.5825000005
2025-08-06,NVDA,S,29382.0,178.7851,5253063.8082
2025-08-06,NVDA,S,12084.0,179.5238,2169365.5992
2025-08-07,NVDA,S,13294.0,179.4829,2386045.6726
2025-08-07,NVDA,S,17356.0,180.2574,3128547.4344
2025-08-07,NVDA,S,13894.0,181.4106,2520518.8764
2025-08-07,NVDA,S,18770.0,182.3339,3422407.303
2025-08-07,NVDA,S,11686.0,183.14,2140174.04
2025-08-08,AAPL,S,34821.0,223.2,7772047.199999999
2025-08-08,NVDA,S,4683.0,180.9766,847513.4177999999
2025-08-08,NVDA,S,29416.0,182.1003,5356662.4248
2025-08-08,NVDA,S,40901.0,182.7448,7474445.0648
2025-08-11,NVDA,S,3995.0,180.9738,722990.331
2025-08-11,NVDA,S,12903.0,181.9676,2347927.9428
2025-08-11,NVDA,S,46436.0,182.9039,8493325.5004
2025-08-11,NVDA,S,11666.0,183.5221,2140968.8186
2025-08-12,MSFT,S,2000.0,525.555,1051110.0
2025-08-12,MSFT,S,2850.0,528.56,1506395.9999999998
2025-08-12,NVDA,S,3952.0,180.0479,711549.3008
2025-08-12,NVDA,S,16093.0,181.0148,2913071.1764
2025-08-12,NVDA,S,29095.0,182.0983,5298150.0385
2025-08-12,NVDA,S,25860.0,182.8204,4727735.544
2025-08-13,NVDA,S,14148.0,180.026,2547007.848
2025-08-13,NVDA,S,26758.0,180.9741,4842504.9678
2025-08-13,NVDA,S,20553.0,181.6989,3734457.4917
2025-08-13,NVDA,S,9958.0,182.9541,1821856.9278
2025-08-13,NVDA,S,3583.0,183.6417,657988.2111
2025-08-14,NVDA,S,2311.0,180.127,416273.497
2025-08-14,NVDA,S,14673.0,181.1977,2658713.8521
2025-08-14,NVDA,S,53466.0,181.9834,9729924.4644
2025-08-14,NVDA,S,4550.0,182.7131,831344.605
2025-08-15,NVDA,S,11883.0,178.9205,2126112.3015
2025-08-15,NVDA,S,45688.0,179.6893,8209644.7384
2025-08-15,NVDA,S,15479.0,180.433,2792922.407
2025-08-15,NVDA,S,1950.0,181.3374,353607.93
2025-08-28,AAPL,S,90000.0,232.07,20886300.0
2025-08-29,NVDA,S,32488.0,173.8729,5648782.7752
2025-08-29,NVDA,S,34773.0,174.5759,6070527.770699999
2025-08-29,NVDA,S,2860.0,175.436,501746.96
2025-08-29,NVDA,S,3509.0,176.7084,620069.7756
2025-08-29,NVDA,S,1370.0,177.6669,243403.653
2025-09-02,NVDA,S,72000.0,170.6259,12285064.8
2025-09-02,NVDA,S,9391.0,167.8642,1576412.7022000002
2025-09-02,NVDA,S,23316.0,168.9946,3940278.0936
2025-09-02,NVDA,S,19876.0,169.8152,3375246.9152
2025-09-02,NVDA,S,17540.0,170.6894,2993892.076
2025-09-02,NVDA,S,4877.0,171.7427,837589.1479000001
2025-09-03,MSFT,S,25836.0,503.0039,12995608.7604
2025-09-03,MSFT,S,26494.0,503.9079,13350535.9026
2025-09-03,MSFT,S,48267.0,504.9528,24372556.7976
2025-09-03,MSFT,S,39071.0,505.8567,19764327.1257
2025-09-03,MSFT,S,9037.0,506.6187,4578313.1919
2025-09-03,MSFT,S,500.0,507.558,253779.0
2025-09-03,NVDA,S,18000.0,172.0,3096000.0
2025-09-03,NVDA,S,16955.0,169.4812,2873553.746
2025-09-03,NVDA,S,21785.0,170.4358,3712943.903
2025-09-03,NVDA,S,32641.0,171.3282,5592323.7762
2025-09-03,NVDA,S,3619.0,172.1181,622895.4039
2025-09-04,NVDA,S,22848.0,170.2439,3889732.6272
2025-09-04,NVDA,S,49673.0,170.8315,8485713.0995
2025-09-04,NVDA,S,2479.0,171.6465,425511.6735
2025-09-05,NVDA,S,7088.0,164.801,1168109.488
2025-09-05,NVDA,S,13692.0,165.6337,2267856.6204
2025-09-05,NVDA,S,42767.0,166.6611,7127595.2637
2025-09-05,NVDA,S,8624.0,167.5726,1445146.1024
2025-09-05,NVDA,S,2829.0,168.4531,476553.8199
2025-09-08,NVDA,S,5006.0,168.2422,842220.4532
2025-09-08,NVDA,S,15794.0,169.2876,2673728.3544
2025-09-08,NVDA,S,52820.0,169.9468,8976589.976
2025-09-08,NVDA,S,1380.0,170.7167,235589.046
2025-09-09,NVDA,S,15516.0,167.479,2598604.1640000003
2025-09-09,NVDA,S,38757.0,168.3267,6523837.9119
2025-09-09,NVDA,S,11547.0,169.1468,1953138.0996
2025-09-09,NVDA,S,8519.0,170.2982,1450770.3658
2025-09-09,NVDA,S,661.0,170.9278,112983.2758
2025-09-10,NVDA,S,10739.0,176.3138,1893433.8982
2025-09-10,NVDA,S,27517.0,177.2683,4877891.8111000005
2025-09-10,NVDA,S,29952.0,178.0036,5331563.8272
2025-09-10,NVDA,S,6792.0,178.8976,1215072.4992
2025-09-11,NVDA,S,200000.0,177.4701,35494020.0
2025-09-11,NVDA,S,32834.0,177.2235,5818956.399
2025-09-11,NVDA,S,37975.0,177.8881,6755300.5975
2025-09-11,NVDA,S,1919.0,179.1302,343750.8538
2025-09-11,NVDA,S,2272.0,179.7707,408439.0304
2025-09-12,NVDA,S,28000.0,177.5837,4972343.6
2025-09-12,NVDA,S,14247.0,177.249,2525266.503
2025-09-12,NVDA,S,60627.0,177.8291,10781244.8457
2025-09-12,NVDA,S,126.0,178.5309,22494.8934
2025-09-12,NVDA,S,297797.0,178.1899,53064417.6503
2025-09-15,NVDA,S,21401.0,175.2283,3750060.8483
2025-09-15,NVDA,S,11486.0,175.9436,2020888.1896
2025-09-15,NVDA,S,37193.0,177.3687,6596874.059099999
2025-09-15,NVDA,S,4920.0,177.873,875135.1599999999
2025-09-16,NVDA,S,36482.0,174.9819,6383689.6758
2025-09-16,NVDA,S,20335.0,176.0998,3580989.433
2025-09-16,NVDA,S,17606.0,176.6007,3109231.9242
2025-09-16,NVDA,S,577.0,177.394,102356.338
2025-09-17,NVDA,S,8476.0,169.0944,1433244.1344
2025-09-17,NVDA,S,36268.0,170.0055,6165759.474
2025-09-17,NVDA,S,26423.0,170.831,4513867.512999999
2025-09-17,NVDA,S,2084.0,171.6902,357802.3768
2025-09-17,NVDA,S,1749.0,172.7643,302164.7607
2025-09-18,NVDA,S,250000.0,176.2148,44053700.0
2025-09-18,NVDA,S,10025.0,173.6174,1740514.435
2025-09-18,NVDA,S,8875.0,174.6436,1549961.95
2025-09-18,NVDA,S,16442.0,175.6291,2887693.6622
2025-09-18,NVDA,S,39658.0,176.4828,6998954.8824
2025-09-19,NVDA,S,40000.0,177.653,7106120.0
2025-09-19,NVDA,S,350000.0,176.3923,61737305.0
2025-09-19,NVDA,S,2611.0,176.1107,459825.0377
2025-09-19,NVDA,S,889.0,177.1351,157473.1039
2025-09-19,NVDA,S,17113.0,175.9887,3011694.6231
2025-09-19,NVDA,S,9890.0,176.705,1747612.4500000002
2025-09-19,NVDA,S,3497.0,177.5454,620876.2638
2025-09-19,NVDA,S,5591.0,175.9888,983953.3808
2025-09-19,NVDA,S,3282.0,176.7038,579941.8716
2025-09-19,NVDA,S,1127.0,177.5504,200099.3008
2025-09-19,NVDA,S,5541.0,175.9896,975158.3736
2025-09-19,NVDA,S,3374.0,176.7002,596186.4748
2025-09-19,NVDA,S,1085.0,177.5567,192649.0195
2025-09-19,NVDA,S,41271.0,175.9742,7262631.2082
2025-09-19,NVDA,S,23070.0,176.7031,4076540.517
2025-09-19,NVDA,S,10659.0,177.5414,1892413.7826
2025-09-22,NVDA,S,33747.0,175.4751,5921758.1997
2025-09-22,NVDA,S,5744.0,175.9182,1010474.1408
2025-09-22,NVDA,S,320.0,177.2436,56717.952
2025-09-22,NVDA,S,577.0,178.2276,102837.3252
2025-09-22,NVDA,S,658.0,179.4604,118084.9432
2025-09-22,NVDA,S,489.0,180.4656,88247.6784
2025-09-22,NVDA,S,1553.0,181.4967,281864.3751
2025-09-22,NVDA,S,20429.0,182.9269,3737013.6401
2025-09-22,NVDA,S,11283.0,183.6046,2071610.7018
2025-09-22,NVDA,S,200.0,184.327,36865.4
2025-09-23,NVDA,S,14226.0,178.0123,2532402.9798000003
2025-09-23,NVDA,S,14521.0,178.7289,2595322.3569
2025-09-23,NVDA,S,34118.0,179.9253,6138691.3854
2025-09-23,NVDA,S,10176.0,180.6754,1838552.8704
2025-09-23,NVDA,S,1959.0,181.6744,355900.1496
2025-09-24,NVDA,S,9548.0,176.1223,1681615.7204
2025-09-24,NVDA,S,29827.0,176.963,5278275.401
2025-09-24,NVDA,S,20588.0,178.2274,3669345.7112
2025-09-24,NVDA,S,14767.0,178.9312,2642277.0304
2025-09-24,NVDA,S,270.0,179.61,48494.7
2025-09-25,NVDA,S,4643.0,173.847,807171.621
2025-09-25,NVDA,S,7910.0,174.6591,1381553.481
2025-09-25,NVDA,S,3784.0,175.8554,665436.8336
2025-09-25,NVDA,S,20015.0,176.9408,3541470.112
2025-09-25,NVDA,S,22300.0,177.6469,3961525.87
2025-09-25,NVDA,S,7995.0,178.6972,1428684.114
2025-09-25,NVDA,S,8353.0,179.6188,1500355.8364
2025-09-26,NVDA,S,11995.0,175.8988,2109906.106
2025-09-26,NVDA,S,27397.0,176.605,4838447.185
2025-09-26,NVDA,S,33098.0,177.5395,5876202.371
2025-09-26,NVDA,S,2510.0,178.3078,447552.578
2025-09-29,NVDA,S,6954.0,181.0824,1259247.0096
2025-09-29,NVDA,S,36296.0,181.8974,6602148.0304000005
2025-09-29,NVDA,S,24558.0,182.9936,4493956.828799999
2025-09-29,NVDA,S,7192.0,183.546,1320062.832
2025-09-30,NVDA,S,7167.0,182.1939,1305783.6813
2025-09-30,NVDA,S,6005.0,182.9615,1098683.8075
2025-09-30,NVDA,S,7809.0,184.1391,1437942.2319
2025-09-30,NVDA,S,6794.0,185.3179,1259049.8126
2025-09-30,NVDA,S,36108.0,186.1064,6719929.8912
2025-09-30,NVDA,S,11117.0,186.8452,2077158.0884
2025-10-01,NVDA,S,9486.0,184.5796,1750922.0856
2025-10-01,NVDA,S,10825.0,185.3135,2006018.6375
2025-10-01,NVDA,S,14577.0,186.7196,2721811.6092000003
2025-10-01,NVDA,S,39932.0,187.3907,7482885.4324
2025-10-01,NVDA,S,180.0,188.01,33841.8
2025-10-02,AAPL,S,8395.0,254.83,2139297.85
2025-10-02,AAPL,S,22524.0,255.86,5762990.640000001
2025-10-02,AAPL,S,39293.0,256.62,10083369.66
2025-10-02,AAPL,S,59751.0,257.57,15390065.07
2025-10-02,AAPL,S,41273.0,257.36,10622019.28
2025-10-02,AAPL,S,1740.0,258.08,449059.2
2025-10-02,AAPL,S,3500.0,254.83,891905.0
2025-10-02,AAPL,S,8100.0,255.96,2073276.0
2025-10-02,AAPL,S,13974.0,256.6,3585728.4000000004
2025-10-02,AAPL,S,21551.0,257.54,5550244.54
2025-10-02,NVDA,S,46583.0,189.0096,8804634.196800001
2025-10-02,NVDA,S,25662.0,189.7657,4869767.3934
2025-10-02,NVDA,S,2755.0,190.5162,524872.1309999999
2025-10-03,NVDA,S,3160.0,186.1133,588118.028
2025-10-03,NVDA,S,14566.0,187.2417,2727362.6022
2025-10-03,NVDA,S,14672.0,187.7799,2755106.6928
2025-10-03,NVDA,S,34355.0,189.0363,6494342.0865
2025-10-03,NVDA,S,8247.0,189.8025,1565301.2175
2025-10-06,NVDA,S,3913.0,184.2322,720900.5986
2025-10-06,NVDA,S,18431.0,185.2159,3413714.2529
2025-10-06,NVDA,S,42774.0,185.9397,7953384.727799999
2025-10-06,NVDA,S,9882.0,186.8438,1846390.4316
2025-10-07,NVDA,S,20821.0,185.3057,3858249.9797
2025-10-07,NVDA,S,25498.0,185.8618,4739104.176399999
2025-10-07,NVDA,S,9076.0,187.0165,1697361.754
2025-10-07,NVDA,S,15249.0,188.1575,2869213.7175
2025-10-07,NVDA,S,4356.0,188.7255,822088.278
2025-10-08,NVDA,S,5606.0,187.574,1051539.844
2025-10-08,NVDA,S,59642.0,188.3594,11234131.3348
2025-10-08,NVDA,S,9752.0,189.0491,1843606.8232
2025-10-09,NVDA,S,6140.0,191.7014,1177046.596
2025-10-09,NVDA,S,32972.0,192.6967,6353595.5924
2025-10-09,NVDA,S,24806.0,193.7583,4806368.3898
2025-10-09,NVDA,S,10919.0,194.3687,2122311.8353
2025-10-09,NVDA,S,163.0,195.2568,31826.8584
2025-10-10,NVDA,S,2739.0,183.3881,502300.0059000001
2025-10-10,NVDA,S,2766.0,184.8598,511322.2068
2025-10-10,NVDA,S,1927.0,185.5239,357504.5553
2025-10-10,NVDA,S,9767.0,187.0146,1826571.5982
2025-10-10,NVDA,S,13722.0,187.81,2577128.82
2025-10-10,NVDA,S,7917.0,189.129,1497334.2929999998
2025-10-10,NVDA,S,3948.0,189.7419,749101.0212
2025-10-10,NVDA,S,1308.0,191.8925,250995.39
2025-10-10,NVDA,S,11305.0,192.7424,2178952.832
2025-10-10,NVDA,S,6632.0,193.7078,1284670.1296
2025-10-10,NVDA,S,7373.0,194.7326,1435763.4597999998
2025-10-10,NVDA,S,5596.0,195.3234,1093029.7464
2025-10-13,NVDA,S,3196.0,186.6596,596564.0816
2025-10-13,NVDA,S,26114.0,187.7341,4902488.287400001
2025-10-13,NVDA,S,36295.0,188.4381,6839360.8395
2025-10-13,NVDA,S,9395.0,189.4587,1779964.4865
2025-10-14,NVDA,S,10580.0,180.4924,1909609.592
2025-10-14,NVDA,S,28335.0,181.4961,5142691.993500001
2025-10-14,NVDA,S,23469.0,182.2507,4277241.6783
2025-10-14,NVDA,S,10289.0,183.3407,1886392.4623
2025-10-14,NVDA,S,2327.0,184.0867,428369.7509
2025-10-15,NVDA,S,2917.0,178.1301,519605.5017
2025-10-15,NVDA,S,8768.0,179.1531,1570814.3808
2025-10-15,NVDA,S,22944.0,180.09,4131984.96
2025-10-15,NVDA,S,6510.0,180.8338,1177228.038
2025-10-15,NVDA,S,20846.0,182.0858,3795760.5868
2025-10-15,NVDA,S,12006.0,182.832,2195080.992
2025-10-15,NVDA,S,919.0,183.6655,168788.5945
2025-10-15,NVDA,S,90.0,184.6322,16616.898
2025-10-16,AAPL,S,500.0,245.89,122945.0
2025-10-16,AAPL,S,1665.0,247.04,411321.6
2025-10-16,AAPL,S,1534.0,247.82,380155.88
2025-10-16,AAPL,S,500.0,248.73,124365.0
2025-10-16,NVDA,S,12216.0,180.5366,2205435.1056
2025-10-16,NVDA,S,28874.0,181.5419,5241840.8206
2025-10-16,NVDA,S,31274.0,182.3271,5702097.7254
2025-10-16,NVDA,S,2636.0,183.0944,482636.8384
2025-10-17,NVDA,S,9795.0,180.6115,1769089.6425
2025-10-17,NVDA,S,13328.0,181.4777,2418734.7856
2025-10-17,NVDA,S,28863.0,182.422,5265246.186
2025-10-17,NVDA,S,22744.0,183.3671,4170501.3224
2025-10-17,NVDA,S,270.0,183.9567,49668.309
2025-10-20,NVDA,S,10042.0,182.5389,1833055.6338
2025-10-20,NVDA,S,47306.0,183.2928,8670849.1968
2025-10-20,NVDA,S,16675.0,184.0229,3068581.8575
2025-10-20,NVDA,S,977.0,184.9179,180664.7883
2025-10-21,NVDA,S,4351.0,180.4073,784952.1623
2025-10-21,NVDA,S,15232.0,181.3026,2761601.2032000003
2025-10-21,NVDA,S,8057.0,182.1738,1467774.3066
2025-10-21,NVDA,S,1569.0,180.4074,283059.2106
2025-10-21,NVDA,S,5521.0,181.3027,1000972.2067
2025-10-21,NVDA,S,2910.0,182.1737,530125.467
2025-10-21,NVDA,S,1578.0,180.4074,284682.8772
2025-10-21,NVDA,S,5503.0,181.3024,997707.1072
2025-10-21,NVDA,S,2919.0,182.174,531765.9060000001
2025-10-21,NVDA,S,13408.0,180.4651,2419676.0608
2025-10-21,NVDA,S,42666.0,181.3542,7737658.2972
2025-10-21,NVDA,S,18926.0,182.221,3448714.646
2025-10-22,NVDA,S,10176.0,177.5699,1806951.3024
2025-10-22,NVDA,S,12175.0,178.5752,2174153.06
2025-10-22,NVDA,S,18486.0,179.5358,3318898.7988
2025-10-22,NVDA,S,17663.0,180.4572,3187415.5236
2025-10-22,NVDA,S,7871.0,181.612,1429468.052
2025-10-22,NVDA,S,7771.0,182.622,1419155.5620000002
2025-10-22,NVDA,S,858.0,183.2697,157245.4026
2025-10-23,NVDA,S,10075.0,180.3454,1816979.905
2025-10-23,NVDA,S,21229.0,181.4444,3851883.1676
2025-10-23,NVDA,S,39354.0,182.2454,7172085.4716
2025-10-23,NVDA,S,4342.0,182.8915,794114.893
2025-10-24,NVDA,S,5156.0,184.2404,949943.5024
2025-10-24,NVDA,S,52771.0,185.1541,9770767.0111
2025-10-24,NVDA,S,10755.0,185.9843,2000261.1465
2025-10-24,NVDA,S,6318.0,186.8586,1180572.6348
2025-10-27,NVDA,S,1029.0,189.1441,194629.2789
2025-10-27,NVDA,S,7966.0,190.2997,1515927.4102
2025-10-27,NVDA,S,15825.0,191.0344,3023119.38
2025-10-27,NVDA,S,180.0,191.7022,34506.396
2025-10-28,NVDA,S,4828.0,192.7231,930467.1268
2025-10-28,NVDA,S,8381.0,193.5023,1621742.7763
2025-10-28,NVDA,S,2791.0,194.4917,542826.3347
2025-10-28,NVDA,S,1432.0,195.2932,279659.86240000004
2025-10-28,NVDA,S,520.0,196.5054,102182.808
2025-10-28,NVDA,S,920.0,197.7438,181924.296
2025-10-28,NVDA,S,580.0,198.5063,115133.654
2025-10-28,NVDA,S,1749.0,199.5721,349051.6029
2025-10-28,NVDA,S,1769.0,201.0411,355641.7059
2025-10-28,NVDA,S,1530.0,201.691,308587.23
2025-10-28,NVDA,S,500.0,202.6359,101317.95
2025-10-29,NVDA,S,3013.0,205.6542,619636.1046
2025-10-29,NVDA,S,7790.0,206.7567,1610634.693
2025-10-29,NVDA,S,5118.0,207.3762,1061351.3916
2025-10-29,NVDA,S,2724.0,208.729,568577.7960000001
2025-10-29,NVDA,S,2580.0,209.913,541575.54
2025-10-29,NVDA,S,3298.0,210.7351,695004.3598
2025-10-29,NVDA,S,477.0,211.7617,101010.3309
2025-11-03,MSFT,S,30411.0,518.4907,15767820.677699998
2025-11-03,MSFT,S,8089.0,519.2096,4199886.4544
2025-11-03,NVDA,S,4280.0,207.0334,886102.952
2025-11-03,NVDA,S,14830.0,207.9239,3083511.437
2025-11-03,NVDA,S,4011.0,208.9187,837972.9057
2025-11-03,NVDA,S,2297.0,209.9018,482144.4346
2025-11-03,NVDA,S,2222.0,210.8573,468524.9206
2025-11-03,NVDA,S,1508.0,207.0374,312212.3992
2025-11-03,NVDA,S,5402.0,207.9283,1123228.6766
2025-11-03,NVDA,S,1475.0,208.92,308157.0
2025-11-03,NVDA,S,854.0,209.9028,179256.99120000002
2025-11-03,NVDA,S,761.0,210.8431,160451.5991
2025-11-03,NVDA,S,1514.0,207.0295,313442.663
2025-11-03,NVDA,S,5360.0,207.9333,1114522.488
2025-11-03,NVDA,S,1521.0,208.9188,317765.4948
2025-11-03,NVDA,S,873.0,209.9023,183244.7079
2025-11-03,NVDA,S,732.0,210.8336,154330.1952
2025-11-07,AAPL,S,3752.0,271.23,1017654.96
2025-11-24,NVDA,S,626.0,179.42,112316.92
2025-12-02,MSFT,S,12750.0,491.516,6266829.0
2025-12-02,NVDA,S,12728.0,183.9344,2341117.0432
2025-12-04,MSFT,S,2850.0,478.72,1364352.0
2025-12-05,NVDA,S,350000.0,181.7259,63604065.0
2025-12-09,NVDA,S,24433.0,184.2515,4501816.8995
2025-12-09,NVDA,S,55267.0,184.8151,10214176.1317
2025-12-09,NVDA,S,300.0,185.5467,55664.01
2025-12-10,NVDA,S,25961.0,182.7021,4743129.2181
2025-12-10,NVDA,S,36067.0,183.6377,6623260.9259
2025-12-10,NVDA,S,15801.0,184.3876,2913508.4676
2025-12-10,NVDA,S,2171.0,185.1605,401983.4455
2025-12-11,NVDA,S,17578.0,177.271,3116069.638
2025-12-11,NVDA,S,21153.0,178.093,3767201.229
2025-12-11,NVDA,S,12675.0,178.9536,2268236.88
2025-12-11,NVDA,S,17141.0,180.2224,3089192.1584
2025-12-11,NVDA,S,11453.0,180.8226,2070961.2378
2025-12-12,NVDA,S,9718.0,175.1401,1702011.4918
2025-12-12,NVDA,S,19331.0,176.224,3406586.144
2025-12-12,NVDA,S,14778.0,177.1332,2617674.4296
2025-12-12,NVDA,S,1600.0,177.9156,284664.96
2025-12-12,NVDA,S,10122.0,179.6786,1818706.7892
2025-12-12,NVDA,S,5900.0,180.6271,1065699.89
2025-12-12,NVDA,S,7191.0,181.7199,1306747.8009
2025-12-12,NVDA,S,1200.0,182.4,218880.0
2025-12-12,NVDA,S,3324.0,175.3528,582872.7072000001
2025-12-12,NVDA,S,8858.0,176.3067,1561724.7486
2025-12-12,NVDA,S,5864.0,177.2119,1039170.5816
2025-12-12,NVDA,S,511.0,177.953,90933.983
2025-12-12,NVDA,S,3070.0,179.4746,550987.022
2025-12-12,NVDA,S,3513.0,180.2082,633071.4066
2025-12-12,NVDA,S,2654.0,181.264,481074.656
2025-12-12,NVDA,S,2706.0,182.0634,492663.5604
2025-12-12,NVDA,S,1129.0,175.3254,197942.3766
2025-12-12,NVDA,S,2883.0,176.3074,508294.2342
2025-12-12,NVDA,S,1915.0,177.2133,339363.4695
2025-12-12,NVDA,S,144.0,177.9349,25622.6256
2025-12-12,NVDA,S,983.0,179.4861,176434.8363
2025-12-12,NVDA,S,1165.0,180.2081,209942.4365
2025-12-12,NVDA,S,886.0,181.264,160599.904
2025-12-12,NVDA,S,895.0,182.0637,162947.01150000002
2025-12-12,NVDA,S,1242.0,175.2646,217678.6332
2025-12-12,NVDA,S,2804.0,176.3083,494368.4732
2025-12-12,NVDA,S,1874.0,177.22,332110.28
2025-12-12,NVDA,S,127.0,177.8924,22592.3348
2025-12-12,NVDA,S,915.0,179.5158,164256.95700000002
2025-12-12,NVDA,S,1210.0,180.209,218052.89
2025-12-12,NVDA,S,906.0,181.2631,164224.36860000002
2025-12-12,NVDA,S,922.0,182.064,167863.008
2025-12-15,NVDA,S,250000.0,177.3338,44333450.0
2025-12-19,NVDA,S,222500.0,180.168,40087380.0
2025-12-19,NVDA,S,400.0,176.9075,70763.0
2025-12-19,NVDA,S,1800.0,178.3511,321031.98
2025-12-19,NVDA,S,6400.0,179.3552,1147873.28
2025-12-19,NVDA,S,14300.0,180.4451,2580364.93
2025-12-19,NVDA,S,1690.0,180.8837,305693.453
2026-01-02,NVDA,S,23189.0,188.8476,4379186.9964
2026-01-02,NVDA,S,38911.0,189.7133,7381934.2163
2026-01-02,NVDA,S,7800.0,190.8573,1488686.9400000002
2026-01-02,NVDA,S,8200.0,191.7317,1572199.94
2026-01-02,NVDA,S,1900.0,192.4916,365734.04
2026-01-07,NVDA,S,71007.0,187.2513,13296153.059099998
2026-01-07,NVDA,S,128793.0,188.1294,24229749.8142
2026-01-07,NVDA,S,200.0,188.5825,37716.5
2026-01-13,NVDA,S,10237.0,184.1655,1885302.2235
2026-01-13,NVDA,S,12022.0,184.8631,2222424.1882
2026-01-13,NVDA,S,3042.0,185.8965,565497.153
2026-01-13,NVDA,S,1594.0,187.0181,298106.8514
2026-01-13,NVDA,S,745.0,187.7242,139854.529
2026-01-13,NVDA,S,3747.0,184.1527,690020.1669000001
2026-01-13,NVDA,S,4256.0,184.8584,786757.3504
2026-01-13,NVDA,S,1119.0,185.8966,208018.2954
2026-01-13,NVDA,S,596.0,187.0202,111464.0392
2026-01-13,NVDA,S,282.0,187.7265,52938.873
2026-01-13,NVDA,S,3739.0,184.1461,688522.2679
2026-01-13,NVDA,S,4218.0,184.8462,779681.2716000001
2026-01-13,NVDA,S,1149.0,185.8995,213598.5255
2026-01-13,NVDA,S,607.0,187.0171,113519.3797
2026-01-13,NVDA,S,287.0,187.7249,53877.0463
2026-01-21,NVDA,S,200000.0,180.0358,36007160.0
2026-02-04,NVDA,S,1287.0,172.543,222062.841
2026-02-04,NVDA,S,3524.0,173.406,611082.7440000001
2026-02-04,NVDA,S,6076.0,174.5304,1060446.7104
2026-02-04,NVDA,S,6120.0,175.3713,1073272.356
2026-02-04,NVDA,S,2659.0,176.534,469403.906
2026-02-04,NVDA,S,3897.0,177.496,691701.912
2026-02-04,NVDA,S,2625.0,178.5714,468749.9250000001
2026-02-04,NVDA,S,1452.0,179.1604,260140.9008
2026-02-04,NVDA,S,499.0,172.4983,86076.6517
2026-02-04,NVDA,S,1266.0,173.4055,219531.363
2026-02-04,NVDA,S,2180.0,174.5311,380477.798
2026-02-04,NVDA,S,2164.0,175.3633,379486.1812
2026-02-04,NVDA,S,976.0,176.5347,172297.86719999998
2026-02-04,NVDA,S,1424.0,177.4955,252753.592
2026-02-04,NVDA,S,963.0,178.5728,171965.6064
2026-02-04,NVDA,S,528.0,179.1607,94596.8496
2026-02-04,NVDA,S,614.0,172.3999,105853.5386
2026-02-04,NVDA,S,1215.0,173.4058,210688.047
2026-02-04,NVDA,S,2121.0,174.5323,370183.0083
2026-02-04,NVDA,S,2042.0,175.3454,358055.3068
2026-02-04,NVDA,S,1005.0,176.5318,177414.459
2026-02-04,NVDA,S,1470.0,177.4962,260919.414
2026-02-04,NVDA,S,985.0,178.57,175891.44999999998
2026-02-04,NVDA,S,548.0,179.1618,98180.6664
2026-02-18,MSFT,P,5000.0,397.35,1986750.0
2026-03-06,MSFT,S,12320.87,409.52,5045642.6824
2026-03-10,NVDA,S,275060.0,182.4663,50189180.478
2026-03-10,NVDA,S,24940.0,183.114,4566863.16
2026-03-13,NVDA,S,3004.0,184.9,555439.6
2026-03-18,NVDA,S,19881.0,181.312,3604663.872
2026-03-18,NVDA,S,270134.0,182.2978,49244833.9052
2026-03-18,NVDA,S,9985.0,182.9386,1826641.921
2026-03-19,NVDA,S,8516.0,176.2743,1501151.9388
2026-03-19,NVDA,S,10282.0,177.0565,1820494.933
2026-03-19,NVDA,S,202.0,177.7335,35902.167
2026-03-20,NVDA,S,100000.0,172.6068,17260680.0
2026-03-20,NVDA,S,121682.0,174.5685,21241844.217
2026-03-20,NVDA,S,1196.0,172.5777,206402.9292
2026-03-20,NVDA,S,400.0,172.97,69188.0
2026-03-20,NVDA,S,500.0,173.778,86889.0
2026-03-20,NVDA,S,600.0,174.8467,104908.02
2026-03-20,NVDA,S,2100.0,175.7948,369169.08
2026-03-20,NVDA,S,600.0,177.3117,106387.02
2026-03-20,NVDA,S,715.0,172.0119,122988.5085
2026-03-20,NVDA,S,10264.0,172.7096,1772691.3344
2026-03-20,NVDA,S,3307.0,173.6291,574191.4336999999
2026-03-20,NVDA,S,4225.0,174.731,738238.475
2026-03-20,NVDA,S,18020.0,175.7773,3167506.946
2026-03-20,NVDA,S,4212.0,176.8336,744823.1231999999
2026-03-20,NVDA,S,1907.0,177.5115,338514.4305
2026-03-20,NVDA,S,180.0,171.9951,30959.118
2026-03-20,NVDA,S,2396.0,172.7091,413811.0036
2026-03-20,NVDA,S,765.0,173.6281,132825.49649999998
2026-03-20,NVDA,S,1051.0,174.7333,183644.6983
2026-03-20,NVDA,S,4156.0,175.7857,730565.3692
2026-03-20,NVDA,S,999.0,176.8343,176657.4657
2026-03-20,NVDA,S,453.0,177.5117,80412.8001
2026-03-20,NVDA,S,230.0,171.9681,39552.663
2026-03-20,NVDA,S,2339.0,172.7095,403967.5205
2026-03-20,NVDA,S,734.0,173.6275,127442.585
2026-03-20,NVDA,S,1316.0,174.7468,229966.7888
2026-03-20,NVDA,S,3876.0,175.8248,681496.9248
2026-03-20,NVDA,S,1034.0,176.8288,182840.9792
2026-03-20,NVDA,S,471.0,177.5122,83608.24620000001
2026-04-02,AAPL,S,20338.0,255.12,5188630.5600000005
2026-04-02,AAPL,S,9664.0,255.82,2472244.48
2026-04-02,AAPL,S,5087.0,251.25,1278108.75
2026-04-02,AAPL,S,9147.0,252.11,2306050.17
2026-04-02,AAPL,S,1878.0,253.13,475378.14
2026-04-02,AAPL,S,16083.0,254.37,4091032.71
2026-04-02,AAPL,S,28188.0,255.17,7192731.96
2026-04-02,AAPL,S,4566.0,256.0,1168896.0
2026-04-23,AAPL,S,1534.0,275.0,421850.0
2026-05-06,AAPL,S,149527.0,284.57,42550898.39
2026-05-06,AAPL,S,100473.0,285.04,28638823.92
2026-05-08,AAPL,S,1274.0,290.0,369460.0
2026-05-14,MSFT,S,1262.312,411.342,519241.9427039999
2026-05-27,AAPL,S,50000.0,311.02,15551000.0
2026-05-27,NVDA,S,625.0,214.0,133750.0
2026-06-01,MSFT,S,15500.0,460.988,7145314.0
2026-06-02,NVDA,S,500000.0,222.3774,111188700.0
2026-06-03,NVDA,S,15500.0,215.7331,3343863.0500000003
2026-06-04,NVDA,S,100000.0,217.655,21765500.0
2026-06-04,NVDA,S,400000.0,220.371,88148400.0
2026-06-08,MSFT,S,2500.0,412.45,1031125.0
2026-06-10,MSFT,S,4500.0,402.84,1812780.0
2026-06-16,AAPL,S,116.0,295.14,34236.24
2026-06-18,NVDA,S,319385.0,209.6952,66973501.452
2026-06-18,NVDA,S,565615.0,210.4372,119026436.878
2026-08-04,MSFT,S,4810.353,496.48,2388244.05744
2026-08-05,MSFT,S,10000.0,487.893,4878930.0
