observation_date,MOVE
2002-11-12,120.209999
2002-11-13,122.879997
2002-11-14,130.289993
2002-11-15,132.350006
2002-11-18,129.139999
2002-11-19,126.489998
2002-11-20,125.870003
2002-11-21,127.019997
2002-11-22,126.269997
2002-11-25,120.839996
2002-11-26,120.809998
2002-11-27,128.309998
2002-11-29,127.519997
2002-12-02,127.519997
2002-12-03,130.639999
2002-12-04,131.059998
2002-12-05,130.440002
2002-12-06,128.460007
2002-12-09,122.959999
2002-12-10,115.589996
2002-12-11,118.330002
2002-12-12,117.160004
2002-12-13,116.209999
2002-12-16,120.330002
2002-12-17,119.830002
2002-12-18,118.629997
2002-12-19,124.070000
2002-12-20,125.250000
2002-12-23,124.779999
2002-12-24,121.250000
2002-12-26,118.610001
2002-12-27,123.870003
2002-12-30,123.720001
2002-12-31,123.889999
2003-01-02,130.869995
2003-01-06,124.830002
2003-01-07,117.529999
2003-01-08,119.419998
2003-01-09,125.080002
2003-01-10,120.019997
2003-01-13,119.790001
2003-01-14,114.160004
2003-01-15,115.349998
2003-01-16,115.150002
2003-01-17,116.019997
2003-01-21,114.800003
2003-01-22,109.940002
2003-01-23,107.730003
2003-01-24,109.410004
2003-01-27,117.730003
2003-01-28,116.889999
2003-01-29,114.489998
2003-01-30,115.620003
2003-01-31,110.889999
2003-02-03,109.120003
2003-02-04,112.059998
2003-02-05,122.129997
2003-02-06,117.220001
2003-02-07,115.489998
2003-02-10,114.070000
2003-02-11,112.320000
2003-02-12,113.139999
2003-02-13,116.339996
2003-02-18,115.779999
2003-02-19,107.129997
2003-02-20,109.169998
2003-02-21,104.849998
2003-02-24,104.050003
2003-02-25,103.099998
2003-02-26,114.160004
2003-02-27,103.800003
2003-02-28,105.360001
2003-03-03,101.760002
2003-03-04,100.940002
2003-03-05,103.150002
2003-03-06,102.839996
2003-03-07,104.599998
2003-03-10,105.980003
2003-03-11,104.279999
2003-03-12,104.330002
2003-03-13,110.989998
2003-03-14,110.349998
2003-03-17,118.370003
2003-03-18,124.879997
2003-03-19,130.279999
2003-03-20,125.830002
2003-03-21,124.180000
2003-03-24,119.970001
2003-03-25,116.449997
2003-03-26,116.300003
2003-03-27,115.059998
2003-03-28,114.500000
2003-03-31,112.089996
2003-04-01,109.660004
2003-04-02,116.790001
2003-04-03,115.940002
2003-04-04,114.370003
2003-04-07,113.480003
2003-04-08,110.080002
2003-04-09,105.879997
2003-04-10,103.570000
2003-04-11,103.660004
2003-04-14,102.720001
2003-04-15,98.570000
2003-04-16,96.029999
2003-04-17,96.199997
2003-04-21,95.800003
2003-04-22,98.570000
2003-04-23,95.790001
2003-04-24,92.430000
2003-04-25,91.660004
2003-04-28,91.059998
2003-04-29,90.639999
2003-04-30,89.269997
2003-05-01,89.669998
2003-05-02,90.669998
2003-05-05,88.070000
2003-05-06,84.730003
2003-05-07,86.370003
2003-05-08,85.290001
2003-05-09,82.559998
2003-05-12,83.209999
2003-05-13,84.970001
2003-05-14,88.919998
2003-05-15,94.389999
2003-05-16,94.639999
2003-05-19,97.879997
2003-05-20,104.389999
2003-05-21,108.540001
2003-05-22,102.779999
2003-05-23,99.529999
2003-05-27,99.610001
2003-05-28,100.349998
2003-05-29,99.430000
2003-05-30,99.809998
2003-06-02,101.650002
2003-06-04,105.180000
2003-06-05,108.379997
2003-06-06,103.349998
2003-06-09,103.070000
2003-06-11,104.699997
2003-06-12,101.580002
2003-06-13,103.180000
2003-06-16,101.599998
2003-06-17,105.349998
2003-06-18,111.459999
2003-06-19,113.389999
2003-06-23,108.449997
2003-06-24,105.660004
2003-06-25,106.089996
2003-06-26,106.599998
2003-06-27,108.190002
2003-06-30,103.599998
2003-07-01,100.559998
2003-07-02,106.099998
2003-07-03,107.510002
2003-07-07,104.879997
2003-07-09,101.980003
2003-07-10,103.089996
2003-07-11,98.870003
2003-07-14,99.300003
2003-07-15,106.419998
2003-07-16,109.889999
2003-07-17,110.059998
2003-07-18,104.919998
2003-07-21,114.739998
2003-07-22,120.500000
2003-07-23,117.199997
2003-07-24,115.120003
2003-07-25,115.930000
2003-07-28,126.360001
2003-07-29,141.440002
2003-07-30,146.990005
2003-07-31,160.860001
2003-08-01,157.220001
2003-08-04,145.710007
2003-08-05,144.500000
2003-08-06,144.380005
2003-08-07,129.149994
2003-08-08,130.960007
2003-08-11,139.830002
2003-08-12,131.669998
2003-08-13,144.750000
2003-08-14,147.389999
2003-08-15,140.589996
2003-08-18,132.009995
2003-08-19,124.120003
2003-08-20,128.320007
2003-08-22,135.089996
2003-08-25,132.789993
2003-08-26,130.800003
2003-08-27,127.720001
2003-08-28,128.729996
2003-08-29,126.550003
2003-09-02,135.600006
2003-09-03,134.089996
2003-09-04,127.779999
2003-09-05,124.730003
2003-09-08,120.089996
2003-09-09,125.559998
2003-09-10,118.760002
2003-09-11,120.410004
2003-09-12,120.870003
2003-09-15,119.279999
2003-09-16,118.699997
2003-09-17,117.820000
2003-09-18,116.889999
2003-09-19,112.400002
2003-09-22,115.500000
2003-09-23,115.199997
2003-09-24,115.000000
2003-09-25,112.699997
2003-09-26,113.500000
2003-09-29,115.430000
2003-09-30,116.690002
2003-10-01,118.239998
2003-10-02,122.660004
2003-10-03,124.800003
2003-10-06,121.599998
2003-10-07,119.160004
2003-10-08,121.699997
2003-10-09,120.160004
2003-10-10,118.269997
2003-10-13,118.269997
2003-10-14,118.150002
2003-10-15,122.290001
2003-10-16,127.379997
2003-10-17,125.550003
2003-10-20,124.410004
2003-10-21,117.660004
2003-10-22,118.169998
2003-10-23,120.099998
2003-10-24,119.559998
2003-10-27,118.199997
2003-10-28,116.519997
2003-10-29,111.839996
2003-10-30,119.019997
2003-10-31,118.760002
2003-11-04,116.230003
2003-11-05,119.459999
2003-11-06,123.879997
2003-11-07,120.570000
2003-11-10,117.820000
2003-11-12,115.809998
2003-11-13,113.680000
2003-11-14,114.250000
2003-11-17,113.980003
2003-11-18,114.099998
2003-11-19,114.849998
2003-11-20,114.849998
2003-11-21,114.440002
2003-11-24,109.970001
2003-11-25,106.730003
2003-11-26,104.849998
2003-11-28,104.910004
2003-12-01,113.139999
2003-12-02,116.529999
2003-12-03,117.879997
2003-12-04,120.180000
2003-12-05,116.419998
2003-12-08,113.760002
2003-12-09,115.279999
2003-12-10,112.910004
2003-12-11,109.199997
2003-12-12,111.050003
2003-12-15,111.010002
2003-12-16,110.050003
2003-12-17,109.580002
2003-12-18,107.110001
2003-12-19,109.230003
2003-12-22,114.089996
2003-12-23,115.279999
2003-12-24,116.230003
2003-12-26,116.230003
2003-12-29,116.470001
2003-12-30,116.540001
2003-12-31,117.910004
2004-01-02,118.010002
2004-01-05,113.839996
2004-01-06,108.769997
2004-01-07,110.910004
2004-01-08,109.709999
2004-01-09,102.820000
2004-01-12,100.209999
2004-01-13,97.540001
2004-01-14,100.830002
2004-01-15,103.639999
2004-01-16,104.529999
2004-01-20,102.730003
2004-01-21,103.430000
2004-01-22,105.730003
2004-01-23,112.220001
2004-01-26,114.440002
2004-01-27,111.599998
2004-01-28,116.529999
2004-01-29,124.930000
2004-01-30,116.750000
2004-02-02,116.209999
2004-02-03,116.400002
2004-02-04,120.709999
2004-02-05,125.730003
2004-02-06,115.110001
2004-02-09,107.430000
2004-02-10,107.419998
2004-02-11,95.620003
2004-02-12,96.339996
2004-02-13,96.330002
2004-02-17,93.610001
2004-02-18,92.629997
2004-02-19,91.650002
2004-02-20,92.830002
2004-02-23,91.040001
2004-02-24,90.940002
2004-02-25,92.360001
2004-02-26,93.199997
2004-02-27,90.139999
2004-03-01,90.139999
2004-03-02,96.080002
2004-03-03,104.370003
2004-03-04,100.230003
2004-03-05,92.300003
2004-03-08,91.580002
2004-03-09,93.300003
2004-03-10,95.489998
2004-03-11,99.849998
2004-03-12,97.750000
2004-03-15,96.410004
2004-03-16,95.019997
2004-03-17,96.320000
2004-03-18,97.599998
2004-03-19,97.599998
2004-03-22,97.599998
2004-03-23,96.699997
2004-03-24,96.699997
2004-03-25,97.400002
2004-03-26,105.300003
2004-03-29,101.739998
2004-03-30,102.000000
2004-03-31,105.919998
2004-04-01,112.400002
2004-04-02,112.160004
2004-04-05,115.959999
2004-04-06,103.080002
2004-04-07,117.339996
2004-04-08,115.500000
2004-04-12,112.139999
2004-04-13,113.120003
2004-04-14,115.300003
2004-04-15,117.570000
2004-04-16,117.459999
2004-04-19,115.089996
2004-04-20,118.349998
2004-04-21,117.790001
2004-04-22,113.139999
2004-04-23,114.680000
2004-04-26,114.209999
2004-04-27,119.970001
2004-04-28,120.239998
2004-04-29,121.550003
2004-04-30,122.930000
2004-05-03,123.059998
2004-05-04,119.980003
2004-05-05,132.990005
2004-05-06,137.809998
2004-05-07,122.889999
2004-05-10,109.750000
2004-05-11,106.330002
2004-05-12,108.800003
2004-05-13,114.529999
2004-05-14,114.529999
2004-05-17,112.430000
2004-05-18,109.959999
2004-05-19,109.489998
2004-05-20,108.290001
2004-05-21,107.769997
2004-05-24,103.099998
2004-05-25,103.589996
2004-05-26,107.180000
2004-05-27,104.779999
2004-05-28,106.120003
2004-06-01,108.709999
2004-06-02,121.500000
2004-06-03,116.660004
2004-06-04,102.330002
2004-06-07,96.019997
2004-06-08,97.120003
2004-06-09,97.680000
2004-06-10,98.709999
2004-06-14,103.860001
2004-06-15,101.099998
2004-06-16,101.790001
2004-06-17,101.330002
2004-06-18,99.120003
2004-06-21,97.360001
2004-06-22,100.360001
2004-06-23,101.360001
2004-06-24,103.769997
2004-06-25,100.949997
2004-06-28,102.029999
2004-06-29,99.959999
2004-06-30,93.910004
2004-07-01,99.720001
2004-07-02,94.709999
2004-07-06,91.129997
2004-07-07,95.040001
2004-07-08,94.430000
2004-07-09,97.070000
2004-07-12,97.529999
2004-07-13,103.839996
2004-07-14,102.190002
2004-07-15,99.629997
2004-07-16,99.709999
2004-07-19,95.320000
2004-07-20,97.180000
2004-07-21,93.709999
2004-07-22,91.860001
2004-07-23,90.529999
2004-07-26,90.230003
2004-07-27,94.790001
2004-07-28,98.089996
2004-07-29,97.129997
2004-07-30,97.209999
2004-08-02,99.309998
2004-08-03,98.900002
2004-08-04,106.459999
2004-08-05,106.830002
2004-08-06,103.110001
2004-08-09,98.849998
2004-08-10,96.529999
2004-08-11,89.720001
2004-08-12,93.339996
2004-08-13,96.129997
2004-08-16,94.459999
2004-08-17,102.419998
2004-08-18,106.709999
2004-08-19,100.680000
2004-08-20,100.879997
2004-08-23,104.419998
2004-08-24,103.449997
2004-08-25,102.940002
2004-08-26,102.529999
2004-08-27,102.000000
2004-08-30,100.029999
2004-08-31,102.660004
2004-09-01,105.440002
2004-09-02,106.860001
2004-09-03,89.290001
2004-09-07,84.949997
2004-09-08,100.510002
2004-09-09,98.730003
2004-09-10,96.580002
2004-09-13,91.730003
2004-09-14,92.220001
2004-09-15,91.980003
2004-09-16,91.080002
2004-09-17,93.660004
2004-09-20,92.230003
2004-09-21,88.239998
2004-09-22,91.599998
2004-09-23,98.190002
2004-09-24,95.629997
2004-09-27,93.389999
2004-09-28,92.339996
2004-09-29,92.559998
2004-09-30,92.889999
2004-10-01,93.080002
2004-10-04,90.760002
2004-10-05,87.419998
2004-10-06,96.290001
2004-10-07,100.599998
2004-10-08,91.379997
2004-10-12,92.540001
2004-10-13,91.830002
2004-10-14,91.220001
2004-10-15,90.589996
2004-10-18,86.879997
2004-10-19,85.849998
2004-10-20,92.099998
2004-10-21,86.540001
2004-10-22,85.839996
2004-10-25,88.419998
2004-10-26,91.910004
2004-10-27,95.419998
2004-10-28,97.269997
2004-10-29,96.449997
2004-11-01,96.790001
2004-11-02,98.519997
2004-11-03,105.379997
2004-11-04,102.809998
2004-11-05,92.680000
2004-11-08,91.199997
2004-11-09,89.040001
2004-11-10,86.769997
2004-11-12,85.930000
2004-11-15,86.720001
2004-11-16,86.830002
2004-11-17,86.209999
2004-11-18,86.000000
2004-11-19,87.599998
2004-11-22,86.040001
2004-11-23,85.680000
2004-11-24,83.199997
2004-11-26,84.900002
2004-11-29,90.650002
2004-11-30,89.559998
2004-12-01,88.230003
2004-12-02,91.230003
2004-12-03,78.120003
2004-12-06,72.330002
2004-12-07,66.760002
2004-12-08,82.019997
2004-12-09,83.019997
2004-12-10,82.980003
2004-12-13,82.220001
2004-12-14,80.230003
2004-12-15,82.300003
2004-12-16,86.300003
2004-12-17,86.430000
2004-12-20,81.639999
2004-12-21,80.550003
2004-12-22,81.080002
2004-12-23,80.669998
2004-12-27,82.629997
2004-12-28,85.800003
2004-12-29,85.099998
2004-12-30,86.599998
2004-12-31,86.599998
2005-01-03,83.900002
2005-01-04,83.300003
2005-01-05,93.199997
2005-01-06,92.400002
2005-01-07,92.379997
2005-01-10,79.010002
2005-01-11,77.849998
2005-01-12,76.949997
2005-01-13,75.769997
2005-01-14,76.610001
2005-01-18,76.529999
2005-01-19,75.959999
2005-01-20,74.459999
2005-01-21,76.300003
2005-01-24,76.949997
2005-01-25,77.320000
2005-01-26,78.190002
2005-01-27,80.209999
2005-01-28,78.620003
2005-01-31,79.290001
2005-02-01,75.959999
2005-02-02,83.900002
2005-02-03,83.779999
2005-02-04,75.510002
2005-02-07,72.239998
2005-02-08,72.839996
2005-02-09,77.099998
2005-02-10,80.400002
2005-02-11,81.949997
2005-02-14,84.660004
2005-02-15,84.120003
2005-02-16,84.099998
2005-02-17,74.239998
2005-02-18,78.459999
2005-02-22,83.989998
2005-02-23,81.690002
2005-02-24,82.940002
2005-02-25,80.699997
2005-02-28,90.050003
2005-03-01,89.230003
2005-03-02,101.410004
2005-03-03,99.440002
2005-03-04,83.000000
2005-03-07,76.300003
2005-03-08,81.930000
2005-03-09,92.099998
2005-03-10,91.139999
2005-03-11,93.699997
2005-03-14,93.199997
2005-03-15,92.000000
2005-03-16,90.769997
2005-03-17,92.120003
2005-03-18,90.099998
2005-03-21,91.300003
2005-03-22,90.699997
2005-03-23,89.000000
2005-03-24,88.370003
2005-03-28,88.910004
2005-03-29,89.589996
2005-03-30,91.000000
2005-03-31,87.699997
2005-04-01,75.160004
2005-04-04,75.110001
2005-04-05,73.639999
2005-04-06,81.150002
2005-04-07,79.279999
2005-04-08,81.400002
2005-04-11,78.199997
2005-04-12,75.940002
2005-04-13,75.589996
2005-04-14,74.419998
2005-04-15,83.839996
2005-04-18,83.839996
2005-04-19,84.110001
2005-04-20,84.000000
2005-04-21,85.809998
2005-04-22,84.180000
2005-04-25,78.550003
2005-04-26,79.199997
2005-04-27,79.120003
2005-04-28,78.250000
2005-04-29,82.529999
2005-05-02,82.300003
2005-05-03,81.500000
2005-05-04,86.900002
2005-05-05,82.980003
2005-05-06,78.400002
2005-05-09,78.699997
2005-05-10,78.900002
2005-05-11,83.000000
2005-05-12,82.169998
2005-05-13,87.099998
2005-05-16,88.500000
2005-05-17,84.699997
2005-05-18,81.220001
2005-05-19,77.190002
2005-05-20,76.599998
2005-05-23,73.860001
2005-05-24,73.820000
2005-05-25,74.059998
2005-05-26,72.599998
2005-05-27,73.750000
2005-05-31,75.000000
2005-06-01,79.129997
2005-06-02,80.760002
2005-06-03,78.900002
2005-06-06,78.440002
2005-06-07,77.860001
2005-06-08,82.959999
2005-06-09,80.860001
2005-06-10,82.529999
2005-06-13,80.529999
2005-06-14,80.169998
2005-06-15,75.239998
2005-06-16,73.400002
2005-06-17,72.400002
2005-06-20,72.199997
2005-06-21,73.500000
2005-06-22,77.180000
2005-06-23,76.510002
2005-06-24,76.000000
2005-06-27,74.500000
2005-06-28,75.699997
2005-06-29,76.790001
2005-06-30,75.599998
2005-07-01,78.849998
2005-07-05,78.349998
2005-07-06,86.290001
2005-07-07,87.849998
2005-07-08,80.120003
2005-07-11,82.930000
2005-07-12,81.080002
2005-07-13,81.489998
2005-07-14,76.470001
2005-07-15,77.500000
2005-07-18,76.620003
2005-07-19,77.419998
2005-07-20,74.160004
2005-07-21,78.500000
2005-07-22,75.540001
2005-07-25,75.769997
2005-07-26,74.070000
2005-07-27,73.779999
2005-07-28,72.510002
2005-07-29,74.800003
2005-08-01,76.519997
2005-08-02,76.800003
2005-08-03,78.190002
2005-08-04,77.599998
2005-08-05,75.970001
2005-08-08,75.190002
2005-08-09,72.629997
2005-08-10,72.970001
2005-08-11,72.250000
2005-08-12,74.010002
2005-08-15,73.529999
2005-08-16,73.849998
2005-08-17,73.300003
2005-08-18,72.419998
2005-08-19,73.300003
2005-08-22,71.699997
2005-08-23,71.360001
2005-08-24,71.500000
2005-08-25,72.160004
2005-08-26,73.629997
2005-08-29,72.220001
2005-08-30,75.000000
2005-08-31,78.199997
2005-09-01,85.070000
2005-09-02,80.660004
2005-09-06,76.580002
2005-09-07,80.300003
2005-09-08,80.330002
2005-09-09,79.910004
2005-09-12,78.209999
2005-09-13,78.889999
2005-09-14,77.940002
2005-09-15,79.500000
2005-09-16,82.500000
2005-09-19,82.400002
2005-09-20,77.529999
2005-09-21,77.300003
2005-09-22,77.919998
2005-09-23,78.169998
2005-09-26,78.139999
2005-09-27,75.900002
2005-09-28,75.459999
2005-09-29,75.959999
2005-09-30,76.709999
2005-10-03,80.300003
2005-10-04,77.870003
2005-10-05,81.650002
2005-10-06,80.279999
2005-10-07,77.480003
2005-10-11,77.540001
2005-10-12,77.599998
2005-10-13,80.000000
2005-10-14,80.699997
2005-10-17,81.099998
2005-10-18,80.099998
2005-10-19,80.089996
2005-10-20,79.099998
2005-10-21,78.400002
2005-10-24,78.000000
2005-10-25,77.019997
2005-10-26,82.099998
2005-10-27,80.699997
2005-10-28,80.199997
2005-10-31,80.080002
2005-11-01,77.959999
2005-11-02,82.500000
2005-11-03,83.400002
2005-11-04,76.500000
2005-11-07,76.500000
2005-11-08,78.199997
2005-11-09,80.500000
2005-11-10,79.879997
2005-11-14,80.900002
2005-11-15,80.300003
2005-11-16,79.089996
2005-11-17,78.830002
2005-11-18,76.510002
2005-11-21,73.099998
2005-11-22,73.099998
2005-11-23,73.309998
2005-11-25,72.059998
2005-11-28,72.129997
2005-11-29,73.989998
2005-11-30,73.500000
2005-12-01,73.500000
2005-12-02,69.389999
2005-12-05,67.699997
2005-12-06,67.300003
2005-12-07,71.440002
2005-12-08,70.599998
2005-12-09,71.889999
2005-12-12,72.199997
2005-12-13,68.360001
2005-12-14,70.919998
2005-12-15,71.199997
2005-12-16,70.269997
2005-12-19,67.699997
2005-12-20,66.309998
2005-12-21,66.400002
2005-12-22,66.500000
2005-12-23,67.889999
2005-12-27,68.430000
2005-12-28,70.260002
2005-12-29,71.230003
2005-12-30,72.089996
2006-01-03,73.290001
2006-01-04,74.690002
2006-01-05,72.860001
2006-01-06,69.120003
2006-01-09,64.900002
2006-01-10,65.510002
2006-01-11,64.500000
2006-01-12,64.900002
2006-01-13,64.900002
2006-01-17,63.500000
2006-01-18,66.550003
2006-01-19,66.239998
2006-01-20,66.199997
2006-01-23,67.720001
2006-01-24,67.500000
2006-01-25,72.199997
2006-01-26,74.910004
2006-01-27,73.699997
2006-01-30,75.650002
2006-01-31,73.699997
2006-02-01,72.800003
2006-02-02,72.139999
2006-02-03,68.739998
2006-02-06,67.300003
2006-02-07,68.040001
2006-02-08,70.000000
2006-02-09,71.400002
2006-02-10,72.400002
2006-02-13,71.139999
2006-02-14,71.400002
2006-02-15,67.000000
2006-02-16,62.500000
2006-02-17,62.529999
2006-02-21,60.400002
2006-02-22,57.500000
2006-02-23,57.799999
2006-02-24,55.240002
2006-02-27,56.220001
2006-02-28,56.860001
2006-03-01,58.310001
2006-03-02,62.660000
2006-03-03,63.110001
2006-03-06,66.309998
2006-03-07,68.500000
2006-03-08,69.500000
2006-03-09,66.599998
2006-03-10,62.500000
2006-03-13,63.200001
2006-03-14,64.400002
2006-03-15,63.360001
2006-03-16,65.430000
2006-03-17,64.510002
2006-03-20,63.200001
2006-03-21,64.599998
2006-03-22,63.200001
2006-03-23,64.209999
2006-03-24,65.699997
2006-03-27,64.000000
2006-03-28,62.500000
2006-03-29,65.970001
2006-03-30,69.900002
2006-03-31,68.599998
2006-04-03,68.599998
2006-04-04,67.000000
2006-04-05,68.300003
2006-04-06,68.599998
2006-04-07,70.800003
2006-04-10,67.769997
2006-04-11,69.800003
2006-04-12,69.400002
2006-04-13,71.699997
2006-04-17,69.699997
2006-04-18,68.830002
2006-04-19,67.949997
2006-04-20,66.500000
2006-04-21,66.000000
2006-04-24,64.400002
2006-04-25,67.099998
2006-04-26,66.800003
2006-04-27,65.099998
2006-04-28,63.000000
2006-05-01,63.900002
2006-05-02,66.099998
2006-05-03,70.599998
2006-05-04,69.099998
2006-05-05,65.599998
2006-05-08,64.500000
2006-05-09,65.099998
2006-05-10,63.200001
2006-05-11,63.799999
2006-05-12,65.800003
2006-05-15,65.800003
2006-05-16,64.400002
2006-05-17,65.199997
2006-05-18,65.199997
2006-05-19,68.800003
2006-05-22,71.099998
2006-05-23,68.300003
2006-05-24,71.900002
2006-05-25,68.699997
2006-05-26,67.099998
2006-05-30,66.000000
2006-05-31,67.099998
2006-06-01,66.500000
2006-06-02,65.500000
2006-06-05,64.300003
2006-06-06,64.000000
2006-06-07,66.400002
2006-06-08,67.099998
2006-06-09,66.099998
2006-06-12,64.300003
2006-06-13,64.599998
2006-06-14,64.300003
2006-06-15,64.199997
2006-06-16,65.400002
2006-06-19,66.300003
2006-06-20,66.800003
2006-06-21,67.000000
2006-06-22,69.300003
2006-06-23,70.699997
2006-06-26,69.000000
2006-06-27,67.500000
2006-06-28,67.199997
2006-06-29,65.099998
2006-06-30,65.500000
2006-07-03,65.500000
2006-07-05,67.599998
2006-07-06,66.900002
2006-07-07,64.000000
2006-07-10,65.000000
2006-07-11,64.300003
2006-07-12,64.900002
2006-07-13,68.000000
2006-07-14,68.900002
2006-07-17,69.500000
2006-07-18,69.800003
2006-07-19,66.099998
2006-07-20,66.400002
2006-07-21,66.099998
2006-07-24,64.900002
2006-07-25,63.700001
2006-07-26,63.700001
2006-07-27,63.599998
2006-07-28,63.700001
2006-07-31,63.400002
2006-08-01,61.799999
2006-08-02,66.199997
2006-08-03,66.099998
2006-08-04,62.500000
2006-08-07,61.599998
2006-08-08,59.200001
2006-08-09,58.400002
2006-08-10,60.700001
2006-08-11,58.799999
2006-08-14,58.000000
2006-08-15,59.400002
2006-08-16,59.900002
2006-08-17,59.900002
2006-08-18,59.299999
2006-08-21,58.000000
2006-08-22,59.599998
2006-08-23,59.400002
2006-08-24,58.700001
2006-08-25,58.299999
2006-08-28,57.099998
2006-08-29,57.700001
2006-08-30,58.099998
2006-08-31,59.799999
2006-09-01,56.700001
2006-09-05,55.099998
2006-09-06,57.400002
2006-09-07,55.799999
2006-09-08,56.400002
2006-09-11,56.299999
2006-09-12,56.900002
2006-09-13,57.500000
2006-09-14,57.500000
2006-09-15,55.900002
2006-09-18,56.200001
2006-09-19,56.200001
2006-09-20,55.000000
2006-09-21,59.500000
2006-09-22,69.500000
2006-09-25,70.199997
2006-09-26,66.699997
2006-09-27,65.800003
2006-09-28,63.500000
2006-09-29,63.099998
2006-10-02,62.599998
2006-10-03,61.000000
2006-10-04,66.300003
2006-10-05,66.000000
2006-10-06,63.700001
2006-10-10,63.099998
2006-10-11,62.000000
2006-10-12,60.700001
2006-10-13,60.299999
2006-10-16,59.099998
2006-10-17,61.099998
2006-10-18,59.099998
2006-10-19,58.400002
2006-10-20,56.599998
2006-10-23,58.599998
2006-10-24,57.700001
2006-10-25,57.099998
2006-10-26,58.299999
2006-10-27,59.500000
2006-10-30,58.500000
2006-10-31,60.900002
2006-11-01,63.799999
2006-11-02,63.500000
2006-11-03,60.900002
2006-11-06,58.900002
2006-11-07,60.900002
2006-11-08,63.500000
2006-11-09,62.000000
2006-11-10,63.500000
2006-11-13,65.099998
2006-11-14,66.300003
2006-11-15,66.199997
2006-11-16,64.500000
2006-11-17,65.000000
2006-11-20,63.599998
2006-11-21,62.700001
2006-11-22,62.900002
2006-11-24,63.000000
2006-11-27,65.099998
2006-11-28,67.099998
2006-11-29,66.900002
2006-11-30,68.500000
2006-12-01,72.250000
2006-12-04,70.099998
2006-12-05,71.599998
2006-12-06,75.000000
2006-12-07,75.599998
2006-12-08,71.099998
2006-12-11,68.300003
2006-12-12,64.699997
2006-12-13,65.199997
2006-12-14,64.500000
2006-12-15,64.250000
2006-12-18,62.700001
2006-12-19,63.400002
2006-12-20,61.500000
2006-12-21,61.799999
2006-12-22,65.300003
2006-12-26,64.599998
2006-12-27,65.099998
2006-12-28,65.900002
2006-12-29,66.800003
2007-01-03,70.900002
2007-01-04,72.000000
2007-01-05,67.400002
2007-01-08,64.300003
2007-01-09,61.799999
2007-01-10,62.200001
2007-01-11,63.000000
2007-01-12,61.200001
2007-01-16,60.900002
2007-01-17,60.099998
2007-01-18,58.000000
2007-01-19,57.200001
2007-01-22,57.200001
2007-01-23,57.200001
2007-01-24,57.500000
2007-01-25,60.750000
2007-01-26,60.299999
2007-01-29,60.000000
2007-01-30,61.900002
2007-01-31,61.599998
2007-02-01,61.299999
2007-02-02,56.099998
2007-02-05,54.900002
2007-02-06,56.299999
2007-02-07,60.500000
2007-02-08,58.900002
2007-02-09,60.099998
2007-02-12,60.000000
2007-02-13,59.799999
2007-02-14,59.799999
2007-02-15,61.099998
2007-02-16,60.700001
2007-02-20,60.900002
2007-02-21,57.799999
2007-02-22,57.500000
2007-02-23,57.799999
2007-02-26,61.599998
2007-02-27,70.300003
2007-02-28,69.800003
2007-03-01,72.900002
2007-03-02,76.699997
2007-03-05,74.500000
2007-03-06,67.099998
2007-03-07,71.300003
2007-03-08,69.800003
2007-03-09,63.599998
2007-03-12,65.300003
2007-03-13,72.199997
2007-03-14,69.699997
2007-03-15,67.900002
2007-03-16,67.000000
2007-03-19,66.000000
2007-03-20,66.000000
2007-03-21,66.199997
2007-03-22,67.199997
2007-03-23,68.699997
2007-03-26,68.199997
2007-03-27,69.699997
2007-03-28,69.900002
2007-03-29,65.900002
2007-03-30,67.900002
2007-04-02,65.900002
2007-04-03,63.799999
2007-04-04,66.099998
2007-04-05,64.000000
2007-04-09,58.299999
2007-04-10,60.200001
2007-04-11,58.700001
2007-04-12,57.900002
2007-04-13,57.799999
2007-04-16,58.700001
2007-04-17,59.299999
2007-04-18,59.200001
2007-04-19,59.400002
2007-04-20,59.099998
2007-04-23,57.799999
2007-04-24,58.799999
2007-04-25,57.799999
2007-04-26,58.700001
2007-04-27,57.799999
2007-04-30,59.799999
2007-05-01,58.900002
2007-05-02,61.099998
2007-05-03,60.799999
2007-05-04,57.099998
2007-05-07,54.500000
2007-05-08,54.299999
2007-05-09,53.299999
2007-05-10,52.799999
2007-05-11,52.400002
2007-05-14,52.500000
2007-05-15,51.200001
2007-05-16,51.599998
2007-05-17,52.700001
2007-05-18,56.700001
2007-05-21,55.400002
2007-05-22,54.599998
2007-05-23,56.000000
2007-05-24,56.500000
2007-05-25,56.900002
2007-05-29,56.500000
2007-05-30,57.599998
2007-05-31,58.900002
2007-06-01,58.000000
2007-06-04,54.700001
2007-06-05,55.299999
2007-06-06,58.900002
2007-06-07,70.800003
2007-06-08,79.099998
2007-06-11,69.500000
2007-06-12,85.199997
2007-06-13,84.599998
2007-06-14,78.300003
2007-06-15,70.599998
2007-06-18,68.099998
2007-06-19,68.400002
2007-06-20,71.400002
2007-06-21,76.300003
2007-06-22,76.300003
2007-06-25,79.000000
2007-06-26,77.199997
2007-06-27,79.400002
2007-06-28,75.500000
2007-06-29,77.500000
2007-07-02,76.000000
2007-07-03,73.500000
2007-07-05,76.500000
2007-07-06,74.400002
2007-07-09,74.400002
2007-07-10,78.099998
2007-07-11,77.000000
2007-07-12,75.500000
2007-07-13,73.099998
2007-07-16,71.099998
2007-07-17,69.800003
2007-07-18,71.400002
2007-07-19,68.900002
2007-07-20,72.199997
2007-07-23,75.300003
2007-07-24,76.699997
2007-07-25,78.400002
2007-07-26,93.500000
2007-07-27,92.599998
2007-07-30,97.900002
2007-07-31,96.400002
2007-08-01,94.300003
2007-08-02,92.000000
2007-08-03,95.400002
2007-08-06,97.500000
2007-08-07,86.900002
2007-08-08,92.900002
2007-08-09,118.500000
2007-08-10,116.400002
2007-08-13,111.699997
2007-08-14,106.800003
2007-08-15,102.699997
2007-08-16,109.800003
2007-08-17,106.900002
2007-08-20,109.500000
2007-08-21,114.400002
2007-08-22,112.599998
2007-08-23,111.400002
2007-08-24,104.400002
2007-08-27,103.900002
2007-08-28,106.599998
2007-08-29,107.500000
2007-08-30,110.300003
2007-08-31,111.000000
2007-09-04,110.239998
2007-09-05,113.500000
2007-09-06,110.500000
2007-09-07,116.900002
2007-09-10,120.400002
2007-09-11,123.500000
2007-09-12,124.500000
2007-09-13,122.099998
2007-09-14,123.400002
2007-09-17,121.599998
2007-09-18,114.400002
2007-09-19,106.250000
2007-09-20,118.800003
2007-09-21,103.199997
2007-09-24,102.800003
2007-09-25,106.500000
2007-09-26,104.900002
2007-09-27,103.300003
2007-09-28,103.699997
2007-10-01,104.900002
2007-10-02,103.599998
2007-10-03,101.800003
2007-10-04,102.000000
2007-10-05,98.099998
2007-10-09,91.400002
2007-10-10,86.599998
2007-10-11,82.400002
2007-10-12,79.599998
2007-10-15,79.300003
2007-10-16,82.800003
2007-10-17,93.500000
2007-10-18,92.300003
2007-10-19,95.800003
2007-10-22,97.400002
2007-10-23,96.300003
2007-10-24,104.900002
2007-10-25,103.800003
2007-10-26,102.040001
2007-10-29,99.099998
2007-10-30,96.339996
2007-10-31,90.180000
2007-11-01,100.250000
2007-11-02,103.639999
2007-11-05,102.559998
2007-11-06,98.400002
2007-11-07,107.980003
2007-11-08,112.080002
2007-11-09,112.080002
2007-11-13,102.500000
2007-11-14,95.360001
2007-11-15,102.220001
2007-11-16,99.139999
2007-11-19,101.040001
2007-11-20,109.199997
2007-11-21,112.199997
2007-11-23,112.099998
2007-11-26,126.900002
2007-11-27,133.399994
2007-11-28,127.400002
2007-11-29,133.600006
2007-11-30,131.500000
2007-12-03,136.110001
2007-12-04,141.699997
2007-12-05,140.399994
2007-12-06,138.500000
2007-12-07,139.960007
2007-12-10,126.889999
2007-12-11,140.600006
2007-12-12,142.800003
2007-12-13,139.199997
2007-12-14,139.380005
2007-12-17,138.729996
2007-12-18,141.500000
2007-12-19,147.830002
2007-12-20,154.699997
2007-12-21,145.500000
2007-12-24,144.000000
2007-12-26,141.300003
2007-12-27,140.899994
2007-12-28,144.000000
2007-12-31,145.399994
2008-01-02,148.699997
2008-01-03,145.600006
2008-01-04,138.100006
2008-01-07,130.899994
2008-01-08,124.000000
2008-01-09,128.000000
2008-01-10,125.300003
2008-01-11,130.899994
2008-01-14,130.559998
2008-01-15,131.899994
2008-01-16,133.000000
2008-01-17,135.100006
2008-01-18,137.100006
2008-01-22,147.300003
2008-01-23,165.100006
2008-01-24,171.699997
2008-01-25,178.800003
2008-01-28,170.199997
2008-01-29,161.800003
2008-01-30,146.710007
2008-01-31,153.699997
2008-02-01,144.699997
2008-02-04,142.000000
2008-02-05,145.899994
2008-02-06,146.199997
2008-02-07,150.399994
2008-02-08,153.000000
2008-02-11,149.800003
2008-02-12,148.500000
2008-02-13,146.100006
2008-02-14,144.199997
2008-02-15,146.600006
2008-02-19,147.500000
2008-02-20,154.300003
2008-02-21,160.600006
2008-02-22,161.500000
2008-02-25,158.100006
2008-02-26,149.199997
2008-02-27,142.910004
2008-02-28,145.199997
2008-02-29,155.199997
2008-03-03,152.199997
2008-03-04,155.699997
2008-03-05,164.899994
2008-03-06,171.399994
2008-03-07,172.600006
2008-03-10,169.600006
2008-03-11,155.300003
2008-03-12,154.300003
2008-03-13,162.699997
2008-03-14,167.199997
2008-03-17,168.800003
2008-03-18,159.199997
2008-03-19,159.899994
2008-03-20,158.600006
2008-03-24,161.000000
2008-03-25,160.699997
2008-03-26,157.699997
2008-03-27,152.399994
2008-03-28,145.899994
2008-03-31,145.500000
2008-04-01,141.899994
2008-04-02,146.199997
2008-04-03,139.699997
2008-04-04,140.199997
2008-04-07,132.899994
2008-04-08,128.199997
2008-04-09,128.699997
2008-04-10,127.800003
2008-04-11,129.399994
2008-04-14,127.400002
2008-04-15,129.899994
2008-04-16,144.000000
2008-04-17,149.699997
2008-04-18,144.100006
2008-04-21,135.199997
2008-04-22,129.100006
2008-04-23,125.599998
2008-04-24,129.199997
2008-04-25,131.000000
2008-04-28,130.100006
2008-04-29,126.500000
2008-04-30,119.099998
2008-05-01,115.199997
2008-05-02,111.800003
2008-05-05,108.900002
2008-05-06,110.400002
2008-05-07,116.099998
2008-05-08,119.699997
2008-05-09,121.099998
2008-05-12,118.300003
2008-05-13,120.900002
2008-05-14,127.199997
2008-05-15,125.300003
2008-05-16,122.500000
2008-05-19,117.500000
2008-05-20,116.599998
2008-05-21,115.900002
2008-05-22,120.900002
2008-05-23,120.400002
2008-05-27,121.099998
2008-05-28,126.599998
2008-05-29,131.600006
2008-05-30,130.199997
2008-06-02,130.500000
2008-06-03,132.699997
2008-06-04,131.899994
2008-06-05,133.800003
2008-06-06,139.600006
2008-06-09,151.000000
2008-06-10,149.600006
2008-06-11,144.600006
2008-06-12,148.899994
2008-06-13,153.699997
2008-06-16,143.500000
2008-06-17,142.199997
2008-06-18,140.399994
2008-06-19,136.800003
2008-06-20,137.800003
2008-06-23,136.699997
2008-06-24,134.800003
2008-06-25,129.800003
2008-06-26,133.699997
2008-06-27,132.500000
2008-06-30,126.000000
2008-07-01,128.500000
2008-07-02,133.100006
2008-07-03,125.099998
2008-07-07,123.000000
2008-07-08,118.900002
2008-07-09,116.099998
2008-07-10,118.699997
2008-07-11,129.199997
2008-07-14,126.000000
2008-07-15,126.000000
2008-07-16,123.400002
2008-07-17,129.399994
2008-07-18,131.000000
2008-07-21,131.100006
2008-07-22,124.900002
2008-07-23,123.699997
2008-07-24,123.800003
2008-07-25,123.400002
2008-07-28,122.699997
2008-07-29,121.300003
2008-07-30,133.800003
2008-07-31,131.699997
2008-08-01,118.300003
2008-08-04,117.199997
2008-08-05,110.300003
2008-08-06,112.300003
2008-08-07,118.800003
2008-08-08,109.099998
2008-08-11,107.400002
2008-08-12,110.900002
2008-08-13,112.300003
2008-08-14,111.800003
2008-08-15,112.099998
2008-08-18,112.800003
2008-08-19,110.099998
2008-08-20,110.699997
2008-08-21,109.400002
2008-08-22,109.800003
2008-08-25,109.599998
2008-08-26,108.199997
2008-08-27,104.099998
2008-08-28,103.000000
2008-08-29,103.000000
2008-09-02,102.400002
2008-09-03,105.900002
2008-09-04,115.199997
2008-09-05,111.800003
2008-09-08,116.300003
2008-09-09,123.800003
2008-09-10,123.699997
2008-09-11,126.099998
2008-09-12,125.400002
2008-09-15,160.300003
2008-09-16,168.399994
2008-09-17,162.000000
2008-09-18,163.500000
2008-09-19,162.300003
2008-09-22,158.100006
2008-09-23,159.500000
2008-09-24,163.800003
2008-09-25,176.300003
2008-09-26,183.600006
2008-09-29,201.000000
2008-09-30,208.500000
2008-10-01,200.500000
2008-10-02,206.699997
2008-10-03,204.800003
2008-10-06,217.300003
2008-10-07,221.100006
2008-10-08,239.800003
2008-10-09,250.100006
2008-10-10,264.600006
2008-10-14,230.399994
2008-10-15,220.500000
2008-10-16,218.899994
2008-10-17,207.300003
2008-10-20,191.600006
2008-10-21,192.899994
2008-10-22,203.800003
2008-10-23,229.699997
2008-10-24,239.399994
2008-10-27,237.000000
2008-10-28,229.899994
2008-10-29,217.199997
2008-10-30,209.399994
2008-10-31,207.199997
2008-11-03,204.600006
2008-11-04,203.000000
2008-11-05,217.500000
2008-11-06,189.000000
2008-11-07,178.100006
2008-11-10,173.199997
2008-11-11,173.199997
2008-11-12,173.199997
2008-11-13,181.399994
2008-11-14,189.500000
2008-11-17,188.399994
2008-11-18,191.600006
2008-11-19,192.000000
2008-11-20,211.600006
2008-11-21,212.899994
2008-11-24,189.000000
2008-11-25,206.199997
2008-11-26,213.899994
2008-11-28,214.000000
2008-12-01,213.300003
2008-12-02,216.600006
2008-12-03,214.699997
2008-12-04,216.899994
2008-12-05,216.399994
2008-12-08,213.399994
2008-12-09,214.699997
2008-12-10,218.899994
2008-12-11,223.399994
2008-12-12,222.699997
2008-12-15,214.500000
2008-12-16,194.899994
2008-12-17,182.100006
2008-12-18,194.600006
2008-12-19,195.800003
2008-12-22,194.600006
2008-12-23,193.800003
2008-12-24,193.800003
2008-12-26,193.500000
2008-12-29,192.100006
2008-12-30,192.600006
2008-12-31,190.000000
2009-01-02,183.100006
2009-01-05,171.000000
2009-01-06,160.399994
2009-01-07,151.699997
2009-01-08,149.899994
2009-01-09,138.000000
2009-01-12,134.800003
2009-01-13,119.500000
2009-01-14,119.400002
2009-01-15,129.500000
2009-01-16,126.900002
2009-01-20,136.500000
2009-01-21,151.000000
2009-01-22,153.100006
2009-01-23,155.300003
2009-01-26,145.300003
2009-01-27,141.199997
2009-01-28,136.699997
2009-01-29,147.800003
2009-01-30,162.899994
2009-02-02,163.399994
2009-02-03,161.199997
2009-02-04,172.500000
2009-02-05,173.699997
2009-02-06,182.100006
2009-02-09,170.199997
2009-02-10,172.300003
2009-02-11,157.000000
2009-02-12,151.000000
2009-02-13,158.699997
2009-02-17,163.199997
2009-02-18,159.199997
2009-02-19,161.899994
2009-02-20,165.500000
2009-02-23,157.399994
2009-02-24,154.399994
2009-02-25,164.300003
2009-02-26,163.000000
2009-02-27,166.600006
2009-03-02,164.000000
2009-03-03,164.899994
2009-03-04,166.300003
2009-03-05,162.199997
2009-03-06,159.199997
2009-03-09,160.500000
2009-03-10,153.399994
2009-03-11,147.000000
2009-03-12,146.300003
2009-03-13,143.800003
2009-03-16,140.899994
2009-03-17,142.699997
2009-03-18,142.899994
2009-03-19,125.599998
2009-03-20,124.000000
2009-03-23,119.000000
2009-03-24,119.300003
2009-03-25,118.300003
2009-03-26,120.500000
2009-03-27,117.900002
2009-03-30,116.900002
2009-03-31,117.300003
2009-04-01,112.599998
2009-04-02,111.699997
2009-04-03,119.699997
2009-04-06,122.900002
2009-04-07,118.500000
2009-04-08,119.699997
2009-04-09,119.699997
2009-04-13,116.400002
2009-04-14,107.699997
2009-04-15,105.599998
2009-04-16,109.000000
2009-04-17,115.800003
2009-04-20,115.099998
2009-04-21,115.800003
2009-04-22,120.199997
2009-04-23,120.199997
2009-04-24,125.800003
2009-04-27,125.800003
2009-04-28,122.599998
2009-04-29,120.699997
2009-04-30,124.199997
2009-05-01,129.199997
2009-05-04,127.800003
2009-05-05,125.400002
2009-05-06,125.199997
2009-05-07,129.100006
2009-05-08,130.500000
2009-05-11,124.699997
2009-05-12,126.300003
2009-05-13,126.199997
2009-05-14,123.500000
2009-05-15,122.300003
2009-05-18,122.099998
2009-05-19,122.699997
2009-05-20,122.599998
2009-05-21,129.800003
2009-05-22,147.199997
2009-05-26,146.100006
2009-05-27,163.800003
2009-05-28,167.500000
2009-05-29,165.399994
2009-06-01,190.300003
2009-06-02,183.899994
2009-06-03,162.899994
2009-06-04,169.000000
2009-06-05,183.399994
2009-06-08,183.000000
2009-06-09,175.300003
2009-06-10,178.399994
2009-06-11,171.699997
2009-06-12,171.800003
2009-06-15,166.500000
2009-06-16,167.199997
2009-06-17,170.100006
2009-06-18,187.300003
2009-06-19,182.300003
2009-06-22,173.199997
2009-06-23,173.100006
2009-06-24,164.899994
2009-06-25,161.000000
2009-06-26,159.000000
2009-06-29,158.399994
2009-06-30,162.500000
2009-07-01,161.600006
2009-07-02,149.100006
2009-07-06,148.100006
2009-07-07,138.600006
2009-07-08,136.500000
2009-07-09,136.500000
2009-07-10,135.899994
2009-07-13,137.800003
2009-07-14,145.000000
2009-07-15,151.800003
2009-07-16,148.899994
2009-07-17,156.300003
2009-07-20,149.699997
2009-07-21,143.899994
2009-07-22,144.399994
2009-07-23,147.300003
2009-07-24,143.600006
2009-07-27,143.100006
2009-07-28,140.199997
2009-07-29,139.600006
2009-07-30,139.100006
2009-07-31,138.500000
2009-08-03,141.100006
2009-08-04,141.000000
2009-08-05,145.399994
2009-08-06,147.699997
2009-08-07,153.399994
2009-08-10,149.100006
2009-08-11,149.899994
2009-08-12,147.500000
2009-08-13,145.800003
2009-08-14,144.699997
2009-08-17,144.199997
2009-08-18,136.699997
2009-08-19,136.000000
2009-08-20,131.899994
2009-08-21,132.300003
2009-08-24,131.100006
2009-08-25,130.100006
2009-08-26,125.500000
2009-08-27,125.400002
2009-08-28,129.100006
2009-08-31,130.699997
2009-09-01,135.000000
2009-09-02,137.600006
2009-09-03,134.100006
2009-09-04,127.599998
2009-09-08,123.199997
2009-09-09,114.599998
2009-09-10,117.400002
2009-09-11,114.699997
2009-09-14,116.500000
2009-09-15,119.599998
2009-09-16,123.699997
2009-09-17,121.800003
2009-09-18,121.400002
2009-09-21,118.400002
2009-09-22,118.000000
2009-09-23,111.900002
2009-09-24,109.800003
2009-09-25,110.699997
2009-09-28,109.900002
2009-09-29,115.199997
2009-09-30,113.800003
2009-10-01,112.599998
2009-10-02,107.800003
2009-10-05,105.699997
2009-10-06,107.199997
2009-10-07,105.099998
2009-10-08,101.800003
2009-10-09,114.699997
2009-10-13,111.099998
2009-10-14,115.400002
2009-10-15,117.800003
2009-10-16,117.400002
2009-10-19,114.699997
2009-10-20,108.900002
2009-10-21,111.900002
2009-10-22,111.199997
2009-10-23,113.400002
2009-10-26,118.500000
2009-10-27,114.099998
2009-10-28,113.300003
2009-10-29,116.599998
2009-10-30,113.500000
2009-11-02,113.699997
2009-11-03,114.000000
2009-11-04,116.199997
2009-11-05,112.699997
2009-11-06,105.000000
2009-11-09,99.900002
2009-11-10,95.699997
2009-11-12,102.199997
2009-11-13,97.199997
2009-11-16,92.500000
2009-11-17,91.199997
2009-11-18,89.099998
2009-11-19,86.900002
2009-11-20,87.300003
2009-11-23,87.699997
2009-11-24,83.699997
2009-11-25,82.800003
2009-11-27,88.900002
2009-11-30,86.099998
2009-12-01,87.500000
2009-12-02,88.099998
2009-12-03,93.099998
2009-12-04,95.300003
2009-12-07,89.800003
2009-12-08,86.099998
2009-12-09,90.000000
2009-12-10,90.900002
2009-12-11,94.000000
2009-12-14,93.300003
2009-12-15,96.800003
2009-12-16,94.400002
2009-12-17,92.599998
2009-12-18,93.800003
2009-12-21,102.599998
2009-12-22,107.699997
2009-12-23,102.400002
2009-12-24,105.000000
2009-12-28,108.199997
2009-12-29,108.900002
2009-12-30,104.400002
2009-12-31,107.500000
2010-01-04,106.400002
2010-01-05,102.500000
2010-01-06,106.900002
2010-01-07,104.400002
2010-01-08,96.300003
2010-01-11,93.000000
2010-01-12,92.699997
2010-01-13,95.500000
2010-01-14,91.099998
2010-01-15,89.800003
2010-01-19,87.900002
2010-01-20,88.300003
2010-01-21,87.500000
2010-01-22,88.300003
2010-01-25,88.099998
2010-01-26,88.800003
2010-01-27,86.300003
2010-01-28,87.900002
2010-01-29,86.300003
2010-02-01,85.300003
2010-02-02,83.699997
2010-02-03,90.000000
2010-02-04,90.900002
2010-02-05,89.099998
2010-02-08,88.000000
2010-02-09,88.099998
2010-02-10,90.199997
2010-02-11,89.199997
2010-02-12,87.000000
2010-02-16,85.500000
2010-02-17,85.900002
2010-02-18,87.199997
2010-02-19,84.900002
2010-02-22,81.400002
2010-02-23,83.900002
2010-02-24,83.199997
2010-02-25,82.199997
2010-02-26,81.199997
2010-03-01,79.400002
2010-03-02,78.400002
2010-03-03,78.900002
2010-03-04,76.099998
2010-03-05,78.900002
2010-03-08,77.599998
2010-03-09,76.300003
2010-03-10,75.900002
2010-03-11,75.599998
2010-03-12,76.400002
2010-03-15,77.300003
2010-03-16,76.900002
2010-03-17,74.099998
2010-03-18,75.900002
2010-03-19,79.400002
2010-03-22,78.500000
2010-03-23,78.599998
2010-03-24,90.099998
2010-03-25,89.500000
2010-03-26,87.400002
2010-03-29,87.099998
2010-03-30,86.199997
2010-03-31,85.300003
2010-04-01,89.800003
2010-04-05,90.099998
2010-04-06,88.599998
2010-04-07,92.199997
2010-04-08,90.300003
2010-04-09,89.800003
2010-04-12,88.199997
2010-04-13,86.699997
2010-04-14,85.300003
2010-04-15,83.900002
2010-04-16,82.900002
2010-04-19,82.300003
2010-04-20,78.300003
2010-04-21,79.900002
2010-04-22,80.099998
2010-04-23,85.199997
2010-04-26,83.000000
2010-04-27,88.900002
2010-04-28,87.199997
2010-04-29,83.300003
2010-04-30,85.500000
2010-05-03,83.599998
2010-05-04,88.699997
2010-05-05,95.800003
2010-05-06,116.699997
2010-05-07,112.599998
2010-05-10,104.400002
2010-05-11,96.800003
2010-05-12,93.199997
2010-05-13,89.500000
2010-05-14,99.800003
2010-05-17,96.599998
2010-05-18,97.199997
2010-05-19,98.099998
2010-05-20,110.900002
2010-05-21,108.699997
2010-05-24,107.099998
2010-05-25,112.699997
2010-05-26,109.900002
2010-05-27,111.500000
2010-05-28,112.099998
2010-06-01,110.300003
2010-06-02,105.199997
2010-06-03,104.300003
2010-06-04,106.400002
2010-06-07,106.099998
2010-06-08,108.699997
2010-06-09,106.599998
2010-06-10,103.300003
2010-06-11,105.900002
2010-06-14,102.900002
2010-06-15,99.599998
2010-06-16,96.000000
2010-06-17,95.199997
2010-06-18,94.400002
2010-06-21,87.800003
2010-06-22,85.900002
2010-06-23,85.199997
2010-06-24,85.400002
2010-06-25,84.699997
2010-06-28,84.199997
2010-06-29,89.800003
2010-06-30,89.699997
2010-07-01,93.800003
2010-07-02,88.199997
2010-07-06,82.599998
2010-07-07,86.300003
2010-07-08,85.500000
2010-07-09,85.099998
2010-07-12,82.199997
2010-07-13,80.300003
2010-07-14,79.000000
2010-07-15,78.099998
2010-07-16,81.199997
2010-07-19,79.400002
2010-07-20,78.699997
2010-07-21,78.400002
2010-07-22,78.800003
2010-07-23,78.900002
2010-07-26,77.300003
2010-07-27,77.099998
2010-07-28,76.300003
2010-07-29,75.900002
2010-07-30,78.199997
2010-08-02,77.599998
2010-08-03,81.099998
2010-08-04,85.900002
2010-08-05,84.000000
2010-08-06,80.400002
2010-08-09,79.800003
2010-08-10,76.599998
2010-08-11,76.199997
2010-08-12,81.400002
2010-08-13,84.300003
2010-08-16,92.800003
2010-08-17,90.900002
2010-08-18,87.500000
2010-08-19,91.000000
2010-08-20,93.199997
2010-08-23,95.500000
2010-08-24,97.599998
2010-08-25,100.699997
2010-08-26,104.400002
2010-08-27,109.199997
2010-08-30,109.699997
2010-08-31,103.699997
2010-09-01,110.099998
2010-09-02,103.199997
2010-09-03,95.300003
2010-09-07,98.199997
2010-09-08,100.900002
2010-09-09,104.900002
2010-09-10,107.300003
2010-09-13,105.500000
2010-09-14,102.400002
2010-09-15,102.699997
2010-09-16,103.800003
2010-09-17,103.599998
2010-09-20,103.599998
2010-09-21,96.599998
2010-09-22,89.800003
2010-09-23,88.699997
2010-09-24,83.699997
2010-09-27,85.699997
2010-09-28,84.599998
2010-09-29,85.599998
2010-09-30,85.099998
2010-10-01,86.500000
2010-10-04,96.699997
2010-10-05,89.199997
2010-10-06,90.400002
2010-10-07,87.800003
2010-10-08,80.099998
2010-10-12,78.300003
2010-10-13,81.300003
2010-10-14,84.599998
2010-10-15,88.099998
2010-10-18,89.500000
2010-10-19,88.599998
2010-10-20,87.099998
2010-10-21,89.599998
2010-10-22,92.400002
2010-10-25,90.300003
2010-10-26,97.400002
2010-10-27,99.900002
2010-10-28,98.699997
2010-10-29,99.800003
2010-11-01,98.699997
2010-11-02,98.300003
2010-11-03,83.099998
2010-11-04,82.099998
2010-11-05,81.699997
2010-11-08,82.500000
2010-11-09,90.400002
2010-11-10,91.599998
2010-11-12,97.699997
2010-11-15,103.900002
2010-11-16,100.800003
2010-11-17,95.099998
2010-11-18,98.599998
2010-11-19,94.500000
2010-11-22,90.599998
2010-11-23,90.800003
2010-11-24,101.000000
2010-11-26,100.800003
2010-11-29,100.400002
2010-11-30,101.900002
2010-12-01,110.099998
2010-12-02,109.300003
2010-12-03,102.699997
2010-12-06,98.199997
2010-12-07,110.400002
2010-12-08,112.099998
2010-12-09,109.000000
2010-12-10,110.800003
2010-12-13,110.400002
2010-12-14,118.400002
2010-12-15,125.199997
2010-12-16,122.699997
2010-12-17,119.099998
2010-12-20,112.699997
2010-12-21,104.199997
2010-12-22,106.400002
2010-12-23,106.800003
2010-12-27,106.099998
2010-12-28,110.199997
2010-12-29,111.300003
2010-12-30,111.300003
2010-12-31,110.400002
2011-01-03,105.900002
2011-01-04,102.800003
2011-01-05,116.199997
2011-01-06,112.900002
2011-01-07,107.500000
2011-01-10,102.500000
2011-01-11,100.300003
2011-01-12,98.300003
2011-01-13,96.400002
2011-01-14,96.400002
2011-01-18,97.599998
2011-01-19,93.400002
2011-01-20,97.800003
2011-01-21,95.300003
2011-01-24,93.699997
2011-01-25,93.500000
2011-01-26,93.300003
2011-01-27,93.199997
2011-01-28,90.300003
2011-01-31,96.199997
2011-02-01,97.199997
2011-02-02,102.500000
2011-02-03,102.300003
2011-02-04,105.099998
2011-02-07,101.400002
2011-02-08,101.199997
2011-02-09,99.300003
2011-02-10,100.500000
2011-02-11,97.199997
2011-02-14,95.599998
2011-02-15,94.699997
2011-02-16,95.500000
2011-02-17,94.400002
2011-02-18,94.300003
2011-02-22,97.300003
2011-02-23,96.699997
2011-02-24,96.900002
2011-02-25,93.099998
2011-02-28,90.500000
2011-03-01,97.500000
2011-03-02,96.599998
2011-03-03,100.400002
2011-03-04,94.599998
2011-03-07,94.599998
2011-03-08,91.199997
2011-03-09,90.900002
2011-03-10,94.199997
2011-03-11,91.699997
2011-03-14,90.800003
2011-03-15,94.599998
2011-03-16,103.599998
2011-03-17,103.699997
2011-03-18,100.300003
2011-03-21,95.599998
2011-03-22,91.900002
2011-03-23,91.699997
2011-03-24,90.099998
2011-03-25,93.500000
2011-03-28,93.800003
2011-03-29,91.800003
2011-03-30,89.599998
2011-03-31,90.900002
2011-04-01,87.500000
2011-04-04,85.400002
2011-04-05,85.099998
2011-04-06,89.699997
2011-04-07,88.800003
2011-04-08,88.500000
2011-04-11,85.800003
2011-04-12,85.199997
2011-04-13,83.900002
2011-04-14,82.199997
2011-04-15,81.500000
2011-04-18,82.800003
2011-04-19,80.199997
2011-04-20,77.400002
2011-04-21,76.599998
2011-04-25,74.800003
2011-04-26,81.300003
2011-04-27,79.199997
2011-04-28,76.800003
2011-04-29,76.800003
2011-05-02,76.300003
2011-05-03,80.099998
2011-05-04,80.199997
2011-05-05,83.400002
2011-05-06,84.099998
2011-05-09,82.400002
2011-05-10,80.099998
2011-05-11,83.199997
2011-05-12,81.900002
2011-05-13,82.099998
2011-05-16,80.300003
2011-05-17,78.099998
2011-05-18,77.900002
2011-05-19,79.800003
2011-05-20,79.800003
2011-05-23,78.000000
2011-05-24,76.699997
2011-05-25,75.800003
2011-05-26,74.300003
2011-05-27,73.900002
2011-05-31,71.500000
2011-06-01,72.900002
2011-06-02,76.599998
2011-06-03,75.900002
2011-06-06,75.800003
2011-06-07,73.500000
2011-06-08,77.500000
2011-06-09,77.300003
2011-06-10,78.099998
2011-06-13,76.400002
2011-06-14,82.500000
2011-06-15,85.900002
2011-06-16,87.900002
2011-06-17,85.300003
2011-06-20,82.500000
2011-06-21,80.900002
2011-06-22,79.000000
2011-06-23,83.599998
2011-06-24,84.800003
2011-06-27,83.800003
2011-06-28,89.400002
2011-06-29,87.199997
2011-06-30,88.900002
2011-07-01,90.500000
2011-07-05,90.699997
2011-07-06,89.000000
2011-07-07,90.400002
2011-07-08,85.800003
2011-07-11,88.400002
2011-07-12,90.300003
2011-07-13,88.099998
2011-07-14,89.099998
2011-07-15,90.400002
2011-07-18,89.599998
2011-07-19,88.800003
2011-07-20,85.099998
2011-07-21,89.000000
2011-07-22,84.300003
2011-07-25,86.800003
2011-07-26,84.800003
2011-07-27,89.099998
2011-07-28,86.500000
2011-07-29,88.000000
2011-08-01,84.099998
2011-08-02,87.099998
2011-08-03,85.500000
2011-08-04,91.000000
2011-08-05,100.699997
2011-08-08,117.800003
2011-08-09,107.699997
2011-08-10,98.900002
2011-08-11,107.900002
2011-08-12,109.099998
2011-08-15,99.800003
2011-08-16,92.000000
2011-08-17,87.800003
2011-08-18,95.000000
2011-08-19,100.300003
2011-08-22,104.199997
2011-08-23,105.500000
2011-08-24,105.800003
2011-08-25,107.699997
2011-08-26,101.500000
2011-08-29,98.000000
2011-08-30,99.199997
2011-08-31,97.900002
2011-09-01,98.800003
2011-09-02,99.400002
2011-09-06,103.099998
2011-09-07,100.599998
2011-09-08,99.400002
2011-09-09,100.699997
2011-09-12,99.199997
2011-09-13,97.500000
2011-09-14,96.599998
2011-09-15,97.300003
2011-09-16,97.599998
2011-09-19,99.599998
2011-09-20,99.900002
2011-09-21,93.300003
2011-09-22,103.400002
2011-09-23,104.500000
2011-09-26,107.400002
2011-09-27,107.300003
2011-09-28,103.099998
2011-09-29,100.400002
2011-09-30,100.599998
2011-10-03,105.699997
2011-10-04,109.000000
2011-10-05,108.900002
2011-10-06,108.699997
2011-10-07,106.400002
2011-10-11,106.800003
2011-10-12,108.300003
2011-10-13,106.800003
2011-10-14,109.199997
2011-10-17,108.400002
2011-10-18,107.500000
2011-10-19,105.000000
2011-10-20,105.900002
2011-10-21,107.500000
2011-10-24,103.599998
2011-10-25,102.099998
2011-10-26,105.199997
2011-10-27,108.099998
2011-10-28,107.400002
2011-10-31,107.199997
2011-11-01,116.000000
2011-11-02,111.900002
2011-11-03,109.199997
2011-11-04,106.599998
2011-11-07,106.300003
2011-11-08,105.599998
2011-11-09,111.800003
2011-11-10,113.699997
2011-11-14,113.099998
2011-11-15,108.599998
2011-11-16,106.099998
2011-11-17,111.699997
2011-11-18,109.800003
2011-11-21,107.500000
2011-11-22,103.599998
2011-11-23,104.699997
2011-11-25,102.300003
2011-11-28,102.800003
2011-11-29,103.099998
2011-11-30,99.699997
2011-12-01,100.800003
2011-12-02,98.599998
2011-12-05,94.000000
2011-12-06,93.000000
2011-12-07,94.300003
2011-12-08,95.000000
2011-12-09,99.900002
2011-12-12,95.800003
2011-12-13,90.300003
2011-12-14,91.699997
2011-12-15,87.199997
2011-12-16,89.400002
2011-12-19,87.599998
2011-12-20,92.300003
2011-12-21,91.800003
2011-12-22,90.199997
2011-12-23,94.199997
2011-12-27,94.800003
2011-12-28,95.099998
2011-12-29,94.099998
2011-12-30,91.099998
2012-01-03,90.699997
2012-01-04,88.900002
2012-01-05,87.900002
2012-01-06,81.699997
2012-01-09,78.599998
2012-01-10,80.199997
2012-01-11,78.199997
2012-01-12,77.099998
2012-01-13,79.199997
2012-01-17,75.599998
2012-01-18,75.000000
2012-01-19,80.000000
2012-01-20,84.599998
2012-01-23,85.800003
2012-01-24,81.599998
2012-01-25,76.699997
2012-01-26,75.900002
2012-01-27,75.400002
2012-01-30,72.400002
2012-01-31,72.099998
2012-02-01,72.699997
2012-02-02,70.199997
2012-02-03,76.699997
2012-02-06,72.300003
2012-02-07,79.300003
2012-02-08,79.000000
2012-02-09,83.199997
2012-02-10,80.699997
2012-02-13,78.800003
2012-02-14,79.000000
2012-02-15,76.599998
2012-02-16,80.099998
2012-02-17,81.500000
2012-02-21,79.300003
2012-02-22,79.599998
2012-02-23,79.000000
2012-02-24,77.099998
2012-02-27,74.800003
2012-02-28,73.900002
2012-02-29,75.900002
2012-03-01,77.400002
2012-03-02,76.000000
2012-03-05,75.000000
2012-03-06,75.800003
2012-03-07,75.099998
2012-03-08,76.599998
2012-03-09,73.199997
2012-03-12,69.900002
2012-03-13,73.800003
2012-03-14,89.699997
2012-03-15,83.400002
2012-03-16,84.900002
2012-03-19,92.300003
2012-03-20,93.300003
2012-03-21,89.500000
2012-03-22,87.099998
2012-03-23,86.199997
2012-03-26,85.599998
2012-03-27,80.699997
2012-03-28,77.400002
2012-03-29,75.199997
2012-03-30,78.599998
2012-04-02,75.599998
2012-04-03,84.300003
2012-04-04,84.599998
2012-04-05,83.699997
2012-04-09,76.199997
2012-04-10,75.099998
2012-04-11,76.300003
2012-04-12,73.500000
2012-04-13,72.599998
2012-04-16,72.900002
2012-04-17,73.900002
2012-04-18,72.500000
2012-04-19,72.199997
2012-04-20,71.400002
2012-04-23,70.900002
2012-04-24,71.900002
2012-04-25,70.599998
2012-04-26,65.199997
2012-04-27,64.099998
2012-04-30,62.900002
2012-05-01,67.000000
2012-05-02,65.099998
2012-05-03,63.299999
2012-05-04,57.799999
2012-05-07,56.700001
2012-05-08,57.700001
2012-05-09,58.700001
2012-05-10,57.599998
2012-05-11,61.500000
2012-05-14,70.300003
2012-05-15,67.699997
2012-05-16,67.000000
2012-05-17,70.599998
2012-05-18,70.599998
2012-05-21,69.099998
2012-05-22,70.800003
2012-05-23,73.699997
2012-05-24,73.099998
2012-05-25,71.199997
2012-05-29,68.900002
2012-05-30,73.000000
2012-05-31,74.400002
2012-06-01,80.599998
2012-06-04,86.500000
2012-06-05,84.599998
2012-06-06,87.699997
2012-06-07,82.099998
2012-06-08,86.000000
2012-06-11,86.500000
2012-06-12,88.500000
2012-06-13,89.300003
2012-06-14,91.500000
2012-06-15,95.400002
2012-06-18,85.699997
2012-06-19,84.699997
2012-06-20,77.699997
2012-06-21,76.199997
2012-06-22,75.099998
2012-06-25,72.800003
2012-06-26,71.099998
2012-06-27,70.199997
2012-06-28,70.199997
2012-06-29,73.199997
2012-07-02,71.599998
2012-07-03,72.400002
2012-07-05,71.300003
2012-07-06,66.800003
2012-07-09,63.400002
2012-07-10,63.299999
2012-07-11,63.799999
2012-07-12,63.400002
2012-07-13,63.299999
2012-07-16,62.799999
2012-07-17,64.199997
2012-07-18,61.900002
2012-07-19,61.200001
2012-07-20,61.299999
2012-07-23,61.599998
2012-07-24,62.900002
2012-07-25,63.099998
2012-07-26,62.599998
2012-07-27,69.699997
2012-07-30,68.400002
2012-07-31,69.800003
2012-08-01,74.099998
2012-08-02,69.400002
2012-08-03,71.900002
2012-08-06,69.699997
2012-08-07,73.900002
2012-08-08,75.199997
2012-08-09,73.699997
2012-08-10,70.099998
2012-08-13,67.199997
2012-08-14,67.900002
2012-08-15,73.000000
2012-08-16,77.099998
2012-08-17,74.000000
2012-08-20,70.199997
2012-08-21,70.000000
2012-08-22,66.800003
2012-08-23,65.500000
2012-08-24,66.400002
2012-08-27,66.300003
2012-08-28,64.300003
2012-08-29,64.900002
2012-08-30,68.000000
2012-08-31,68.699997
2012-09-04,67.099998
2012-09-05,68.500000
2012-09-06,71.000000
2012-09-07,68.400002
2012-09-10,68.199997
2012-09-11,67.900002
2012-09-12,69.900002
2012-09-13,65.400002
2012-09-14,68.300003
2012-09-17,64.400002
2012-09-18,59.799999
2012-09-19,57.500000
2012-09-20,59.700001
2012-09-21,59.599998
2012-09-24,57.500000
2012-09-25,57.599998
2012-09-26,58.500000
2012-09-27,61.080002
2012-09-28,60.470001
2012-10-01,59.400002
2012-10-02,60.400002
2012-10-03,59.200001
2012-10-04,59.799999
2012-10-05,60.400002
2012-10-09,59.299999
2012-10-10,59.599998
2012-10-11,61.400002
2012-10-12,61.400002
2012-10-15,63.000000
2012-10-16,64.800003
2012-10-17,68.699997
2012-10-18,69.000000
2012-10-19,68.500000
2012-10-22,69.800003
2012-10-23,68.900002
2012-10-24,67.099998
2012-10-25,73.099998
2012-10-26,73.000000
2012-10-31,71.430000
2012-11-01,72.000000
2012-11-02,72.300003
2012-11-05,68.610001
2012-11-06,69.300003
2012-11-07,60.900002
2012-11-08,59.099998
2012-11-09,59.099998
2012-11-13,57.299999
2012-11-14,56.840000
2012-11-15,55.599998
2012-11-16,54.980000
2012-11-19,54.700001
2012-11-20,53.700001
2012-11-21,53.900002
2012-11-27,51.700001
2012-11-28,52.299999
2012-11-29,51.700001
2012-11-30,51.799999
2012-12-03,51.020000
2012-12-04,51.700001
2012-12-05,52.299999
2012-12-06,53.299999
2012-12-10,52.250000
2012-12-11,51.599998
2012-12-12,53.599998
2012-12-14,52.799999
2012-12-17,57.099998
2012-12-18,63.000000
2012-12-19,57.799999
2012-12-20,54.400002
2012-12-21,55.299999
2012-12-24,54.900002
2012-12-26,54.500000
2012-12-27,55.000000
2012-12-28,56.700001
2012-12-31,59.400002
2013-01-02,61.099998
2013-01-03,63.500000
2013-01-04,62.000000
2013-01-07,59.900002
2013-01-08,58.599998
2013-01-09,56.299999
2013-01-10,58.200001
2013-01-11,59.200001
2013-01-14,55.799999
2013-01-15,53.099998
2013-01-16,53.200001
2013-01-17,56.900002
2013-01-18,55.849998
2013-01-22,61.889999
2013-01-23,53.599998
2013-01-24,55.299999
2013-01-25,66.199997
2013-01-28,63.700001
2013-01-29,62.400002
2013-01-30,66.400002
2013-01-31,65.599998
2013-02-01,65.000000
2013-02-04,63.099998
2013-02-05,64.800003
2013-02-06,62.799999
2013-02-07,59.900002
2013-02-08,61.500000
2013-02-11,60.000000
2013-02-12,59.799999
2013-02-13,61.700001
2013-02-14,59.099998
2013-02-15,59.099998
2013-02-19,58.400002
2013-02-20,57.900002
2013-02-21,59.700001
2013-02-22,58.599998
2013-02-25,60.000000
2013-02-26,58.000000
2013-02-27,58.410000
2013-02-28,55.880001
2013-03-01,55.000000
2013-03-04,53.900002
2013-03-05,56.500000
2013-03-07,60.500000
2013-03-08,58.099998
2013-03-11,55.070000
2013-03-12,53.700001
2013-03-13,54.599998
2013-03-14,56.000000
2013-03-15,55.799999
2013-03-25,57.669998
2013-03-26,56.099998
2013-03-28,57.299999
2013-04-01,56.200001
2013-04-02,56.000000
2013-04-03,57.900002
2013-04-04,56.900002
2013-04-05,54.799999
2013-04-08,54.900002
2013-04-09,52.700001
2013-04-10,53.900002
2013-04-11,52.599998
2013-04-12,53.099998
2013-04-15,52.299999
2013-04-16,51.900002
2013-04-17,52.000000
2013-04-18,51.299999
2013-04-19,51.299999
2013-04-22,50.599998
2013-04-23,50.000000
2013-04-24,49.799999
2013-04-25,49.400002
2013-04-26,50.200001
2013-04-29,49.599998
2013-04-30,49.200001
2013-05-01,49.000000
2013-05-02,49.000000
2013-05-06,49.490002
2013-05-07,49.490002
2013-05-08,49.490002
2013-05-09,48.869999
2013-05-10,55.320000
2013-05-13,56.509998
2013-05-14,57.740002
2013-05-17,61.299999
2013-05-20,60.500000
2013-05-21,59.799999
2013-05-22,65.400002
2013-05-23,68.199997
2013-05-24,65.099998
2013-05-28,75.500000
2013-05-29,81.199997
2013-05-30,77.400002
2013-05-31,80.000000
2013-06-03,79.199997
2013-06-04,82.800003
2013-06-05,83.599998
2013-06-06,84.699997
2013-06-07,81.500000
2013-06-10,84.699997
2013-06-11,82.300003
2013-06-12,81.900002
2013-06-13,82.400002
2013-06-14,78.500000
2013-06-17,78.500000
2013-06-18,81.000000
2013-06-19,86.900002
2013-06-20,96.000000
2013-06-21,103.699997
2013-06-24,111.000000
2013-06-25,108.400002
2013-06-26,103.500000
2013-06-27,97.099998
2013-06-28,99.800003
2013-07-01,101.300003
2013-07-03,109.300003
2013-07-05,117.900002
2013-07-08,107.800003
2013-07-09,99.500000
2013-07-10,99.000000
2013-07-11,93.500000
2013-07-12,94.500000
2013-07-15,89.400002
2013-07-16,88.000000
2013-07-17,81.900002
2013-07-18,77.400002
2013-07-19,75.900002
2013-07-22,72.599998
2013-07-23,74.099998
2013-07-24,80.199997
2013-07-25,82.599998
2013-07-26,81.599998
2013-07-29,83.199997
2013-07-30,83.300003
2013-07-31,82.599998
2013-08-01,91.400002
2013-08-02,73.199997
2013-08-05,72.699997
2013-08-06,78.199997
2013-08-07,75.400002
2013-08-08,75.400002
2013-08-09,75.400002
2013-08-12,74.099998
2013-08-13,81.699997
2013-08-14,80.900002
2013-08-15,86.699997
2013-08-16,94.699997
2013-08-19,99.500000
2013-08-20,95.699997
2013-08-21,98.800003
2013-08-22,98.300003
2013-08-23,99.800003
2013-08-26,95.800003
2013-08-27,94.900002
2013-08-29,98.800003
2013-08-30,103.500000
2013-09-03,105.800003
2013-09-05,111.400002
2013-09-06,105.500000
2013-09-09,100.699997
2013-09-10,101.800003
2013-09-11,98.000000
2013-09-12,96.400002
2013-09-13,96.199997
2013-09-16,94.500000
2013-09-17,90.800003
2013-09-18,82.699997
2013-09-19,80.300003
2013-09-20,77.699997
2013-09-23,75.300003
2013-09-24,74.800003
2013-09-25,75.300003
2013-09-26,77.599998
2013-09-27,78.000000
2013-09-30,80.199997
2013-10-01,87.400002
2013-10-02,82.199997
2013-10-03,80.300003
2013-10-04,82.500000
2013-10-07,80.300003
2013-10-08,81.099998
2013-10-09,80.800003
2013-10-10,80.099998
2013-10-11,77.099998
2013-10-15,75.800003
2013-10-16,73.199997
2013-10-17,70.099998
2013-10-18,72.500000
2013-10-21,71.500000
2013-10-22,63.099998
2013-10-23,62.000000
2013-10-24,63.099998
2013-10-25,61.139999
2013-10-28,58.500000
2013-10-29,58.799999
2013-10-30,60.599998
2013-10-31,61.700001
2013-11-01,69.599998
2013-11-04,64.209999
2013-11-05,68.599998
2013-11-06,67.099998
2013-11-07,66.500000
2013-11-08,69.900002
2013-11-12,69.599998
2013-11-13,65.800003
2013-11-14,61.900002
2013-11-15,62.200001
2013-11-18,58.299999
2013-11-19,62.299999
2013-11-20,66.500000
2013-11-21,68.400002
2013-11-22,66.800003
2013-11-25,65.099998
2013-11-26,65.300003
2013-11-27,67.800003
2013-11-29,68.000000
2013-12-02,73.099998
2013-12-03,72.099998
2013-12-04,75.800003
2013-12-05,76.099998
2013-12-06,69.199997
2013-12-09,67.800003
2013-12-10,70.500000
2013-12-12,72.800003
2013-12-13,72.599998
2013-12-16,69.900002
2013-12-17,68.500000
2013-12-18,65.000000
2013-12-19,67.699997
2013-12-20,67.300003
2013-12-23,66.199997
2013-12-24,67.800003
2013-12-26,66.800003
2013-12-27,65.800003
2013-12-30,69.099998
2013-12-31,73.500000
2014-01-02,73.400002
2014-01-03,72.699997
2014-01-06,69.900002
2014-01-07,73.800003
2014-01-08,75.300003
2014-01-09,73.699997
2014-01-10,61.200001
2014-01-13,58.900002
2014-01-14,61.599998
2014-01-15,60.799999
2014-01-16,60.799999
2014-01-17,60.299999
2014-01-21,59.500000
2014-01-22,60.500000
2014-01-23,62.200001
2014-01-24,63.500000
2014-01-27,64.199997
2014-01-28,64.500000
2014-01-29,64.500000
2014-01-31,64.699997
2014-02-04,66.800003
2014-02-06,67.199997
2014-02-07,64.699997
2014-02-10,62.299999
2014-02-11,61.500000
2014-02-12,61.000000
2014-02-13,58.099998
2014-02-14,57.299999
2014-02-18,56.000000
2014-02-19,57.299999
2014-02-20,58.700001
2014-02-21,58.400002
2014-02-24,57.400002
2014-02-25,56.799999
2014-02-26,57.799999
2014-02-27,58.099998
2014-02-28,57.700001
2014-03-03,57.799999
2014-03-04,63.200001
2014-03-05,60.799999
2014-03-06,61.000000
2014-03-07,58.200001
2014-03-10,55.700001
2014-03-11,55.509998
2014-03-12,55.099998
2014-03-13,57.480000
2014-03-14,62.840000
2014-03-17,61.799999
2014-03-18,59.209999
2014-03-19,65.599998
2014-03-20,60.799999
2014-03-21,60.799999
2014-03-24,58.700001
2014-03-25,58.340000
2014-03-26,57.799999
2014-03-27,59.400002
2014-03-28,61.900002
2014-03-31,61.799999
2014-04-01,61.500000
2014-04-02,66.300003
2014-04-03,65.199997
2014-04-04,58.799999
2014-04-07,58.799999
2014-04-08,55.900002
2014-04-09,54.700001
2014-04-10,55.400002
2014-04-11,58.599998
2014-04-14,59.200001
2014-04-15,59.200001
2014-04-16,58.000000
2014-04-17,59.500000
2014-04-21,56.799999
2014-04-22,57.099998
2014-04-23,56.599998
2014-04-24,57.799999
2014-04-28,59.099998
2014-04-29,59.900002
2014-04-30,58.900002
2014-05-01,58.840000
2014-05-02,55.299999
2014-05-05,55.299999
2014-05-06,58.700001
2014-05-07,57.299999
2014-05-09,56.099998
2014-05-12,56.200001
2014-05-13,56.099998
2014-05-15,55.700001
2014-05-16,58.700001
2014-05-19,58.200001
2014-05-20,60.000000
2014-05-21,59.099998
2014-05-22,58.200001
2014-05-23,58.200001
2014-05-27,56.799999
2014-05-28,55.200001
2014-05-29,56.400002
2014-05-30,58.299999
2014-06-02,59.700001
2014-06-03,60.900002
2014-06-04,64.900002
2014-06-05,65.099998
2014-06-06,59.299999
2014-06-09,57.299999
2014-06-10,56.900002
2014-06-11,55.400002
2014-06-13,58.400002
2014-06-17,58.400002
2014-06-18,59.400002
2014-06-19,55.500000
2014-06-20,54.900002
2014-06-23,54.599998
2014-06-24,53.900002
2014-06-25,54.099998
2014-06-26,53.250000
2014-06-27,53.299999
2014-06-30,52.700001
2014-07-01,53.250000
2014-07-02,59.599998
2014-07-03,56.900002
2014-07-07,55.049999
2014-07-08,54.970001
2014-07-09,55.169998
2014-07-10,55.599998
2014-07-11,54.799999
2014-07-14,54.400002
2014-07-15,54.000000
2014-07-16,52.900002
2014-07-17,54.500000
2014-07-18,54.400002
2014-07-21,53.849998
2014-07-22,53.799999
2014-07-23,53.400002
2014-07-24,54.259998
2014-07-25,54.430000
2014-07-28,54.080002
2014-07-29,53.799999
2014-07-30,55.889999
2014-07-31,56.459999
2014-08-01,52.259998
2014-08-04,52.299999
2014-08-05,56.700001
2014-08-06,56.919998
2014-08-07,59.500000
2014-08-08,62.470001
2014-08-11,60.299999
2014-08-12,59.369999
2014-08-13,58.799999
2014-08-14,58.500000
2014-08-15,60.400002
2014-08-18,61.689999
2014-08-19,62.000000
2014-08-20,62.799999
2014-08-21,60.200001
2014-08-22,59.840000
2014-08-25,57.200001
2014-08-26,56.450001
2014-08-27,56.900002
2014-08-28,59.799999
2014-08-29,60.490002
2014-09-02,61.349998
2014-09-03,64.900002
2014-09-04,64.900002
2014-09-05,60.299999
2014-09-08,60.000000
2014-09-09,61.500000
2014-09-10,63.200001
2014-09-11,62.799999
2014-09-12,65.599998
2014-09-15,66.099998
2014-09-16,67.099998
2014-09-17,62.299999
2014-09-18,62.000000
2014-09-19,59.799999
2014-09-22,58.000000
2014-09-23,57.400002
2014-09-24,58.299999
2014-09-25,59.099998
2014-09-26,64.500000
2014-09-29,62.299999
2014-09-30,64.199997
2014-10-01,64.300003
2014-10-02,66.199997
2014-10-03,62.500000
2014-10-06,60.400002
2014-10-07,65.300003
2014-10-08,65.000000
2014-10-09,66.500000
2014-10-10,68.699997
2014-10-14,74.599998
2014-10-15,101.300003
2014-10-16,90.099998
2014-10-17,82.900002
2014-10-20,79.199997
2014-10-21,78.900002
2014-10-22,77.199997
2014-10-23,80.400002
2014-10-24,81.610001
2014-10-27,77.599998
2014-10-28,74.699997
2014-10-29,73.000000
2014-10-30,69.559998
2014-10-31,68.699997
2014-11-03,67.449997
2014-11-04,68.599998
2014-11-05,72.900002
2014-11-06,69.099998
2014-11-07,66.599998
2014-11-10,66.550003
2014-11-12,66.800003
2014-11-13,67.000000
2014-11-14,67.000000
2014-11-17,66.900002
2014-11-18,69.199997
2014-11-19,70.000000
2014-11-20,69.199997
2014-11-21,67.000000
2014-11-24,64.400002
2014-11-25,64.599998
2014-11-26,64.699997
2014-11-28,66.599998
2014-12-01,67.300003
2014-12-03,65.800003
2014-12-04,64.599998
2014-12-05,64.800003
2014-12-08,62.799999
2014-12-09,66.570000
2014-12-10,68.199997
2014-12-15,77.599998
2014-12-16,80.699997
2014-12-17,72.419998
2014-12-18,71.169998
2014-12-19,70.699997
2014-12-22,70.080002
2014-12-23,68.800003
2014-12-24,68.900002
2014-12-26,55.400002
2014-12-29,69.199997
2014-12-30,69.000000
2014-12-31,68.900002
2015-01-02,70.000000
2015-01-05,71.500000
2015-01-06,84.900002
2015-01-07,85.199997
2015-01-08,85.199997
2015-01-09,80.599998
2015-01-12,81.900002
2015-01-13,83.000000
2015-01-14,85.300003
2015-01-15,85.300003
2015-01-16,92.599998
2015-01-20,90.599998
2015-01-21,88.300003
2015-01-22,85.099998
2015-01-23,89.900002
2015-01-26,85.300003
2015-01-27,86.199997
2015-01-28,86.400002
2015-01-29,86.599998
2015-02-02,88.099998
2015-02-03,92.699997
2015-02-04,92.300003
2015-02-05,93.000000
2015-02-06,93.699997
2015-02-09,95.099998
2015-02-10,95.349998
2015-02-11,94.199997
2015-02-12,91.599998
2015-02-13,91.400002
2015-02-17,91.800003
2015-02-18,91.400002
2015-02-19,98.500000
2015-02-20,98.300003
2015-02-23,97.699997
2015-02-24,94.099998
2015-02-25,91.500000
2015-02-26,90.500000
2015-02-27,91.400002
2015-03-02,90.199997
2015-03-03,91.800003
2015-03-04,90.699997
2015-03-05,89.300003
2015-03-06,86.599998
2015-03-09,84.000000
2015-03-10,84.400002
2015-03-11,85.000000
2015-03-12,85.599998
2015-03-13,86.099998
2015-03-16,84.800003
2015-03-17,86.300003
2015-03-18,85.699997
2015-03-19,87.800003
2015-03-20,86.500000
2015-03-23,84.900002
2015-03-24,83.699997
2015-03-25,84.199997
2015-03-26,86.199997
2015-03-27,86.199997
2015-03-30,86.400002
2015-03-31,86.099998
2015-04-01,85.599998
2015-04-02,84.300003
2015-04-06,79.000000
2015-04-07,77.800003
2015-04-08,80.000000
2015-04-09,78.800003
2015-04-10,77.800003
2015-04-13,75.800003
2015-04-14,74.800003
2015-04-15,73.000000
2015-04-16,72.400002
2015-04-17,74.400002
2015-04-20,73.500000
2015-04-21,72.900002
2015-04-22,72.900002
2015-04-23,73.199997
2015-04-24,71.599998
2015-04-27,71.000000
2015-04-28,72.900002
2015-04-29,73.900002
2015-04-30,75.300003
2015-05-01,78.900002
2015-05-04,81.099998
2015-05-05,87.699997
2015-05-06,91.000000
2015-05-07,89.599998
2015-05-08,80.900002
2015-05-11,84.099998
2015-05-12,87.400002
2015-05-13,85.599998
2015-05-14,83.199997
2015-05-15,83.199997
2015-05-18,88.199997
2015-05-19,87.669998
2015-05-20,87.650002
2015-05-21,86.099998
2015-05-22,87.669998
2015-05-26,85.360001
2015-05-27,84.000000
2015-05-28,82.699997
2015-05-29,82.699997
2015-06-01,83.550003
2015-06-02,87.500000
2015-06-03,91.809998
2015-06-04,92.209999
2015-06-05,88.900002
2015-06-08,87.599998
2015-06-09,87.199997
2015-06-10,89.800003
2015-06-11,87.800003
2015-06-12,87.699997
2015-06-15,86.000000
2015-06-16,85.699997
2015-06-17,82.400002
2015-06-18,82.599998
2015-06-19,84.699997
2015-06-22,84.400002
2015-06-23,84.199997
2015-06-24,82.699997
2015-06-25,83.320000
2015-06-26,84.300003
2015-06-29,89.800003
2015-06-30,92.300003
2015-07-01,90.300003
2015-07-02,88.000000
2015-07-06,86.180000
2015-07-07,90.500000
2015-07-08,89.400002
2015-07-09,89.300003
2015-07-10,90.199997
2015-07-13,84.699997
2015-07-14,80.800003
2015-07-15,79.099998
2015-07-16,76.000000
2015-07-17,74.209999
2015-07-20,72.800003
2015-07-21,72.400002
2015-07-22,72.099998
2015-07-23,72.599998
2015-07-24,73.000000
2015-07-27,72.199997
2015-07-28,71.900002
2015-07-29,69.709999
2015-07-30,71.199997
2015-07-31,75.800003
2015-08-03,74.699997
2015-08-04,80.470001
2015-08-05,80.699997
2015-08-06,80.300003
2015-08-07,76.199997
2015-08-10,75.300003
2015-08-11,78.099998
2015-08-12,81.500000
2015-08-13,80.000000
2015-08-14,77.099998
2015-08-17,76.099998
2015-08-18,82.699997
2015-08-19,81.500000
2015-08-20,84.599998
2015-08-21,88.500000
2015-08-24,94.500000
2015-08-25,91.099998
2015-08-26,92.000000
2015-08-27,91.400002
2015-08-28,91.099998
2015-08-31,87.699997
2015-09-01,88.699997
2015-09-02,93.099998
2015-09-03,91.400002
2015-09-04,86.800003
2015-09-08,85.199997
2015-09-09,85.099998
2015-09-10,83.599998
2015-09-11,83.800003
2015-09-14,82.699997
2015-09-15,85.000000
2015-09-16,84.900002
2015-09-17,77.699997
2015-09-18,75.800003
2015-09-21,74.500000
2015-09-22,75.599998
2015-09-23,69.199997
2015-09-24,76.400002
2015-09-25,75.900002
2015-09-28,76.900002
2015-09-29,83.300003
2015-09-30,81.599998
2015-10-01,81.500000
2015-10-02,78.900002
2015-10-05,77.500000
2015-10-06,80.300003
2015-10-07,80.000000
2015-10-08,79.500000
2015-10-09,78.199997
2015-10-13,76.300003
2015-10-14,74.800003
2015-10-15,74.599998
2015-10-16,74.699997
2015-10-19,71.000000
2015-10-20,71.099998
2015-10-21,69.699997
2015-10-22,70.000000
2015-10-23,70.800003
2015-10-26,69.699997
2015-10-27,69.800003
2015-10-28,70.300003
2015-10-29,73.099998
2015-10-30,73.099998
2015-11-02,73.199997
2015-11-03,73.300003
2015-11-04,77.599998
2015-11-05,76.699997
2015-11-06,74.300003
2015-11-10,70.500000
2015-11-13,68.300003
2015-11-16,67.699997
2015-11-17,72.300003
2015-11-18,71.699997
2015-11-19,70.500000
2015-11-20,70.500000
2015-11-23,70.800003
2015-11-24,70.900002
2015-11-25,70.000000
2015-11-27,69.599998
2015-11-30,69.900002
2015-12-01,71.000000
2015-12-02,72.300003
2015-12-03,74.599998
2015-12-04,71.300003
2015-12-07,70.559998
2015-12-08,72.699997
2015-12-09,72.400002
2015-12-10,72.300003
2015-12-11,75.000000
2015-12-14,78.199997
2015-12-15,79.599998
2015-12-16,70.199997
2015-12-17,67.699997
2015-12-18,67.800003
2015-12-21,66.400002
2015-12-22,66.900002
2015-12-23,66.000000
2015-12-24,65.500000
2015-12-28,67.199997
2015-12-29,67.199997
2015-12-30,67.300003
2015-12-31,67.800003
2016-01-04,68.800003
2016-01-05,71.419998
2016-01-06,71.680000
2016-01-07,74.209999
2016-01-08,71.010002
2016-01-11,71.019997
2016-01-13,74.459999
2016-01-14,73.610001
2016-01-15,78.059998
2016-01-19,77.320000
2016-01-20,81.820000
2016-01-21,80.730003
2016-01-22,77.349998
2016-01-25,75.410004
2016-01-26,75.160004
2016-01-27,71.940002
2016-01-28,70.980003
2016-01-29,74.000000
2016-02-01,73.459999
2016-02-02,77.489998
2016-02-03,79.620003
2016-02-04,83.760002
2016-02-05,81.669998
2016-02-08,89.269997
2016-02-09,91.610001
2016-02-10,86.320000
2016-02-11,96.309998
2016-02-12,93.720001
2016-02-16,86.820000
2016-02-17,84.790001
2016-02-18,86.120003
2016-02-19,90.099998
2016-02-22,85.150002
2016-02-23,83.980003
2016-02-24,85.089996
2016-02-25,84.440002
2016-02-26,82.540001
2016-02-29,83.389999
2016-03-01,84.220001
2016-03-02,83.650002
2016-03-03,81.720001
2016-03-04,78.010002
2016-03-07,77.830002
2016-03-08,80.720001
2016-03-09,80.360001
2016-03-10,80.849998
2016-03-11,81.419998
2016-03-14,79.120003
2016-03-15,78.470001
2016-03-16,74.160004
2016-03-17,72.410004
2016-03-18,71.260002
2016-03-21,70.830002
2016-03-22,71.120003
2016-03-23,71.080002
2016-03-24,72.680000
2016-03-28,74.690002
2016-03-29,72.660004
2016-03-30,70.540001
2016-03-31,68.800003
2016-04-01,67.000000
2016-04-04,65.360001
2016-04-05,68.309998
2016-04-06,69.709999
2016-04-07,71.089996
2016-04-08,70.879997
2016-04-11,69.769997
2016-04-12,68.779999
2016-04-13,67.489998
2016-04-14,67.519997
2016-04-15,66.489998
2016-04-18,66.339996
2016-04-19,66.440002
2016-04-20,67.769997
2016-04-21,68.599998
2016-04-22,67.779999
2016-04-25,67.889999
2016-04-26,67.150002
2016-04-27,64.739998
2016-04-28,64.639999
2016-04-29,64.919998
2016-05-02,64.680000
2016-05-03,68.410004
2016-05-04,68.120003
2016-05-05,68.669998
2016-05-06,65.150002
2016-05-09,64.120003
2016-05-10,63.970001
2016-05-11,63.889999
2016-05-12,63.919998
2016-05-13,64.070000
2016-05-16,66.940002
2016-05-17,67.120003
2016-05-18,69.849998
2016-05-19,70.559998
2016-05-20,68.510002
2016-05-23,67.779999
2016-05-24,69.410004
2016-05-25,67.540001
2016-05-26,66.150002
2016-05-27,66.760002
2016-05-31,67.910004
2016-06-01,68.750000
2016-06-02,69.559998
2016-06-03,67.589996
2016-06-06,66.269997
2016-06-08,67.919998
2016-06-10,75.099998
2016-06-13,79.570000
2016-06-14,79.099998
2016-06-15,78.669998
2016-06-16,83.540001
2016-06-17,82.580002
2016-06-20,77.320000
2016-06-21,76.959999
2016-06-22,79.519997
2016-06-23,74.040001
2016-06-24,77.940002
2016-06-27,81.570000
2016-06-28,78.669998
2016-06-29,71.800003
2016-06-30,72.639999
2016-07-01,74.349998
2016-07-05,78.120003
2016-07-06,76.089996
2016-07-07,76.730003
2016-07-08,72.309998
2016-07-11,69.779999
2016-07-12,71.430000
2016-07-13,71.650002
2016-07-14,73.559998
2016-07-15,74.769997
2016-07-18,72.919998
2016-07-19,70.529999
2016-07-20,70.639999
2016-07-21,71.860001
2016-07-22,69.910004
2016-07-25,68.750000
2016-07-26,68.760002
2016-07-27,66.639999
2016-07-28,66.669998
2016-07-29,64.150002
2016-08-01,63.669998
2016-08-02,67.849998
2016-08-03,67.790001
2016-08-04,67.099998
2016-08-05,66.589996
2016-08-08,65.500000
2016-08-09,64.300003
2016-08-10,63.340000
2016-08-11,65.290001
2016-08-12,64.370003
2016-08-15,63.770000
2016-08-16,63.669998
2016-08-17,63.540001
2016-08-18,63.650002
2016-08-19,64.820000
2016-08-22,67.870003
2016-08-23,66.620003
2016-08-24,66.510002
2016-08-25,69.360001
2016-08-26,71.239998
2016-08-29,68.610001
2016-08-30,69.110001
2016-08-31,69.080002
2016-09-01,70.250000
2016-09-02,66.459999
2016-09-06,63.459999
2016-09-07,64.070000
2016-09-08,65.949997
2016-09-09,69.120003
2016-09-12,68.910004
2016-09-13,70.599998
2016-09-14,69.230003
2016-09-15,69.129997
2016-09-16,69.209999
2016-09-19,69.230003
2016-09-20,69.230003
2016-09-21,63.730000
2016-09-22,61.180000
2016-09-23,59.750000
2016-09-26,58.849998
2016-09-27,59.230000
2016-09-28,57.619999
2016-09-29,58.849998
2016-09-30,60.560001
2016-10-03,60.430000
2016-10-04,62.080002
2016-10-05,62.570000
2016-10-06,64.290001
2016-10-07,62.840000
2016-10-12,63.950001
2016-10-14,64.980003
2016-10-17,64.419998
2016-10-18,63.180000
2016-10-19,61.639999
2016-10-20,59.619999
2016-10-21,57.090000
2016-10-25,57.410000
2016-10-26,59.509998
2016-10-28,64.379997
2016-10-31,65.470001
2016-11-01,67.760002
2016-11-02,69.250000
2016-11-03,72.570000
2016-11-04,74.610001
2016-11-08,68.470001
2016-11-09,76.330002
2016-11-10,82.570000
2016-11-14,89.220001
2016-11-15,84.120003
2016-11-16,80.120003
2016-11-17,77.540001
2016-11-18,81.650002
2016-11-21,80.580002
2016-11-22,76.459999
2016-11-23,78.639999
2016-11-25,79.690002
2016-11-28,78.739998
2016-11-29,77.300003
2016-11-30,80.959999
2016-12-01,86.629997
2016-12-02,82.059998
2016-12-05,79.839996
2016-12-06,76.570000
2016-12-07,73.440002
2016-12-08,73.110001
2016-12-09,75.550003
2016-12-12,76.389999
2016-12-13,75.360001
2016-12-14,75.839996
2016-12-15,78.610001
2016-12-16,78.220001
2016-12-19,75.239998
2016-12-20,75.459999
2016-12-21,73.970001
2016-12-22,74.050003
2016-12-23,72.570000
2016-12-27,70.660004
2016-12-28,70.790001
2016-12-29,71.279999
2016-12-30,71.629997
2017-01-03,76.730003
2017-01-04,76.410004
2017-01-05,76.500000
2017-01-06,75.239998
2017-01-09,74.830002
2017-01-10,73.260002
2017-01-11,72.830002
2017-01-12,73.739998
2017-01-13,74.500000
2017-01-17,73.940002
2017-01-18,73.940002
2017-01-19,78.320000
2017-01-20,76.709999
2017-01-23,75.519997
2017-01-24,75.529999
2017-01-25,77.059998
2017-01-26,74.690002
2017-01-27,72.190002
2017-01-30,72.360001
2017-01-31,72.519997
2017-02-01,70.839996
2017-02-02,69.919998
2017-02-03,67.389999
2017-02-06,67.550003
2017-02-07,68.070000
2017-02-08,68.739998
2017-02-09,68.949997
2017-02-10,69.629997
2017-02-13,68.830002
2017-02-14,67.260002
2017-02-15,65.510002
2017-02-16,68.230003
2017-02-17,69.779999
2017-02-21,68.720001
2017-02-22,69.260002
2017-02-23,68.639999
2017-02-24,69.849998
2017-02-27,70.889999
2017-03-02,69.540001
2017-03-03,65.790001
2017-03-06,65.410004
2017-03-07,66.029999
2017-03-08,66.610001
2017-03-09,69.180000
2017-03-10,67.699997
2017-03-13,65.639999
2017-03-14,65.180000
2017-03-15,61.619999
2017-03-16,60.439999
2017-03-17,60.720001
2017-03-20,59.820000
2017-03-21,62.130001
2017-03-23,65.220001
2017-03-24,64.449997
2017-03-27,62.680000
2017-03-28,61.950001
2017-03-29,61.020000
2017-03-30,60.939999
2017-03-31,60.700001
2017-04-03,61.230000
2017-04-04,64.769997
2017-04-05,63.720001
2017-04-06,68.250000
2017-04-07,68.660004
2017-04-10,68.500000
2017-04-11,70.559998
2017-04-12,73.419998
2017-04-13,74.480003
2017-04-17,70.959999
2017-04-18,72.870003
2017-04-19,73.129997
2017-04-20,73.860001
2017-04-21,77.150002
2017-04-24,63.270000
2017-04-25,62.360001
2017-04-26,60.950001
2017-04-27,59.820000
2017-04-28,60.189999
2017-05-01,59.400002
2017-05-02,60.320000
2017-05-03,59.380001
2017-05-04,60.080002
2017-05-05,58.720001
2017-05-08,55.410000
2017-05-09,55.220001
2017-05-10,55.029999
2017-05-11,54.470001
2017-05-12,55.709999
2017-05-15,56.730000
2017-05-16,55.500000
2017-05-17,62.580002
2017-05-18,58.980000
2017-05-19,57.820000
2017-05-22,55.470001
2017-05-24,54.410000
2017-05-25,54.320000
2017-05-26,54.049999
2017-05-31,53.950001
2017-06-01,54.000000
2017-06-02,53.740002
2017-06-05,53.000000
2017-06-06,53.220001
2017-06-07,54.799999
2017-06-08,53.730000
2017-06-09,52.560001
2017-06-12,52.320000
2017-06-13,51.669998
2017-06-14,52.220001
2017-06-15,51.590000
2017-06-16,51.480000
2017-06-19,51.599998
2017-06-20,51.599998
2017-06-21,51.639999
2017-06-22,51.130001
2017-06-23,51.160000
2017-06-26,50.020000
2017-06-27,52.099998
2017-06-28,52.509998
2017-06-29,54.660000
2017-06-30,55.220001
2017-07-03,55.250000
2017-07-05,56.439999
2017-07-06,56.959999
2017-07-07,55.759998
2017-07-10,53.180000
2017-07-11,53.220001
2017-07-12,52.430000
2017-07-13,52.209999
2017-07-14,51.029999
2017-07-17,50.000000
2017-07-18,49.549999
2017-07-19,48.259998
2017-07-20,47.000000
2017-07-21,47.450001
2017-07-24,47.000000
2017-07-25,49.570000
2017-07-26,47.279999
2017-07-27,48.419998
2017-07-28,48.529999
2017-07-31,48.139999
2017-08-01,49.970001
2017-08-02,48.750000
2017-08-03,47.930000
2017-08-04,47.279999
2017-08-07,46.910000
2017-08-08,47.340000
2017-08-09,49.669998
2017-08-10,52.000000
2017-08-11,52.060001
2017-08-14,49.299999
2017-08-15,48.630001
2017-08-16,48.470001
2017-08-17,48.840000
2017-08-18,50.160000
2017-08-21,52.060001
2017-08-22,51.299999
2017-08-23,52.080002
2017-08-24,52.490002
2017-08-25,50.560001
2017-08-28,48.860001
2017-08-29,51.400002
2017-08-30,51.560001
2017-08-31,51.130001
2017-09-01,49.439999
2017-09-05,53.320000
2017-09-06,52.919998
2017-09-07,54.009998
2017-09-11,51.880001
2017-09-12,51.650002
2017-09-13,51.369999
2017-09-14,50.730000
2017-09-15,50.630001
2017-09-18,50.160000
2017-09-19,49.860001
2017-09-20,49.150002
2017-09-21,48.310001
2017-09-22,50.520000
2017-09-25,51.110001
2017-09-26,50.639999
2017-09-27,52.080002
2017-09-28,51.860001
2017-09-29,52.880001
2017-10-02,54.459999
2017-10-03,54.599998
2017-10-04,54.490002
2017-10-05,55.580002
2017-10-06,54.980000
2017-10-10,53.889999
2017-10-11,52.689999
2017-10-12,51.820000
2017-10-13,50.849998
2017-10-17,49.029999
2017-10-18,50.290001
2017-10-19,51.490002
2017-10-20,53.980000
2017-10-23,54.099998
2017-10-24,55.939999
2017-10-25,57.360001
2017-10-26,57.349998
2017-10-27,54.669998
2017-10-30,51.689999
2017-10-31,51.150002
2017-11-01,49.939999
2017-11-02,48.730000
2017-11-03,45.830002
2017-11-06,45.049999
2017-11-07,44.200001
2017-11-08,43.970001
2017-11-09,44.990002
2017-11-10,47.290001
2017-11-13,46.389999
2017-11-14,47.770000
2017-11-15,48.000000
2017-11-16,47.740002
2017-11-17,49.090000
2017-11-20,48.099998
2017-11-21,48.090000
2017-11-22,46.880001
2017-11-24,46.160000
2017-11-27,45.290001
2017-11-28,44.930000
2017-11-29,45.540001
2017-11-30,46.830002
2017-12-01,50.169998
2017-12-04,48.759998
2017-12-05,49.240002
2017-12-06,49.320000
2017-12-07,49.240002
2017-12-08,47.490002
2017-12-11,46.570000
2017-12-12,46.750000
2017-12-13,45.029999
2017-12-14,44.840000
2017-12-15,46.430000
2017-12-18,46.730000
2017-12-19,48.959999
2017-12-20,49.950001
2017-12-21,51.599998
2017-12-22,50.380001
2017-12-26,48.820000
2017-12-27,47.730000
2017-12-28,46.189999
2017-12-29,46.599998
2018-01-02,49.169998
2018-01-03,47.599998
2018-01-04,47.380001
2018-01-05,46.070000
2018-01-08,45.900002
2018-01-09,47.290001
2018-01-10,49.169998
2018-01-11,48.189999
2018-01-12,47.610001
2018-01-16,45.910000
2018-01-17,45.880001
2018-01-18,48.549999
2018-01-22,52.599998
2018-01-23,52.549999
2018-01-24,54.110001
2018-01-25,53.380001
2018-01-26,55.630001
2018-01-29,55.980000
2018-01-30,57.279999
2018-01-31,57.200001
2018-02-01,57.830002
2018-02-02,60.330002
2018-02-05,60.410000
2018-02-07,66.070000
2018-02-08,67.849998
2018-02-12,69.860001
2018-02-13,68.970001
2018-02-14,69.519997
2018-02-15,66.680000
2018-02-16,63.029999
2018-02-20,60.259998
2018-02-21,61.160000
2018-02-22,61.139999
2018-02-23,64.599998
2018-02-26,63.720001
2018-02-27,63.930000
2018-02-28,62.970001
2018-03-01,63.660000
2018-03-02,65.300003
2018-03-05,64.709999
2018-03-06,63.500000
2018-03-07,63.349998
2018-03-08,61.580002
2018-03-09,58.970001
2018-03-12,58.290001
2018-03-13,55.070000
2018-03-14,57.849998
2018-03-15,57.709999
2018-03-16,59.009998
2018-03-19,59.980000
2018-03-20,57.889999
2018-03-21,55.720001
2018-03-22,55.930000
2018-03-23,56.169998
2018-03-26,54.549999
2018-03-27,56.270000
2018-03-28,58.349998
2018-03-29,58.540001
2018-04-02,58.660000
2018-04-03,56.020000
2018-04-04,55.349998
2018-04-05,53.720001
2018-04-06,56.070000
2018-04-09,52.509998
2018-04-10,51.430000
2018-04-11,50.500000
2018-04-12,51.490002
2018-04-13,51.139999
2018-04-16,49.740002
2018-04-17,48.340000
2018-04-18,50.000000
2018-04-19,51.099998
2018-04-20,52.709999
2018-04-23,52.790001
2018-04-24,53.000000
2018-04-25,55.200001
2018-04-26,53.139999
2018-04-27,51.270000
2018-04-30,50.349998
2018-05-01,51.779999
2018-05-02,49.049999
2018-05-03,49.430000
2018-05-07,48.020000
2018-05-08,48.820000
2018-05-09,49.369999
2018-05-10,47.810001
2018-05-11,47.060001
2018-05-14,48.340000
2018-05-15,52.660000
2018-05-16,55.130001
2018-05-17,54.189999
2018-05-18,53.259998
2018-05-21,53.080002
2018-05-22,52.570000
2018-05-23,53.270000
2018-05-24,52.160000
2018-05-25,54.099998
2018-05-29,63.000000
2018-05-30,61.860001
2018-05-31,60.540001
2018-06-01,56.939999
2018-06-04,54.299999
2018-06-05,54.459999
2018-06-06,56.439999
2018-06-07,56.580002
2018-06-08,59.570000
2018-06-11,57.830002
2018-06-12,55.959999
2018-06-13,53.790001
2018-06-14,52.500000
2018-06-15,53.080002
2018-06-18,52.330002
2018-06-19,52.400002
2018-06-20,51.919998
2018-06-21,53.090000
2018-06-22,53.029999
2018-06-25,53.040001
2018-06-26,51.299999
2018-06-27,53.049999
2018-06-28,52.130001
2018-06-29,51.169998
2018-07-02,50.250000
2018-07-03,51.220001
2018-07-05,51.459999
2018-07-06,50.130001
2018-07-09,49.689999
2018-07-10,49.810001
2018-07-11,50.480000
2018-07-12,48.570000
2018-07-13,48.279999
2018-07-16,47.790001
2018-07-17,46.639999
2018-07-18,45.259998
2018-07-19,47.110001
2018-07-20,49.049999
2018-07-23,51.509998
2018-07-24,50.310001
2018-07-25,48.290001
2018-07-26,49.270000
2018-07-27,48.830002
2018-07-30,49.419998
2018-07-31,46.500000
2018-08-01,48.380001
2018-08-02,48.000000
2018-08-03,47.669998
2018-08-06,46.860001
2018-08-07,47.150002
2018-08-08,46.840000
2018-08-09,47.349998
2018-08-10,50.630001
2018-08-13,50.770000
2018-08-14,49.840000
2018-08-15,51.520000
2018-08-16,50.610001
2018-08-17,50.689999
2018-08-20,50.970001
2018-08-21,50.320000
2018-08-22,49.639999
2018-08-23,49.200001
2018-08-24,49.160000
2018-08-27,49.380001
2018-08-28,49.950001
2018-08-29,49.099998
2018-08-30,50.410000
2018-08-31,50.709999
2018-09-04,49.570000
2018-09-05,48.400002
2018-09-06,48.650002
2018-09-07,49.430000
2018-09-10,47.689999
2018-09-11,47.970001
2018-09-12,46.790001
2018-09-13,46.060001
2018-09-14,47.450001
2018-09-17,46.810001
2018-09-18,47.970001
2018-09-19,48.790001
2018-09-20,49.340000
2018-09-21,48.830002
2018-09-24,48.310001
2018-09-25,49.380001
2018-09-26,47.439999
2018-09-27,45.709999
2018-09-28,46.160000
2018-10-01,44.279999
2018-10-02,45.349998
2018-10-03,50.209999
2018-10-04,55.070000
2018-10-05,55.189999
2018-10-09,53.450001
2018-10-10,55.700001
2018-10-11,56.070000
2018-10-12,54.369999
2018-10-15,51.250000
2018-10-16,50.180000
2018-10-17,48.990002
2018-10-18,52.639999
2018-10-19,52.040001
2018-10-22,51.849998
2018-10-23,55.009998
2018-10-24,57.689999
2018-10-25,56.700001
2018-10-26,62.700001
2018-10-29,59.770000
2018-10-30,61.790001
2018-10-31,60.130001
2018-11-01,58.540001
2018-11-02,61.419998
2018-11-05,59.900002
2018-11-06,59.009998
2018-11-08,51.580002
2018-11-09,53.540001
2018-11-13,52.230000
2018-11-14,53.900002
2018-11-15,56.220001
2018-11-16,60.430000
2018-11-19,59.470001
2018-11-20,59.490002
2018-11-21,57.650002
2018-11-23,57.310001
2018-11-26,51.529999
2018-11-27,51.240002
2018-11-28,50.759998
2018-11-29,50.919998
2018-11-30,52.430000
2018-12-03,50.310001
2018-12-04,53.860001
2018-12-07,60.740002
2018-12-10,60.259998
2018-12-11,58.730000
2018-12-12,58.230000
2018-12-13,55.750000
2018-12-14,56.130001
2018-12-17,55.410000
2018-12-18,59.400002
2018-12-19,59.009998
2018-12-20,58.759998
2018-12-21,61.610001
2018-12-24,66.040001
2018-12-26,63.889999
2018-12-27,68.339996
2018-12-28,66.660004
2018-12-31,66.580002
2019-01-02,62.799999
2019-01-03,65.790001
2019-01-04,65.820000
2019-01-07,60.880001
2019-01-08,59.049999
2019-01-09,57.020000
2019-01-10,56.650002
2019-01-11,55.939999
2019-01-14,55.340000
2019-01-15,53.009998
2019-01-16,51.950001
2019-01-17,53.439999
2019-01-18,53.779999
2019-01-22,54.639999
2019-01-23,54.189999
2019-01-24,54.180000
2019-01-25,52.500000
2019-01-28,50.950001
2019-01-29,49.799999
2019-01-30,48.320000
2019-01-31,49.810001
2019-02-01,48.790001
2019-02-04,48.869999
2019-02-05,48.619999
2019-02-06,47.439999
2019-02-07,48.970001
2019-02-08,49.630001
2019-02-11,48.320000
2019-02-12,49.020000
2019-02-13,48.169998
2019-02-14,47.189999
2019-02-15,45.730000
2019-02-19,45.060001
2019-02-20,44.540001
2019-02-21,46.549999
2019-02-22,47.220001
2019-02-25,46.160000
2019-02-26,46.279999
2019-02-28,47.220001
2019-03-01,47.900002
2019-03-04,46.740002
2019-03-05,45.860001
2019-03-06,45.630001
2019-03-07,45.830002
2019-03-08,45.830002
2019-03-11,44.840000
2019-03-12,44.860001
2019-03-13,44.570000
2019-03-14,45.240002
2019-03-15,46.049999
2019-03-18,44.950001
2019-03-19,43.680000
2019-03-20,42.529999
2019-03-21,44.509998
2019-03-22,52.259998
2019-03-25,57.110001
2019-03-26,56.509998
2019-03-27,60.970001
2019-03-28,59.930000
2019-03-29,58.549999
2019-04-01,52.689999
2019-04-02,54.209999
2019-04-03,53.840000
2019-04-04,51.700001
2019-04-05,49.220001
2019-04-08,47.889999
2019-04-09,48.830002
2019-04-10,48.599998
2019-04-11,46.900002
2019-04-12,48.840000
2019-04-15,47.639999
2019-04-16,48.310001
2019-04-17,48.650002
2019-04-18,49.230000
2019-04-22,48.779999
2019-04-23,49.790001
2019-04-24,50.520000
2019-04-25,49.790001
2019-04-26,49.430000
2019-04-29,48.049999
2019-04-30,49.470001
2019-05-01,46.750000
2019-05-02,46.720001
2019-05-03,45.779999
2019-05-06,47.820000
2019-05-07,52.360001
2019-05-08,51.310001
2019-05-09,54.720001
2019-05-10,53.490002
2019-05-13,57.889999
2019-05-14,55.349998
2019-05-15,57.400002
2019-05-16,56.980000
2019-05-17,56.970001
2019-05-20,56.549999
2019-05-21,55.349998
2019-05-22,54.959999
2019-05-23,61.070000
2019-05-24,60.540001
2019-05-28,61.770000
2019-05-29,63.160000
2019-05-30,61.740002
2019-05-31,72.680000
2019-06-03,73.559998
2019-06-04,75.260002
2019-06-05,77.639999
2019-06-06,73.419998
2019-06-07,68.690002
2019-06-10,65.620003
2019-06-11,64.930000
2019-06-12,68.430000
2019-06-13,75.739998
2019-06-14,80.820000
2019-06-17,76.879997
2019-06-18,76.739998
2019-06-19,71.370003
2019-06-20,72.370003
2019-06-21,74.629997
2019-06-24,73.760002
2019-06-25,74.220001
2019-06-26,73.730003
2019-06-27,69.919998
2019-06-28,70.430000
2019-07-01,66.529999
2019-07-02,68.599998
2019-07-03,68.330002
2019-07-05,65.279999
2019-07-08,63.220001
2019-07-09,62.900002
2019-07-10,62.389999
2019-07-11,62.959999
2019-07-12,62.779999
2019-07-15,61.900002
2019-07-16,61.290001
2019-07-17,62.290001
2019-07-18,63.119999
2019-07-19,63.860001
2019-07-22,60.970001
2019-07-23,61.230000
2019-07-24,60.709999
2019-07-25,60.990002
2019-07-26,58.900002
2019-07-29,58.549999
2019-07-30,57.840000
2019-07-31,55.250000
2019-08-01,64.680000
2019-08-02,66.110001
2019-08-05,77.239998
2019-08-06,73.919998
2019-08-07,79.080002
2019-08-08,78.550003
2019-08-09,78.970001
2019-08-12,81.580002
2019-08-13,77.699997
2019-08-14,87.220001
2019-08-15,90.620003
2019-08-16,89.519997
2019-08-19,86.489998
2019-08-20,86.860001
2019-08-21,84.510002
2019-08-22,83.150002
2019-08-23,91.820000
2019-08-26,87.980003
2019-08-27,88.669998
2019-08-28,89.870003
2019-08-29,86.940002
2019-08-30,86.889999
2019-09-03,85.269997
2019-09-04,81.599998
2019-09-05,79.919998
2019-09-06,78.820000
2019-09-09,76.440002
2019-09-10,76.779999
2019-09-11,76.699997
2019-09-12,77.570000
2019-09-13,85.529999
2019-09-16,85.949997
2019-09-17,84.760002
2019-09-18,79.660004
2019-09-19,78.139999
2019-09-20,80.070000
2019-09-23,81.010002
2019-09-24,83.070000
2019-09-25,80.220001
2019-09-26,79.870003
2019-09-27,79.970001
2019-09-30,77.199997
2019-10-01,85.610001
2019-10-02,89.389999
2019-10-03,87.940002
2019-10-04,83.150002
2019-10-07,81.860001
2019-10-08,80.470001
2019-10-09,79.309998
2019-10-10,80.139999
2019-10-11,79.860001
2019-10-15,80.059998
2019-10-16,77.940002
2019-10-17,77.610001
2019-10-18,78.349998
2019-10-21,80.250000
2019-10-22,78.730003
2019-10-23,73.029999
2019-10-24,68.970001
2019-10-25,67.070000
2019-10-28,67.410004
2019-10-29,67.610001
2019-10-30,63.320000
2019-10-31,65.879997
2019-11-01,57.279999
2019-11-04,60.180000
2019-11-05,61.480000
2019-11-06,61.730000
2019-11-07,67.080002
2019-11-08,64.440002
2019-11-11,64.440002
2019-11-12,69.820000
2019-11-13,66.099998
2019-11-14,64.169998
2019-11-15,61.700001
2019-11-18,64.129997
2019-11-19,62.639999
2019-11-20,65.580002
2019-11-21,61.830002
2019-11-22,62.169998
2019-11-25,61.549999
2019-11-26,60.389999
2019-11-27,57.619999
2019-11-29,56.570000
2019-12-02,59.419998
2019-12-03,64.620003
2019-12-04,63.009998
2019-12-05,63.730000
2019-12-06,64.070000
2019-12-09,67.290001
2019-12-10,67.089996
2019-12-11,61.299999
2019-12-12,61.630001
2019-12-13,56.439999
2019-12-16,56.130001
2019-12-17,55.380001
2019-12-18,53.410000
2019-12-19,53.700001
2019-12-20,54.189999
2019-12-23,55.310001
2019-12-24,58.320000
2019-12-26,56.419998
2019-12-27,55.299999
2019-12-30,59.630001
2019-12-31,58.279999
2020-01-02,57.200001
2020-01-03,60.119999
2020-01-06,62.790001
2020-01-07,62.630001
2020-01-08,60.490002
2020-01-09,57.660000
2020-01-10,53.320000
2020-01-13,53.270000
2020-01-14,52.349998
2020-01-15,50.540001
2020-01-16,50.369999
2020-01-17,49.669998
2020-01-21,53.419998
2020-01-22,51.310001
2020-01-23,55.340000
2020-01-24,59.939999
2020-01-27,66.730003
2020-01-28,65.599998
2020-01-29,66.169998
2020-01-30,71.070000
2020-01-31,72.980003
2020-02-03,72.809998
2020-02-04,68.169998
2020-02-05,64.070000
2020-02-06,61.240002
2020-02-07,65.589996
2020-02-10,68.129997
2020-02-11,64.889999
2020-02-12,63.520000
2020-02-13,63.509998
2020-02-14,62.380001
2020-02-18,67.660004
2020-02-19,68.040001
2020-02-20,69.599998
2020-02-21,74.540001
2020-02-24,86.919998
2020-02-25,87.379997
2020-02-26,87.000000
2020-02-27,92.589996
2020-02-28,109.669998
2020-03-02,104.889999
2020-03-03,102.970001
2020-03-04,89.589996
2020-03-05,96.959999
2020-03-06,125.209999
2020-03-09,163.699997
2020-03-10,123.720001
2020-03-11,127.839996
2020-03-12,152.619995
2020-03-13,138.399994
2020-03-16,124.529999
2020-03-17,109.849998
2020-03-18,124.139999
2020-03-19,141.130005
2020-03-20,133.369995
2020-03-23,135.380005
2020-03-24,111.089996
2020-03-25,87.139999
2020-03-26,88.480003
2020-03-27,88.330002
2020-03-30,90.699997
2020-03-31,83.870003
2020-04-01,83.129997
2020-04-02,71.989998
2020-04-03,65.010002
2020-04-06,66.279999
2020-04-07,72.209999
2020-04-08,75.709999
2020-04-09,74.389999
2020-04-13,75.849998
2020-04-14,69.519997
2020-04-15,70.500000
2020-04-16,69.930000
2020-04-17,69.839996
2020-04-20,70.599998
2020-04-21,73.830002
2020-04-22,72.290001
2020-04-23,67.250000
2020-04-24,66.089996
2020-04-27,62.700001
2020-04-28,58.889999
2020-04-29,57.150002
2020-04-30,53.590000
2020-05-01,48.110001
2020-05-04,49.250000
2020-05-05,49.650002
2020-05-06,51.310001
2020-05-07,54.930000
2020-05-08,57.400002
2020-05-11,61.599998
2020-05-12,61.259998
2020-05-13,57.560001
2020-05-14,59.049999
2020-05-15,56.529999
2020-05-18,58.700001
2020-05-19,60.090000
2020-05-20,58.849998
2020-05-21,55.619999
2020-05-22,51.669998
2020-05-26,52.220001
2020-05-27,52.980000
2020-05-28,50.570000
2020-05-29,51.549999
2020-06-01,55.070000
2020-06-02,55.349998
2020-06-03,61.240002
2020-06-04,61.180000
2020-06-05,61.970001
2020-06-08,62.770000
2020-06-09,62.939999
2020-06-10,60.020000
2020-06-11,56.470001
2020-06-12,55.810001
2020-06-15,58.090000
2020-06-16,60.490002
2020-06-17,58.160000
2020-06-18,55.150002
2020-06-19,53.450001
2020-06-22,53.930000
2020-06-23,54.040001
2020-06-24,54.889999
2020-06-25,51.570000
2020-06-26,51.209999
2020-06-29,52.959999
2020-06-30,54.130001
2020-07-01,53.279999
2020-07-02,50.959999
2020-07-06,52.029999
2020-07-07,50.980000
2020-07-08,49.799999
2020-07-09,50.070000
2020-07-10,49.189999
2020-07-13,49.549999
2020-07-14,50.810001
2020-07-15,47.080002
2020-07-16,46.430000
2020-07-17,45.680000
2020-07-20,46.820000
2020-07-21,46.450001
2020-07-22,45.320000
2020-07-23,43.930000
2020-07-24,42.480000
2020-07-27,42.610001
2020-07-28,41.270000
2020-07-29,41.630001
2020-07-30,40.660000
2020-07-31,41.980000
2020-08-03,43.130001
2020-08-04,44.110001
2020-08-05,41.750000
2020-08-06,42.599998
2020-08-07,41.459999
2020-08-10,42.209999
2020-08-11,45.259998
2020-08-12,44.230000
2020-08-13,45.080002
2020-08-14,43.090000
2020-08-17,45.810001
2020-08-18,46.060001
2020-08-19,44.599998
2020-08-20,44.580002
2020-08-21,45.139999
2020-08-24,46.330002
2020-08-25,47.889999
2020-08-26,47.990002
2020-08-27,49.290001
2020-08-28,48.189999
2020-08-31,47.020000
2020-09-01,44.299999
2020-09-02,44.860001
2020-09-03,45.759998
2020-09-04,47.040001
2020-09-08,50.680000
2020-09-09,48.820000
2020-09-10,45.209999
2020-09-11,43.119999
2020-09-14,44.209999
2020-09-15,43.060001
2020-09-16,42.430000
2020-09-17,38.450001
2020-09-18,37.240002
2020-09-21,38.630001
2020-09-22,39.349998
2020-09-23,38.630001
2020-09-24,37.220001
2020-09-25,36.970001
2020-09-28,37.400002
2020-09-29,36.619999
2020-09-30,39.209999
2020-10-01,38.650002
2020-10-02,39.970001
2020-10-05,39.810001
2020-10-06,57.750000
2020-10-07,56.980000
2020-10-08,57.310001
2020-10-09,57.520000
2020-10-13,55.590000
2020-10-14,53.500000
2020-10-15,55.619999
2020-10-16,57.250000
2020-10-19,61.160000
2020-10-20,60.419998
2020-10-21,59.070000
2020-10-22,59.730000
2020-10-23,58.459999
2020-10-26,58.950001
2020-10-27,57.880001
2020-10-28,57.130001
2020-10-29,61.299999
2020-10-30,61.910000
2020-11-02,63.560001
2020-11-03,64.370003
2020-11-04,47.740002
2020-11-05,43.759998
2020-11-06,39.880001
2020-11-09,44.939999
2020-11-10,46.189999
2020-11-12,44.169998
2020-11-13,42.950001
2020-11-16,42.490002
2020-11-17,43.080002
2020-11-18,43.619999
2020-11-19,43.529999
2020-11-20,42.310001
2020-11-23,43.040001
2020-11-24,42.380001
2020-11-25,39.619999
2020-11-27,39.639999
2020-11-30,40.840000
2020-12-01,41.529999
2020-12-02,43.919998
2020-12-03,42.529999
2020-12-04,43.889999
2020-12-07,49.669998
2020-12-08,49.099998
2020-12-09,48.480000
2020-12-10,47.150002
2020-12-11,47.520000
2020-12-14,49.220001
2020-12-15,48.139999
2020-12-16,46.959999
2020-12-17,44.150002
2020-12-18,44.639999
2020-12-21,46.660000
2020-12-22,43.570000
2020-12-23,42.740002
2020-12-24,42.110001
2020-12-28,45.259998
2020-12-29,46.099998
2020-12-30,47.189999
2020-12-31,48.980000
2021-01-04,49.590000
2021-01-05,48.950001
2021-01-06,44.639999
2021-01-07,45.200001
2021-01-08,44.810001
2021-01-11,47.770000
2021-01-12,50.119999
2021-01-13,45.599998
2021-01-14,46.230000
2021-01-15,45.139999
2021-01-19,45.230000
2021-01-20,42.529999
2021-01-21,43.009998
2021-01-22,43.090000
2021-01-25,43.080002
2021-01-26,43.139999
2021-01-27,44.160000
2021-01-28,45.529999
2021-01-29,47.410000
2021-02-01,46.279999
2021-02-02,45.910000
2021-02-03,46.930000
2021-02-04,47.250000
2021-02-05,47.200001
2021-02-08,48.450001
2021-02-09,46.750000
2021-02-10,46.270000
2021-02-11,45.950001
2021-02-12,47.009998
2021-02-16,56.779999
2021-02-17,55.970001
2021-02-18,56.119999
2021-02-19,60.430000
2021-02-22,62.419998
2021-02-23,61.730000
2021-02-24,61.919998
2021-02-25,74.160004
2021-02-26,75.660004
2021-03-01,68.730003
2021-03-02,57.700001
2021-03-03,65.830002
2021-03-04,68.129997
2021-03-05,69.370003
2021-03-08,71.650002
2021-03-09,67.440002
2021-03-10,63.189999
2021-03-11,63.900002
2021-03-12,70.830002
2021-03-15,70.790001
2021-03-16,70.809998
2021-03-17,66.750000
2021-03-18,70.480003
2021-03-19,68.800003
2021-03-22,67.620003
2021-03-23,60.770000
2021-03-24,60.709999
2021-03-25,59.540001
2021-03-26,61.490002
2021-03-29,65.959999
2021-03-30,67.440002
2021-03-31,71.269997
2021-04-01,64.989998
2021-04-05,61.790001
2021-04-06,60.290001
2021-04-07,62.540001
2021-04-08,60.080002
2021-04-09,61.209999
2021-04-12,63.500000
2021-04-13,61.200001
2021-04-14,60.080002
2021-04-15,59.049999
2021-04-16,62.570000
2021-04-19,63.959999
2021-04-20,64.349998
2021-04-21,62.270000
2021-04-22,59.619999
2021-04-23,59.980000
2021-04-26,60.980000
2021-04-27,60.150002
2021-04-28,60.310001
2021-04-29,59.020000
2021-04-30,58.130001
2021-05-03,57.330002
2021-05-04,58.509998
2021-05-05,56.930000
2021-05-06,57.750000
2021-05-07,54.130001
2021-05-10,55.480000
2021-05-11,58.009998
2021-05-12,58.470001
2021-05-13,56.590000
2021-05-14,54.990002
2021-05-17,58.590000
2021-05-18,57.180000
2021-05-19,57.310001
2021-05-20,55.040001
2021-05-21,54.590000
2021-05-24,54.939999
2021-05-25,53.720001
2021-05-26,52.820000
2021-05-27,53.470001
2021-05-28,52.040001
2021-06-01,54.990002
2021-06-02,55.209999
2021-06-03,53.959999
2021-06-04,49.779999
2021-06-07,49.549999
2021-06-08,49.930000
2021-06-09,52.840000
2021-06-10,48.259998
2021-06-11,50.849998
2021-06-14,54.029999
2021-06-15,52.919998
2021-06-16,54.279999
2021-06-17,54.910000
2021-06-18,60.450001
2021-06-21,61.860001
2021-06-22,58.639999
2021-06-23,55.599998
2021-06-24,54.830002
2021-06-25,55.580002
2021-06-28,56.330002
2021-06-29,56.799999
2021-06-30,57.270000
2021-07-01,57.520000
2021-07-02,52.410000
2021-07-06,56.549999
2021-07-07,60.650002
2021-07-08,61.680000
2021-07-09,59.919998
2021-07-12,60.779999
2021-07-13,60.799999
2021-07-14,57.310001
2021-07-15,56.980000
2021-07-16,58.240002
2021-07-19,67.580002
2021-07-20,69.309998
2021-07-21,65.279999
2021-07-22,64.959999
2021-07-23,65.279999
2021-07-26,69.029999
2021-07-27,70.070000
2021-07-28,62.400002
2021-07-29,62.080002
2021-07-30,61.189999
2021-08-02,64.290001
2021-08-03,65.419998
2021-08-04,62.669998
2021-08-05,63.570000
2021-08-06,62.639999
2021-08-09,65.720001
2021-08-10,66.550003
2021-08-11,60.660000
2021-08-12,57.389999
2021-08-13,55.450001
2021-08-16,59.400002
2021-08-17,60.279999
2021-08-18,58.049999
2021-08-19,59.380001
2021-08-20,59.950001
2021-08-23,62.230000
2021-08-24,63.029999
2021-08-25,64.510002
2021-08-26,63.410000
2021-08-27,57.980000
2021-08-30,60.139999
2021-08-31,59.540001
2021-09-01,58.090000
2021-09-02,55.799999
2021-09-03,53.259998
2021-09-07,57.049999
2021-09-08,57.020000
2021-09-09,52.610001
2021-09-10,51.730000
2021-09-13,53.099998
2021-09-14,51.730000
2021-09-15,53.930000
2021-09-16,53.700001
2021-09-17,56.060001
2021-09-20,59.580002
2021-09-21,59.200001
2021-09-22,55.919998
2021-09-23,56.790001
2021-09-24,58.459999
2021-09-27,60.500000
2021-09-28,62.709999
2021-09-29,61.209999
2021-09-30,61.070000
2021-10-01,57.380001
2021-10-04,60.610001
2021-10-05,62.830002
2021-10-06,60.650002
2021-10-07,60.910000
2021-10-08,59.650002
2021-10-12,62.950001
2021-10-13,60.840000
2021-10-14,59.349998
2021-10-15,62.700001
2021-10-18,70.769997
2021-10-19,68.250000
2021-10-20,65.470001
2021-10-21,69.419998
2021-10-22,72.040001
2021-10-25,68.959999
2021-10-26,66.699997
2021-10-27,70.059998
2021-10-28,71.959999
2021-10-29,75.449997
2021-11-01,78.339996
2021-11-02,71.040001
2021-11-03,71.220001
2021-11-04,64.610001
2021-11-05,66.900002
2021-11-08,70.970001
2021-11-09,73.019997
2021-11-10,78.309998
2021-11-12,78.610001
2021-11-15,81.589996
2021-11-16,81.580002
2021-11-17,81.580002
2021-11-18,74.510002
2021-11-19,73.389999
2021-11-22,79.209999
2021-11-23,80.570000
2021-11-24,83.150002
2021-11-26,89.449997
2021-11-29,89.410004
2021-11-30,84.040001
2021-12-01,82.970001
2021-12-02,82.550003
2021-12-03,79.139999
2021-12-06,87.889999
2021-12-07,88.139999
2021-12-08,80.290001
2021-12-09,79.540001
2021-12-10,74.360001
2021-12-13,76.410004
2021-12-14,78.980003
2021-12-15,74.059998
2021-12-16,69.099998
2021-12-17,72.459999
2021-12-20,77.019997
2021-12-21,79.519997
2021-12-22,76.849998
2021-12-23,77.290001
2021-12-27,80.120003
2021-12-28,77.519997
2021-12-29,78.000000
2021-12-30,77.620003
2021-12-31,77.099998
2022-01-03,84.080002
2022-01-04,83.110001
2022-01-05,78.680000
2022-01-06,77.730003
2022-01-07,74.690002
2022-01-10,78.120003
2022-01-11,77.849998
2022-01-12,74.550003
2022-01-13,72.570000
2022-01-14,76.589996
2022-01-18,84.629997
2022-01-19,80.139999
2022-01-20,80.959999
2022-01-21,81.029999
2022-01-24,83.769997
2022-01-25,84.570000
2022-01-26,85.750000
2022-01-27,85.620003
2022-01-28,85.290001
2022-01-31,85.139999
2022-02-01,85.220001
2022-02-02,84.849998
2022-02-03,85.739998
2022-02-04,87.680000
2022-02-07,87.440002
2022-02-08,82.720001
2022-02-09,81.760002
2022-02-10,88.519997
2022-02-11,94.029999
2022-02-14,102.279999
2022-02-15,94.000000
2022-02-16,92.739998
2022-02-17,96.169998
2022-02-18,94.360001
2022-02-22,95.540001
2022-02-23,95.150002
2022-02-24,100.750000
2022-02-25,93.339996
2022-02-28,100.400002
2022-03-01,118.260002
2022-03-02,110.279999
2022-03-03,115.180000
2022-03-04,131.820007
2022-03-07,140.029999
2022-03-08,133.369995
2022-03-09,110.900002
2022-03-10,105.309998
2022-03-11,99.029999
2022-03-14,105.080002
2022-03-15,101.029999
2022-03-16,100.570000
2022-03-17,91.760002
2022-03-18,91.769997
2022-03-21,101.940002
2022-03-22,105.379997
2022-03-23,105.720001
2022-03-24,113.139999
2022-03-25,125.269997
2022-03-28,129.279999
2022-03-29,117.919998
2022-03-30,112.980003
2022-03-31,106.879997
2022-04-01,108.339996
2022-04-04,108.370003
2022-04-05,116.370003
2022-04-06,123.919998
2022-04-07,122.669998
2022-04-08,124.860001
2022-04-11,129.869995
2022-04-12,117.790001
2022-04-13,116.330002
2022-04-14,119.660004
2022-04-18,122.320000
2022-04-19,122.739998
2022-04-20,125.120003
2022-04-21,130.690002
2022-04-22,128.119995
2022-04-25,131.630005
2022-04-26,129.270004
2022-04-27,130.110001
2022-04-28,128.740005
2022-04-29,128.399994
2022-05-02,135.169998
2022-05-03,126.459999
2022-05-04,121.989998
2022-05-05,122.720001
2022-05-06,121.419998
2022-05-09,125.220001
2022-05-10,126.760002
2022-05-11,118.050003
2022-05-12,118.730003
2022-05-13,114.610001
2022-05-16,117.949997
2022-05-17,119.459999
2022-05-18,114.860001
2022-05-19,115.050003
2022-05-20,111.099998
2022-05-23,110.190002
2022-05-24,111.150002
2022-05-25,105.690002
2022-05-26,102.489998
2022-05-27,98.480003
2022-05-31,107.120003
2022-06-01,109.379997
2022-06-02,99.269997
2022-06-03,97.730003
2022-06-06,102.260002
2022-06-07,102.610001
2022-06-08,105.290001
2022-06-09,105.290001
2022-06-10,114.230003
2022-06-13,139.210007
2022-06-14,144.089996
2022-06-15,135.929993
2022-06-16,138.100006
2022-06-17,133.750000
2022-06-21,138.910004
2022-06-22,129.940002
2022-06-23,125.980003
2022-06-24,127.000000
2022-06-27,133.220001
2022-06-28,135.220001
2022-06-29,130.429993
2022-06-30,135.500000
2022-07-01,144.169998
2022-07-05,156.160004
2022-07-06,151.139999
2022-07-07,149.710007
2022-07-08,145.250000
2022-07-11,147.720001
2022-07-12,148.110001
2022-07-13,136.100006
2022-07-14,137.759995
2022-07-15,129.850006
2022-07-18,127.690002
2022-07-19,124.699997
2022-07-20,122.900002
2022-07-21,121.150002
2022-07-22,123.699997
2022-07-25,128.270004
2022-07-26,128.550003
2022-07-27,117.279999
2022-07-28,119.930000
2022-07-29,116.360001
2022-08-01,120.500000
2022-08-02,129.229996
2022-08-03,122.040001
2022-08-04,120.570000
2022-08-05,122.580002
2022-08-08,124.120003
2022-08-09,125.120003
2022-08-10,115.260002
2022-08-11,111.110001
2022-08-12,106.279999
2022-08-15,113.820000
2022-08-16,116.830002
2022-08-17,117.699997
2022-08-18,120.260002
2022-08-19,123.809998
2022-08-22,135.889999
2022-08-23,133.850006
2022-08-24,133.130005
2022-08-25,126.330002
2022-08-26,122.949997
2022-08-29,130.139999
2022-08-30,127.690002
2022-08-31,124.839996
2022-09-01,126.580002
2022-09-02,120.720001
2022-09-06,133.539993
2022-09-07,133.119995
2022-09-08,124.139999
2022-09-09,121.540001
2022-09-12,123.070000
2022-09-13,128.869995
2022-09-14,125.349998
2022-09-15,124.070000
2022-09-16,124.949997
2022-09-19,133.789993
2022-09-20,134.660004
2022-09-21,130.539993
2022-09-22,131.929993
2022-09-23,137.279999
2022-09-26,153.610001
2022-09-27,158.119995
2022-09-28,158.990005
2022-09-29,148.139999
2022-09-30,141.889999
2022-10-03,152.940002
2022-10-04,151.210007
2022-10-05,152.009995
2022-10-06,153.289993
2022-10-07,148.460007
2022-10-11,155.570007
2022-10-12,160.720001
2022-10-13,155.080002
2022-10-14,152.889999
2022-10-17,150.419998
2022-10-18,145.789993
2022-10-19,147.729996
2022-10-20,155.610001
2022-10-21,156.949997
2022-10-24,154.020004
2022-10-25,147.779999
2022-10-26,140.199997
2022-10-27,142.779999
2022-10-28,144.600006
2022-10-31,147.919998
2022-11-01,148.419998
2022-11-02,141.169998
2022-11-03,136.279999
2022-11-04,128.440002
2022-11-07,128.330002
2022-11-08,126.330002
2022-11-09,124.400002
2022-11-10,111.690002
2022-11-14,119.989998
2022-11-15,128.619995
2022-11-16,130.830002
2022-11-17,132.179993
2022-11-18,129.330002
2022-11-21,132.130005
2022-11-22,133.529999
2022-11-23,136.199997
2022-11-25,129.600006
2022-11-28,131.729996
2022-11-29,131.229996
2022-11-30,127.269997
2022-12-01,119.769997
2022-12-02,118.620003
2022-12-05,126.500000
2022-12-06,129.089996
2022-12-07,131.100006
2022-12-08,129.539993
2022-12-09,132.789993
2022-12-12,141.929993
2022-12-13,135.080002
2022-12-14,120.260002
2022-12-15,111.260002
2022-12-16,113.650002
2022-12-19,118.320000
2022-12-20,119.919998
2022-12-21,115.000000
2022-12-22,112.050003
2022-12-23,113.169998
2022-12-27,124.889999
2022-12-28,120.070000
2022-12-29,120.250000
2022-12-30,121.610001
2023-01-03,129.970001
2023-01-04,125.779999
2023-01-05,119.529999
2023-01-06,113.870003
2023-01-09,116.669998
2023-01-10,119.519997
2023-01-11,115.169998
2023-01-12,112.339996
2023-01-13,113.550003
2023-01-17,122.269997
2023-01-18,112.610001
2023-01-19,114.529999
2023-01-20,114.760002
2023-01-23,114.690002
2023-01-24,112.760002
2023-01-25,107.739998
2023-01-26,104.279999
2023-01-27,100.699997
2023-01-30,103.769997
2023-01-31,99.540001
2023-02-01,97.330002
2023-02-02,97.760002
2023-02-03,98.989998
2023-02-06,105.629997
2023-02-07,103.150002
2023-02-08,100.750000
2023-02-09,102.449997
2023-02-10,109.629997
2023-02-13,110.669998
2023-02-14,110.589996
2023-02-15,108.639999
2023-02-16,111.010002
2023-02-17,110.110001
2023-02-21,119.620003
2023-02-22,118.209999
2023-02-23,117.449997
2023-02-24,122.839996
2023-02-27,120.029999
2023-02-28,123.599998
2023-03-01,121.080002
2023-03-02,124.120003
2023-03-03,122.519997
2023-03-06,128.190002
2023-03-07,133.330002
2023-03-08,129.759995
2023-03-09,129.279999
2023-03-10,140.059998
2023-03-13,173.589996
2023-03-14,169.649994
2023-03-15,169.649994
2023-03-16,167.960007
2023-03-17,180.110001
2023-03-20,182.639999
2023-03-21,162.309998
2023-03-22,142.839996
2023-03-23,151.399994
2023-03-24,173.660004
2023-03-27,161.669998
2023-03-28,155.960007
2023-03-29,150.580002
2023-03-30,141.240005
2023-03-31,135.929993
2023-04-03,138.169998
2023-04-04,147.750000
2023-04-05,153.899994
2023-04-06,147.729996
2023-04-10,143.000000
2023-04-11,139.779999
2023-04-12,129.679993
2023-04-13,119.949997
2023-04-14,118.839996
2023-04-17,122.690002
2023-04-18,122.779999
2023-04-19,124.019997
2023-04-20,120.610001
2023-04-21,120.839996
2023-04-24,126.279999
2023-04-25,137.130005
2023-04-26,130.389999
2023-04-27,122.430000
2023-04-28,122.459999
2023-05-01,128.179993
2023-05-02,137.550003
2023-05-03,134.500000
2023-05-04,140.710007
2023-05-05,130.210007
2023-05-08,135.070007
2023-05-09,133.929993
2023-05-10,125.599998
2023-05-11,128.210007
2023-05-12,120.519997
2023-05-15,127.889999
2023-05-16,130.300003
2023-05-17,120.779999
2023-05-18,122.500000
2023-05-19,127.510002
2023-05-22,132.289993
2023-05-23,131.699997
2023-05-24,132.289993
2023-05-25,139.539993
2023-05-26,145.369995
2023-05-30,141.360001
2023-05-31,136.020004
2023-06-01,124.629997
2023-06-02,120.949997
2023-06-05,119.080002
2023-06-06,114.419998
2023-06-07,120.500000
2023-06-08,115.110001
2023-06-09,115.769997
2023-06-12,119.800003
2023-06-13,118.800003
2023-06-14,114.370003
2023-06-15,107.339996
2023-06-16,104.430000
2023-06-20,104.430000
2023-06-21,110.839996
2023-06-22,107.699997
2023-06-23,105.739998
2023-06-26,109.019997
2023-06-27,110.849998
2023-06-28,108.300003
2023-06-29,113.449997
2023-06-30,110.639999
2023-07-03,110.769997
2023-07-05,110.529999
2023-07-06,134.630005
2023-07-07,130.410004
2023-07-10,131.729996
2023-07-11,127.070000
2023-07-12,114.070000
2023-07-13,111.750000
2023-07-14,112.480003
2023-07-17,113.500000
2023-07-18,112.449997
2023-07-19,107.190002
2023-07-20,112.849998
2023-07-21,106.660004
2023-07-24,109.949997
2023-07-25,113.019997
2023-07-26,104.879997
2023-07-27,111.150002
2023-07-28,109.760002
2023-07-31,112.029999
2023-08-01,116.379997
2023-08-02,115.150002
2023-08-03,124.599998
2023-08-04,115.910004
2023-08-07,120.940002
2023-08-08,118.739998
2023-08-09,112.550003
2023-08-10,108.639999
2023-08-11,112.129997
2023-08-14,119.940002
2023-08-15,121.800003
2023-08-16,117.239998
2023-08-17,121.139999
2023-08-18,120.510002
2023-08-21,130.690002
2023-08-22,126.650002
2023-08-23,118.400002
2023-08-24,117.559998
2023-08-25,110.370003
2023-08-28,110.449997
2023-08-29,110.680000
2023-08-30,109.839996
2023-08-31,107.930000
2023-09-01,102.919998
2023-09-05,109.639999
2023-09-06,111.309998
2023-09-07,105.199997
2023-09-08,104.339996
2023-09-11,107.230003
2023-09-12,105.110001
2023-09-13,101.860001
2023-09-14,97.110001
2023-09-15,96.610001
2023-09-18,99.320000
2023-09-19,101.309998
2023-09-20,97.040001
2023-09-21,106.000000
2023-09-22,101.110001
2023-09-25,117.330002
2023-09-26,117.720001
2023-09-27,122.089996
2023-09-28,115.239998
2023-09-29,113.550003
2023-10-02,127.589996
2023-10-03,141.669998
2023-10-04,128.229996
2023-10-05,130.179993
2023-10-06,126.639999
2023-10-10,136.169998
2023-10-11,127.180000
2023-10-12,126.370003
2023-10-13,128.330002
2023-10-16,130.160004
2023-10-17,130.169998
2023-10-18,129.169998
2023-10-19,134.619995
2023-10-20,135.449997
2023-10-23,131.830002
2023-10-24,128.130005
2023-10-25,131.210007
2023-10-26,130.940002
2023-10-27,129.160004
2023-10-30,131.899994
2023-10-31,126.860001
2023-11-01,120.550003
2023-11-02,118.639999
2023-11-03,118.739998
2023-11-06,121.739998
2023-11-07,120.089996
2023-11-08,117.099998
2023-11-09,117.050003
2023-11-10,116.790001
2023-11-13,124.470001
2023-11-14,124.110001
2023-11-15,122.190002
2023-11-16,116.080002
2023-11-17,113.110001
2023-11-20,115.089996
2023-11-21,112.790001
2023-11-22,111.570000
2023-11-24,107.430000
2023-11-27,109.309998
2023-11-28,110.059998
2023-11-29,114.589996
2023-11-30,115.320000
2023-12-01,111.510002
2023-12-04,118.250000
2023-12-05,127.199997
2023-12-06,124.980003
2023-12-07,129.740005
2023-12-08,121.650002
2023-12-11,126.660004
2023-12-12,118.620003
2023-12-13,113.769997
2023-12-14,118.040001
2023-12-15,115.750000
2023-12-18,118.459999
2023-12-19,115.029999
2023-12-20,111.870003
2023-12-21,111.930000
2023-12-22,111.379997
2023-12-26,116.000000
2023-12-27,114.529999
2023-12-28,113.779999
2023-12-29,114.620003
2024-01-02,127.019997
2024-01-03,124.570000
2024-01-04,121.120003
2024-01-05,116.190002
2024-01-08,117.720001
2024-01-09,114.919998
2024-01-10,109.629997
2024-01-11,103.449997
2024-01-12,106.510002
2024-01-16,113.440002
2024-01-17,105.860001
2024-01-18,107.220001
2024-01-19,104.970001
2024-01-22,106.870003
2024-01-23,107.699997
2024-01-24,105.779999
2024-01-25,105.889999
2024-01-26,100.230003
2024-01-29,106.339996
2024-01-30,104.260002
2024-01-31,107.279999
2024-02-01,113.919998
2024-02-02,106.720001
2024-02-05,108.680000
2024-02-06,110.599998
2024-02-07,107.860001
2024-02-08,108.599998
2024-02-09,106.209999
2024-02-12,109.779999
2024-02-13,113.220001
2024-02-14,111.970001
2024-02-15,112.089996
2024-02-16,109.199997
2024-02-20,111.019997
2024-02-21,114.269997
2024-02-22,115.589996
2024-02-23,108.309998
2024-02-26,110.769997
2024-02-27,110.800003
2024-02-28,108.709999
2024-02-29,109.099998
2024-03-01,106.480003
2024-03-04,109.570000
2024-03-05,110.330002
2024-03-06,105.330002
2024-03-07,105.449997
2024-03-08,100.879997
2024-03-11,106.629997
2024-03-12,101.360001
2024-03-13,97.029999
2024-03-14,98.669998
2024-03-15,97.820000
2024-03-18,102.870003
2024-03-19,99.989998
2024-03-20,92.720001
2024-03-21,90.820000
2024-03-22,91.040001
2024-03-25,92.239998
2024-03-26,90.629997
2024-03-27,86.279999
2024-03-28,86.379997
2024-04-01,94.199997
2024-04-02,96.570000
2024-04-03,97.879997
2024-04-04,96.129997
2024-04-05,94.309998
2024-04-08,99.370003
2024-04-09,98.730003
2024-04-10,109.589996
2024-04-11,108.860001
2024-04-12,112.820000
2024-04-15,121.150002
2024-04-16,119.589996
2024-04-17,113.290001
2024-04-18,108.660004
2024-04-19,111.260002
2024-04-22,108.559998
2024-04-23,106.849998
2024-04-24,110.209999
2024-04-25,108.550003
2024-04-26,104.400002
2024-04-29,105.419998
2024-04-30,107.459999
2024-05-01,100.639999
2024-05-02,100.699997
2024-05-03,95.959999
2024-05-06,94.500000
2024-05-07,98.040001
2024-05-08,95.580002
2024-05-09,93.849998
2024-05-10,94.230003
2024-05-13,105.349998
2024-05-14,106.550003
2024-05-15,93.779999
2024-05-16,91.830002
2024-05-17,89.349998
2024-05-20,88.129997
2024-05-21,85.339996
2024-05-22,82.489998
2024-05-23,86.150002
2024-05-24,83.570000
2024-05-28,89.669998
2024-05-29,93.449997
2024-05-30,91.089996
2024-05-31,91.139999
2024-06-03,93.919998
2024-06-04,100.110001
2024-06-05,102.430000
2024-06-06,100.989998
2024-06-07,91.820000
2024-06-10,94.160004
2024-06-11,97.269997
2024-06-12,91.730003
2024-06-13,91.930000
2024-06-14,100.160004
2024-06-17,99.070000
2024-06-18,97.989998
2024-06-20,94.139999
2024-06-21,94.089996
2024-06-24,95.199997
2024-06-25,96.970001
2024-06-26,97.910004
2024-06-27,95.690002
2024-06-28,98.589996
2024-07-01,106.230003
2024-07-02,107.510002
2024-07-03,102.830002
2024-07-05,98.779999
2024-07-08,97.959999
2024-07-09,95.620003
2024-07-10,92.970001
2024-07-11,89.669998
2024-07-12,86.790001
2024-07-15,94.500000
2024-07-16,93.870003
2024-07-17,91.000000
2024-07-18,91.970001
2024-07-19,94.290001
2024-07-22,94.449997
2024-07-23,95.040001
2024-07-24,94.809998
2024-07-25,99.080002
2024-07-26,97.760002
2024-07-29,98.650002
2024-07-30,100.419998
2024-07-31,99.410004
2024-08-01,101.820000
2024-08-02,112.260002
2024-08-05,121.220001
2024-08-06,119.239998
2024-08-07,112.690002
2024-08-08,110.419998
2024-08-09,108.260002
2024-08-12,118.260002
2024-08-13,118.440002
2024-08-14,106.339996
2024-08-15,103.739998
2024-08-16,102.809998
2024-08-19,110.129997
2024-08-20,111.570000
2024-08-21,111.379997
2024-08-22,108.500000
2024-08-23,105.629997
2024-08-26,106.660004
2024-08-27,109.220001
2024-08-28,108.760002
2024-08-29,106.699997
2024-08-30,107.769997
2024-09-03,114.199997
2024-09-04,119.150002
2024-09-05,114.809998
2024-09-06,107.239998
2024-09-09,104.610001
2024-09-10,108.360001
2024-09-11,103.790001
2024-09-12,98.029999
2024-09-13,100.599998
2024-09-16,101.220001
2024-09-17,101.580002
2024-09-18,98.610001
2024-09-19,92.639999
2024-09-20,91.000000
2024-09-23,93.870003
2024-09-24,93.300003
2024-09-25,91.639999
2024-09-26,90.139999
2024-09-27,92.529999
2024-09-30,94.610001
2024-10-01,104.139999
2024-10-02,102.169998
2024-10-03,101.160004
2024-10-04,100.150002
2024-10-07,124.230003
2024-10-08,123.769997
2024-10-09,122.389999
2024-10-10,116.559998
2024-10-11,118.470001
2024-10-15,127.230003
2024-10-16,121.860001
2024-10-17,122.139999
2024-10-18,123.129997
2024-10-21,128.949997
2024-10-22,129.259995
2024-10-23,129.050003
2024-10-24,127.480003
2024-10-25,128.399994
2024-10-28,130.919998
2024-10-29,131.869995
2024-10-30,130.800003
2024-10-31,135.179993
2024-11-01,132.580002
2024-11-04,136.250000
2024-11-05,130.429993
2024-11-06,117.639999
2024-11-07,104.080002
2024-11-08,99.849998
2024-11-12,108.550003
2024-11-13,102.080002
2024-11-14,99.430000
2024-11-15,102.470001
2024-11-18,102.010002
2024-11-19,105.120003
2024-11-20,106.690002
2024-11-21,101.900002
2024-11-22,99.139999
2024-11-25,99.959999
2024-11-26,99.180000
2024-11-27,97.739998
2024-11-29,95.220001
2024-12-02,97.809998
2024-12-03,95.599998
2024-12-04,92.250000
2024-12-05,91.480003
2024-12-06,83.199997
2024-12-09,85.629997
2024-12-10,90.099998
2024-12-11,82.400002
2024-12-12,82.660004
2024-12-13,85.660004
2024-12-16,90.879997
2024-12-17,90.419998
2024-12-18,87.209999
2024-12-19,90.410004
2024-12-20,91.750000
2024-12-23,95.849998
2024-12-24,96.949997
2024-12-26,95.199997
2024-12-27,94.800003
2024-12-30,99.080002
2024-12-31,98.800003
2025-01-02,96.669998
2025-01-03,93.349998
2025-01-06,97.889999
2025-01-07,102.779999
2025-01-08,100.760002
2025-01-10,96.570000
2025-01-13,103.510002
2025-01-14,101.989998
2025-01-15,93.099998
2025-01-16,92.720001
2025-01-17,95.599998
2025-01-21,96.779999
2025-01-22,89.900002
2025-01-23,88.510002
2025-01-24,86.750000
2025-01-27,95.050003
2025-01-28,92.830002
2025-01-29,90.730003
2025-01-30,90.540001
2025-01-31,91.760002
2025-02-03,94.150002
2025-02-04,90.279999
2025-02-05,94.680000
2025-02-06,93.900002
2025-02-07,93.129997
2025-02-10,87.680000
2025-02-11,85.580002
2025-02-12,86.580002
2025-02-13,84.570000
2025-02-14,84.669998
2025-02-18,84.510002
2025-02-19,83.860001
2025-02-20,86.260002
2025-02-21,91.830002
2025-02-24,88.440002
2025-02-25,96.610001
2025-02-26,97.519997
2025-02-27,96.269997
2025-02-28,104.459999
2025-03-03,105.650002
2025-03-04,108.870003
2025-03-05,104.320000
2025-03-06,108.949997
2025-03-07,104.410004
2025-03-10,112.500000
2025-03-11,114.599998
2025-03-12,104.110001
2025-03-13,106.190002
2025-03-14,101.010002
2025-03-17,99.779999
2025-03-18,96.680000
2025-03-19,91.400002
2025-03-20,95.739998
2025-03-21,94.540001
2025-03-24,95.220001
2025-03-25,93.570000
2025-03-26,91.410004
2025-03-27,91.029999
2025-03-28,96.830002
2025-03-31,101.349998
2025-04-01,104.730003
2025-04-02,106.389999
2025-04-03,112.000000
2025-04-04,125.709999
2025-04-07,137.300003
2025-04-08,139.880005
2025-04-09,128.830002
2025-04-10,128.350006
2025-04-11,137.259995
2025-04-14,132.460007
2025-04-15,122.559998
2025-04-16,119.400002
2025-04-17,114.639999
2025-04-21,128.559998
2025-04-22,118.349998
2025-04-23,116.599998
2025-04-24,108.279999
2025-04-25,105.790001
2025-04-28,110.010002
2025-04-29,112.269997
2025-04-30,112.480003
2025-05-01,107.330002
2025-05-02,101.400002
2025-05-05,104.449997
2025-05-06,106.180000
2025-05-07,99.870003
2025-05-08,98.660004
2025-05-09,100.400002
2025-05-12,102.900002
2025-05-13,100.129997
2025-05-14,100.730003
2025-05-15,98.650002
2025-05-16,96.699997
2025-05-19,103.809998
2025-05-20,101.370003
2025-05-21,102.099998
2025-05-22,99.470001
2025-05-23,100.910004
2025-05-27,97.930000
2025-05-28,93.199997
2025-05-29,92.669998
2025-05-30,92.110001
2025-06-02,95.760002
2025-06-03,100.000000
2025-06-04,96.980003
2025-06-05,94.650002
2025-06-06,89.650002
2025-06-09,92.620003
2025-06-10,91.220001
2025-06-11,89.360001
2025-06-12,88.989998
2025-06-13,95.309998
2025-06-16,93.480003
2025-06-17,97.180000
2025-06-18,93.639999
2025-06-20,90.099998
2025-06-23,95.029999
2025-06-24,92.620003
2025-06-25,91.239998
2025-06-26,89.470001
2025-06-27,87.930000
2025-06-30,90.260002
2025-07-01,93.480003
2025-07-02,91.370003
2025-07-03,86.089996
2025-07-07,88.529999
2025-07-08,88.050003
2025-07-09,84.309998
2025-07-10,81.580002
2025-07-11,85.480003
2025-07-14,90.730003
2025-07-15,88.949997
2025-07-16,89.519997
2025-07-17,85.570000
2025-07-18,83.290001
2025-07-21,86.620003
2025-07-22,89.889999
2025-07-23,85.949997
2025-07-24,82.750000
2025-07-25,82.089996
2025-07-28,83.730003
2025-07-29,85.070000
2025-07-30,81.879997
2025-07-31,79.839996
2025-08-01,83.830002
2025-08-04,87.949997
2025-08-05,89.199997
2025-08-06,83.889999
2025-08-07,80.150002
2025-08-08,79.199997
2025-08-11,81.760002
2025-08-12,77.419998
2025-08-13,77.309998
2025-08-14,76.769997
2025-08-15,76.660004
2025-08-18,81.820000
2025-08-19,82.150002
2025-08-20,80.750000
2025-08-21,80.519997
2025-08-22,78.099998
2025-08-25,77.559998
2025-08-26,79.360001
2025-08-27,77.660004
2025-08-28,77.550003
2025-08-29,79.389999
2025-09-02,85.279999
2025-09-03,89.669998
2025-09-04,88.260002
2025-09-05,85.290001
2025-09-08,84.000000
2025-09-09,82.199997
2025-09-10,79.580002
2025-09-11,75.070000
2025-09-12,73.370003
2025-09-15,76.879997
2025-09-16,77.089996
2025-09-17,75.949997
2025-09-18,71.910004
2025-09-19,72.510002
2025-09-22,75.800003
2025-09-23,75.660004
2025-09-24,75.129997
2025-09-25,75.440002
2025-09-26,74.379997
2025-09-29,75.510002
2025-09-30,77.930000
2025-10-01,73.500000
2025-10-02,71.209999
2025-10-03,69.529999
2025-10-06,72.989998
2025-10-07,75.430000
2025-10-08,74.870003
2025-10-09,74.120003
2025-10-10,81.650002
2025-10-14,79.949997
2025-10-15,75.110001
2025-10-16,81.230003
2025-10-17,78.620003
2025-10-20,77.220001
2025-10-21,77.180000
2025-10-22,75.489998
2025-10-23,74.050003
2025-10-24,68.940002
2025-10-27,66.870003
2025-10-28,67.300003
2025-10-29,65.750000
2025-10-30,66.879997
2025-10-31,66.610001
2025-11-03,67.230003
2025-11-04,68.019997
2025-11-05,72.419998
2025-11-06,72.440002
2025-11-07,74.410004
2025-11-10,78.860001
2025-11-12,81.120003
2025-11-13,79.099998
2025-11-14,79.709999
2025-11-17,82.580002
2025-11-18,83.180000
2025-11-19,84.320000
2025-11-20,77.809998
2025-11-21,78.809998
2025-11-24,76.820000
2025-11-25,72.820000
2025-11-26,71.900002
2025-11-28,68.949997
2025-12-01,71.349998
2025-12-02,69.910004
2025-12-03,66.459999
2025-12-04,65.690002
2025-12-05,67.279999
2025-12-08,72.300003
2025-12-09,75.379997
2025-12-10,68.620003
2025-12-11,69.239998
2025-12-12,69.250000
2025-12-15,73.309998
2025-12-16,67.139999
2025-12-17,62.740002
2025-12-18,60.009998
2025-12-19,59.410000
2025-12-22,61.700001
2025-12-23,61.169998
2025-12-24,59.480000
2025-12-26,58.500000
2025-12-29,59.209999
2025-12-30,63.980000
2025-12-31,63.959999
2026-01-02,62.360001
2026-01-05,64.709999
2026-01-06,65.820000
2026-01-07,66.150002
2026-01-08,66.940002
2026-01-09,61.549999
2026-01-12,62.900002
2026-01-13,60.790001
2026-01-14,58.110001
2026-01-15,56.139999
2026-01-16,58.049999
2026-01-20,66.669998
2026-01-21,59.560001
2026-01-22,56.500000
2026-01-23,56.250000
2026-01-26,55.770000
2026-01-27,56.119999
2026-01-28,57.430000
2026-01-29,60.730000
2026-01-30,59.200001
2026-02-02,59.299999
2026-02-03,57.540001
2026-02-04,57.509998
2026-02-05,62.160000
2026-02-06,63.619999
2026-02-09,62.740002
2026-02-10,64.550003
2026-02-11,61.349998
2026-02-12,68.570000
2026-02-13,70.099998
2026-02-17,68.839996
2026-02-18,64.190002
2026-02-19,68.029999
2026-02-20,64.269997
2026-02-23,68.029999
2026-02-24,65.269997
2026-02-25,62.430000
2026-02-26,63.930000
2026-02-27,73.379997
2026-03-02,73.209999
2026-03-03,77.750000
2026-03-04,70.029999
2026-03-05,74.529999
2026-03-06,81.260002
2026-03-09,79.739998
2026-03-10,76.330002
2026-03-11,78.589996
2026-03-12,95.300003
2026-03-13,91.169998
2026-03-16,85.250000
2026-03-17,79.230003
2026-03-18,81.250000
2026-03-19,84.879997
2026-03-20,108.839996
2026-03-23,98.150002
2026-03-24,103.010002
2026-03-25,97.589996
2026-03-26,115.019997
2026-03-27,111.949997
2026-03-30,108.330002
2026-03-31,96.050003
2026-04-01,90.190002
2026-04-02,84.410004
2026-04-06,81.680000
2026-04-07,83.150002
2026-04-08,78.739998
2026-04-09,74.010002
2026-04-10,72.150002
2026-04-13,74.419998
2026-04-14,74.349998
2026-04-15,67.940002
2026-04-16,65.889999
2026-04-17,65.699997
2026-04-20,67.900002
2026-04-21,70.779999
2026-04-22,69.879997
2026-04-23,67.699997
2026-04-24,66.970001
2026-04-27,68.419998
2026-04-28,68.680000
2026-04-29,74.330002
2026-04-30,72.070000
2026-05-01,70.410004
2026-05-04,77.860001
2026-05-05,76.779999
2026-05-06,70.629997
2026-05-07,72.239998
2026-05-08,67.250000
2026-05-11,70.739998
2026-05-12,71.680000
2026-05-13,70.239998
2026-05-14,69.629997
2026-05-15,79.870003
2026-05-18,86.070000
2026-05-19,85.320000
2026-05-20,81.529999
2026-05-21,79.720001
2026-05-22,78.430000
2026-05-26,74.949997
2026-05-27,70.900002
2026-05-28,69.739998
2026-05-29,70.220001
2026-06-01,73.330002
2026-06-02,73.430000
2026-06-03,73.580002
2026-06-04,71.160004
2026-06-05,75.199997
2026-06-08,76.980003
2026-06-09,77.029999
2026-06-10,73.949997
2026-06-11,69.449997
2026-06-12,69.360001
2026-06-15,69.379997
2026-06-16,67.279999
2026-06-17,70.660004
2026-06-18,65.389999
2026-06-22,70.019997
2026-06-23,68.779999
2026-06-24,69.059998
2026-06-25,67.099998
2026-06-26,66.790001
2026-06-29,68.139999
2026-06-30,71.959999
2026-07-01,68.559998
2026-07-02,65.400002
2026-07-06,65.760002
2026-07-07,70.250000
2026-07-08,72.410004
2026-07-09,68.889999
2026-07-10,69.550003
2026-07-13,77.769997
2026-07-14,75.029999
2026-07-15,68.480003
2026-07-16,68.160004
2026-07-17,70.879997
