observation_date,OVX
2007-05-10,27.090000
2007-05-11,26.410000
2007-05-14,27.230000
2007-05-15,27.889999
2007-05-16,27.070000
2007-05-17,24.860001
2007-05-18,24.709999
2007-05-21,24.670000
2007-05-22,26.030001
2007-05-23,26.350000
2007-05-24,26.629999
2007-05-25,25.809999
2007-05-29,27.830000
2007-05-30,28.610001
2007-05-31,28.440001
2007-06-01,27.389999
2007-06-04,27.360001
2007-06-05,26.700001
2007-06-06,25.940001
2007-06-07,26.110001
2007-06-08,26.510000
2007-06-11,25.990000
2007-06-12,25.809999
2007-06-13,26.070000
2007-06-14,26.350000
2007-06-15,26.410000
2007-06-18,27.150000
2007-06-19,26.719999
2007-06-20,27.139999
2007-06-21,28.000000
2007-06-22,28.160000
2007-06-25,28.010000
2007-06-26,27.790001
2007-06-27,28.059999
2007-06-28,27.950001
2007-06-29,27.440001
2007-07-02,27.520000
2007-07-03,27.450001
2007-07-05,27.330000
2007-07-06,27.400000
2007-07-09,28.250000
2007-07-10,27.370001
2007-07-11,27.690001
2007-07-12,27.350000
2007-07-13,27.059999
2007-07-16,28.000000
2007-07-17,27.459999
2007-07-18,27.910000
2007-07-19,27.400000
2007-07-20,26.690001
2007-07-23,27.090000
2007-07-24,27.420000
2007-07-25,26.840000
2007-07-26,27.790001
2007-07-27,27.250000
2007-07-30,30.160000
2007-07-31,30.690001
2007-08-01,29.730000
2007-08-02,29.680000
2007-08-03,29.320000
2007-08-06,32.490002
2007-08-07,29.480000
2007-08-08,27.070000
2007-08-09,29.730000
2007-08-10,30.870001
2007-08-13,30.820000
2007-08-14,30.230000
2007-08-15,31.139999
2007-08-16,37.020000
2007-08-17,35.459999
2007-08-20,34.160000
2007-08-21,34.330002
2007-08-22,31.930000
2007-08-23,29.850000
2007-08-24,28.670000
2007-08-27,28.980000
2007-08-28,28.809999
2007-08-29,28.879999
2007-08-30,28.990000
2007-08-31,28.860001
2007-09-04,29.490000
2007-09-05,30.290001
2007-09-06,31.110001
2007-09-07,31.389999
2007-09-10,30.820000
2007-09-11,31.299999
2007-09-12,30.250000
2007-09-13,30.370001
2007-09-14,29.370001
2007-09-17,29.719999
2007-09-18,29.770000
2007-09-19,28.930000
2007-09-20,30.570000
2007-09-21,30.299999
2007-09-24,29.190001
2007-09-25,28.790001
2007-09-26,28.400000
2007-09-27,27.770000
2007-09-28,29.320000
2007-10-01,30.530001
2007-10-02,30.740000
2007-10-03,30.620001
2007-10-04,30.120001
2007-10-05,29.570000
2007-10-08,31.070000
2007-10-09,30.590000
2007-10-10,30.240000
2007-10-11,29.200001
2007-10-12,28.610001
2007-10-15,28.400000
2007-10-16,29.799999
2007-10-17,31.660000
2007-10-18,32.040001
2007-10-19,32.389999
2007-10-22,32.270000
2007-10-23,32.150002
2007-10-24,31.340000
2007-10-25,31.110001
2007-10-26,32.740002
2007-10-29,32.610001
2007-10-30,34.650002
2007-10-31,37.459999
2007-11-01,39.709999
2007-11-02,39.990002
2007-11-05,40.139999
2007-11-06,41.200001
2007-11-07,41.369999
2007-11-08,40.840000
2007-11-09,37.060001
2007-11-12,39.650002
2007-11-13,38.689999
2007-11-14,35.799999
2007-11-15,34.560001
2007-11-16,32.720001
2007-11-19,31.450001
2007-11-20,33.939999
2007-11-21,34.380001
2007-11-23,36.080002
2007-11-26,35.950001
2007-11-27,34.340000
2007-11-28,34.939999
2007-11-29,36.470001
2007-11-30,37.259998
2007-12-03,38.509998
2007-12-04,37.360001
2007-12-05,36.000000
2007-12-06,34.419998
2007-12-07,35.009998
2007-12-10,35.939999
2007-12-11,35.220001
2007-12-12,34.580002
2007-12-13,35.410000
2007-12-14,34.439999
2007-12-17,33.439999
2007-12-18,31.790001
2007-12-19,31.420000
2007-12-20,29.170000
2007-12-21,26.910000
2007-12-24,27.480000
2007-12-26,27.459999
2007-12-27,32.070000
2007-12-28,33.480000
2007-12-31,36.349998
2008-01-02,37.230000
2008-01-03,36.470001
2008-01-04,34.500000
2008-01-07,35.180000
2008-01-08,34.610001
2008-01-09,33.930000
2008-01-10,33.480000
2008-01-11,32.119999
2008-01-14,32.730000
2008-01-15,33.599998
2008-01-16,33.560001
2008-01-17,32.119999
2008-01-18,31.459999
2008-01-22,37.139999
2008-01-23,32.959999
2008-01-24,32.959999
2008-01-25,31.959999
2008-01-28,33.180000
2008-01-29,32.049999
2008-01-30,30.639999
2008-01-31,30.240000
2008-02-01,29.770000
2008-02-04,30.590000
2008-02-05,31.590000
2008-02-06,31.740000
2008-02-07,30.770000
2008-02-08,31.309999
2008-02-11,31.940001
2008-02-12,32.660000
2008-02-13,31.450001
2008-02-14,30.799999
2008-02-15,30.170000
2008-02-19,33.590000
2008-02-20,36.250000
2008-02-21,34.740002
2008-02-22,34.470001
2008-02-25,33.869999
2008-02-26,33.889999
2008-02-27,33.570000
2008-02-28,35.349998
2008-02-29,34.820000
2008-03-03,36.450001
2008-03-04,34.849998
2008-03-05,37.610001
2008-03-06,38.270000
2008-03-07,37.849998
2008-03-10,39.709999
2008-03-11,40.919998
2008-03-12,41.700001
2008-03-13,41.070000
2008-03-14,41.119999
2008-03-17,46.810001
2008-03-18,42.299999
2008-03-19,46.330002
2008-03-20,43.759998
2008-03-24,40.560001
2008-03-25,39.849998
2008-03-26,39.290001
2008-03-27,39.880001
2008-03-28,38.520000
2008-03-31,39.320000
2008-04-01,39.720001
2008-04-02,39.959999
2008-04-03,40.770000
2008-04-04,39.619999
2008-04-07,42.139999
2008-04-08,41.279999
2008-04-09,41.580002
2008-04-10,41.610001
2008-04-11,38.099998
2008-04-14,39.700001
2008-04-15,40.360001
2008-04-16,40.509998
2008-04-17,40.590000
2008-04-18,39.939999
2008-04-21,36.320000
2008-04-22,39.790001
2008-04-23,38.110001
2008-04-24,37.660000
2008-04-25,37.910000
2008-04-28,39.520000
2008-04-29,39.340000
2008-04-30,38.520000
2008-05-01,38.799999
2008-05-02,38.810001
2008-05-05,40.150002
2008-05-06,38.790001
2008-05-07,38.619999
2008-05-08,38.070000
2008-05-09,37.430000
2008-05-12,37.549999
2008-05-13,38.110001
2008-05-14,36.799999
2008-05-15,38.770000
2008-05-16,38.169998
2008-05-19,38.509998
2008-05-20,37.459999
2008-05-21,38.689999
2008-05-22,40.110001
2008-05-23,38.610001
2008-05-27,40.740002
2008-05-28,40.520000
2008-05-29,41.380001
2008-05-30,42.299999
2008-06-02,43.099998
2008-06-03,41.750000
2008-06-04,40.770000
2008-06-05,41.369999
2008-06-06,52.029999
2008-06-09,45.570000
2008-06-10,48.130001
2008-06-11,48.400002
2008-06-12,50.169998
2008-06-13,49.189999
2008-06-16,50.450001
2008-06-17,48.509998
2008-06-18,46.150002
2008-06-19,46.619999
2008-06-20,47.160000
2008-06-23,44.290001
2008-06-24,44.490002
2008-06-25,43.970001
2008-06-26,44.680000
2008-06-27,43.830002
2008-06-30,45.110001
2008-07-01,46.450001
2008-07-02,46.049999
2008-07-03,44.389999
2008-07-07,46.380001
2008-07-08,48.410000
2008-07-09,47.009998
2008-07-10,46.910000
2008-07-11,47.669998
2008-07-14,47.240002
2008-07-15,50.889999
2008-07-16,52.020000
2008-07-17,53.880001
2008-07-18,53.730000
2008-07-21,51.459999
2008-07-22,50.939999
2008-07-23,51.540001
2008-07-24,50.700001
2008-07-25,48.840000
2008-07-28,49.279999
2008-07-29,48.380001
2008-07-30,47.169998
2008-07-31,47.020000
2008-08-01,46.830002
2008-08-04,48.000000
2008-08-05,48.470001
2008-08-06,48.410000
2008-08-07,46.990002
2008-08-08,45.700001
2008-08-11,45.570000
2008-08-12,45.930000
2008-08-13,46.860001
2008-08-14,46.680000
2008-08-15,48.349998
2008-08-18,46.619999
2008-08-19,44.770000
2008-08-20,44.029999
2008-08-21,45.139999
2008-08-22,43.630001
2008-08-25,44.480000
2008-08-26,46.959999
2008-08-27,48.209999
2008-08-28,49.099998
2008-08-29,50.220001
2008-09-02,46.689999
2008-09-03,45.080002
2008-09-04,44.790001
2008-09-05,44.849998
2008-09-08,45.200001
2008-09-09,45.650002
2008-09-10,45.349998
2008-09-11,46.980000
2008-09-12,45.750000
2008-09-15,45.750000
2008-09-16,51.560001
2008-09-17,52.439999
2008-09-18,54.570000
2008-09-19,52.730000
2008-09-22,57.470001
2008-09-23,54.759998
2008-09-24,53.990002
2008-09-25,52.389999
2008-09-26,52.700001
2008-09-29,64.209999
2008-09-30,59.560001
2008-10-01,57.990002
2008-10-02,57.849998
2008-10-03,56.410000
2008-10-06,65.019997
2008-10-07,64.120003
2008-10-08,62.599998
2008-10-09,61.580002
2008-10-10,70.519997
2008-10-13,70.519997
2008-10-14,70.519997
2008-10-15,70.519997
2008-10-16,75.089996
2008-10-17,70.040001
2008-10-20,69.379997
2008-10-21,71.760002
2008-10-22,83.790001
2008-10-23,81.879997
2008-10-24,84.589996
2008-10-27,82.510002
2008-10-28,92.900002
2008-10-29,79.849998
2008-10-30,80.349998
2008-10-31,80.559998
2008-11-03,84.070000
2008-11-04,83.199997
2008-11-05,83.629997
2008-11-06,90.250000
2008-11-07,85.629997
2008-11-10,87.349998
2008-11-11,87.410004
2008-11-12,79.790001
2008-11-13,82.269997
2008-11-14,79.779999
2008-11-17,80.660004
2008-11-18,75.769997
2008-11-19,71.599998
2008-11-20,79.089996
2008-11-21,79.699997
2008-11-24,78.320000
2008-11-25,81.680000
2008-11-26,66.470001
2008-11-28,80.260002
2008-12-01,85.309998
2008-12-02,86.360001
2008-12-03,88.449997
2008-12-04,89.339996
2008-12-05,93.080002
2008-12-08,92.639999
2008-12-09,98.930000
2008-12-10,95.900002
2008-12-11,100.419998
2008-12-12,93.050003
2008-12-15,93.050003
2008-12-16,93.050003
2008-12-17,95.120003
2008-12-18,90.930000
2008-12-19,86.669998
2008-12-22,87.629997
2008-12-23,91.809998
2008-12-24,90.360001
2008-12-26,89.330002
2008-12-29,95.910004
2008-12-30,95.879997
2008-12-31,88.930000
2009-01-02,87.669998
2009-01-05,82.110001
2009-01-06,79.580002
2009-01-07,85.459999
2009-01-08,85.459999
2009-01-09,80.660004
2009-01-12,80.660004
2009-01-13,81.540001
2009-01-14,76.680000
2009-01-15,76.220001
2009-01-16,74.400002
2009-01-20,81.830002
2009-01-21,79.849998
2009-01-22,81.809998
2009-01-23,81.309998
2009-01-26,80.910004
2009-01-27,83.760002
2009-01-28,81.570000
2009-01-29,79.410004
2009-01-30,77.099998
2009-02-02,77.889999
2009-02-03,72.980003
2009-02-04,70.919998
2009-02-05,69.230003
2009-02-06,70.089996
2009-02-09,68.809998
2009-02-10,69.820000
2009-02-11,69.459999
2009-02-12,68.489998
2009-02-13,66.059998
2009-02-17,76.120003
2009-02-18,76.800003
2009-02-19,76.709999
2009-02-20,74.889999
2009-02-23,76.360001
2009-02-24,72.480003
2009-02-25,69.110001
2009-02-26,67.699997
2009-02-27,68.540001
2009-03-02,76.610001
2009-03-03,73.099998
2009-03-04,72.080002
2009-03-05,72.599998
2009-03-06,72.360001
2009-03-09,71.349998
2009-03-10,78.019997
2009-03-11,69.239998
2009-03-12,69.639999
2009-03-13,65.000000
2009-03-16,69.680000
2009-03-17,67.709999
2009-03-18,65.360001
2009-03-19,79.589996
2009-03-20,62.990002
2009-03-23,66.419998
2009-03-24,60.820000
2009-03-25,60.959999
2009-03-26,59.080002
2009-03-27,59.279999
2009-03-30,64.309998
2009-03-31,78.010002
2009-04-01,65.059998
2009-04-02,62.970001
2009-04-03,61.860001
2009-04-06,58.619999
2009-04-07,58.580002
2009-04-08,56.840000
2009-04-09,54.970001
2009-04-13,57.849998
2009-04-14,67.769997
2009-04-15,55.570000
2009-04-16,69.949997
2009-04-17,50.119999
2009-04-20,60.840000
2009-04-21,54.750000
2009-04-22,53.599998
2009-04-23,53.880001
2009-04-24,52.810001
2009-04-27,56.750000
2009-04-28,55.410000
2009-04-29,53.709999
2009-04-30,52.750000
2009-05-01,50.200001
2009-05-04,49.009998
2009-05-05,47.400002
2009-05-06,46.880001
2009-05-07,47.400002
2009-05-08,44.889999
2009-05-11,45.230000
2009-05-12,44.980000
2009-05-13,46.849998
2009-05-14,45.660000
2009-05-15,46.009998
2009-05-18,42.209999
2009-05-19,41.250000
2009-05-20,40.740002
2009-05-21,41.560001
2009-05-22,40.950001
2009-05-26,41.970001
2009-05-27,41.939999
2009-05-28,40.810001
2009-05-29,41.320000
2009-06-01,42.459999
2009-06-02,42.150002
2009-06-03,45.290001
2009-06-04,46.139999
2009-06-05,45.750000
2009-06-08,46.599998
2009-06-09,45.889999
2009-06-10,46.970001
2009-06-11,47.250000
2009-06-12,46.389999
2009-06-15,46.840000
2009-06-16,47.400002
2009-06-17,47.320000
2009-06-18,46.639999
2009-06-19,45.160000
2009-06-22,46.950001
2009-06-23,45.549999
2009-06-24,44.459999
2009-06-25,41.000000
2009-06-26,40.330002
2009-06-29,41.259998
2009-06-30,42.779999
2009-07-01,43.009998
2009-07-02,45.669998
2009-07-06,49.369999
2009-07-07,50.250000
2009-07-08,52.660000
2009-07-09,51.509998
2009-07-10,50.880001
2009-07-13,49.580002
2009-07-14,48.000000
2009-07-15,46.790001
2009-07-16,45.630001
2009-07-17,44.790001
2009-07-20,44.650002
2009-07-21,44.240002
2009-07-22,44.360001
2009-07-23,42.340000
2009-07-24,40.720001
2009-07-27,42.459999
2009-07-28,42.970001
2009-07-29,46.139999
2009-07-30,45.570000
2009-07-31,45.720001
2009-08-03,47.919998
2009-08-04,47.180000
2009-08-05,46.700001
2009-08-06,46.020000
2009-08-07,45.380001
2009-08-10,45.700001
2009-08-11,46.230000
2009-08-12,45.439999
2009-08-13,44.790001
2009-08-14,45.880001
2009-08-17,46.919998
2009-08-18,44.500000
2009-08-19,45.139999
2009-08-20,45.720001
2009-08-21,45.680000
2009-08-24,45.389999
2009-08-25,45.509998
2009-08-26,45.970001
2009-08-27,43.980000
2009-08-28,43.209999
2009-08-31,47.090000
2009-09-01,46.529999
2009-09-02,45.810001
2009-09-03,44.599998
2009-09-04,44.240002
2009-09-08,45.910000
2009-09-09,46.369999
2009-09-10,44.830002
2009-09-11,45.070000
2009-09-14,45.380001
2009-09-15,43.930000
2009-09-16,42.400002
2009-09-17,42.360001
2009-09-18,41.669998
2009-09-21,41.400002
2009-09-22,40.380001
2009-09-23,41.230000
2009-09-24,44.279999
2009-09-25,44.270000
2009-09-28,43.910000
2009-09-29,43.740002
2009-09-30,45.230000
2009-10-01,45.590000
2009-10-02,45.220001
2009-10-05,45.139999
2009-10-06,45.470001
2009-10-07,45.250000
2009-10-08,43.360001
2009-10-09,43.599998
2009-10-12,43.200001
2009-10-13,41.540001
2009-10-14,42.090000
2009-10-15,40.090000
2009-10-16,36.910000
2009-10-19,38.410000
2009-10-20,39.060001
2009-10-21,39.959999
2009-10-22,40.470001
2009-10-23,39.500000
2009-10-26,40.570000
2009-10-27,39.820000
2009-10-28,41.240002
2009-10-29,39.410000
2009-10-30,41.130001
2009-11-02,41.779999
2009-11-03,41.580002
2009-11-04,40.599998
2009-11-05,38.980000
2009-11-06,38.700001
2009-11-09,39.060001
2009-11-10,38.119999
2009-11-11,37.889999
2009-11-12,38.779999
2009-11-13,38.669998
2009-11-16,37.560001
2009-11-17,37.009998
2009-11-18,35.689999
2009-11-19,36.990002
2009-11-20,36.799999
2009-11-23,35.669998
2009-11-24,37.060001
2009-11-25,36.570000
2009-11-27,40.730000
2009-11-30,41.169998
2009-12-01,40.230000
2009-12-02,40.290001
2009-12-03,40.560001
2009-12-04,41.180000
2009-12-07,42.490002
2009-12-08,42.189999
2009-12-09,43.080002
2009-12-10,42.900002
2009-12-11,43.049999
2009-12-14,42.160000
2009-12-15,41.540001
2009-12-16,39.889999
2009-12-17,39.080002
2009-12-18,40.580002
2009-12-21,39.250000
2009-12-22,37.810001
2009-12-23,36.000000
2009-12-24,35.180000
2009-12-28,36.480000
2009-12-29,35.779999
2009-12-30,34.950001
2009-12-31,36.259998
2010-01-04,35.439999
2010-01-05,34.270000
2010-01-06,34.400002
2010-01-07,33.610001
2010-01-08,31.340000
2010-01-11,30.000000
2010-01-12,31.610001
2010-01-13,32.750000
2010-01-14,30.860001
2010-01-15,29.799999
2010-01-19,28.520000
2010-01-20,31.150000
2010-01-21,32.509998
2010-01-22,34.849998
2010-01-25,33.330002
2010-01-26,33.779999
2010-01-27,34.230000
2010-01-28,33.279999
2010-01-29,34.049999
2010-02-01,32.450001
2010-02-02,32.439999
2010-02-03,34.650002
2010-02-04,38.509998
2010-02-05,39.990002
2010-02-08,39.529999
2010-02-09,38.740002
2010-02-10,37.910000
2010-02-11,36.040001
2010-02-12,36.040001
2010-02-16,36.150002
2010-02-17,35.380001
2010-02-18,33.360001
2010-02-19,34.630001
2010-02-22,33.680000
2010-02-23,34.880001
2010-02-24,33.459999
2010-02-25,33.560001
2010-02-26,32.820000
2010-03-01,34.290001
2010-03-02,34.880001
2010-03-03,34.529999
2010-03-04,33.540001
2010-03-05,32.669998
2010-03-08,33.220001
2010-03-09,33.189999
2010-03-10,33.279999
2010-03-11,32.700001
2010-03-12,32.110001
2010-03-15,33.380001
2010-03-16,33.220001
2010-03-17,32.470001
2010-03-18,31.730000
2010-03-19,31.850000
2010-03-22,29.570000
2010-03-23,29.230000
2010-03-24,29.340000
2010-03-25,30.129999
2010-03-26,30.100000
2010-03-29,30.170000
2010-03-30,29.559999
2010-03-31,29.610001
2010-04-01,29.240000
2010-04-05,29.650000
2010-04-06,28.799999
2010-04-07,29.040001
2010-04-08,29.250000
2010-04-09,29.150000
2010-04-12,27.020000
2010-04-13,27.260000
2010-04-14,27.139999
2010-04-15,26.900000
2010-04-16,27.160000
2010-04-19,29.020000
2010-04-20,27.799999
2010-04-21,27.670000
2010-04-22,27.650000
2010-04-23,26.680000
2010-04-26,28.020000
2010-04-27,30.340000
2010-04-28,30.680000
2010-04-29,29.530001
2010-04-30,30.250000
2010-05-03,30.180000
2010-05-04,32.669998
2010-05-05,35.610001
2010-05-06,39.730000
2010-05-07,42.610001
2010-05-10,40.049999
2010-05-11,38.869999
2010-05-12,36.959999
2010-05-13,36.459999
2010-05-14,40.459999
2010-05-17,41.130001
2010-05-18,42.959999
2010-05-19,44.029999
2010-05-20,46.459999
2010-05-21,44.570000
2010-05-24,44.900002
2010-05-25,45.799999
2010-05-26,43.450001
2010-05-27,40.700001
2010-05-28,40.490002
2010-06-01,46.060001
2010-06-02,42.919998
2010-06-03,41.720001
2010-06-04,47.150002
2010-06-07,46.779999
2010-06-08,43.849998
2010-06-09,42.549999
2010-06-10,38.910000
2010-06-11,39.369999
2010-06-14,39.720001
2010-06-15,37.720001
2010-06-16,37.380001
2010-06-17,36.290001
2010-06-18,35.250000
2010-06-21,35.360001
2010-06-22,35.470001
2010-06-23,36.759998
2010-06-24,37.410000
2010-06-25,35.820000
2010-06-28,36.709999
2010-06-29,39.160000
2010-06-30,39.500000
2010-07-01,41.220001
2010-07-02,39.189999
2010-07-06,40.240002
2010-07-07,37.750000
2010-07-08,35.779999
2010-07-09,34.570000
2010-07-12,33.200001
2010-07-13,32.869999
2010-07-14,33.160000
2010-07-15,33.240002
2010-07-16,34.130001
2010-07-19,34.029999
2010-07-20,32.430000
2010-07-21,33.880001
2010-07-22,33.590000
2010-07-23,32.439999
2010-07-26,33.070000
2010-07-27,32.910000
2010-07-28,33.790001
2010-07-29,31.570000
2010-07-30,31.520000
2010-08-02,31.620001
2010-08-03,32.090000
2010-08-04,31.760000
2010-08-05,31.320000
2010-08-06,30.900000
2010-08-09,31.309999
2010-08-10,32.080002
2010-08-11,34.180000
2010-08-12,34.840000
2010-08-13,34.619999
2010-08-16,35.410000
2010-08-17,33.560001
2010-08-18,33.900002
2010-08-19,34.180000
2010-08-20,33.730000
2010-08-23,33.560001
2010-08-24,34.840000
2010-08-25,33.240002
2010-08-26,33.080002
2010-08-27,32.130001
2010-08-30,32.990002
2010-08-31,34.509998
2010-09-01,33.250000
2010-09-02,32.660000
2010-09-03,32.110001
2010-09-07,33.279999
2010-09-08,32.820000
2010-09-09,31.809999
2010-09-10,31.370001
2010-09-13,31.719999
2010-09-14,32.070000
2010-09-15,31.969999
2010-09-16,31.690001
2010-09-17,31.080000
2010-09-20,31.850000
2010-09-21,32.810001
2010-09-22,31.670000
2010-09-23,31.400000
2010-09-24,29.879999
2010-09-27,30.870001
2010-09-28,30.820000
2010-09-29,30.799999
2010-09-30,30.040001
2010-10-01,30.459999
2010-10-04,31.370001
2010-10-05,31.879999
2010-10-06,30.930000
2010-10-07,32.290001
2010-10-08,32.220001
2010-10-11,33.259998
2010-10-12,33.259998
2010-10-13,33.189999
2010-10-14,32.459999
2010-10-15,33.419998
2010-10-18,32.200001
2010-10-19,33.990002
2010-10-20,32.389999
2010-10-21,33.650002
2010-10-22,32.450001
2010-10-25,33.049999
2010-10-26,31.889999
2010-10-27,32.000000
2010-10-28,31.559999
2010-10-29,32.119999
2010-11-01,32.830002
2010-11-02,33.330002
2010-11-03,31.889999
2010-11-04,30.780001
2010-11-05,29.860001
2010-11-08,30.820000
2010-11-09,30.930000
2010-11-10,30.250000
2010-11-11,30.270000
2010-11-12,30.920000
2010-11-15,31.129999
2010-11-16,33.430000
2010-11-17,33.689999
2010-11-18,31.490000
2010-11-19,30.639999
2010-11-22,30.840000
2010-11-23,31.600000
2010-11-24,30.030001
2010-11-26,28.820000
2010-11-29,30.750000
2010-11-30,31.889999
2010-12-01,31.170000
2010-12-02,30.900000
2010-12-03,31.700001
2010-12-06,31.500000
2010-12-07,32.169998
2010-12-08,30.959999
2010-12-09,30.410000
2010-12-10,30.360001
2010-12-13,29.250000
2010-12-14,29.000000
2010-12-15,28.459999
2010-12-16,27.930000
2010-12-17,26.820000
2010-12-20,26.610001
2010-12-21,25.830000
2010-12-22,25.500000
2010-12-23,25.420000
2010-12-27,27.480000
2010-12-28,27.879999
2010-12-29,27.780001
2010-12-30,29.270000
2010-12-31,29.480000
2011-01-03,28.209999
2011-01-04,30.260000
2011-01-05,29.320000
2011-01-06,30.209999
2011-01-07,29.639999
2011-01-10,29.090000
2011-01-11,28.010000
2011-01-12,27.530001
2011-01-13,27.730000
2011-01-14,26.500000
2011-01-18,26.520000
2011-01-19,27.280001
2011-01-20,27.400000
2011-01-21,26.530001
2011-01-24,27.100000
2011-01-25,29.980000
2011-01-26,28.000000
2011-01-27,29.790001
2011-01-28,33.259998
2011-01-31,35.180000
2011-02-01,33.380001
2011-02-02,31.830000
2011-02-03,32.189999
2011-02-04,32.240002
2011-02-07,31.559999
2011-02-08,31.070000
2011-02-09,30.290001
2011-02-10,29.860001
2011-02-11,29.580000
2011-02-14,30.120001
2011-02-15,30.469999
2011-02-16,31.420000
2011-02-17,31.040001
2011-02-18,30.820000
2011-02-22,38.540001
2011-02-23,41.919998
2011-02-24,42.619999
2011-02-25,42.490002
2011-02-28,39.049999
2011-03-01,41.849998
2011-03-02,42.250000
2011-03-03,40.419998
2011-03-04,44.869999
2011-03-07,45.160000
2011-03-08,44.209999
2011-03-09,43.000000
2011-03-10,42.860001
2011-03-11,41.360001
2011-03-14,40.990002
2011-03-15,42.340000
2011-03-16,42.820000
2011-03-17,43.099998
2011-03-18,41.900002
2011-03-21,39.099998
2011-03-22,37.900002
2011-03-23,36.360001
2011-03-24,35.980000
2011-03-25,34.700001
2011-03-28,34.290001
2011-03-29,33.490002
2011-03-30,33.070000
2011-03-31,34.619999
2011-04-01,33.910000
2011-04-04,33.320000
2011-04-05,32.150002
2011-04-06,32.400002
2011-04-07,32.770000
2011-04-08,35.500000
2011-04-11,33.860001
2011-04-12,34.480000
2011-04-13,32.779999
2011-04-14,32.380001
2011-04-15,31.580000
2011-04-18,30.719999
2011-04-19,30.000000
2011-04-20,30.360001
2011-04-21,30.150000
2011-04-25,31.219999
2011-04-26,30.680000
2011-04-27,30.389999
2011-04-28,30.209999
2011-04-29,30.389999
2011-05-02,31.820000
2011-05-03,31.820000
2011-05-04,31.850000
2011-05-05,42.509998
2011-05-06,41.439999
2011-05-09,42.090000
2011-05-10,40.450001
2011-05-11,42.830002
2011-05-12,42.340000
2011-05-13,39.730000
2011-05-16,40.509998
2011-05-17,38.669998
2011-05-18,38.599998
2011-05-19,37.290001
2011-05-20,37.180000
2011-05-23,38.730000
2011-05-24,36.580002
2011-05-25,35.529999
2011-05-26,34.009998
2011-05-27,33.470001
2011-05-31,33.509998
2011-06-01,34.770000
2011-06-02,33.259998
2011-06-03,32.369999
2011-06-06,34.029999
2011-06-07,33.619999
2011-06-08,32.830002
2011-06-09,32.160000
2011-06-10,33.470001
2011-06-13,34.689999
2011-06-14,32.570000
2011-06-15,35.750000
2011-06-16,35.590000
2011-06-17,36.310001
2011-06-20,35.910000
2011-06-21,35.720001
2011-06-22,34.290001
2011-06-23,34.480000
2011-06-24,35.080002
2011-06-27,34.660000
2011-06-28,32.880001
2011-06-29,32.290001
2011-06-30,31.360001
2011-07-01,30.570000
2011-07-05,30.790001
2011-07-06,31.040001
2011-07-07,30.959999
2011-07-08,30.860001
2011-07-11,33.980000
2011-07-12,33.299999
2011-07-13,33.599998
2011-07-14,33.570000
2011-07-15,31.879999
2011-07-18,32.849998
2011-07-19,31.459999
2011-07-20,31.180000
2011-07-21,31.080000
2011-07-22,30.629999
2011-07-25,31.230000
2011-07-26,31.170000
2011-07-27,32.340000
2011-07-28,33.130001
2011-07-29,33.639999
2011-08-01,34.290001
2011-08-02,35.270000
2011-08-03,34.020000
2011-08-04,42.939999
2011-08-05,42.369999
2011-08-08,56.169998
2011-08-09,61.820000
2011-08-10,59.450001
2011-08-11,50.250000
2011-08-12,49.060001
2011-08-15,44.660000
2011-08-16,43.950001
2011-08-17,42.669998
2011-08-18,57.419998
2011-08-19,55.290001
2011-08-22,52.400002
2011-08-23,47.669998
2011-08-24,47.889999
2011-08-25,51.419998
2011-08-26,48.119999
2011-08-29,45.630001
2011-08-30,44.740002
2011-08-31,44.330002
2011-09-01,42.770000
2011-09-02,45.330002
2011-09-06,47.410000
2011-09-07,44.900002
2011-09-08,45.700001
2011-09-09,49.450001
2011-09-12,48.139999
2011-09-13,45.139999
2011-09-14,43.720001
2011-09-15,42.049999
2011-09-16,41.700001
2011-09-19,45.930000
2011-09-20,45.799999
2011-09-21,47.349998
2011-09-22,55.610001
2011-09-23,54.630001
2011-09-26,54.310001
2011-09-27,50.130001
2011-09-28,53.509998
2011-09-29,50.619999
2011-09-30,55.680000
2011-10-03,58.650002
2011-10-04,57.090000
2011-10-05,52.790001
2011-10-06,50.040001
2011-10-07,49.709999
2011-10-10,47.209999
2011-10-11,47.070000
2011-10-12,47.529999
2011-10-13,47.759998
2011-10-14,45.349998
2011-10-17,50.139999
2011-10-18,47.799999
2011-10-19,50.009998
2011-10-20,49.520000
2011-10-21,48.029999
2011-10-24,45.599998
2011-10-25,48.270000
2011-10-26,47.590000
2011-10-27,43.820000
2011-10-28,41.580002
2011-10-31,43.259998
2011-11-01,46.630001
2011-11-02,45.560001
2011-11-03,43.849998
2011-11-04,42.450001
2011-11-07,43.299999
2011-11-08,43.349998
2011-11-09,48.970001
2011-11-10,47.840000
2011-11-11,46.599998
2011-11-14,46.410000
2011-11-15,43.049999
2011-11-16,43.290001
2011-11-17,42.939999
2011-11-18,42.939999
2011-11-21,44.820000
2011-11-22,42.939999
2011-11-23,45.189999
2011-11-25,69.120003
2011-11-28,44.520000
2011-11-29,42.700001
2011-11-30,41.000000
2011-12-01,40.889999
2011-12-02,39.799999
2011-12-05,39.340000
2011-12-06,38.230000
2011-12-07,38.340000
2011-12-08,40.270000
2011-12-09,38.869999
2011-12-12,40.450001
2011-12-13,39.389999
2011-12-14,43.820000
2011-12-15,45.040001
2011-12-16,41.730000
2011-12-19,41.270000
2011-12-20,38.959999
2011-12-21,36.369999
2011-12-22,35.810001
2011-12-23,35.740002
2011-12-27,36.950001
2011-12-28,38.730000
2011-12-29,38.660000
2011-12-30,38.740002
2012-01-03,40.070000
2012-01-04,39.040001
2012-01-05,38.700001
2012-01-06,37.119999
2012-01-09,36.520000
2012-01-10,35.439999
2012-01-11,35.520000
2012-01-12,36.590000
2012-01-13,35.619999
2012-01-17,33.970001
2012-01-18,32.590000
2012-01-19,33.509998
2012-01-20,33.349998
2012-01-23,33.160000
2012-01-24,33.230000
2012-01-25,31.930000
2012-01-26,31.969999
2012-01-27,31.570000
2012-01-30,31.740000
2012-01-31,32.310001
2012-02-01,32.180000
2012-02-02,31.809999
2012-02-03,30.709999
2012-02-06,31.200001
2012-02-07,32.410000
2012-02-08,32.320000
2012-02-09,32.430000
2012-02-10,32.830002
2012-02-13,33.299999
2012-02-14,33.639999
2012-02-15,34.849998
2012-02-16,33.990002
2012-02-17,33.049999
2012-02-21,34.680000
2012-02-22,33.669998
2012-02-23,33.209999
2012-02-24,33.799999
2012-02-27,34.119999
2012-02-28,33.520000
2012-02-29,32.520000
2012-03-01,33.200001
2012-03-02,32.910000
2012-03-05,33.340000
2012-03-06,34.340000
2012-03-07,32.930000
2012-03-08,32.119999
2012-03-09,31.420000
2012-03-12,30.000000
2012-03-13,29.450001
2012-03-14,29.309999
2012-03-15,29.440001
2012-03-16,28.680000
2012-03-19,26.850000
2012-03-20,27.870001
2012-03-21,26.930000
2012-03-22,27.510000
2012-03-23,28.170000
2012-03-26,27.889999
2012-03-27,27.530001
2012-03-28,28.030001
2012-03-29,28.940001
2012-03-30,29.000000
2012-04-02,28.459999
2012-04-03,27.950001
2012-04-04,28.730000
2012-04-05,28.030001
2012-04-09,29.840000
2012-04-10,31.620001
2012-04-11,30.690001
2012-04-12,29.410000
2012-04-13,29.610001
2012-04-16,29.780001
2012-04-17,28.740000
2012-04-18,28.360001
2012-04-19,28.309999
2012-04-20,27.100000
2012-04-23,26.910000
2012-04-24,26.110001
2012-04-25,25.680000
2012-04-26,24.620001
2012-04-27,24.340000
2012-04-30,25.150000
2012-05-01,25.120001
2012-05-02,25.030001
2012-05-03,27.459999
2012-05-04,29.790001
2012-05-07,29.070000
2012-05-08,29.059999
2012-05-09,29.270000
2012-05-10,28.610001
2012-05-11,28.790001
2012-05-14,30.959999
2012-05-15,32.130001
2012-05-16,31.480000
2012-05-17,32.619999
2012-05-18,33.180000
2012-05-21,30.010000
2012-05-22,29.750000
2012-05-23,30.900000
2012-05-24,30.120001
2012-05-25,30.190001
2012-05-29,30.719999
2012-05-30,33.320000
2012-05-31,34.790001
2012-06-01,41.630001
2012-06-04,38.580002
2012-06-05,36.669998
2012-06-06,35.580002
2012-06-07,36.900002
2012-06-08,37.570000
2012-06-11,42.310001
2012-06-12,39.450001
2012-06-13,39.070000
2012-06-14,36.189999
2012-06-15,36.279999
2012-06-18,35.040001
2012-06-19,32.919998
2012-06-20,34.660000
2012-06-21,37.520000
2012-06-22,35.080002
2012-06-25,36.840000
2012-06-26,34.419998
2012-06-27,33.450001
2012-06-28,34.580002
2012-06-29,35.000000
2012-07-02,36.380001
2012-07-03,36.380001
2012-07-05,38.220001
2012-07-06,37.509998
2012-07-09,37.279999
2012-07-10,37.680000
2012-07-11,35.970001
2012-07-12,34.459999
2012-07-13,33.860001
2012-07-16,34.009998
2012-07-17,35.360001
2012-07-18,34.930000
2012-07-19,36.740002
2012-07-20,35.330002
2012-07-23,37.230000
2012-07-24,36.270000
2012-07-25,34.860001
2012-07-26,34.099998
2012-07-27,32.990002
2012-07-30,33.090000
2012-07-31,34.529999
2012-08-01,33.980000
2012-08-02,33.599998
2012-08-03,33.230000
2012-08-06,32.070000
2012-08-07,32.150002
2012-08-08,31.420000
2012-08-09,30.780001
2012-08-10,30.590000
2012-08-13,29.450001
2012-08-14,29.840000
2012-08-15,31.180000
2012-08-16,31.730000
2012-08-17,31.190001
2012-08-20,30.500000
2012-08-21,30.639999
2012-08-22,31.070000
2012-08-23,31.760000
2012-08-24,32.009998
2012-08-27,33.419998
2012-08-28,33.060001
2012-08-29,32.590000
2012-08-30,31.950001
2012-08-31,31.400000
2012-09-04,33.610001
2012-09-05,33.639999
2012-09-06,34.070000
2012-09-07,32.770000
2012-09-10,32.709999
2012-09-11,32.380001
2012-09-12,33.330002
2012-09-13,32.959999
2012-09-14,34.070000
2012-09-17,35.639999
2012-09-18,35.810001
2012-09-19,36.580002
2012-09-20,33.580002
2012-09-21,33.209999
2012-09-24,34.230000
2012-09-25,34.349998
2012-09-26,35.130001
2012-09-27,33.049999
2012-09-28,32.450001
2012-10-01,32.869999
2012-10-02,32.529999
2012-10-03,35.150002
2012-10-04,33.389999
2012-10-05,32.759998
2012-10-08,34.049999
2012-10-09,34.500000
2012-10-10,35.090000
2012-10-11,34.520000
2012-10-12,33.689999
2012-10-15,33.840000
2012-10-16,33.540001
2012-10-17,32.250000
2012-10-18,30.830000
2012-10-19,31.910000
2012-10-22,33.130001
2012-10-23,34.279999
2012-10-24,33.610001
2012-10-25,32.270000
2012-10-26,32.209999
2012-10-31,32.180000
2012-11-01,31.290001
2012-11-02,32.419998
2012-11-05,32.099998
2012-11-06,32.020000
2012-11-07,33.980000
2012-11-08,33.509998
2012-11-09,31.540001
2012-11-12,30.000000
2012-11-13,31.270000
2012-11-14,31.500000
2012-11-15,30.540001
2012-11-16,31.100000
2012-11-19,30.969999
2012-11-20,29.830000
2012-11-21,29.490000
2012-11-23,29.490000
2012-11-26,29.379999
2012-11-27,28.650000
2012-11-28,28.690001
2012-11-29,28.280001
2012-11-30,27.620001
2012-12-03,28.389999
2012-12-04,28.840000
2012-12-05,29.129999
2012-12-06,29.889999
2012-12-07,29.650000
2012-12-10,30.320000
2012-12-11,29.940001
2012-12-12,29.129999
2012-12-13,29.629999
2012-12-14,29.320000
2012-12-17,28.950001
2012-12-18,28.559999
2012-12-19,27.639999
2012-12-20,27.610001
2012-12-21,28.879999
2012-12-24,28.879999
2012-12-26,28.730000
2012-12-27,28.080000
2012-12-28,28.879999
2012-12-31,28.450001
2013-01-02,27.799999
2013-01-03,26.830000
2013-01-04,26.030001
2013-01-07,25.040001
2013-01-08,24.299999
2013-01-09,24.600000
2013-01-10,24.590000
2013-01-11,24.570000
2013-01-14,25.719999
2013-01-15,25.700001
2013-01-16,24.389999
2013-01-17,23.990000
2013-01-18,21.980000
2013-01-22,21.670000
2013-01-23,22.750000
2013-01-24,22.480000
2013-01-25,22.520000
2013-01-28,22.980000
2013-01-29,22.969999
2013-01-30,22.879999
2013-01-31,22.540001
2013-02-01,22.400000
2013-02-04,23.959999
2013-02-05,23.059999
2013-02-06,23.389999
2013-02-07,23.299999
2013-02-08,23.080000
2013-02-11,21.680000
2013-02-12,20.700001
2013-02-13,21.000000
2013-02-14,20.209999
2013-02-15,22.590000
2013-02-19,22.440001
2013-02-20,24.969999
2013-02-21,27.129999
2013-02-22,24.580000
2013-02-25,26.219999
2013-02-26,25.900000
2013-02-27,24.330000
2013-02-28,23.610001
2013-03-01,23.680000
2013-03-04,24.280001
2013-03-05,22.410000
2013-03-06,22.520000
2013-03-07,21.290001
2013-03-08,20.799999
2013-03-11,19.420000
2013-03-12,18.770000
2013-03-13,19.090000
2013-03-14,18.360001
2013-03-15,18.760000
2013-03-18,19.450001
2013-03-19,21.139999
2013-03-20,19.580000
2013-03-21,19.740000
2013-03-22,19.110001
2013-03-25,19.080000
2013-03-26,17.809999
2013-03-27,17.950001
2013-03-28,18.190001
2013-04-01,19.200001
2013-04-02,19.330000
2013-04-03,21.740000
2013-04-04,21.840000
2013-04-05,21.389999
2013-04-08,21.010000
2013-04-09,20.639999
2013-04-10,20.549999
2013-04-11,21.200001
2013-04-12,22.590000
2013-04-15,29.840000
2013-04-16,27.320000
2013-04-17,31.139999
2013-04-18,28.530001
2013-04-19,27.570000
2013-04-22,25.070000
2013-04-23,24.430000
2013-04-24,23.260000
2013-04-25,22.680000
2013-04-26,22.510000
2013-04-29,23.440001
2013-04-30,24.570000
2013-05-01,26.680000
2013-05-02,24.490000
2013-05-03,24.010000
2013-05-06,25.160000
2013-05-07,24.379999
2013-05-08,22.639999
2013-05-09,23.240000
2013-05-10,22.830000
2013-05-13,23.660000
2013-05-14,24.120001
2013-05-15,24.480000
2013-05-16,24.389999
2013-05-17,22.820000
2013-05-20,23.440001
2013-05-21,23.110001
2013-05-22,24.450001
2013-05-23,23.299999
2013-05-24,22.570000
2013-05-28,22.950001
2013-05-29,24.040001
2013-05-30,24.209999
2013-05-31,24.410000
2013-06-03,24.790001
2013-06-04,24.639999
2013-06-05,24.490000
2013-06-06,23.889999
2013-06-07,22.410000
2013-06-10,21.740000
2013-06-11,21.809999
2013-06-12,22.719999
2013-06-13,21.469999
2013-06-14,21.219999
2013-06-17,21.040001
2013-06-18,20.639999
2013-06-19,19.980000
2013-06-20,25.900000
2013-06-21,23.680000
2013-06-24,24.320000
2013-06-25,23.629999
2013-06-26,22.820000
2013-06-27,23.170000
2013-06-28,22.370001
2013-07-01,22.180000
2013-07-02,22.629999
2013-07-03,25.700001
2013-07-05,26.740000
2013-07-08,25.370001
2013-07-09,25.219999
2013-07-10,26.219999
2013-07-11,24.580000
2013-07-12,24.510000
2013-07-15,23.719999
2013-07-16,24.500000
2013-07-17,23.299999
2013-07-18,23.049999
2013-07-19,24.080000
2013-07-22,24.230000
2013-07-23,23.629999
2013-07-24,23.770000
2013-07-25,23.370001
2013-07-26,22.980000
2013-07-29,22.790001
2013-07-30,23.480000
2013-07-31,22.950001
2013-08-01,22.280001
2013-08-02,22.260000
2013-08-05,22.870001
2013-08-06,22.639999
2013-08-07,22.559999
2013-08-08,22.250000
2013-08-09,22.639999
2013-08-12,22.680000
2013-08-13,22.629999
2013-08-14,23.150000
2013-08-15,24.150000
2013-08-16,23.990000
2013-08-19,23.480000
2013-08-20,24.180000
2013-08-21,24.330000
2013-08-22,23.260000
2013-08-23,22.700001
2013-08-26,23.430000
2013-08-27,27.190001
2013-08-28,29.790001
2013-08-29,27.410000
2013-08-30,28.100000
2013-09-03,29.410000
2013-09-04,28.730000
2013-09-05,27.440001
2013-09-06,28.100000
2013-09-09,27.930000
2013-09-10,27.120001
2013-09-11,24.320000
2013-09-12,23.570000
2013-09-13,23.180000
2013-09-16,23.030001
2013-09-17,23.170000
2013-09-18,22.809999
2013-09-19,21.510000
2013-09-20,21.379999
2013-09-23,22.270000
2013-09-24,22.500000
2013-09-25,22.320000
2013-09-26,21.770000
2013-09-27,21.840000
2013-09-30,22.980000
2013-10-01,22.570000
2013-10-02,21.520000
2013-10-03,21.620001
2013-10-04,21.490000
2013-10-07,22.010000
2013-10-08,21.950001
2013-10-09,23.240000
2013-10-10,21.389999
2013-10-11,21.549999
2013-10-14,22.520000
2013-10-15,23.520000
2013-10-16,21.730000
2013-10-17,21.219999
2013-10-18,20.120001
2013-10-21,20.910000
2013-10-22,21.620001
2013-10-23,23.280001
2013-10-24,21.879999
2013-10-25,20.280001
2013-10-28,20.570000
2013-10-29,20.639999
2013-10-30,20.950001
2013-10-31,20.590000
2013-11-01,21.290001
2013-11-04,21.740000
2013-11-05,22.180000
2013-11-06,20.980000
2013-11-07,20.790001
2013-11-08,19.700001
2013-11-11,19.690001
2013-11-12,20.320000
2013-11-13,19.629999
2013-11-14,19.920000
2013-11-15,19.389999
2013-11-18,19.709999
2013-11-19,19.830000
2013-11-20,19.870001
2013-11-21,18.690001
2013-11-22,18.100000
2013-11-25,19.230000
2013-11-26,18.639999
2013-11-27,19.620001
2013-11-29,20.000000
2013-12-02,20.280001
2013-12-03,19.490000
2013-12-04,19.059999
2013-12-05,18.590000
2013-12-06,17.950001
2013-12-09,18.100000
2013-12-10,17.950001
2013-12-11,17.980000
2013-12-12,18.190001
2013-12-13,18.420000
2013-12-16,17.490000
2013-12-17,17.700001
2013-12-18,17.260000
2013-12-19,16.700001
2013-12-20,15.860000
2013-12-23,15.420000
2013-12-24,15.260000
2013-12-26,15.200000
2013-12-27,15.740000
2013-12-30,16.530001
2013-12-31,17.760000
2014-01-02,20.240000
2014-01-03,20.600000
2014-01-06,20.700001
2014-01-07,19.670000
2014-01-08,20.170000
2014-01-09,19.510000
2014-01-10,19.469999
2014-01-13,19.750000
2014-01-14,19.809999
2014-01-15,18.700001
2014-01-16,17.910000
2014-01-17,17.120001
2014-01-21,18.260000
2014-01-22,18.170000
2014-01-23,18.790001
2014-01-24,19.459999
2014-01-27,20.889999
2014-01-28,20.830000
2014-01-29,20.809999
2014-01-30,19.760000
2014-01-31,20.350000
2014-02-03,21.650000
2014-02-04,21.469999
2014-02-05,20.650000
2014-02-06,19.650000
2014-02-07,19.030001
2014-02-10,19.180000
2014-02-11,19.049999
2014-02-12,19.230000
2014-02-13,19.000000
2014-02-14,17.950001
2014-02-18,18.430000
2014-02-19,18.350000
2014-02-20,17.590000
2014-02-21,17.900000
2014-02-24,18.160000
2014-02-25,18.469999
2014-02-26,18.480000
2014-02-27,18.809999
2014-02-28,18.709999
2014-03-03,20.900000
2014-03-04,19.879999
2014-03-05,20.290001
2014-03-06,19.959999
2014-03-07,20.010000
2014-03-10,20.330000
2014-03-11,20.670000
2014-03-12,20.900000
2014-03-13,20.830000
2014-03-14,21.700001
2014-03-17,20.340000
2014-03-18,20.250000
2014-03-19,19.879999
2014-03-20,19.690001
2014-03-21,19.459999
2014-03-24,19.520000
2014-03-25,19.190001
2014-03-26,19.170000
2014-03-27,19.280001
2014-03-28,19.150000
2014-03-31,19.260000
2014-04-01,19.610001
2014-04-02,19.790001
2014-04-03,18.450001
2014-04-04,18.280001
2014-04-07,18.639999
2014-04-08,18.889999
2014-04-09,18.549999
2014-04-10,18.719999
2014-04-11,18.389999
2014-04-14,18.709999
2014-04-15,18.709999
2014-04-16,18.900000
2014-04-17,18.930000
2014-04-21,18.280001
2014-04-22,18.809999
2014-04-23,18.459999
2014-04-24,18.360001
2014-04-25,18.879999
2014-04-28,19.139999
2014-04-29,19.190001
2014-04-30,19.370001
2014-05-01,18.440001
2014-05-02,17.799999
2014-05-05,18.549999
2014-05-06,17.959999
2014-05-07,17.709999
2014-05-08,17.490000
2014-05-09,17.000000
2014-05-12,16.650000
2014-05-13,16.860001
2014-05-14,16.719999
2014-05-15,15.940000
2014-05-16,15.420000
2014-05-19,15.900000
2014-05-20,16.200001
2014-05-21,16.379999
2014-05-22,16.049999
2014-05-23,15.890000
2014-05-27,16.100000
2014-05-28,16.020000
2014-05-29,15.550000
2014-05-30,15.610000
2014-06-02,15.520000
2014-06-03,15.530000
2014-06-04,15.410000
2014-06-05,15.140000
2014-06-06,14.500000
2014-06-09,14.670000
2014-06-10,14.740000
2014-06-11,14.670000
2014-06-12,19.170000
2014-06-13,19.469999
2014-06-16,19.520000
2014-06-17,17.400000
2014-06-18,17.280001
2014-06-19,18.049999
2014-06-20,18.840000
2014-06-23,18.049999
2014-06-24,17.930000
2014-06-25,17.700001
2014-06-26,16.969999
2014-06-27,16.440001
2014-06-30,16.520000
2014-07-01,16.240000
2014-07-02,15.870000
2014-07-03,15.590000
2014-07-07,16.360001
2014-07-08,16.309999
2014-07-09,16.360001
2014-07-10,16.459999
2014-07-11,17.260000
2014-07-14,18.100000
2014-07-15,17.959999
2014-07-16,16.879999
2014-07-17,17.870001
2014-07-18,17.389999
2014-07-21,16.969999
2014-07-22,17.100000
2014-07-23,16.730000
2014-07-24,15.950000
2014-07-25,16.670000
2014-07-28,16.370001
2014-07-29,16.790001
2014-07-30,17.110001
2014-07-31,18.780001
2014-08-01,19.389999
2014-08-04,18.920000
2014-08-05,19.100000
2014-08-06,18.809999
2014-08-07,18.850000
2014-08-08,18.879999
2014-08-11,17.540001
2014-08-12,17.549999
2014-08-13,17.190001
2014-08-14,17.860001
2014-08-15,18.590000
2014-08-18,19.520000
2014-08-19,19.379999
2014-08-20,17.959999
2014-08-21,17.250000
2014-08-22,16.510000
2014-08-25,16.920000
2014-08-26,16.680000
2014-08-27,16.469999
2014-08-28,16.520000
2014-08-29,16.680000
2014-09-02,18.340000
2014-09-03,18.490000
2014-09-04,18.950001
2014-09-05,18.520000
2014-09-08,20.430000
2014-09-09,19.680000
2014-09-10,20.490000
2014-09-11,20.629999
2014-09-12,19.530001
2014-09-15,20.170000
2014-09-16,18.930000
2014-09-17,19.180000
2014-09-18,18.980000
2014-09-19,18.559999
2014-09-22,19.980000
2014-09-23,20.730000
2014-09-24,19.799999
2014-09-25,20.070000
2014-09-26,19.420000
2014-09-29,19.860001
2014-09-30,21.520000
2014-10-01,22.379999
2014-10-02,23.360001
2014-10-03,24.219999
2014-10-06,24.620001
2014-10-07,25.090000
2014-10-08,25.280001
2014-10-09,27.719999
2014-10-10,30.030001
2014-10-13,31.320000
2014-10-14,37.230000
2014-10-15,36.360001
2014-10-16,34.090000
2014-10-17,31.160000
2014-10-20,29.360001
2014-10-21,27.139999
2014-10-22,30.680000
2014-10-23,31.780001
2014-10-24,31.270000
2014-10-27,32.439999
2014-10-28,30.110001
2014-10-29,28.930000
2014-10-30,30.450001
2014-10-31,30.520000
2014-11-03,31.840000
2014-11-04,33.130001
2014-11-05,31.389999
2014-11-06,30.340000
2014-11-07,29.469999
2014-11-10,30.719999
2014-11-11,30.790001
2014-11-12,30.709999
2014-11-13,33.119999
2014-11-14,32.990002
2014-11-17,34.389999
2014-11-18,33.169998
2014-11-19,33.139999
2014-11-20,33.639999
2014-11-21,34.919998
2014-11-24,36.279999
2014-11-25,37.490002
2014-11-26,36.020000
2014-11-28,36.439999
2014-12-01,37.490002
2014-12-02,38.570000
2014-12-03,36.160000
2014-12-04,35.389999
2014-12-05,34.200001
2014-12-08,39.680000
2014-12-09,38.529999
2014-12-10,42.209999
2014-12-11,44.950001
2014-12-12,49.770000
2014-12-15,57.549999
2014-12-16,55.770000
2014-12-17,56.750000
2014-12-18,57.450001
2014-12-19,54.840000
2014-12-22,54.820000
2014-12-23,53.970001
2014-12-24,54.880001
2014-12-26,54.680000
2014-12-29,53.630001
2014-12-30,51.169998
2014-12-31,50.240002
2015-01-02,54.250000
2015-01-05,57.669998
2015-01-06,56.450001
2015-01-07,53.250000
2015-01-08,50.959999
2015-01-09,50.070000
2015-01-12,53.130001
2015-01-13,53.779999
2015-01-14,53.169998
2015-01-15,57.770000
2015-01-16,56.439999
2015-01-20,57.990002
2015-01-21,55.090000
2015-01-22,56.400002
2015-01-23,57.619999
2015-01-26,56.650002
2015-01-27,54.230000
2015-01-28,55.180000
2015-01-29,54.689999
2015-01-30,58.619999
2015-02-02,57.840000
2015-02-03,59.680000
2015-02-04,62.730000
2015-02-05,63.139999
2015-02-06,60.830002
2015-02-09,56.000000
2015-02-10,59.290001
2015-02-11,60.230000
2015-02-12,58.689999
2015-02-13,55.529999
2015-02-17,56.330002
2015-02-18,55.970001
2015-02-19,55.750000
2015-02-20,54.000000
2015-02-23,58.669998
2015-02-24,56.270000
2015-02-25,54.930000
2015-02-26,56.459999
2015-02-27,55.849998
2015-03-02,54.919998
2015-03-03,53.049999
2015-03-04,48.919998
2015-03-05,47.090000
2015-03-06,48.959999
2015-03-09,48.990002
2015-03-10,50.919998
2015-03-11,49.169998
2015-03-12,49.590000
2015-03-13,54.560001
2015-03-16,56.930000
2015-03-17,59.849998
2015-03-18,53.650002
2015-03-19,53.820000
2015-03-20,50.840000
2015-03-23,49.320000
2015-03-24,47.939999
2015-03-25,47.029999
2015-03-26,49.580002
2015-03-27,52.840000
2015-03-30,51.980000
2015-03-31,53.720001
2015-04-01,50.900002
2015-04-02,49.840000
2015-04-06,48.330002
2015-04-07,46.250000
2015-04-08,48.099998
2015-04-09,46.650002
2015-04-10,43.040001
2015-04-13,44.200001
2015-04-14,44.650002
2015-04-15,46.139999
2015-04-16,43.480000
2015-04-17,42.000000
2015-04-20,42.060001
2015-04-21,41.040001
2015-04-22,39.009998
2015-04-23,37.980000
2015-04-24,36.610001
2015-04-27,37.459999
2015-04-28,37.310001
2015-04-29,36.680000
2015-04-30,36.279999
2015-05-01,35.619999
2015-05-04,36.200001
2015-05-05,36.240002
2015-05-06,36.880001
2015-05-07,38.130001
2015-05-08,35.090000
2015-05-11,34.860001
2015-05-12,33.740002
2015-05-13,34.330002
2015-05-14,32.630001
2015-05-15,29.950001
2015-05-18,30.629999
2015-05-19,34.820000
2015-05-20,33.700001
2015-05-21,31.610001
2015-05-22,31.290001
2015-05-26,34.660000
2015-05-27,35.290001
2015-05-28,34.200001
2015-05-29,33.740002
2015-06-01,35.299999
2015-06-02,35.740002
2015-06-03,37.400002
2015-06-04,38.419998
2015-06-05,33.540001
2015-06-08,34.040001
2015-06-09,33.009998
2015-06-10,31.790001
2015-06-11,31.760000
2015-06-12,31.510000
2015-06-15,32.549999
2015-06-16,32.389999
2015-06-17,32.830002
2015-06-18,31.590000
2015-06-19,30.400000
2015-06-22,30.059999
2015-06-23,29.690001
2015-06-24,29.600000
2015-06-25,29.260000
2015-06-26,29.010000
2015-06-29,33.639999
2015-06-30,32.430000
2015-07-01,34.110001
2015-07-02,33.799999
2015-07-06,40.009998
2015-07-07,40.540001
2015-07-08,42.200001
2015-07-09,42.040001
2015-07-10,41.220001
2015-07-13,38.080002
2015-07-14,36.310001
2015-07-15,37.250000
2015-07-16,35.919998
2015-07-17,34.680000
2015-07-20,36.389999
2015-07-21,34.970001
2015-07-22,37.660000
2015-07-23,38.459999
2015-07-24,39.000000
2015-07-27,41.150002
2015-07-28,39.939999
2015-07-29,38.590000
2015-07-30,37.330002
2015-07-31,38.820000
2015-08-03,40.910000
2015-08-04,40.119999
2015-08-05,40.180000
2015-08-06,41.540001
2015-08-07,41.169998
2015-08-10,40.990002
2015-08-11,42.160000
2015-08-12,42.400002
2015-08-13,43.230000
2015-08-14,40.919998
2015-08-17,40.349998
2015-08-18,39.480000
2015-08-19,41.290001
2015-08-20,42.580002
2015-08-21,44.660000
2015-08-24,50.110001
2015-08-25,49.000000
2015-08-26,46.869999
2015-08-27,49.029999
2015-08-28,51.560001
2015-08-31,54.369999
2015-09-01,57.509998
2015-09-02,53.750000
2015-09-03,50.439999
2015-09-04,49.290001
2015-09-08,50.139999
2015-09-09,49.500000
2015-09-10,50.049999
2015-09-11,49.630001
2015-09-14,49.810001
2015-09-15,51.139999
2015-09-16,50.240002
2015-09-17,45.340000
2015-09-18,45.840000
2015-09-21,47.509998
2015-09-22,48.900002
2015-09-23,51.119999
2015-09-24,49.439999
2015-09-25,47.709999
2015-09-28,49.459999
2015-09-29,49.320000
2015-09-30,45.520000
2015-10-01,44.610001
2015-10-02,42.860001
2015-10-05,43.029999
2015-10-06,44.139999
2015-10-07,43.259998
2015-10-08,43.279999
2015-10-09,42.799999
2015-10-12,44.900002
2015-10-13,45.369999
2015-10-14,42.700001
2015-10-15,41.990002
2015-10-16,39.580002
2015-10-19,40.740002
2015-10-20,41.720001
2015-10-21,41.770000
2015-10-22,40.220001
2015-10-23,41.509998
2015-10-26,42.990002
2015-10-27,44.770000
2015-10-28,44.290001
2015-10-29,43.630001
2015-10-30,41.950001
2015-11-02,41.880001
2015-11-03,41.270000
2015-11-04,41.540001
2015-11-05,39.290001
2015-11-06,39.849998
2015-11-09,41.340000
2015-11-10,39.340000
2015-11-11,41.919998
2015-11-12,43.930000
2015-11-13,46.259998
2015-11-16,47.439999
2015-11-17,46.630001
2015-11-18,43.529999
2015-11-19,43.750000
2015-11-20,44.930000
2015-11-23,45.840000
2015-11-24,47.169998
2015-11-25,48.459999
2015-11-27,48.279999
2015-11-30,48.139999
2015-12-01,49.279999
2015-12-02,51.959999
2015-12-03,50.650002
2015-12-04,45.439999
2015-12-07,49.000000
2015-12-08,50.340000
2015-12-09,51.529999
2015-12-10,51.230000
2015-12-11,54.290001
2015-12-14,55.360001
2015-12-15,50.029999
2015-12-16,47.639999
2015-12-17,47.450001
2015-12-18,49.430000
2015-12-21,49.180000
2015-12-22,48.840000
2015-12-23,47.389999
2015-12-24,44.810001
2015-12-28,47.000000
2015-12-29,45.270000
2015-12-30,46.009998
2015-12-31,46.570000
2016-01-04,49.790001
2016-01-05,49.680000
2016-01-06,52.360001
2016-01-07,56.150002
2016-01-08,56.099998
2016-01-11,62.980000
2016-01-12,65.269997
2016-01-13,60.669998
2016-01-14,57.560001
2016-01-15,62.090000
2016-01-19,64.040001
2016-01-20,67.930000
2016-01-21,65.790001
2016-01-22,61.860001
2016-01-25,65.739998
2016-01-26,65.889999
2016-01-27,65.620003
2016-01-28,65.989998
2016-01-29,61.860001
2016-02-01,66.629997
2016-02-02,68.589996
2016-02-03,67.709999
2016-02-04,66.779999
2016-02-05,66.669998
2016-02-08,68.379997
2016-02-09,72.290001
2016-02-10,72.500000
2016-02-11,77.790001
2016-02-12,78.970001
2016-02-16,71.529999
2016-02-17,69.470001
2016-02-18,67.489998
2016-02-19,62.459999
2016-02-22,62.840000
2016-02-23,65.029999
2016-02-24,66.089996
2016-02-25,63.740002
2016-02-26,59.959999
2016-02-29,60.009998
2016-03-01,56.840000
2016-03-02,53.369999
2016-03-03,52.570000
2016-03-04,51.889999
2016-03-07,52.799999
2016-03-08,54.040001
2016-03-09,51.740002
2016-03-10,51.980000
2016-03-11,50.250000
2016-03-14,50.169998
2016-03-15,48.980000
2016-03-16,43.980000
2016-03-17,46.220001
2016-03-18,44.980000
2016-03-21,45.090000
2016-03-22,44.119999
2016-03-23,44.580002
2016-03-24,44.959999
2016-03-28,45.980000
2016-03-29,46.630001
2016-03-30,46.380001
2016-03-31,45.910000
2016-04-01,47.759998
2016-04-04,50.889999
2016-04-05,50.160000
2016-04-06,46.160000
2016-04-07,46.500000
2016-04-08,47.419998
2016-04-11,49.040001
2016-04-12,48.779999
2016-04-13,48.790001
2016-04-14,46.369999
2016-04-15,51.270000
2016-04-18,46.450001
2016-04-19,43.930000
2016-04-20,43.669998
2016-04-21,43.759998
2016-04-22,41.970001
2016-04-25,44.240002
2016-04-26,43.509998
2016-04-27,43.639999
2016-04-28,42.840000
2016-04-29,42.520000
2016-05-02,45.150002
2016-05-03,45.779999
2016-05-04,44.759998
2016-05-05,44.820000
2016-05-06,42.470001
2016-05-09,44.139999
2016-05-10,42.279999
2016-05-11,42.020000
2016-05-12,41.500000
2016-05-13,41.570000
2016-05-16,42.029999
2016-05-17,42.750000
2016-05-18,42.869999
2016-05-19,42.400002
2016-05-20,40.169998
2016-05-23,39.439999
2016-05-24,38.020000
2016-05-25,35.939999
2016-05-26,36.560001
2016-05-27,35.970001
2016-05-31,38.080002
2016-06-01,40.000000
2016-06-02,36.639999
2016-06-03,34.810001
2016-06-06,35.610001
2016-06-07,36.189999
2016-06-08,35.169998
2016-06-09,35.900002
2016-06-10,39.950001
2016-06-13,42.720001
2016-06-14,43.070000
2016-06-15,42.580002
2016-06-16,44.490002
2016-06-17,41.349998
2016-06-20,38.990002
2016-06-21,40.369999
2016-06-22,43.250000
2016-06-23,40.099998
2016-06-24,43.330002
2016-06-27,42.849998
2016-06-28,40.180000
2016-06-29,38.290001
2016-06-30,38.090000
2016-07-01,36.180000
2016-07-05,40.080002
2016-07-06,41.430000
2016-07-07,43.240002
2016-07-08,41.410000
2016-07-11,42.509998
2016-07-12,39.669998
2016-07-13,43.099998
2016-07-14,38.299999
2016-07-15,36.660000
2016-07-18,38.150002
2016-07-19,37.200001
2016-07-20,37.020000
2016-07-21,38.130001
2016-07-22,38.849998
2016-07-25,40.970001
2016-07-26,41.270000
2016-07-27,41.599998
2016-07-28,42.930000
2016-07-29,41.080002
2016-08-01,44.220001
2016-08-02,45.700001
2016-08-03,44.639999
2016-08-04,43.099998
2016-08-05,41.500000
2016-08-08,41.139999
2016-08-09,39.759998
2016-08-10,39.320000
2016-08-11,39.290001
2016-08-12,37.779999
2016-08-15,37.279999
2016-08-16,37.450001
2016-08-17,35.119999
2016-08-18,36.750000
2016-08-19,34.880001
2016-08-22,36.410000
2016-08-23,37.529999
2016-08-24,37.459999
2016-08-25,36.759998
2016-08-26,36.049999
2016-08-29,36.720001
2016-08-30,38.029999
2016-08-31,39.500000
2016-09-01,41.220001
2016-09-02,38.639999
2016-09-06,39.849998
2016-09-07,38.630001
2016-09-08,38.209999
2016-09-09,39.720001
2016-09-12,39.160000
2016-09-13,41.099998
2016-09-14,42.470001
2016-09-15,40.900002
2016-09-16,39.860001
2016-09-19,39.660000
2016-09-20,40.990002
2016-09-21,39.849998
2016-09-22,41.570000
2016-09-23,43.889999
2016-09-26,44.900002
2016-09-27,43.880001
2016-09-28,45.240002
2016-09-29,42.049999
2016-09-30,39.310001
2016-10-03,38.040001
2016-10-04,37.660000
2016-10-05,36.650002
2016-10-06,35.919998
2016-10-07,36.599998
2016-10-10,36.570000
2016-10-11,38.080002
2016-10-12,39.049999
2016-10-13,37.220001
2016-10-14,35.549999
2016-10-17,34.880001
2016-10-18,36.369999
2016-10-19,32.720001
2016-10-20,32.480000
2016-10-21,32.509998
2016-10-24,32.790001
2016-10-25,33.930000
2016-10-26,35.389999
2016-10-27,35.860001
2016-10-28,37.759998
2016-10-31,40.959999
2016-11-01,40.080002
2016-11-02,40.860001
2016-11-03,41.490002
2016-11-04,43.689999
2016-11-07,44.200001
2016-11-08,43.560001
2016-11-09,41.250000
2016-11-10,42.439999
2016-11-11,45.310001
2016-11-14,50.169998
2016-11-15,49.430000
2016-11-16,50.090000
2016-11-17,47.369999
2016-11-18,46.560001
2016-11-21,45.709999
2016-11-22,46.689999
2016-11-23,47.540001
2016-11-25,53.459999
2016-11-28,52.560001
2016-11-29,55.090000
2016-11-30,44.250000
2016-12-01,40.450001
2016-12-02,35.509998
2016-12-05,37.000000
2016-12-06,37.110001
2016-12-07,36.049999
2016-12-08,35.029999
2016-12-09,35.209999
2016-12-12,30.299999
2016-12-13,31.350000
2016-12-14,33.970001
2016-12-15,33.580002
2016-12-16,29.180000
2016-12-19,29.230000
2016-12-20,27.430000
2016-12-21,28.389999
2016-12-22,30.290001
2016-12-23,29.900000
2016-12-27,30.000000
2016-12-28,29.910000
2016-12-29,30.010000
2016-12-30,30.830000
2017-01-03,32.880001
2017-01-04,32.360001
2017-01-05,31.559999
2017-01-06,30.469999
2017-01-09,33.730000
2017-01-10,33.610001
2017-01-11,32.950001
2017-01-12,32.369999
2017-01-13,30.730000
2017-01-17,31.250000
2017-01-18,31.240000
2017-01-19,30.879999
2017-01-20,29.190001
2017-01-23,30.790001
2017-01-24,29.590000
2017-01-25,30.410000
2017-01-26,29.590000
2017-01-27,29.780001
2017-01-30,30.940001
2017-01-31,31.330000
2017-02-01,30.650000
2017-02-02,29.389999
2017-02-03,28.110001
2017-02-06,29.370001
2017-02-07,29.610001
2017-02-08,29.090000
2017-02-09,28.250000
2017-02-10,26.430000
2017-02-13,26.990000
2017-02-14,27.490000
2017-02-15,27.750000
2017-02-16,27.370001
2017-02-17,25.290001
2017-02-21,25.790001
2017-02-22,27.090000
2017-02-23,25.790001
2017-02-24,25.719999
2017-02-27,25.010000
2017-02-28,25.459999
2017-03-01,24.670000
2017-03-02,25.940001
2017-03-03,25.590000
2017-03-06,26.959999
2017-03-07,26.459999
2017-03-08,31.740000
2017-03-09,31.980000
2017-03-10,33.450001
2017-03-13,32.389999
2017-03-14,33.189999
2017-03-15,30.080000
2017-03-16,28.629999
2017-03-17,27.450001
2017-03-20,28.110001
2017-03-21,30.570000
2017-03-22,30.049999
2017-03-23,29.790001
2017-03-24,30.990000
2017-03-27,30.780001
2017-03-28,29.920000
2017-03-29,28.540001
2017-03-30,27.820000
2017-03-31,27.590000
2017-04-03,26.889999
2017-04-04,27.969999
2017-04-05,27.730000
2017-04-06,26.790001
2017-04-07,27.459999
2017-04-10,26.709999
2017-04-11,27.270000
2017-04-12,26.920000
2017-04-13,26.020000
2017-04-17,25.799999
2017-04-18,26.879999
2017-04-19,29.809999
2017-04-20,27.959999
2017-04-21,30.059999
2017-04-24,29.879999
2017-04-25,29.389999
2017-04-26,29.320000
2017-04-27,29.879999
2017-04-28,28.549999
2017-05-01,29.420000
2017-05-02,32.230000
2017-05-03,32.799999
2017-05-04,34.669998
2017-05-05,33.830002
2017-05-08,33.849998
2017-05-09,34.209999
2017-05-10,34.020000
2017-05-11,33.720001
2017-05-12,33.720001
2017-05-15,33.099998
2017-05-16,33.439999
2017-05-17,33.900002
2017-05-18,32.799999
2017-05-19,29.760000
2017-05-22,30.590000
2017-05-23,31.770000
2017-05-24,30.940001
2017-05-25,33.029999
2017-05-26,30.040001
2017-05-30,30.299999
2017-05-31,32.290001
2017-06-01,31.190001
2017-06-02,32.470001
2017-06-05,33.709999
2017-06-06,32.119999
2017-06-07,34.230000
2017-06-08,33.840000
2017-06-09,32.590000
2017-06-12,33.950001
2017-06-13,32.340000
2017-06-14,32.020000
2017-06-15,31.900000
2017-06-16,27.930000
2017-06-19,30.340000
2017-06-20,32.490002
2017-06-21,33.320000
2017-06-22,32.650002
2017-06-23,31.920000
2017-06-26,31.770000
2017-06-27,32.279999
2017-06-28,30.799999
2017-06-29,30.459999
2017-06-30,28.700001
2017-07-03,30.260000
2017-07-05,32.610001
2017-07-06,32.820000
2017-07-07,33.169998
2017-07-10,33.230000
2017-07-11,33.610001
2017-07-12,32.480000
2017-07-13,31.760000
2017-07-14,30.280001
2017-07-17,30.610001
2017-07-18,29.959999
2017-07-19,29.549999
2017-07-20,29.250000
2017-07-21,29.250000
2017-07-24,29.240000
2017-07-25,29.180000
2017-07-26,29.440001
2017-07-27,29.809999
2017-07-28,29.860001
2017-07-31,30.840000
2017-08-01,30.540001
2017-08-02,30.430000
2017-08-03,29.650000
2017-08-04,28.530001
2017-08-07,28.730000
2017-08-08,29.440001
2017-08-09,29.059999
2017-08-10,29.270000
2017-08-11,28.410000
2017-08-14,29.160000
2017-08-15,29.309999
2017-08-16,29.180000
2017-08-17,29.309999
2017-08-18,27.530001
2017-08-21,28.770000
2017-08-22,27.969999
2017-08-23,27.799999
2017-08-24,28.370001
2017-08-25,28.879999
2017-08-28,30.389999
2017-08-29,30.490000
2017-08-30,29.780001
2017-08-31,29.100000
2017-09-01,28.969999
2017-09-05,29.580000
2017-09-06,30.070000
2017-09-07,29.730000
2017-09-08,29.490000
2017-09-11,27.730000
2017-09-12,27.590000
2017-09-13,26.620001
2017-09-14,26.090000
2017-09-15,26.650000
2017-09-18,27.530001
2017-09-19,25.760000
2017-09-20,26.990000
2017-09-21,26.299999
2017-09-22,26.389999
2017-09-25,26.930000
2017-09-26,27.799999
2017-09-27,27.290001
2017-09-28,27.180000
2017-09-29,26.830000
2017-10-02,27.719999
2017-10-03,27.950001
2017-10-04,27.040001
2017-10-05,26.450001
2017-10-06,27.590000
2017-10-09,27.320000
2017-10-10,26.540001
2017-10-11,26.430000
2017-10-12,25.850000
2017-10-13,25.730000
2017-10-16,26.320000
2017-10-17,25.870001
2017-10-18,26.410000
2017-10-19,26.299999
2017-10-20,24.510000
2017-10-23,25.080000
2017-10-24,25.600000
2017-10-25,25.440001
2017-10-26,25.219999
2017-10-27,25.180000
2017-10-30,25.330000
2017-10-31,25.309999
2017-11-01,25.650000
2017-11-02,25.650000
2017-11-03,24.820000
2017-11-06,26.850000
2017-11-07,28.750000
2017-11-08,27.990000
2017-11-09,28.370001
2017-11-10,29.400000
2017-11-13,30.219999
2017-11-14,30.080000
2017-11-15,29.840000
2017-11-16,28.420000
2017-11-17,26.959999
2017-11-20,27.180000
2017-11-21,26.639999
2017-11-22,26.830000
2017-11-24,26.879999
2017-11-27,28.360001
2017-11-28,28.129999
2017-11-29,28.020000
2017-11-30,25.950001
2017-12-01,23.730000
2017-12-04,23.680000
2017-12-05,23.129999
2017-12-06,23.129999
2017-12-07,23.129999
2017-12-08,23.850000
2017-12-11,22.959999
2017-12-12,22.840000
2017-12-13,23.490000
2017-12-14,23.000000
2017-12-15,21.250000
2017-12-18,18.430000
2017-12-19,18.879999
2017-12-20,19.459999
2017-12-21,17.860001
2017-12-22,19.260000
2017-12-26,20.990000
2017-12-27,20.639999
2017-12-28,20.709999
2017-12-29,21.320000
2018-01-02,22.730000
2018-01-03,22.750000
2018-01-04,22.120001
2018-01-05,22.299999
2018-01-08,21.900000
2018-01-09,22.959999
2018-01-10,23.520000
2018-01-11,23.520000
2018-01-12,23.520000
2018-01-16,26.410000
2018-01-17,24.700001
2018-01-18,24.379999
2018-01-19,21.200001
2018-01-22,22.030001
2018-01-23,22.340000
2018-01-24,23.930000
2018-01-25,22.350000
2018-01-26,22.290001
2018-01-29,22.730000
2018-01-30,22.900000
2018-01-31,22.230000
2018-02-01,22.240000
2018-02-02,23.799999
2018-02-05,25.910000
2018-02-06,26.590000
2018-02-07,26.790001
2018-02-08,29.500000
2018-02-09,29.850000
2018-02-12,29.420000
2018-02-13,30.389999
2018-02-14,27.730000
2018-02-15,27.570000
2018-02-16,26.969999
2018-02-20,27.580000
2018-02-21,26.930000
2018-02-22,24.980000
2018-02-23,24.370001
2018-02-26,24.360001
2018-02-27,25.290001
2018-02-28,26.920000
2018-03-01,26.980000
2018-03-02,26.150000
2018-03-05,26.299999
2018-03-06,25.549999
2018-03-07,26.940001
2018-03-08,26.160000
2018-03-09,26.230000
2018-03-12,24.020000
2018-03-13,25.500000
2018-03-14,25.209999
2018-03-15,25.070000
2018-03-16,24.530001
2018-03-19,25.280001
2018-03-20,25.299999
2018-03-21,25.950001
2018-03-22,26.469999
2018-03-23,27.559999
2018-03-26,27.709999
2018-03-27,27.379999
2018-03-28,26.670000
2018-03-29,25.070000
2018-04-02,27.530001
2018-04-03,26.889999
2018-04-04,26.170000
2018-04-05,24.379999
2018-04-06,24.990000
2018-04-09,25.639999
2018-04-10,28.049999
2018-04-11,29.420000
2018-04-12,28.730000
2018-04-13,28.520000
2018-04-16,28.840000
2018-04-17,27.879999
2018-04-18,29.420000
2018-04-19,29.360001
2018-04-20,28.990000
2018-04-23,28.969999
2018-04-24,29.150000
2018-04-25,28.160000
2018-04-26,26.860001
2018-04-27,25.590000
2018-04-30,28.280001
2018-05-01,28.070000
2018-05-02,27.320000
2018-05-03,26.690001
2018-05-04,26.170000
2018-05-07,28.860001
2018-05-08,26.760000
2018-05-09,26.709999
2018-05-10,26.610001
2018-05-11,25.740000
2018-05-14,25.930000
2018-05-15,26.610001
2018-05-16,25.730000
2018-05-17,25.110001
2018-05-18,25.230000
2018-05-21,25.790001
2018-05-22,25.889999
2018-05-23,26.040001
2018-05-24,25.370001
2018-05-25,27.760000
2018-05-29,29.040001
2018-05-30,27.900000
2018-05-31,27.610001
2018-06-01,28.650000
2018-06-04,29.490000
2018-06-05,29.299999
2018-06-06,29.139999
2018-06-07,28.049999
2018-06-08,27.590000
2018-06-11,26.860001
2018-06-12,26.580000
2018-06-13,27.080000
2018-06-14,26.690001
2018-06-15,27.639999
2018-06-18,27.580000
2018-06-19,28.010000
2018-06-20,28.059999
2018-06-21,27.780001
2018-06-22,25.520000
2018-06-25,26.100000
2018-06-26,25.670000
2018-06-27,27.690001
2018-06-28,27.350000
2018-06-29,27.180000
2018-07-02,28.650000
2018-07-03,28.580000
2018-07-05,28.770000
2018-07-06,28.129999
2018-07-09,28.120001
2018-07-10,26.900000
2018-07-11,28.559999
2018-07-12,27.809999
2018-07-13,27.540001
2018-07-16,29.010000
2018-07-17,28.000000
2018-07-18,27.240000
2018-07-19,26.840000
2018-07-20,26.010000
2018-07-23,26.150000
2018-07-24,25.650000
2018-07-25,25.340000
2018-07-26,24.879999
2018-07-27,24.969999
2018-07-30,25.830000
2018-07-31,26.520000
2018-08-01,26.450001
2018-08-02,25.730000
2018-08-03,25.610001
2018-08-06,25.420000
2018-08-07,25.219999
2018-08-08,26.410000
2018-08-09,25.400000
2018-08-10,25.450001
2018-08-13,25.309999
2018-08-14,26.180000
2018-08-15,27.260000
2018-08-16,26.330000
2018-08-17,25.709999
2018-08-20,25.260000
2018-08-21,25.080000
2018-08-22,24.719999
2018-08-23,24.350000
2018-08-24,23.309999
2018-08-27,23.680000
2018-08-28,24.500000
2018-08-29,24.320000
2018-08-30,24.889999
2018-08-31,25.020000
2018-09-04,26.700001
2018-09-05,26.620001
2018-09-06,26.160000
2018-09-07,26.070000
2018-09-10,26.129999
2018-09-11,27.139999
2018-09-12,26.940001
2018-09-13,26.700001
2018-09-14,26.400000
2018-09-17,26.490000
2018-09-18,26.799999
2018-09-19,26.350000
2018-09-20,26.070000
2018-09-21,26.150000
2018-09-24,26.969999
2018-09-25,26.830000
2018-09-26,26.530001
2018-09-27,26.450001
2018-09-28,26.730000
2018-10-01,27.950001
2018-10-02,27.680000
2018-10-03,28.040001
2018-10-04,28.900000
2018-10-05,28.840000
2018-10-08,28.860001
2018-10-09,27.900000
2018-10-10,28.809999
2018-10-11,29.290001
2018-10-12,27.730000
2018-10-15,28.590000
2018-10-16,28.590000
2018-10-17,28.129999
2018-10-18,28.530001
2018-10-19,27.420000
2018-10-22,27.760000
2018-10-23,29.379999
2018-10-24,29.799999
2018-10-25,28.500000
2018-10-26,29.090000
2018-10-29,29.459999
2018-10-30,29.900000
2018-10-31,30.120001
2018-11-01,31.540001
2018-11-02,32.209999
2018-11-05,32.680000
2018-11-06,34.150002
2018-11-07,33.049999
2018-11-08,32.230000
2018-11-09,35.099998
2018-11-12,40.139999
2018-11-13,55.709999
2018-11-14,47.070000
2018-11-15,43.869999
2018-11-16,40.560001
2018-11-19,43.450001
2018-11-20,56.560001
2018-11-21,51.790001
2018-11-23,65.169998
2018-11-26,57.869999
2018-11-27,54.639999
2018-11-28,53.990002
2018-11-29,53.959999
2018-11-30,56.040001
2018-12-03,49.610001
2018-12-04,49.840000
2018-12-06,50.130001
2018-12-07,41.830002
2018-12-10,45.060001
2018-12-11,41.459999
2018-12-12,39.900002
2018-12-13,39.250000
2018-12-14,42.380001
2018-12-17,46.590000
2018-12-18,53.349998
2018-12-19,50.860001
2018-12-20,52.889999
2018-12-21,51.759998
2018-12-24,56.730000
2018-12-26,54.070000
2018-12-27,57.160000
2018-12-28,53.110001
2018-12-31,51.869999
2019-01-02,54.720001
2019-01-03,53.570000
2019-01-04,51.520000
2019-01-07,50.419998
2019-01-08,46.080002
2019-01-09,44.360001
2019-01-10,42.990002
2019-01-11,40.990002
2019-01-14,40.810001
2019-01-15,39.750000
2019-01-16,38.770000
2019-01-17,37.029999
2019-01-18,35.630001
2019-01-22,38.259998
2019-01-23,37.689999
2019-01-24,36.750000
2019-01-25,35.209999
2019-01-28,37.610001
2019-01-29,37.130001
2019-01-30,35.590000
2019-01-31,34.970001
2019-02-01,33.400002
2019-02-04,33.700001
2019-02-05,34.570000
2019-02-06,33.020000
2019-02-07,34.340000
2019-02-08,32.560001
2019-02-11,33.340000
2019-02-12,32.689999
2019-02-13,32.259998
2019-02-14,32.099998
2019-02-15,29.459999
2019-02-19,31.000000
2019-02-20,30.760000
2019-02-21,30.160000
2019-02-22,29.850000
2019-02-25,32.689999
2019-02-26,31.570000
2019-02-27,31.010000
2019-02-28,30.270000
2019-03-01,30.309999
2019-03-04,30.200001
2019-03-05,29.790001
2019-03-06,29.690001
2019-03-07,30.430000
2019-03-08,29.770000
2019-03-11,29.180000
2019-03-12,28.559999
2019-03-13,28.129999
2019-03-14,27.219999
2019-03-15,26.270000
2019-03-18,26.480000
2019-03-19,28.440001
2019-03-20,27.209999
2019-03-21,27.139999
2019-03-22,27.780001
2019-03-25,29.320000
2019-03-26,27.920000
2019-03-27,28.110001
2019-03-28,28.520000
2019-03-29,26.750000
2019-04-01,26.230000
2019-04-02,26.280001
2019-04-03,25.570000
2019-04-04,25.219999
2019-04-05,24.000000
2019-04-08,24.330000
2019-04-09,24.660000
2019-04-10,24.680000
2019-04-11,25.700001
2019-04-12,25.700001
2019-04-15,25.510000
2019-04-16,25.570000
2019-04-17,25.190001
2019-04-18,24.450001
2019-04-22,26.070000
2019-04-23,26.559999
2019-04-24,25.280001
2019-04-25,25.570000
2019-04-26,31.240000
2019-04-29,29.040001
2019-04-30,29.309999
2019-05-01,29.410000
2019-05-02,30.490000
2019-05-03,29.879999
2019-05-06,30.910000
2019-05-07,34.070000
2019-05-08,32.230000
2019-05-09,32.480000
2019-05-10,32.799999
2019-05-13,34.599998
2019-05-14,32.130001
2019-05-15,29.260000
2019-05-16,29.420000
2019-05-17,29.440001
2019-05-20,27.629999
2019-05-21,26.930000
2019-05-22,28.190001
2019-05-23,33.790001
2019-05-24,33.189999
2019-05-28,34.360001
2019-05-29,36.430000
2019-05-30,39.619999
2019-05-31,46.910000
2019-06-03,46.779999
2019-06-04,43.459999
2019-06-05,45.189999
2019-06-06,40.660000
2019-06-07,38.750000
2019-06-10,39.119999
2019-06-11,38.689999
2019-06-12,43.060001
2019-06-13,41.560001
2019-06-14,42.889999
2019-06-17,46.150002
2019-06-18,43.430000
2019-06-19,40.790001
2019-06-20,41.660000
2019-06-21,42.130001
2019-06-24,41.000000
2019-06-25,40.259998
2019-06-26,38.450001
2019-06-27,37.840000
2019-06-28,39.459999
2019-07-01,35.919998
2019-07-02,37.770000
2019-07-03,36.720001
2019-07-05,34.700001
2019-07-08,34.000000
2019-07-09,30.299999
2019-07-10,30.760000
2019-07-11,29.860001
2019-07-12,30.389999
2019-07-15,30.830000
2019-07-16,32.060001
2019-07-17,34.939999
2019-07-18,33.070000
2019-07-19,34.840000
2019-07-22,33.630001
2019-07-23,32.250000
2019-07-24,32.860001
2019-07-25,31.950001
2019-07-26,32.290001
2019-07-29,31.629999
2019-07-30,30.070000
2019-07-31,30.770000
2019-08-01,36.430000
2019-08-02,35.560001
2019-08-05,37.040001
2019-08-06,36.430000
2019-08-07,38.099998
2019-08-08,35.980000
2019-08-09,35.139999
2019-08-12,34.430000
2019-08-13,33.189999
2019-08-14,35.830002
2019-08-15,36.200001
2019-08-16,35.020000
2019-08-19,32.990002
2019-08-20,32.340000
2019-08-21,32.389999
2019-08-22,32.389999
2019-08-23,35.200001
2019-08-26,35.419998
2019-08-27,33.730000
2019-08-28,32.720001
2019-08-29,31.820000
2019-08-30,32.160000
2019-09-03,35.730000
2019-09-04,34.560001
2019-09-05,33.500000
2019-09-06,33.209999
2019-09-09,33.279999
2019-09-10,33.549999
2019-09-11,34.939999
2019-09-12,35.580002
2019-09-13,35.480000
2019-09-16,48.580002
2019-09-17,44.889999
2019-09-18,40.439999
2019-09-19,41.150002
2019-09-20,38.990002
2019-09-23,39.060001
2019-09-24,38.740002
2019-09-25,38.369999
2019-09-26,37.520000
2019-09-27,38.900002
2019-09-30,38.750000
2019-10-01,38.880001
2019-10-02,39.619999
2019-10-03,40.400002
2019-10-04,39.310001
2019-10-07,39.419998
2019-10-08,39.490002
2019-10-09,38.000000
2019-10-10,39.520000
2019-10-11,39.650002
2019-10-14,40.209999
2019-10-15,39.470001
2019-10-16,39.470001
2019-10-17,37.709999
2019-10-18,36.430000
2019-10-21,36.660000
2019-10-22,35.520000
2019-10-23,35.660000
2019-10-24,35.950001
2019-10-25,34.639999
2019-10-28,35.639999
2019-10-29,35.700001
2019-10-30,34.360001
2019-10-31,35.840000
2019-11-01,34.369999
2019-11-04,35.630001
2019-11-05,33.770000
2019-11-06,33.220001
2019-11-07,31.450001
2019-11-08,31.450001
2019-11-11,34.220001
2019-11-12,33.740002
2019-11-13,35.150002
2019-11-14,33.939999
2019-11-15,32.419998
2019-11-18,33.680000
2019-11-19,32.939999
2019-11-20,32.200001
2019-11-21,31.590000
2019-11-22,32.380001
2019-11-25,31.900000
2019-11-26,31.250000
2019-11-27,30.820000
2019-11-29,36.730000
2019-12-02,34.970001
2019-12-03,35.049999
2019-12-04,32.209999
2019-12-05,30.410000
2019-12-06,30.020000
2019-12-09,30.020000
2019-12-10,27.940001
2019-12-11,27.809999
2019-12-12,27.440001
2019-12-13,26.760000
2019-12-16,26.510000
2019-12-17,26.330000
2019-12-18,26.770000
2019-12-19,24.799999
2019-12-20,25.540001
2019-12-23,25.110001
2019-12-24,25.459999
2019-12-26,24.080000
2019-12-27,25.160000
2019-12-30,25.860001
2019-12-31,28.299999
2020-01-02,28.750000
2020-01-03,31.920000
2020-01-06,32.320000
2020-01-07,31.799999
2020-01-08,32.599998
2020-01-09,33.220001
2020-01-10,30.379999
2020-01-13,34.250000
2020-01-14,33.619999
2020-01-15,33.380001
2020-01-16,29.790001
2020-01-17,28.600000
2020-01-21,27.660000
2020-01-22,30.700001
2020-01-23,31.950001
2020-01-24,34.549999
2020-01-27,37.720001
2020-01-28,36.419998
2020-01-29,35.730000
2020-01-30,37.490002
2020-01-31,40.349998
2020-02-03,41.810001
2020-02-04,39.439999
2020-02-05,37.880001
2020-02-06,36.439999
2020-02-07,37.509998
2020-02-10,39.009998
2020-02-11,37.520000
2020-02-12,35.580002
2020-02-13,35.840000
2020-02-14,35.930000
2020-02-18,33.470001
2020-02-19,32.270000
2020-02-20,33.160000
2020-02-21,35.869999
2020-02-24,39.529999
2020-02-25,42.500000
2020-02-26,43.400002
2020-02-27,49.419998
2020-02-28,51.250000
2020-03-02,48.330002
2020-03-03,50.799999
2020-03-04,50.590000
2020-03-05,52.580002
2020-03-06,65.019997
2020-03-09,115.919998
2020-03-10,92.930000
2020-03-11,105.250000
2020-03-12,123.449997
2020-03-13,118.480003
2020-03-16,128.500000
2020-03-17,133.320007
2020-03-18,166.789993
2020-03-19,164.059998
2020-03-20,190.080002
2020-03-23,185.679993
2020-03-24,170.860001
2020-03-25,144.029999
2020-03-26,150.059998
2020-03-27,175.880005
2020-03-30,174.220001
2020-03-31,170.550003
2020-04-01,158.979996
2020-04-02,162.649994
2020-04-03,141.679993
2020-04-06,144.190002
2020-04-07,139.130005
2020-04-08,141.460007
2020-04-09,129.880005
2020-04-13,114.440002
2020-04-14,115.480003
2020-04-15,120.379997
2020-04-16,115.099998
2020-04-17,95.910004
2020-04-20,226.130005
2020-04-21,325.149994
2020-04-22,236.800003
2020-04-23,211.000000
2020-04-24,173.529999
2020-04-27,185.470001
2020-04-28,198.770004
2020-04-29,195.589996
2020-04-30,104.980003
2020-05-01,110.180000
2020-05-04,97.419998
2020-05-05,97.269997
2020-05-06,115.389999
2020-05-07,110.620003
2020-05-08,98.699997
2020-05-11,109.720001
2020-05-12,86.860001
2020-05-13,82.830002
2020-05-14,80.050003
2020-05-15,76.389999
2020-05-18,76.139999
2020-05-19,73.220001
2020-05-20,73.620003
2020-05-21,89.059998
2020-05-22,84.980003
2020-05-26,75.470001
2020-05-27,73.889999
2020-05-28,72.980003
2020-05-29,69.230003
2020-06-01,64.379997
2020-06-02,64.709999
2020-06-03,65.730003
2020-06-04,65.129997
2020-06-05,64.199997
2020-06-08,67.239998
2020-06-09,67.760002
2020-06-10,63.060001
2020-06-11,69.959999
2020-06-12,70.220001
2020-06-15,68.110001
2020-06-16,66.629997
2020-06-17,61.450001
2020-06-18,61.349998
2020-06-19,58.730000
2020-06-22,56.759998
2020-06-23,58.830002
2020-06-24,64.959999
2020-06-25,62.689999
2020-06-26,63.689999
2020-06-29,60.040001
2020-06-30,57.660000
2020-07-01,53.430000
2020-07-02,51.290001
2020-07-06,50.730000
2020-07-07,51.389999
2020-07-08,48.849998
2020-07-09,53.770000
2020-07-10,49.709999
2020-07-13,53.410000
2020-07-14,53.040001
2020-07-15,47.049999
2020-07-16,46.119999
2020-07-17,40.220001
2020-07-20,42.590000
2020-07-21,41.099998
2020-07-22,41.299999
2020-07-23,43.830002
2020-07-24,42.349998
2020-07-27,41.369999
2020-07-28,41.090000
2020-07-29,39.580002
2020-07-30,42.060001
2020-07-31,44.430000
2020-08-03,41.560001
2020-08-04,40.279999
2020-08-05,37.119999
2020-08-06,37.590000
2020-08-07,37.430000
2020-08-10,35.740002
2020-08-11,37.500000
2020-08-12,34.740002
2020-08-13,34.869999
2020-08-14,35.099998
2020-08-17,32.430000
2020-08-18,31.700001
2020-08-19,32.849998
2020-08-20,32.830002
2020-08-21,33.680000
2020-08-24,32.250000
2020-08-25,33.029999
2020-08-26,33.790001
2020-08-27,33.740002
2020-08-28,32.060001
2020-08-31,32.590000
2020-09-01,31.740000
2020-09-02,35.490002
2020-09-03,41.279999
2020-09-04,44.020000
2020-09-08,55.900002
2020-09-09,49.419998
2020-09-10,52.160000
2020-09-11,50.130001
2020-09-14,49.410000
2020-09-15,45.189999
2020-09-16,41.130001
2020-09-17,38.730000
2020-09-18,39.070000
2020-09-21,42.889999
2020-09-22,41.279999
2020-09-23,44.639999
2020-09-24,42.880001
2020-09-25,41.410000
2020-09-28,40.639999
2020-09-29,46.130001
2020-09-30,44.000000
2020-10-01,49.349998
2020-10-02,55.509998
2020-10-05,49.439999
2020-10-06,46.599998
2020-10-07,45.500000
2020-10-08,41.150002
2020-10-09,42.380001
2020-10-12,44.040001
2020-10-13,46.070000
2020-10-14,43.529999
2020-10-15,43.830002
2020-10-16,44.060001
2020-10-19,43.349998
2020-10-20,43.849998
2020-10-21,47.580002
2020-10-22,46.610001
2020-10-23,46.320000
2020-10-26,53.049999
2020-10-27,50.220001
2020-10-28,59.610001
2020-10-29,63.380001
2020-10-30,68.839996
2020-11-02,66.730003
2020-11-03,63.630001
2020-11-04,54.529999
2020-11-05,53.689999
2020-11-06,55.750000
2020-11-09,52.200001
2020-11-10,49.639999
2020-11-11,49.240002
2020-11-12,50.900002
2020-11-13,48.240002
2020-11-16,46.889999
2020-11-17,45.080002
2020-11-18,46.060001
2020-11-19,46.340000
2020-11-20,43.939999
2020-11-23,42.790001
2020-11-24,42.840000
2020-11-25,43.560001
2020-11-27,46.209999
2020-11-30,47.369999
2020-12-01,47.810001
2020-12-02,45.680000
2020-12-03,40.950001
2020-12-04,38.340000
2020-12-07,37.680000
2020-12-08,37.700001
2020-12-09,39.520000
2020-12-10,39.700001
2020-12-11,39.509998
2020-12-14,39.959999
2020-12-15,39.340000
2020-12-16,38.680000
2020-12-17,36.860001
2020-12-18,37.150002
2020-12-21,41.560001
2020-12-22,42.060001
2020-12-23,39.889999
2020-12-24,39.410000
2020-12-28,39.669998
2020-12-29,38.639999
2020-12-30,38.009998
2020-12-31,37.830002
2021-01-04,42.119999
2021-01-05,40.389999
2021-01-06,39.310001
2021-01-07,36.060001
2021-01-08,36.650002
2021-01-11,35.310001
2021-01-12,33.849998
2021-01-13,36.790001
2021-01-14,37.950001
2021-01-15,40.389999
2021-01-19,35.369999
2021-01-20,35.669998
2021-01-21,35.049999
2021-01-22,36.250000
2021-01-25,38.020000
2021-01-26,37.130001
2021-01-27,40.209999
2021-01-28,40.450001
2021-01-29,40.200001
2021-02-01,39.160000
2021-02-02,38.619999
2021-02-03,37.110001
2021-02-04,35.369999
2021-02-05,34.939999
2021-02-08,34.480000
2021-02-09,33.540001
2021-02-10,33.770000
2021-02-11,34.330002
2021-02-12,34.250000
2021-02-16,35.130001
2021-02-17,36.900002
2021-02-18,37.900002
2021-02-19,37.759998
2021-02-22,38.570000
2021-02-23,39.750000
2021-02-24,39.580002
2021-02-25,40.580002
2021-02-26,42.490002
2021-03-01,42.560001
2021-03-02,40.959999
2021-03-03,39.830002
2021-03-04,37.270000
2021-03-05,36.610001
2021-03-08,38.889999
2021-03-09,37.970001
2021-03-10,37.560001
2021-03-11,37.860001
2021-03-12,37.509998
2021-03-15,39.380001
2021-03-16,39.099998
2021-03-17,37.400002
2021-03-18,48.439999
2021-03-19,44.380001
2021-03-22,40.279999
2021-03-23,48.619999
2021-03-24,64.910004
2021-03-25,49.880001
2021-03-26,44.930000
2021-03-29,44.160000
2021-03-30,41.459999
2021-03-31,45.650002
2021-04-01,40.150002
2021-04-05,42.000000
2021-04-06,42.410000
2021-04-07,41.270000
2021-04-08,40.700001
2021-04-09,39.189999
2021-04-12,37.040001
2021-04-13,35.200001
2021-04-14,35.700001
2021-04-15,34.200001
2021-04-16,32.790001
2021-04-19,35.070000
2021-04-20,35.680000
2021-04-21,42.439999
2021-04-22,39.389999
2021-04-23,38.700001
2021-04-26,41.230000
2021-04-27,38.439999
2021-04-28,36.419998
2021-04-29,36.369999
2021-04-30,38.389999
2021-05-03,40.150002
2021-05-04,37.150002
2021-05-05,38.330002
2021-05-06,37.740002
2021-05-07,37.630001
2021-05-10,37.990002
2021-05-11,37.930000
2021-05-12,36.939999
2021-05-13,37.939999
2021-05-14,36.459999
2021-05-17,36.419998
2021-05-18,37.009998
2021-05-19,38.820000
2021-05-20,39.430000
2021-05-21,39.340000
2021-05-24,35.540001
2021-05-25,36.230000
2021-05-26,33.889999
2021-05-27,33.630001
2021-05-28,33.540001
2021-06-01,33.430000
2021-06-02,32.770000
2021-06-03,33.889999
2021-06-04,31.760000
2021-06-07,31.700001
2021-06-08,31.950001
2021-06-09,31.790001
2021-06-10,33.029999
2021-06-11,32.549999
2021-06-14,33.130001
2021-06-15,31.559999
2021-06-16,33.830002
2021-06-17,36.840000
2021-06-18,33.950001
2021-06-21,35.009998
2021-06-22,34.279999
2021-06-23,34.680000
2021-06-24,32.049999
2021-06-25,31.299999
2021-06-28,31.860001
2021-06-29,31.990000
2021-06-30,32.740002
2021-07-01,32.470001
2021-07-02,32.869999
2021-07-06,37.590000
2021-07-07,42.009998
2021-07-08,38.799999
2021-07-09,37.020000
2021-07-12,38.730000
2021-07-13,35.400002
2021-07-14,38.200001
2021-07-15,38.040001
2021-07-16,37.150002
2021-07-19,46.360001
2021-07-20,52.259998
2021-07-21,42.910000
2021-07-22,36.439999
2021-07-23,34.049999
2021-07-26,35.590000
2021-07-27,35.139999
2021-07-28,34.619999
2021-07-29,33.360001
2021-07-30,32.849998
2021-08-02,36.230000
2021-08-03,37.549999
2021-08-04,42.270000
2021-08-05,39.090000
2021-08-06,39.310001
2021-08-09,43.279999
2021-08-10,39.279999
2021-08-11,38.290001
2021-08-12,36.500000
2021-08-13,35.910000
2021-08-16,38.840000
2021-08-17,39.500000
2021-08-18,40.860001
2021-08-19,40.980000
2021-08-20,40.669998
2021-08-23,38.669998
2021-08-24,36.790001
2021-08-25,35.599998
2021-08-26,36.330002
2021-08-27,34.930000
2021-08-30,35.270000
2021-08-31,34.279999
2021-09-01,36.130001
2021-09-02,31.350000
2021-09-03,36.910000
2021-09-07,32.910000
2021-09-08,31.910000
2021-09-09,33.869999
2021-09-10,33.540001
2021-09-13,32.740002
2021-09-14,33.630001
2021-09-15,32.380001
2021-09-16,33.160000
2021-09-17,32.320000
2021-09-20,35.230000
2021-09-21,34.450001
2021-09-22,32.430000
2021-09-23,32.299999
2021-09-24,34.009998
2021-09-27,34.980000
2021-09-28,36.099998
2021-09-29,35.259998
2021-09-30,38.680000
2021-10-01,37.470001
2021-10-04,37.270000
2021-10-05,37.200001
2021-10-06,41.020000
2021-10-07,46.150002
2021-10-08,38.000000
2021-10-11,38.509998
2021-10-12,37.099998
2021-10-13,36.049999
2021-10-14,36.980000
2021-10-15,34.049999
2021-10-18,35.020000
2021-10-19,35.139999
2021-10-20,35.160000
2021-10-21,36.549999
2021-10-22,36.869999
2021-10-25,36.070000
2021-10-26,35.500000
2021-10-27,37.630001
2021-10-28,37.230000
2021-10-29,37.919998
2021-11-01,36.740002
2021-11-02,35.560001
2021-11-03,39.439999
2021-11-04,38.560001
2021-11-05,37.840000
2021-11-08,37.709999
2021-11-09,36.330002
2021-11-10,37.090000
2021-11-11,36.200001
2021-11-12,36.099998
2021-11-15,36.419998
2021-11-16,34.689999
2021-11-17,33.750000
2021-11-18,37.680000
2021-11-19,37.130001
2021-11-22,36.610001
2021-11-23,35.099998
2021-11-24,34.790001
2021-11-26,65.720001
2021-11-29,63.340000
2021-11-30,75.230003
2021-12-01,78.180000
2021-12-02,57.270000
2021-12-03,64.550003
2021-12-06,56.209999
2021-12-07,48.150002
2021-12-08,45.220001
2021-12-09,47.430000
2021-12-10,46.230000
2021-12-13,45.880001
2021-12-14,54.759998
2021-12-15,56.529999
2021-12-16,49.970001
2021-12-17,48.310001
2021-12-20,60.240002
2021-12-21,52.310001
2021-12-22,46.000000
2021-12-23,43.709999
2021-12-27,43.580002
2021-12-28,41.230000
2021-12-29,40.240002
2021-12-30,40.200001
2021-12-31,42.619999
2022-01-03,37.570000
2022-01-04,39.480000
2022-01-05,44.490002
2022-01-06,36.860001
2022-01-07,37.000000
2022-01-10,37.650002
2022-01-11,34.310001
2022-01-12,34.389999
2022-01-13,37.110001
2022-01-14,41.180000
2022-01-18,42.279999
2022-01-19,42.750000
2022-01-20,41.150002
2022-01-21,42.570000
2022-01-24,47.840000
2022-01-25,47.630001
2022-01-26,45.669998
2022-01-27,46.900002
2022-01-28,47.740002
2022-01-31,42.349998
2022-02-01,41.310001
2022-02-02,41.860001
2022-02-03,42.150002
2022-02-04,43.880001
2022-02-07,43.340000
2022-02-08,41.259998
2022-02-09,39.400002
2022-02-10,43.810001
2022-02-11,47.439999
2022-02-14,48.830002
2022-02-15,48.360001
2022-02-16,49.380001
2022-02-17,53.139999
2022-02-18,52.009998
2022-02-22,50.110001
2022-02-23,50.509998
2022-02-24,49.040001
2022-02-25,49.500000
2022-02-28,52.500000
2022-03-01,61.430000
2022-03-02,61.529999
2022-03-03,64.370003
2022-03-04,77.290001
2022-03-07,78.910004
2022-03-08,75.820000
2022-03-09,73.250000
2022-03-10,67.339996
2022-03-11,68.010002
2022-03-14,65.419998
2022-03-15,63.619999
2022-03-16,59.349998
2022-03-17,67.779999
2022-03-18,69.089996
2022-03-21,70.779999
2022-03-22,69.559998
2022-03-23,72.589996
2022-03-24,69.139999
2022-03-25,68.910004
2022-03-28,67.040001
2022-03-29,62.459999
2022-03-30,61.040001
2022-03-31,57.660000
2022-04-01,54.360001
2022-04-04,54.310001
2022-04-05,53.799999
2022-04-06,53.150002
2022-04-07,54.230000
2022-04-08,53.139999
2022-04-11,54.810001
2022-04-12,55.250000
2022-04-13,51.200001
2022-04-14,53.380001
2022-04-18,50.939999
2022-04-19,50.340000
2022-04-20,52.230000
2022-04-21,49.860001
2022-04-22,51.150002
2022-04-25,52.860001
2022-04-26,53.570000
2022-04-27,53.380001
2022-04-28,51.939999
2022-04-29,53.099998
2022-05-02,54.150002
2022-05-03,54.040001
2022-05-04,53.150002
2022-05-05,54.720001
2022-05-06,54.820000
2022-05-09,57.900002
2022-05-10,56.060001
2022-05-11,53.430000
2022-05-12,52.709999
2022-05-13,51.220001
2022-05-16,51.889999
2022-05-17,50.340000
2022-05-18,51.889999
2022-05-19,51.160000
2022-05-20,50.720001
2022-05-23,48.630001
2022-05-24,47.040001
2022-05-25,46.759998
2022-05-26,46.029999
2022-05-27,47.919998
2022-05-31,49.820000
2022-06-01,49.139999
2022-06-02,47.799999
2022-06-03,46.230000
2022-06-06,47.900002
2022-06-07,45.880001
2022-06-08,44.369999
2022-06-09,43.869999
2022-06-10,42.919998
2022-06-13,47.560001
2022-06-14,46.630001
2022-06-15,47.040001
2022-06-16,46.270000
2022-06-17,49.189999
2022-06-21,46.560001
2022-06-22,48.990002
2022-06-23,48.580002
2022-06-24,46.990002
2022-06-27,46.990002
2022-06-28,46.590000
2022-06-29,48.570000
2022-06-30,48.900002
2022-07-01,49.400002
2022-07-05,52.610001
2022-07-06,54.669998
2022-07-07,52.869999
2022-07-08,52.099998
2022-07-11,53.099998
2022-07-12,54.400002
2022-07-13,51.759998
2022-07-14,53.029999
2022-07-15,51.770000
2022-07-18,49.660000
2022-07-19,48.770000
2022-07-20,47.540001
2022-07-21,51.099998
2022-07-22,47.840000
2022-07-25,47.959999
2022-07-26,47.810001
2022-07-27,48.990002
2022-07-28,47.169998
2022-07-29,46.189999
2022-08-01,49.970001
2022-08-02,52.770000
2022-08-03,50.119999
2022-08-04,55.139999
2022-08-05,48.759998
2022-08-08,46.400002
2022-08-09,46.230000
2022-08-10,46.560001
2022-08-11,45.369999
2022-08-12,44.000000
2022-08-15,46.630001
2022-08-16,50.250000
2022-08-17,51.549999
2022-08-18,47.410000
2022-08-19,50.340000
2022-08-22,50.639999
2022-08-23,47.349998
2022-08-24,48.330002
2022-08-25,48.779999
2022-08-26,47.080002
2022-08-29,47.730000
2022-08-30,49.740002
2022-08-31,52.110001
2022-09-01,53.900002
2022-09-02,53.900002
2022-09-06,50.000000
2022-09-07,53.320000
2022-09-08,51.290001
2022-09-09,48.840000
2022-09-12,44.150002
2022-09-13,44.810001
2022-09-14,45.619999
2022-09-15,46.630001
2022-09-16,47.439999
2022-09-19,46.750000
2022-09-20,48.230000
2022-09-21,48.650002
2022-09-22,47.099998
2022-09-23,50.820000
2022-09-26,56.680000
2022-09-27,55.889999
2022-09-28,55.020000
2022-09-29,54.410000
2022-09-30,55.689999
2022-10-03,56.240002
2022-10-04,59.509998
2022-10-05,54.200001
2022-10-06,53.389999
2022-10-07,53.639999
2022-10-10,51.419998
2022-10-11,51.919998
2022-10-12,51.520000
2022-10-13,50.520000
2022-10-14,50.299999
2022-10-17,50.270000
2022-10-18,49.119999
2022-10-19,47.779999
2022-10-20,47.980000
2022-10-21,47.189999
2022-10-24,47.779999
2022-10-25,47.299999
2022-10-26,48.580002
2022-10-27,49.020000
2022-10-28,47.810001
2022-10-31,47.410000
2022-11-01,47.040001
2022-11-02,47.750000
2022-11-03,46.470001
2022-11-04,47.500000
2022-11-07,45.110001
2022-11-08,45.040001
2022-11-09,45.380001
2022-11-10,43.480000
2022-11-11,42.060001
2022-11-14,44.419998
2022-11-15,46.720001
2022-11-16,45.119999
2022-11-17,45.340000
2022-11-18,45.930000
2022-11-21,47.110001
2022-11-22,46.299999
2022-11-23,51.560001
2022-11-25,50.160000
2022-11-28,50.529999
2022-11-29,47.910000
2022-11-30,46.150002
2022-12-01,45.610001
2022-12-02,45.759998
2022-12-05,45.410000
2022-12-06,46.360001
2022-12-07,47.910000
2022-12-08,47.169998
2022-12-09,46.930000
2022-12-12,44.990002
2022-12-13,43.369999
2022-12-14,41.820000
2022-12-15,43.700001
2022-12-16,42.290001
2022-12-19,42.470001
2022-12-20,41.790001
2022-12-21,41.180000
2022-12-22,41.799999
2022-12-23,41.209999
2022-12-27,43.500000
2022-12-28,43.950001
2022-12-29,42.599998
2022-12-30,41.259998
2023-01-03,44.139999
2023-01-04,45.830002
2023-01-05,43.930000
2023-01-06,42.939999
2023-01-09,42.750000
2023-01-10,41.599998
2023-01-11,41.189999
2023-01-12,39.279999
2023-01-13,38.189999
2023-01-17,40.099998
2023-01-18,39.250000
2023-01-19,39.020000
2023-01-20,37.810001
2023-01-23,37.299999
2023-01-24,38.259998
2023-01-25,38.540001
2023-01-26,38.119999
2023-01-27,38.599998
2023-01-30,40.180000
2023-01-31,38.549999
2023-02-01,37.990002
2023-02-02,38.490002
2023-02-03,39.480000
2023-02-06,38.919998
2023-02-07,37.310001
2023-02-08,37.020000
2023-02-09,35.750000
2023-02-10,35.889999
2023-02-13,37.770000
2023-02-14,36.669998
2023-02-15,35.700001
2023-02-16,35.029999
2023-02-17,36.040001
2023-02-21,37.049999
2023-02-22,38.360001
2023-02-23,36.689999
2023-02-24,37.250000
2023-02-27,37.549999
2023-02-28,35.419998
2023-03-01,36.630001
2023-03-02,35.610001
2023-03-03,35.200001
2023-03-06,33.029999
2023-03-07,33.759998
2023-03-08,33.389999
2023-03-09,34.860001
2023-03-10,36.759998
2023-03-13,38.130001
2023-03-14,47.410000
2023-03-15,49.779999
2023-03-16,48.650002
2023-03-17,51.480000
2023-03-20,51.139999
2023-03-21,48.119999
2023-03-22,46.970001
2023-03-23,46.900002
2023-03-24,48.360001
2023-03-27,45.410000
2023-03-28,44.310001
2023-03-29,43.330002
2023-03-30,42.020000
2023-03-31,40.340000
2023-04-03,39.490002
2023-04-04,39.419998
2023-04-05,39.139999
2023-04-06,34.759998
2023-04-10,34.310001
2023-04-11,34.230000
2023-04-12,33.740002
2023-04-13,32.779999
2023-04-14,32.509998
2023-04-17,32.930000
2023-04-18,33.689999
2023-04-19,34.439999
2023-04-20,36.410000
2023-04-21,35.169998
2023-04-24,34.279999
2023-04-25,36.639999
2023-04-26,39.250000
2023-04-27,37.759998
2023-04-28,35.630001
2023-05-01,35.939999
2023-05-02,39.480000
2023-05-03,43.230000
2023-05-04,43.750000
2023-05-05,37.349998
2023-05-08,35.540001
2023-05-09,35.130001
2023-05-10,34.130001
2023-05-11,35.740002
2023-05-12,37.320000
2023-05-15,35.160000
2023-05-16,35.980000
2023-05-17,36.439999
2023-05-18,36.020000
2023-05-19,35.849998
2023-05-22,35.520000
2023-05-23,35.110001
2023-05-24,35.860001
2023-05-25,36.740002
2023-05-26,35.950001
2023-05-30,39.680000
2023-05-31,40.680000
2023-06-01,40.500000
2023-06-02,39.599998
2023-06-05,37.450001
2023-06-06,36.070000
2023-06-07,34.130001
2023-06-08,35.180000
2023-06-09,33.700001
2023-06-12,36.349998
2023-06-13,32.380001
2023-06-14,33.660000
2023-06-15,33.070000
2023-06-16,32.990002
2023-06-20,34.750000
2023-06-21,33.259998
2023-06-22,34.930000
2023-06-23,35.360001
2023-06-26,36.669998
2023-06-27,39.299999
2023-06-28,36.860001
2023-06-29,35.419998
2023-06-30,33.279999
2023-07-03,33.880001
2023-07-05,33.910000
2023-07-06,35.130001
2023-07-07,34.549999
2023-07-10,38.349998
2023-07-11,32.430000
2023-07-12,32.689999
2023-07-13,30.040001
2023-07-14,30.000000
2023-07-17,31.340000
2023-07-18,30.660000
2023-07-19,31.059999
2023-07-20,30.150000
2023-07-21,29.650000
2023-07-24,30.110001
2023-07-25,30.629999
2023-07-26,29.969999
2023-07-27,29.120001
2023-07-28,29.410000
2023-07-31,28.480000
2023-08-01,28.350000
2023-08-02,28.740000
2023-08-03,28.540001
2023-08-04,28.059999
2023-08-07,27.730000
2023-08-08,27.139999
2023-08-09,28.559999
2023-08-10,27.270000
2023-08-11,28.040001
2023-08-14,27.549999
2023-08-15,28.299999
2023-08-16,28.540001
2023-08-17,29.299999
2023-08-18,28.430000
2023-08-21,28.900000
2023-08-22,28.559999
2023-08-23,28.469999
2023-08-24,28.879999
2023-08-25,28.809999
2023-08-28,28.660000
2023-08-29,27.629999
2023-08-30,26.629999
2023-08-31,26.559999
2023-09-01,27.480000
2023-09-05,28.650000
2023-09-06,28.330000
2023-09-07,27.590000
2023-09-08,27.160000
2023-09-11,24.370001
2023-09-12,24.230000
2023-09-13,25.059999
2023-09-14,26.559999
2023-09-15,27.160000
2023-09-18,27.910000
2023-09-19,30.320000
2023-09-20,30.379999
2023-09-21,31.350000
2023-09-22,30.610001
2023-09-25,30.959999
2023-09-26,31.299999
2023-09-27,32.480000
2023-09-28,31.620001
2023-09-29,32.240002
2023-10-02,32.000000
2023-10-03,33.250000
2023-10-04,35.349998
2023-10-05,36.590000
2023-10-06,35.680000
2023-10-09,39.849998
2023-10-10,39.540001
2023-10-11,38.939999
2023-10-12,38.520000
2023-10-13,44.240002
2023-10-16,40.700001
2023-10-17,41.369999
2023-10-18,44.400002
2023-10-19,45.700001
2023-10-20,43.790001
2023-10-23,41.740002
2023-10-24,41.080002
2023-10-25,44.910000
2023-10-26,43.930000
2023-10-27,46.639999
2023-10-30,44.009998
2023-10-31,41.990002
2023-11-01,40.520000
2023-11-02,39.790001
2023-11-03,38.529999
2023-11-06,36.310001
2023-11-07,38.720001
2023-11-08,40.439999
2023-11-09,41.230000
2023-11-10,39.290001
2023-11-13,39.400002
2023-11-14,38.290001
2023-11-15,39.509998
2023-11-16,42.529999
2023-11-17,40.430000
2023-11-20,39.000000
2023-11-21,38.520000
2023-11-22,42.759998
2023-11-24,43.380001
2023-11-27,43.900002
2023-11-28,43.139999
2023-11-29,42.900002
2023-11-30,39.400002
2023-12-01,35.700001
2023-12-04,38.080002
2023-12-05,36.360001
2023-12-06,39.720001
2023-12-07,37.820000
2023-12-08,36.240002
2023-12-11,35.299999
2023-12-12,36.380001
2023-12-13,36.599998
2023-12-14,33.980000
2023-12-15,35.130001
2023-12-18,37.090000
2023-12-19,35.040001
2023-12-20,34.980000
2023-12-21,35.439999
2023-12-22,33.320000
2023-12-26,34.529999
2023-12-27,35.410000
2023-12-28,36.450001
2023-12-29,36.220001
2024-01-02,39.049999
2024-01-03,38.220001
2024-01-04,37.580002
2024-01-05,36.070000
2024-01-08,36.790001
2024-01-09,36.090000
2024-01-10,36.349998
2024-01-11,36.779999
2024-01-12,40.639999
2024-01-16,38.340000
2024-01-17,37.060001
2024-01-18,35.980000
2024-01-19,35.790001
2024-01-22,35.709999
2024-01-23,34.990002
2024-01-24,33.990002
2024-01-25,35.099998
2024-01-26,34.779999
2024-01-29,36.320000
2024-01-30,36.189999
2024-01-31,37.250000
2024-02-01,35.380001
2024-02-02,34.849998
2024-02-05,34.430000
2024-02-06,33.009998
2024-02-07,31.209999
2024-02-08,31.639999
2024-02-09,32.439999
2024-02-12,32.689999
2024-02-13,32.369999
2024-02-14,32.759998
2024-02-15,32.020000
2024-02-16,30.840000
2024-02-20,31.809999
2024-02-21,31.049999
2024-02-22,30.549999
2024-02-23,31.309999
2024-02-26,31.709999
2024-02-27,31.350000
2024-02-28,31.209999
2024-02-29,31.500000
2024-03-01,31.080000
2024-03-04,30.469999
2024-03-05,30.190001
2024-03-06,29.570000
2024-03-07,29.570000
2024-03-08,29.639999
2024-03-11,29.110001
2024-03-12,29.360001
2024-03-13,29.520000
2024-03-14,31.510000
2024-03-15,29.770000
2024-03-18,29.809999
2024-03-19,29.219999
2024-03-20,28.820000
2024-03-21,27.530001
2024-03-22,26.920000
2024-03-25,27.490000
2024-03-26,27.250000
2024-03-27,26.600000
2024-03-28,26.270000
2024-04-01,27.650000
2024-04-02,29.040001
2024-04-03,29.080000
2024-04-04,32.169998
2024-04-05,32.360001
2024-04-08,30.570000
2024-04-09,28.959999
2024-04-10,30.080000
2024-04-11,31.270000
2024-04-12,32.189999
2024-04-15,35.590000
2024-04-16,33.610001
2024-04-17,33.000000
2024-04-18,31.400000
2024-04-19,31.860001
2024-04-22,29.700001
2024-04-23,28.860001
2024-04-24,29.040001
2024-04-25,28.340000
2024-04-26,27.809999
2024-04-29,27.840000
2024-04-30,27.870001
2024-05-01,28.700001
2024-05-02,27.650000
2024-05-03,28.090000
2024-05-06,28.580000
2024-05-07,27.830000
2024-05-08,27.910000
2024-05-09,27.950001
2024-05-10,27.879999
2024-05-13,28.040001
2024-05-14,28.010000
2024-05-15,28.070000
2024-05-16,27.080000
2024-05-17,28.059999
2024-05-20,27.889999
2024-05-21,27.379999
2024-05-22,27.709999
2024-05-23,28.660000
2024-05-24,27.559999
2024-05-28,27.530001
2024-05-29,26.770000
2024-05-30,29.240000
2024-05-31,30.340000
2024-06-03,30.840000
2024-06-04,30.590000
2024-06-05,29.180000
2024-06-06,27.709999
2024-06-07,26.420000
2024-06-10,25.690001
2024-06-11,25.540001
2024-06-12,24.799999
2024-06-13,24.450001
2024-06-14,24.709999
2024-06-17,24.170000
2024-06-18,23.730000
2024-06-20,24.230000
2024-06-21,24.740000
2024-06-24,25.420000
2024-06-25,25.750000
2024-06-26,26.240000
2024-06-27,26.280001
2024-06-28,26.540001
2024-07-01,27.290001
2024-07-02,25.820000
2024-07-03,24.620001
2024-07-05,23.780001
2024-07-08,23.809999
2024-07-09,24.190001
2024-07-10,24.010000
2024-07-11,24.010000
2024-07-12,24.120001
2024-07-15,23.830000
2024-07-16,24.410000
2024-07-17,25.280001
2024-07-18,25.680000
2024-07-19,26.830000
2024-07-22,26.830000
2024-07-23,26.740000
2024-07-24,26.850000
2024-07-25,26.490000
2024-07-26,29.770000
2024-07-29,30.820000
2024-07-30,31.490000
2024-07-31,33.689999
2024-08-01,33.419998
2024-08-02,38.830002
2024-08-05,43.630001
2024-08-06,40.419998
2024-08-07,38.009998
2024-08-08,34.770000
2024-08-09,33.369999
2024-08-12,35.169998
2024-08-13,33.259998
2024-08-14,31.510000
2024-08-15,31.139999
2024-08-16,31.000000
2024-08-19,32.029999
2024-08-20,32.049999
2024-08-21,32.700001
2024-08-22,31.730000
2024-08-23,30.540001
2024-08-26,30.990000
2024-08-27,31.250000
2024-08-28,32.119999
2024-08-29,31.809999
2024-08-30,33.360001
2024-09-03,35.360001
2024-09-04,37.950001
2024-09-05,36.610001
2024-09-06,37.580002
2024-09-09,37.000000
2024-09-10,40.230000
2024-09-11,37.759998
2024-09-12,36.070000
2024-09-13,35.220001
2024-09-16,34.709999
2024-09-17,35.290001
2024-09-18,36.189999
2024-09-19,33.720001
2024-09-20,32.220001
2024-09-23,34.389999
2024-09-24,33.759998
2024-09-25,34.400002
2024-09-26,39.759998
2024-09-27,39.619999
2024-09-30,39.860001
2024-10-01,42.869999
2024-10-02,46.520000
2024-10-03,54.500000
2024-10-04,46.369999
2024-10-07,48.320000
2024-10-08,52.349998
2024-10-09,48.799999
2024-10-10,52.360001
2024-10-11,52.680000
2024-10-14,51.619999
2024-10-15,48.639999
2024-10-16,47.840000
2024-10-17,46.880001
2024-10-18,47.220001
2024-10-21,46.820000
2024-10-22,47.689999
2024-10-23,47.779999
2024-10-24,46.660000
2024-10-25,48.970001
2024-10-28,42.959999
2024-10-29,42.470001
2024-10-30,41.130001
2024-10-31,48.790001
2024-11-01,44.139999
2024-11-04,45.750000
2024-11-05,45.610001
2024-11-06,44.740002
2024-11-07,42.549999
2024-11-08,38.759998
2024-11-11,37.740002
2024-11-12,34.320000
2024-11-13,37.119999
2024-11-14,30.900000
2024-11-15,35.070000
2024-11-18,36.889999
2024-11-19,37.279999
2024-11-20,36.740002
2024-11-21,36.910000
2024-11-22,35.740002
2024-11-25,37.439999
2024-11-26,38.740002
2024-11-27,37.000000
2024-11-29,34.950001
2024-12-02,34.709999
2024-12-03,34.549999
2024-12-04,33.820000
2024-12-05,29.450001
2024-12-06,30.980000
2024-12-09,27.700001
2024-12-10,28.610001
2024-12-11,31.990000
2024-12-12,33.639999
2024-12-13,34.919998
2024-12-16,33.410000
2024-12-17,30.709999
2024-12-18,32.599998
2024-12-19,30.500000
2024-12-20,29.270000
2024-12-23,30.160000
2024-12-24,30.350000
2024-12-26,30.010000
2024-12-27,30.209999
2024-12-30,30.770000
2024-12-31,30.020000
2025-01-02,29.540001
2025-01-03,29.980000
2025-01-06,29.309999
2025-01-07,31.090000
2025-01-08,31.559999
2025-01-10,33.910000
2025-01-13,33.980000
2025-01-14,33.509998
2025-01-15,32.930000
2025-01-16,33.130001
2025-01-17,33.520000
2025-01-21,35.099998
2025-01-22,34.680000
2025-01-23,34.180000
2025-01-24,29.980000
2025-01-27,35.980000
2025-01-28,31.950001
2025-01-29,33.020000
2025-01-30,31.049999
2025-01-31,29.959999
2025-02-03,35.299999
2025-02-04,33.619999
2025-02-05,34.250000
2025-02-06,36.250000
2025-02-07,29.660000
2025-02-10,32.090000
2025-02-11,29.760000
2025-02-12,31.790001
2025-02-13,31.469999
2025-02-14,28.459999
2025-02-18,27.469999
2025-02-19,28.360001
2025-02-20,29.299999
2025-02-21,35.790001
2025-02-24,31.299999
2025-02-25,32.770000
2025-02-26,33.360001
2025-02-27,31.719999
2025-02-28,29.969999
2025-03-03,38.520000
2025-03-04,37.520000
2025-03-05,35.040001
2025-03-06,37.139999
2025-03-07,29.750000
2025-03-10,34.820000
2025-03-11,31.830000
2025-03-12,31.090000
2025-03-13,32.799999
2025-03-14,33.520000
2025-03-17,30.900000
2025-03-18,36.119999
2025-03-19,33.869999
2025-03-20,29.719999
2025-03-21,28.430000
2025-03-24,29.670000
2025-03-25,28.270000
2025-03-26,28.840000
2025-03-27,28.490000
2025-03-28,28.700001
2025-03-31,30.879999
2025-04-01,30.570000
2025-04-02,29.980000
2025-04-03,35.450001
2025-04-04,44.720001
2025-04-07,52.810001
2025-04-08,55.259998
2025-04-09,42.900002
2025-04-10,49.000000
2025-04-11,50.880001
2025-04-14,47.759998
2025-04-15,42.310001
2025-04-16,43.560001
2025-04-17,41.270000
2025-04-21,41.209999
2025-04-22,43.150002
2025-04-23,43.560001
2025-04-24,44.369999
2025-04-25,43.529999
2025-04-28,43.549999
2025-04-29,48.410000
2025-04-30,54.459999
2025-05-01,51.959999
2025-05-02,50.590000
2025-05-05,42.580002
2025-05-06,42.139999
2025-05-07,42.660000
2025-05-08,40.599998
2025-05-09,39.820000
2025-05-12,37.500000
2025-05-13,36.709999
2025-05-14,36.720001
2025-05-15,37.400002
2025-05-16,37.880001
2025-05-19,38.000000
2025-05-20,34.619999
2025-05-21,39.119999
2025-05-22,41.439999
2025-05-23,43.130001
2025-05-27,41.939999
2025-05-28,40.419998
2025-05-29,40.259998
2025-05-30,40.709999
2025-06-02,38.700001
2025-06-03,37.750000
2025-06-04,37.700001
2025-06-05,34.889999
2025-06-06,35.720001
2025-06-09,34.419998
2025-06-10,35.049999
2025-06-11,43.240002
2025-06-12,45.369999
2025-06-13,57.230000
2025-06-16,56.599998
2025-06-17,71.559998
2025-06-18,66.860001
2025-06-20,64.669998
2025-06-23,53.650002
2025-06-24,48.799999
2025-06-25,42.750000
2025-06-26,41.860001
2025-06-27,41.230000
2025-06-30,38.889999
2025-07-01,38.000000
2025-07-02,40.240002
2025-07-03,37.750000
2025-07-07,41.230000
2025-07-08,35.709999
2025-07-09,34.169998
2025-07-10,32.799999
2025-07-11,37.060001
2025-07-14,33.529999
2025-07-15,34.380001
2025-07-16,33.160000
2025-07-17,32.840000
2025-07-18,32.169998
2025-07-21,31.379999
2025-07-22,32.259998
2025-07-23,32.389999
2025-07-24,32.369999
2025-07-25,32.880001
2025-07-28,35.369999
2025-07-29,38.040001
2025-07-30,37.750000
2025-07-31,36.779999
2025-08-01,39.369999
2025-08-04,38.790001
2025-08-05,35.299999
2025-08-06,36.669998
2025-08-07,35.009998
2025-08-08,34.060001
2025-08-11,31.400000
2025-08-12,30.309999
2025-08-13,33.820000
2025-08-14,35.959999
2025-08-15,37.220001
2025-08-18,32.150002
2025-08-19,33.040001
2025-08-20,32.509998
2025-08-21,31.540001
2025-08-22,30.350000
2025-08-25,31.240000
2025-08-26,33.730000
2025-08-27,31.940001
2025-08-28,33.980000
2025-08-29,32.630001
2025-09-02,34.279999
2025-09-03,35.220001
2025-09-04,35.029999
2025-09-05,33.330002
2025-09-08,35.029999
2025-09-09,33.439999
2025-09-10,33.349998
2025-09-11,33.959999
2025-09-12,31.770000
2025-09-15,30.980000
2025-09-16,33.169998
2025-09-17,31.049999
2025-09-18,31.879999
2025-09-19,30.530001
2025-09-22,30.879999
2025-09-23,32.580002
2025-09-24,34.080002
2025-09-25,36.849998
2025-09-26,35.849998
2025-09-29,35.540001
2025-09-30,35.580002
2025-10-01,36.389999
2025-10-02,37.619999
2025-10-03,36.500000
2025-10-06,32.439999
2025-10-07,31.820000
2025-10-08,31.530001
2025-10-09,32.480000
2025-10-10,37.730000
2025-10-13,35.919998
2025-10-14,37.900002
2025-10-15,36.619999
2025-10-16,38.259998
2025-10-17,37.240002
2025-10-20,36.770000
2025-10-21,35.869999
2025-10-22,38.090000
2025-10-23,40.459999
2025-10-24,38.700001
2025-10-27,38.959999
2025-10-28,37.180000
2025-10-29,37.139999
2025-10-30,34.740002
2025-10-31,36.200001
2025-11-03,34.310001
2025-11-04,34.270000
2025-11-05,33.689999
2025-11-06,33.759998
2025-11-07,33.330002
2025-11-10,32.119999
2025-11-11,32.020000
2025-11-12,33.000000
2025-11-13,32.630001
2025-11-14,33.119999
2025-11-17,32.380001
2025-11-18,33.330002
2025-11-19,34.119999
2025-11-20,36.380001
2025-11-21,35.970001
2025-11-24,36.299999
2025-11-25,37.570000
2025-11-26,35.700001
2025-11-28,35.950001
2025-12-01,35.820000
2025-12-02,35.889999
2025-12-03,33.720001
2025-12-04,33.299999
2025-12-05,32.060001
2025-12-08,33.029999
2025-12-09,30.820000
2025-12-10,30.780001
2025-12-11,31.879999
2025-12-12,29.930000
2025-12-15,32.849998
2025-12-16,36.230000
2025-12-17,36.740002
2025-12-18,33.599998
2025-12-19,33.619999
2025-12-22,33.029999
2025-12-23,33.020000
2025-12-24,31.709999
2025-12-26,32.220001
2025-12-29,32.160000
2025-12-30,30.760000
2025-12-31,30.170000
2026-01-02,28.400000
2026-01-05,29.410000
2026-01-06,30.059999
2026-01-07,32.980000
2026-01-08,35.799999
2026-01-09,36.799999
2026-01-12,38.849998
2026-01-13,40.430000
2026-01-14,44.189999
2026-01-15,42.060001
2026-01-16,43.189999
2026-01-20,42.779999
2026-01-21,45.450001
2026-01-22,44.700001
2026-01-23,47.639999
2026-01-26,47.779999
2026-01-27,49.610001
2026-01-28,50.389999
2026-01-29,55.369999
2026-01-30,55.910000
2026-02-02,48.700001
2026-02-03,52.340000
2026-02-04,55.130001
2026-02-05,54.970001
2026-02-06,53.180000
2026-02-09,50.790001
2026-02-10,48.020000
2026-02-11,44.330002
2026-02-12,42.000000
2026-02-13,42.180000
2026-02-17,42.540001
2026-02-18,51.490002
2026-02-19,56.730000
2026-02-20,56.119999
2026-02-23,59.049999
2026-02-24,58.820000
2026-02-25,58.970001
2026-02-26,59.799999
2026-02-27,64.680000
2026-03-02,68.900002
2026-03-03,73.989998
2026-03-04,75.199997
2026-03-05,83.830002
2026-03-06,103.599998
2026-03-09,100.529999
2026-03-10,108.190002
2026-03-11,120.910004
2026-03-12,120.220001
2026-03-13,119.019997
2026-03-16,101.970001
2026-03-17,95.919998
2026-03-18,97.279999
2026-03-19,92.680000
2026-03-20,91.849998
2026-03-23,89.779999
2026-03-24,89.339996
2026-03-25,90.160004
2026-03-26,92.370003
2026-03-27,96.639999
2026-03-30,95.839996
2026-03-31,89.389999
2026-04-01,91.800003
2026-04-02,93.139999
2026-04-06,96.139999
2026-04-07,98.790001
2026-04-08,83.910004
2026-04-09,81.739998
2026-04-10,78.010002
2026-04-13,80.550003
2026-04-14,75.349998
2026-04-15,72.230003
2026-04-16,73.040001
2026-04-17,69.010002
2026-04-20,73.790001
2026-04-21,85.570000
2026-04-22,76.769997
2026-04-23,78.669998
2026-04-24,75.830002
2026-04-27,73.110001
2026-04-28,70.500000
2026-04-29,75.959999
2026-04-30,75.080002
2026-05-01,75.400002
2026-05-04,78.629997
2026-05-05,74.730003
2026-05-06,72.339996
2026-05-07,72.250000
2026-05-08,72.150002
2026-05-11,75.660004
2026-05-12,75.690002
2026-05-13,70.940002
2026-05-14,68.919998
2026-05-15,72.349998
2026-05-18,72.070000
2026-05-19,72.889999
2026-05-20,72.769997
2026-05-21,73.540001
2026-05-22,75.970001
2026-05-26,65.059998
2026-05-27,59.970001
2026-05-28,58.299999
2026-05-29,57.840000
2026-06-01,61.240002
2026-06-02,59.529999
2026-06-03,60.520000
2026-06-04,59.790001
2026-06-05,57.750000
2026-06-08,58.360001
2026-06-09,57.630001
2026-06-10,60.279999
2026-06-11,56.299999
2026-06-12,54.099998
2026-06-15,47.750000
2026-06-16,53.099998
2026-06-17,53.650002
2026-06-18,51.540001
2026-06-22,50.700001
2026-06-23,46.599998
2026-06-24,47.610001
2026-06-25,46.959999
2026-06-26,46.459999
2026-06-29,45.070000
2026-06-30,43.169998
2026-07-01,40.759998
2026-07-02,41.619999
2026-07-06,40.330002
2026-07-07,47.590000
2026-07-08,50.450001
2026-07-09,45.990002
2026-07-10,44.669998
2026-07-13,60.250000
2026-07-14,59.889999
2026-07-15,58.959999
2026-07-16,55.910000
2026-07-17,60.020000
2026-07-20,62.070000
2026-07-21,63.779999
2026-07-22,65.309998
2026-07-23,68.970001
2026-07-24,68.000000
2026-07-27,60.619999
2026-07-28,57.150002
2026-07-29,67.589996
2026-07-30,63.439999
2026-07-31,63.040001
2026-08-03,57.200001
2026-08-04,53.450001
2026-08-05,51.480000
2026-08-06,57.340000
