observation_date,TLT
2002-07-30,81.519997
2002-07-31,82.529999
2002-08-01,83.000000
2002-08-02,83.849998
2002-08-05,84.220001
2002-08-06,83.500000
2002-08-07,83.699997
2002-08-08,83.699997
2002-08-09,84.879997
2002-08-12,85.400002
2002-08-13,86.449997
2002-08-14,86.779999
2002-08-15,86.019997
2002-08-16,85.059998
2002-08-19,85.320000
2002-08-20,86.269997
2002-08-21,85.809998
2002-08-22,85.059998
2002-08-23,85.900002
2002-08-26,85.980003
2002-08-27,85.440002
2002-08-28,85.870003
2002-08-29,86.559998
2002-08-30,87.080002
2002-09-03,88.040001
2002-09-04,88.019997
2002-09-05,88.500000
2002-09-06,87.459999
2002-09-09,87.330002
2002-09-10,87.750000
2002-09-11,87.290001
2002-09-12,87.970001
2002-09-13,88.779999
2002-09-16,88.930000
2002-09-17,89.099998
2002-09-18,89.120003
2002-09-19,89.720001
2002-09-20,89.300003
2002-09-23,90.099998
2002-09-24,90.680000
2002-09-25,89.580002
2002-09-26,89.370003
2002-09-27,90.040001
2002-09-30,90.400002
2002-10-01,88.940002
2002-10-02,89.449997
2002-10-03,89.230003
2002-10-04,89.510002
2002-10-07,89.660004
2002-10-08,89.690002
2002-10-09,90.150002
2002-10-10,89.440002
2002-10-11,88.379997
2002-10-14,88.250000
2002-10-15,86.160004
2002-10-16,86.199997
2002-10-17,85.150002
2002-10-18,85.370003
2002-10-21,84.540001
2002-10-22,84.300003
2002-10-23,84.330002
2002-10-24,85.070000
2002-10-25,85.379997
2002-10-28,85.260002
2002-10-29,86.370003
2002-10-30,86.339996
2002-10-31,86.730003
2002-11-01,85.980003
2002-11-04,85.599998
2002-11-05,85.269997
2002-11-06,85.610001
2002-11-07,87.730003
2002-11-08,88.440002
2002-11-11,88.919998
2002-11-12,88.410004
2002-11-13,88.599998
2002-11-14,86.760002
2002-11-15,87.110001
2002-11-18,87.500000
2002-11-19,87.820000
2002-11-20,86.959999
2002-11-21,86.120003
2002-11-22,86.040001
2002-11-25,85.879997
2002-11-26,86.959999
2002-11-27,85.000000
2002-11-29,85.550003
2002-12-02,85.239998
2002-12-03,85.360001
2002-12-04,85.800003
2002-12-05,86.019997
2002-12-06,86.169998
2002-12-09,86.650002
2002-12-10,86.879997
2002-12-11,87.459999
2002-12-12,87.379997
2002-12-13,86.529999
2002-12-16,85.879997
2002-12-17,85.879997
2002-12-18,86.550003
2002-12-19,87.320000
2002-12-20,87.379997
2002-12-23,87.400002
2002-12-24,87.889999
2002-12-26,88.059998
2002-12-27,89.029999
2002-12-30,89.239998
2002-12-31,88.570000
2003-01-02,86.279999
2003-01-03,86.480003
2003-01-06,86.250000
2003-01-07,86.559998
2003-01-08,86.989998
2003-01-09,85.320000
2003-01-10,85.540001
2003-01-13,85.680000
2003-01-14,85.980003
2003-01-15,86.400002
2003-01-16,86.519997
2003-01-17,86.949997
2003-01-21,87.449997
2003-01-22,87.879997
2003-01-23,87.449997
2003-01-24,87.970001
2003-01-27,87.650002
2003-01-28,87.650002
2003-01-29,87.169998
2003-01-30,87.820000
2003-01-31,88.059998
2003-02-03,87.879997
2003-02-04,88.269997
2003-02-05,87.510002
2003-02-06,88.220001
2003-02-07,88.419998
2003-02-10,87.800003
2003-02-11,87.779999
2003-02-12,88.089996
2003-02-13,88.570000
2003-02-14,87.809998
2003-02-18,87.919998
2003-02-19,88.519997
2003-02-20,88.820000
2003-02-21,88.300003
2003-02-24,88.720001
2003-02-25,89.129997
2003-02-26,89.750000
2003-02-27,89.900002
2003-02-28,90.470001
2003-03-03,90.239998
2003-03-04,90.300003
2003-03-05,90.599998
2003-03-06,90.250000
2003-03-07,90.559998
2003-03-10,91.029999
2003-03-11,90.870003
2003-03-12,91.199997
2003-03-13,89.519997
2003-03-14,89.959999
2003-03-17,88.879997
2003-03-18,88.040001
2003-03-19,87.389999
2003-03-20,87.250000
2003-03-21,86.050003
2003-03-24,87.410004
2003-03-25,87.309998
2003-03-26,87.489998
2003-03-27,87.550003
2003-03-28,87.750000
2003-03-31,88.900002
2003-04-01,88.269997
2003-04-02,87.349998
2003-04-03,87.300003
2003-04-04,87.050003
2003-04-07,86.849998
2003-04-08,87.550003
2003-04-09,87.809998
2003-04-10,87.400002
2003-04-11,87.260002
2003-04-14,87.019997
2003-04-15,87.489998
2003-04-16,87.849998
2003-04-17,87.989998
2003-04-21,87.800003
2003-04-22,87.750000
2003-04-23,87.930000
2003-04-24,88.720001
2003-04-25,88.919998
2003-04-28,88.779999
2003-04-29,88.629997
2003-04-30,89.449997
2003-05-01,89.019997
2003-05-02,88.320000
2003-05-05,88.790001
2003-05-06,89.230003
2003-05-07,90.269997
2003-05-08,90.489998
2003-05-09,90.580002
2003-05-12,91.150002
2003-05-13,91.349998
2003-05-14,92.750000
2003-05-15,93.040001
2003-05-16,93.720001
2003-05-19,93.400002
2003-05-20,94.779999
2003-05-21,94.769997
2003-05-22,95.610001
2003-05-23,95.849998
2003-05-27,94.120003
2003-05-28,93.959999
2003-05-29,94.779999
2003-05-30,94.599998
2003-06-02,93.510002
2003-06-03,94.260002
2003-06-04,94.540001
2003-06-05,93.800003
2003-06-06,94.139999
2003-06-09,94.769997
2003-06-10,95.900002
2003-06-11,95.779999
2003-06-12,96.529999
2003-06-13,97.180000
2003-06-16,96.260002
2003-06-17,95.500000
2003-06-18,94.279999
2003-06-19,94.099998
2003-06-20,93.750000
2003-06-23,94.309998
2003-06-24,95.180000
2003-06-25,93.660004
2003-06-26,92.400002
2003-06-27,92.070000
2003-06-30,92.500000
2003-07-01,91.690002
2003-07-02,91.919998
2003-07-03,90.599998
2003-07-07,90.019997
2003-07-08,90.099998
2003-07-09,90.389999
2003-07-10,90.360001
2003-07-11,90.790001
2003-07-14,89.750000
2003-07-15,87.650002
2003-07-16,88.150002
2003-07-17,87.879997
2003-07-18,87.699997
2003-07-21,85.839996
2003-07-22,86.260002
2003-07-23,86.550003
2003-07-24,85.790001
2003-07-25,85.559998
2003-07-28,84.410004
2003-07-29,83.260002
2003-07-30,84.199997
2003-07-31,82.949997
2003-08-01,82.510002
2003-08-04,83.220001
2003-08-05,82.029999
2003-08-06,83.650002
2003-08-07,84.000000
2003-08-08,83.660004
2003-08-11,83.239998
2003-08-12,82.849998
2003-08-13,81.250000
2003-08-14,82.050003
2003-08-15,82.000000
2003-08-18,82.379997
2003-08-19,83.650002
2003-08-20,83.199997
2003-08-21,83.000000
2003-08-22,83.370003
2003-08-25,82.720001
2003-08-26,83.370003
2003-08-27,82.989998
2003-08-28,83.849998
2003-08-29,83.650002
2003-09-02,82.059998
2003-09-03,82.190002
2003-09-04,82.650002
2003-09-05,84.070000
2003-09-08,83.199997
2003-09-09,83.800003
2003-09-10,84.650002
2003-09-11,84.099998
2003-09-12,84.680000
2003-09-15,84.550003
2003-09-16,84.419998
2003-09-17,85.470001
2003-09-18,85.529999
2003-09-19,85.629997
2003-09-22,84.949997
2003-09-23,85.529999
2003-09-24,86.269997
2003-09-25,86.699997
2003-09-26,87.480003
2003-09-29,86.779999
2003-09-30,88.220001
2003-10-01,87.519997
2003-10-02,87.120003
2003-10-03,85.290001
2003-10-06,85.660004
2003-10-07,84.669998
2003-10-08,84.650002
2003-10-09,84.050003
2003-10-10,84.550003
2003-10-13,84.220001
2003-10-14,83.639999
2003-10-15,83.230003
2003-10-16,82.900002
2003-10-17,83.540001
2003-10-20,83.820000
2003-10-21,84.129997
2003-10-22,84.949997
2003-10-23,84.330002
2003-10-24,85.269997
2003-10-27,85.099998
2003-10-28,85.550003
2003-10-29,84.779999
2003-10-30,84.400002
2003-10-31,85.190002
2003-11-03,84.440002
2003-11-04,84.919998
2003-11-05,84.339996
2003-11-06,83.550003
2003-11-07,83.500000
2003-11-10,83.430000
2003-11-11,83.440002
2003-11-12,84.050003
2003-11-13,85.349998
2003-11-14,85.919998
2003-11-17,86.050003
2003-11-18,86.580002
2003-11-19,85.620003
2003-11-20,86.449997
2003-11-21,86.500000
2003-11-24,85.790001
2003-11-25,86.260002
2003-11-26,85.910004
2003-11-28,85.129997
2003-12-01,84.239998
2003-12-02,84.599998
2003-12-03,84.260002
2003-12-04,84.449997
2003-12-05,85.800003
2003-12-08,85.199997
2003-12-09,84.599998
2003-12-10,84.739998
2003-12-11,85.349998
2003-12-12,85.510002
2003-12-15,85.459999
2003-12-16,85.739998
2003-12-17,86.320000
2003-12-18,87.099998
2003-12-19,87.070000
2003-12-22,86.830002
2003-12-23,85.849998
2003-12-24,86.660004
2003-12-26,86.980003
2003-12-29,86.199997
2003-12-30,85.849998
2003-12-31,85.449997
2004-01-02,84.440002
2004-01-05,84.220001
2004-01-06,85.150002
2004-01-07,85.489998
2004-01-08,85.459999
2004-01-09,86.949997
2004-01-12,86.879997
2004-01-13,87.470001
2004-01-14,87.900002
2004-01-15,88.230003
2004-01-16,87.610001
2004-01-20,87.589996
2004-01-21,87.800003
2004-01-22,88.440002
2004-01-23,87.379997
2004-01-26,86.849998
2004-01-27,87.389999
2004-01-28,86.620003
2004-01-29,86.440002
2004-01-30,87.040001
2004-02-02,86.500000
2004-02-03,86.940002
2004-02-04,86.769997
2004-02-05,86.430000
2004-02-06,87.379997
2004-02-09,87.639999
2004-02-10,87.150002
2004-02-11,87.800003
2004-02-12,87.430000
2004-02-13,87.800003
2004-02-17,87.739998
2004-02-18,87.860001
2004-02-19,87.949997
2004-02-20,87.339996
2004-02-23,87.879997
2004-02-24,88.040001
2004-02-25,88.180000
2004-02-26,87.900002
2004-02-27,88.660004
2004-03-01,88.269997
2004-03-02,87.709999
2004-03-03,87.550003
2004-03-04,87.940002
2004-03-05,89.639999
2004-03-08,90.169998
2004-03-09,90.769997
2004-03-10,90.709999
2004-03-11,90.839996
2004-03-12,90.279999
2004-03-15,90.430000
2004-03-16,91.180000
2004-03-17,91.029999
2004-03-18,90.550003
2004-03-19,90.430000
2004-03-22,90.980003
2004-03-23,91.139999
2004-03-24,91.089996
2004-03-25,90.739998
2004-03-26,89.779999
2004-03-29,89.180000
2004-03-30,89.120003
2004-03-31,89.550003
2004-04-01,88.910004
2004-04-02,86.709999
2004-04-05,86.029999
2004-04-06,86.500000
2004-04-07,86.300003
2004-04-08,86.050003
2004-04-12,85.739998
2004-04-13,84.809998
2004-04-14,84.739998
2004-04-15,84.239998
2004-04-16,84.559998
2004-04-19,84.379997
2004-04-20,83.610001
2004-04-21,84.019997
2004-04-22,84.519997
2004-04-23,84.040001
2004-04-26,84.180000
2004-04-27,84.500000
2004-04-28,83.709999
2004-04-29,83.300003
2004-04-30,83.639999
2004-05-03,83.419998
2004-05-04,82.849998
2004-05-05,82.620003
2004-05-06,82.400002
2004-05-07,81.320000
2004-05-10,81.129997
2004-05-11,81.500000
2004-05-12,80.959999
2004-05-13,80.650002
2004-05-14,81.309998
2004-05-17,82.029999
2004-05-18,81.709999
2004-05-19,81.440002
2004-05-20,82.070000
2004-05-21,81.739998
2004-05-24,82.000000
2004-05-25,82.239998
2004-05-26,82.680000
2004-05-27,83.330002
2004-05-28,83.099998
2004-06-01,82.019997
2004-06-02,81.809998
2004-06-03,81.980003
2004-06-04,81.500000
2004-06-07,81.519997
2004-06-08,81.669998
2004-06-09,81.320000
2004-06-10,81.480003
2004-06-14,80.830002
2004-06-15,82.540001
2004-06-16,82.220001
2004-06-17,82.760002
2004-06-18,82.580002
2004-06-21,82.639999
2004-06-22,82.389999
2004-06-23,82.550003
2004-06-24,83.050003
2004-06-25,83.129997
2004-06-28,82.279999
2004-06-29,82.800003
2004-06-30,83.650002
2004-07-01,83.470001
2004-07-02,84.349998
2004-07-06,84.209999
2004-07-07,84.239998
2004-07-08,84.290001
2004-07-09,84.379997
2004-07-12,84.500000
2004-07-13,84.250000
2004-07-14,84.279999
2004-07-15,84.370003
2004-07-16,85.489998
2004-07-19,85.550003
2004-07-20,84.779999
2004-07-21,84.550003
2004-07-22,84.669998
2004-07-23,84.949997
2004-07-26,84.550003
2004-07-27,83.410004
2004-07-28,83.419998
2004-07-29,83.610001
2004-07-30,84.589996
2004-08-02,84.370003
2004-08-03,84.709999
2004-08-04,84.750000
2004-08-05,84.989998
2004-08-06,86.419998
2004-08-09,86.120003
2004-08-10,85.809998
2004-08-11,86.180000
2004-08-12,86.360001
2004-08-13,86.639999
2004-08-16,86.339996
2004-08-17,86.830002
2004-08-18,86.410004
2004-08-19,86.620003
2004-08-20,86.540001
2004-08-23,86.040001
2004-08-24,86.089996
2004-08-25,86.389999
2004-08-26,86.879997
2004-08-27,86.820000
2004-08-30,87.230003
2004-08-31,87.769997
2004-09-01,87.510002
2004-09-02,86.650002
2004-09-03,86.660004
2004-09-07,86.570000
2004-09-08,87.300003
2004-09-09,86.970001
2004-09-10,87.099998
2004-09-13,87.480003
2004-09-14,87.570000
2004-09-15,87.370003
2004-09-16,88.360001
2004-09-17,87.919998
2004-09-20,88.500000
2004-09-21,88.760002
2004-09-22,89.680000
2004-09-23,89.320000
2004-09-24,89.430000
2004-09-27,89.820000
2004-09-28,89.459999
2004-09-29,88.589996
2004-09-30,88.250000
2004-10-01,87.449997
2004-10-04,87.580002
2004-10-05,87.580002
2004-10-06,87.180000
2004-10-07,86.800003
2004-10-08,87.949997
2004-10-11,88.040001
2004-10-12,88.239998
2004-10-13,88.559998
2004-10-14,88.980003
2004-10-15,88.669998
2004-10-18,88.709999
2004-10-19,88.940002
2004-10-20,89.550003
2004-10-21,89.610001
2004-10-22,89.820000
2004-10-25,89.889999
2004-10-26,89.620003
2004-10-27,88.739998
2004-10-28,89.029999
2004-10-29,89.440002
2004-11-01,88.519997
2004-11-02,88.650002
2004-11-03,88.690002
2004-11-04,88.779999
2004-11-05,87.809998
2004-11-08,87.500000
2004-11-09,87.449997
2004-11-10,87.120003
2004-11-11,86.930000
2004-11-12,87.870003
2004-11-15,87.949997
2004-11-16,87.949997
2004-11-17,88.699997
2004-11-18,88.970001
2004-11-19,88.260002
2004-11-22,88.720001
2004-11-23,88.830002
2004-11-24,88.830002
2004-11-26,88.250000
2004-11-29,87.309998
2004-11-30,86.940002
2004-12-01,86.449997
2004-12-02,86.099998
2004-12-03,87.440002
2004-12-06,87.739998
2004-12-07,87.849998
2004-12-08,89.220001
2004-12-09,88.629997
2004-12-10,88.849998
2004-12-13,89.040001
2004-12-14,89.389999
2004-12-15,90.199997
2004-12-16,88.870003
2004-12-17,88.750000
2004-12-20,88.910004
2004-12-21,89.180000
2004-12-22,88.879997
2004-12-23,88.589996
2004-12-27,87.900002
2004-12-28,87.830002
2004-12-29,87.739998
2004-12-30,88.330002
2004-12-31,88.550003
2005-01-03,88.739998
2005-01-04,87.809998
2005-01-05,88.279999
2005-01-06,88.339996
2005-01-07,88.540001
2005-01-10,88.680000
2005-01-11,89.199997
2005-01-12,89.320000
2005-01-13,90.180000
2005-01-14,90.169998
2005-01-18,90.470001
2005-01-19,90.730003
2005-01-20,90.910004
2005-01-21,91.010002
2005-01-24,91.400002
2005-01-25,90.540001
2005-01-26,90.709999
2005-01-27,90.540001
2005-01-28,91.449997
2005-01-31,91.709999
2005-02-01,91.220001
2005-02-02,91.430000
2005-02-03,91.379997
2005-02-04,92.650002
2005-02-07,93.339996
2005-02-08,93.870003
2005-02-09,94.120003
2005-02-10,92.849998
2005-02-11,92.790001
2005-02-14,93.080002
2005-02-15,92.610001
2005-02-16,92.260002
2005-02-17,91.680000
2005-02-18,90.860001
2005-02-22,90.459999
2005-02-23,90.760002
2005-02-24,90.559998
2005-02-25,91.000000
2005-02-28,90.019997
2005-03-01,89.709999
2005-03-02,89.589996
2005-03-03,89.540001
2005-03-04,90.510002
2005-03-07,90.870003
2005-03-08,90.010002
2005-03-09,88.540001
2005-03-10,89.080002
2005-03-11,88.430000
2005-03-14,88.959999
2005-03-15,88.400002
2005-03-16,88.940002
2005-03-17,89.230003
2005-03-18,88.669998
2005-03-21,88.419998
2005-03-22,87.669998
2005-03-23,88.089996
2005-03-24,88.269997
2005-03-28,87.730003
2005-03-29,88.250000
2005-03-30,88.690002
2005-03-31,89.330002
2005-04-01,89.300003
2005-04-04,89.279999
2005-04-05,89.050003
2005-04-06,89.360001
2005-04-07,88.639999
2005-04-08,88.949997
2005-04-11,89.430000
2005-04-12,90.260002
2005-04-13,90.040001
2005-04-14,89.900002
2005-04-15,91.089996
2005-04-18,91.019997
2005-04-19,91.900002
2005-04-20,91.669998
2005-04-21,90.709999
2005-04-22,91.470001
2005-04-25,91.739998
2005-04-26,91.599998
2005-04-27,91.919998
2005-04-28,92.599998
2005-04-29,92.440002
2005-05-02,92.089996
2005-05-03,92.339996
2005-05-04,91.529999
2005-05-05,91.739998
2005-05-06,91.059998
2005-05-09,91.150002
2005-05-10,91.800003
2005-05-11,92.080002
2005-05-12,92.440002
2005-05-13,92.800003
2005-05-16,92.690002
2005-05-17,92.949997
2005-05-18,93.570000
2005-05-19,93.330002
2005-05-20,93.440002
2005-05-23,94.169998
2005-05-24,94.430000
2005-05-25,93.769997
2005-05-26,93.739998
2005-05-27,93.839996
2005-05-31,95.000000
2005-06-01,95.809998
2005-06-02,96.040001
2005-06-03,95.250000
2005-06-06,95.750000
2005-06-07,96.510002
2005-06-08,96.050003
2005-06-09,95.970001
2005-06-10,94.889999
2005-06-13,94.320000
2005-06-14,93.699997
2005-06-15,93.870003
2005-06-16,94.339996
2005-06-17,94.330002
2005-06-20,94.169998
2005-06-21,94.860001
2005-06-22,96.010002
2005-06-23,95.910004
2005-06-24,96.389999
2005-06-27,96.650002
2005-06-28,95.989998
2005-06-29,95.839996
2005-06-30,96.699997
2005-07-01,95.199997
2005-07-05,94.300003
2005-07-06,94.820000
2005-07-07,95.019997
2005-07-08,94.629997
2005-07-11,94.629997
2005-07-12,94.099998
2005-07-13,93.959999
2005-07-14,93.720001
2005-07-15,93.970001
2005-07-18,93.269997
2005-07-19,93.599998
2005-07-20,94.110001
2005-07-21,92.830002
2005-07-22,93.550003
2005-07-25,93.209999
2005-07-26,93.360001
2005-07-27,93.209999
2005-07-28,94.040001
2005-07-29,93.110001
2005-08-01,92.419998
2005-08-02,92.120003
2005-08-03,92.570000
2005-08-04,92.379997
2005-08-05,91.660004
2005-08-08,91.489998
2005-08-09,91.830002
2005-08-10,91.730003
2005-08-11,92.370003
2005-08-12,93.309998
2005-08-15,93.070000
2005-08-16,93.720001
2005-08-17,93.099998
2005-08-18,93.790001
2005-08-19,93.779999
2005-08-22,93.680000
2005-08-23,94.110001
2005-08-24,94.199997
2005-08-25,94.500000
2005-08-26,94.470001
2005-08-29,94.589996
2005-08-30,95.190002
2005-08-31,95.989998
2005-09-01,95.080002
2005-09-02,95.160004
2005-09-06,94.489998
2005-09-07,93.599998
2005-09-08,93.699997
2005-09-09,94.000000
2005-09-12,93.349998
2005-09-13,93.839996
2005-09-14,93.480003
2005-09-15,92.709999
2005-09-16,92.099998
2005-09-19,92.300003
2005-09-20,92.540001
2005-09-21,93.400002
2005-09-22,93.309998
2005-09-23,92.610001
2005-09-26,92.190002
2005-09-27,92.320000
2005-09-28,92.940002
2005-09-29,92.519997
2005-09-30,92.199997
2005-10-03,91.120003
2005-10-04,91.419998
2005-10-05,91.820000
2005-10-06,91.470001
2005-10-07,91.839996
2005-10-10,91.779999
2005-10-11,91.589996
2005-10-12,90.699997
2005-10-13,90.370003
2005-10-14,90.230003
2005-10-17,90.209999
2005-10-18,90.309998
2005-10-19,90.349998
2005-10-20,90.589996
2005-10-21,91.430000
2005-10-24,90.720001
2005-10-25,89.940002
2005-10-26,89.279999
2005-10-27,89.599998
2005-10-28,89.610001
2005-10-31,89.779999
2005-11-01,89.279999
2005-11-02,88.860001
2005-11-03,88.260002
2005-11-04,88.120003
2005-11-07,88.419998
2005-11-08,89.279999
2005-11-09,88.360001
2005-11-10,89.440002
2005-11-11,89.489998
2005-11-14,88.820000
2005-11-15,89.400002
2005-11-16,90.339996
2005-11-17,90.559998
2005-11-18,90.139999
2005-11-21,90.410004
2005-11-22,90.529999
2005-11-23,90.180000
2005-11-25,90.510002
2005-11-28,90.959999
2005-11-29,90.099998
2005-11-30,90.000000
2005-12-01,89.470001
2005-12-02,89.500000
2005-12-05,89.099998
2005-12-06,90.010002
2005-12-07,89.669998
2005-12-08,90.250000
2005-12-09,89.540001
2005-12-12,89.370003
2005-12-13,89.699997
2005-12-14,90.620003
2005-12-15,90.400002
2005-12-16,90.699997
2005-12-19,90.790001
2005-12-20,90.680000
2005-12-21,90.519997
2005-12-22,91.239998
2005-12-23,91.800003
2005-12-27,92.550003
2005-12-28,91.910004
2005-12-29,92.110001
2005-12-30,91.900002
2006-01-03,91.779999
2006-01-04,92.000000
2006-01-05,91.889999
2006-01-06,91.720001
2006-01-09,91.779999
2006-01-10,91.040001
2006-01-11,90.889999
2006-01-12,91.500000
2006-01-13,92.029999
2006-01-17,92.440002
2006-01-18,92.410004
2006-01-19,92.139999
2006-01-20,92.379997
2006-01-23,92.349998
2006-01-24,91.900002
2006-01-25,90.900002
2006-01-26,90.510002
2006-01-27,90.510002
2006-01-30,90.419998
2006-01-31,90.669998
2006-02-01,90.040001
2006-02-02,90.209999
2006-02-03,90.849998
2006-02-06,91.029999
2006-02-07,90.599998
2006-02-08,90.389999
2006-02-09,90.800003
2006-02-10,90.300003
2006-02-13,90.309998
2006-02-14,89.989998
2006-02-15,90.209999
2006-02-16,90.230003
2006-02-17,90.949997
2006-02-21,90.800003
2006-02-22,91.419998
2006-02-23,91.190002
2006-02-24,91.050003
2006-02-27,90.900002
2006-02-28,91.349998
2006-03-01,90.480003
2006-03-02,89.849998
2006-03-03,89.330002
2006-03-06,88.550003
2006-03-07,88.610001
2006-03-08,88.580002
2006-03-09,88.610001
2006-03-10,88.279999
2006-03-13,88.209999
2006-03-14,88.800003
2006-03-15,88.320000
2006-03-16,89.120003
2006-03-17,88.849998
2006-03-20,88.989998
2006-03-21,88.529999
2006-03-22,88.720001
2006-03-23,88.440002
2006-03-24,89.089996
2006-03-27,88.760002
2006-03-28,87.930000
2006-03-29,87.510002
2006-03-30,86.900002
2006-03-31,86.870003
2006-04-03,86.570000
2006-04-04,86.480003
2006-04-05,86.599998
2006-04-06,85.940002
2006-04-07,85.099998
2006-04-10,85.260002
2006-04-11,85.559998
2006-04-12,85.040001
2006-04-13,84.440002
2006-04-17,84.750000
2006-04-18,84.900002
2006-04-19,84.379997
2006-04-20,84.309998
2006-04-21,84.800003
2006-04-24,85.139999
2006-04-25,84.129997
2006-04-26,83.989998
2006-04-27,84.099998
2006-04-28,84.160004
2006-05-01,83.199997
2006-05-02,83.419998
2006-05-03,83.239998
2006-05-04,83.099998
2006-05-05,83.599998
2006-05-08,83.650002
2006-05-09,83.599998
2006-05-10,83.750000
2006-05-11,83.339996
2006-05-12,82.650002
2006-05-15,82.980003
2006-05-16,83.599998
2006-05-17,83.080002
2006-05-18,84.209999
2006-05-19,84.430000
2006-05-22,84.610001
2006-05-23,84.559998
2006-05-24,84.599998
2006-05-25,84.269997
2006-05-26,84.209999
2006-05-30,84.169998
2006-05-31,83.669998
2006-06-01,83.709999
2006-06-02,84.790001
2006-06-05,84.680000
2006-06-06,85.080002
2006-06-07,85.099998
2006-06-08,85.269997
2006-06-09,85.720001
2006-06-12,85.790001
2006-06-13,85.849998
2006-06-14,84.989998
2006-06-15,84.500000
2006-06-16,84.309998
2006-06-19,84.190002
2006-06-20,84.050003
2006-06-21,84.070000
2006-06-22,83.589996
2006-06-23,83.419998
2006-06-26,83.260002
2006-06-27,83.669998
2006-06-28,83.230003
2006-06-29,83.510002
2006-06-30,84.320000
2006-07-03,83.910004
2006-07-05,83.239998
2006-07-06,83.750000
2006-07-07,84.290001
2006-07-10,84.370003
2006-07-11,84.639999
2006-07-12,84.660004
2006-07-13,84.989998
2006-07-14,85.040001
2006-07-17,85.169998
2006-07-18,84.440002
2006-07-19,85.239998
2006-07-20,85.489998
2006-07-21,85.330002
2006-07-24,85.279999
2006-07-25,85.029999
2006-07-26,85.339996
2006-07-27,85.209999
2006-07-28,85.699997
2006-07-31,85.809998
2006-08-01,85.459999
2006-08-02,85.779999
2006-08-03,85.800003
2006-08-04,86.320000
2006-08-07,86.370003
2006-08-08,86.180000
2006-08-09,85.900002
2006-08-10,85.769997
2006-08-11,85.400002
2006-08-14,85.250000
2006-08-15,85.970001
2006-08-16,86.550003
2006-08-17,86.519997
2006-08-18,86.769997
2006-08-21,87.080002
2006-08-22,87.110001
2006-08-23,87.150002
2006-08-24,87.309998
2006-08-25,87.440002
2006-08-28,87.519997
2006-08-29,87.639999
2006-08-30,87.870003
2006-08-31,88.080002
2006-09-01,87.760002
2006-09-05,87.209999
2006-09-06,87.089996
2006-09-07,87.260002
2006-09-08,87.330002
2006-09-11,87.250000
2006-09-12,87.690002
2006-09-13,87.730003
2006-09-14,87.529999
2006-09-15,87.459999
2006-09-18,87.320000
2006-09-19,88.300003
2006-09-20,88.430000
2006-09-21,89.239998
2006-09-22,89.680000
2006-09-25,90.309998
2006-09-26,89.930000
2006-09-27,89.669998
2006-09-28,89.519997
2006-09-29,89.410004
2006-10-02,89.300003
2006-10-03,89.180000
2006-10-04,89.830002
2006-10-05,89.199997
2006-10-06,88.269997
2006-10-09,88.510002
2006-10-10,87.809998
2006-10-11,87.550003
2006-10-12,87.599998
2006-10-13,87.160004
2006-10-16,87.550003
2006-10-17,87.620003
2006-10-18,87.800003
2006-10-19,87.639999
2006-10-20,87.550003
2006-10-23,87.199997
2006-10-24,87.199997
2006-10-25,87.889999
2006-10-26,88.459999
2006-10-27,88.870003
2006-10-30,89.120003
2006-10-31,89.809998
2006-11-01,89.959999
2006-11-02,89.589996
2006-11-03,88.529999
2006-11-06,88.790001
2006-11-07,89.199997
2006-11-08,89.519997
2006-11-09,89.470001
2006-11-10,89.860001
2006-11-13,89.839996
2006-11-14,90.190002
2006-11-15,89.849998
2006-11-16,89.440002
2006-11-17,89.949997
2006-11-20,90.089996
2006-11-21,90.309998
2006-11-22,90.459999
2006-11-24,90.620003
2006-11-27,90.949997
2006-11-28,91.139999
2006-11-29,90.930000
2006-11-30,91.529999
2006-12-01,91.419998
2006-12-04,91.580002
2006-12-05,91.150002
2006-12-06,90.970001
2006-12-07,90.900002
2006-12-08,90.239998
2006-12-11,90.629997
2006-12-12,90.820000
2006-12-13,90.010002
2006-12-14,89.680000
2006-12-15,89.730003
2006-12-18,89.760002
2006-12-19,89.639999
2006-12-20,89.629997
2006-12-21,90.080002
2006-12-22,89.389999
2006-12-26,89.660004
2006-12-27,88.699997
2006-12-28,88.500000
2006-12-29,88.430000
2007-01-03,89.059998
2007-01-04,89.599998
2007-01-05,89.209999
2007-01-08,89.370003
2007-01-09,89.370003
2007-01-10,88.970001
2007-01-11,88.449997
2007-01-12,88.040001
2007-01-16,88.230003
2007-01-17,87.959999
2007-01-18,88.230003
2007-01-19,87.989998
2007-01-22,88.199997
2007-01-23,87.620003
2007-01-24,87.610001
2007-01-25,86.980003
2007-01-26,86.910004
2007-01-29,86.720001
2007-01-30,86.820000
2007-01-31,87.550003
2007-02-01,87.089996
2007-02-02,87.199997
2007-02-05,87.320000
2007-02-06,87.800003
2007-02-07,88.059998
2007-02-08,88.129997
2007-02-09,87.629997
2007-02-12,87.430000
2007-02-13,87.239998
2007-02-14,88.070000
2007-02-15,88.330002
2007-02-16,88.639999
2007-02-20,88.839996
2007-02-21,88.690002
2007-02-22,88.209999
2007-02-23,88.839996
2007-02-26,89.430000
2007-02-27,90.559998
2007-02-28,90.150002
2007-03-01,89.750000
2007-03-02,90.199997
2007-03-05,90.349998
2007-03-06,90.080002
2007-03-07,90.430000
2007-03-08,90.349998
2007-03-09,89.400002
2007-03-12,89.750000
2007-03-13,90.290001
2007-03-14,89.879997
2007-03-15,89.870003
2007-03-16,89.849998
2007-03-19,89.660004
2007-03-20,89.709999
2007-03-21,89.750000
2007-03-22,89.040001
2007-03-23,88.790001
2007-03-26,88.900002
2007-03-27,88.750000
2007-03-28,88.570000
2007-03-29,88.449997
2007-03-30,88.279999
2007-04-02,88.099998
2007-04-03,87.989998
2007-04-04,88.080002
2007-04-05,87.750000
2007-04-09,87.169998
2007-04-10,87.430000
2007-04-11,87.370003
2007-04-12,87.389999
2007-04-13,87.120003
2007-04-16,87.599998
2007-04-17,88.089996
2007-04-18,88.529999
2007-04-19,88.379997
2007-04-20,88.150002
2007-04-23,88.470001
2007-04-24,88.800003
2007-04-25,88.489998
2007-04-26,87.849998
2007-04-27,87.830002
2007-04-30,88.750000
2007-05-01,88.489998
2007-05-02,88.440002
2007-05-03,88.239998
2007-05-04,88.599998
2007-05-07,88.839996
2007-05-08,88.639999
2007-05-09,88.290001
2007-05-10,88.500000
2007-05-11,88.190002
2007-05-14,87.959999
2007-05-15,87.930000
2007-05-16,87.870003
2007-05-17,87.510002
2007-05-18,86.930000
2007-05-21,87.190002
2007-05-22,86.739998
2007-05-23,86.489998
2007-05-24,86.570000
2007-05-25,86.370003
2007-05-29,86.360001
2007-05-30,86.540001
2007-05-31,86.379997
2007-06-01,85.589996
2007-06-04,85.980003
2007-06-05,85.440002
2007-06-06,85.400002
2007-06-07,83.870003
2007-06-08,83.800003
2007-06-11,83.559998
2007-06-12,82.349998
2007-06-13,83.330002
2007-06-14,83.120003
2007-06-15,83.690002
2007-06-18,83.519997
2007-06-19,84.300003
2007-06-20,83.620003
2007-06-21,83.220001
2007-06-22,83.760002
2007-06-25,84.220001
2007-06-26,84.239998
2007-06-27,84.320000
2007-06-28,84.300003
2007-06-29,85.169998
2007-07-02,85.290001
2007-07-03,84.769997
2007-07-05,83.820000
2007-07-06,83.480003
2007-07-09,83.779999
2007-07-10,85.199997
2007-07-11,84.320000
2007-07-12,84.029999
2007-07-13,84.260002
2007-07-16,85.070000
2007-07-17,84.889999
2007-07-18,85.209999
2007-07-19,85.190002
2007-07-20,85.959999
2007-07-23,85.820000
2007-07-24,86.139999
2007-07-25,86.309998
2007-07-26,87.029999
2007-07-27,87.279999
2007-07-30,87.029999
2007-07-31,87.660004
2007-08-01,87.129997
2007-08-02,87.349998
2007-08-03,87.930000
2007-08-06,87.290001
2007-08-07,87.220001
2007-08-08,86.160004
2007-08-09,86.279999
2007-08-10,86.080002
2007-08-13,86.330002
2007-08-14,86.559998
2007-08-15,86.250000
2007-08-16,87.139999
2007-08-17,86.790001
2007-08-20,86.839996
2007-08-21,87.260002
2007-08-22,87.120003
2007-08-23,87.419998
2007-08-24,87.849998
2007-08-27,88.309998
2007-08-28,88.459999
2007-08-29,88.220001
2007-08-30,88.809998
2007-08-31,88.879997
2007-09-04,88.559998
2007-09-05,89.269997
2007-09-06,89.040001
2007-09-07,90.300003
2007-09-10,91.000000
2007-09-11,90.930000
2007-09-12,90.589996
2007-09-13,89.779999
2007-09-14,89.910004
2007-09-17,90.339996
2007-09-18,89.660004
2007-09-19,88.830002
2007-09-20,87.150002
2007-09-21,87.889999
2007-09-24,88.139999
2007-09-25,87.830002
2007-09-26,87.910004
2007-09-27,88.519997
2007-09-28,88.720001
2007-10-01,88.879997
2007-10-02,89.160004
2007-10-03,88.900002
2007-10-04,89.239998
2007-10-05,88.279999
2007-10-08,88.209999
2007-10-09,88.099998
2007-10-10,88.150002
2007-10-11,88.059998
2007-10-12,87.629997
2007-10-15,87.650002
2007-10-16,87.680000
2007-10-17,88.639999
2007-10-18,89.129997
2007-10-19,90.459999
2007-10-22,90.470001
2007-10-23,90.349998
2007-10-24,91.019997
2007-10-25,90.709999
2007-10-26,90.500000
2007-10-29,90.849998
2007-10-30,90.800003
2007-10-31,89.980003
2007-11-01,90.750000
2007-11-02,91.040001
2007-11-05,91.000000
2007-11-06,90.559998
2007-11-07,90.720001
2007-11-08,90.559998
2007-11-09,91.330002
2007-11-12,91.660004
2007-11-13,91.320000
2007-11-14,91.419998
2007-11-15,92.279999
2007-11-16,92.410004
2007-11-19,93.010002
2007-11-20,92.910004
2007-11-21,93.449997
2007-11-23,93.730003
2007-11-26,95.580002
2007-11-27,94.669998
2007-11-28,94.029999
2007-11-29,94.839996
2007-11-30,94.379997
2007-12-03,94.750000
2007-12-04,94.739998
2007-12-05,93.610001
2007-12-06,92.790001
2007-12-07,91.750000
2007-12-10,91.199997
2007-12-11,92.989998
2007-12-12,92.029999
2007-12-13,91.029999
2007-12-14,90.610001
2007-12-17,91.419998
2007-12-18,92.010002
2007-12-19,93.230003
2007-12-20,93.029999
2007-12-21,91.669998
2007-12-24,91.239998
2007-12-26,90.440002
2007-12-27,91.059998
2007-12-28,92.480003
2007-12-31,93.040001
2008-01-02,94.379997
2008-01-03,94.250000
2008-01-04,94.269997
2008-01-07,94.680000
2008-01-08,94.570000
2008-01-09,94.750000
2008-01-10,93.470001
2008-01-11,94.199997
2008-01-14,94.550003
2008-01-15,95.610001
2008-01-16,94.919998
2008-01-17,96.150002
2008-01-18,95.489998
2008-01-22,96.510002
2008-01-23,96.290001
2008-01-24,94.360001
2008-01-25,95.949997
2008-01-28,95.589996
2008-01-29,94.940002
2008-01-30,94.320000
2008-01-31,94.989998
2008-02-01,95.230003
2008-02-04,94.250000
2008-02-05,94.970001
2008-02-06,94.680000
2008-02-07,92.639999
2008-02-08,93.699997
2008-02-11,94.089996
2008-02-12,93.529999
2008-02-13,92.540001
2008-02-14,91.180000
2008-02-15,91.879997
2008-02-19,90.949997
2008-02-20,91.580002
2008-02-21,92.550003
2008-02-22,92.019997
2008-02-25,91.080002
2008-02-26,91.110001
2008-02-27,91.190002
2008-02-28,92.809998
2008-02-29,94.230003
2008-03-03,93.639999
2008-03-04,92.730003
2008-03-05,91.620003
2008-03-06,92.110001
2008-03-07,92.230003
2008-03-10,93.589996
2008-03-11,92.790001
2008-03-12,94.580002
2008-03-13,93.839996
2008-03-14,95.000000
2008-03-17,95.730003
2008-03-18,95.360001
2008-03-19,96.940002
2008-03-20,97.180000
2008-03-24,95.300003
2008-03-25,95.699997
2008-03-26,95.300003
2008-03-27,94.629997
2008-03-28,95.550003
2008-03-31,95.889999
2008-04-01,93.930000
2008-04-02,94.129997
2008-04-03,94.339996
2008-04-04,95.199997
2008-04-07,94.699997
2008-04-08,94.370003
2008-04-09,95.349998
2008-04-10,95.029999
2008-04-11,95.669998
2008-04-14,95.110001
2008-04-15,93.930000
2008-04-16,93.010002
2008-04-17,92.849998
2008-04-18,92.769997
2008-04-21,93.139999
2008-04-22,93.459999
2008-04-23,93.150002
2008-04-24,92.360001
2008-04-25,91.820000
2008-04-28,92.099998
2008-04-29,92.449997
2008-04-30,93.110001
2008-05-01,92.779999
2008-05-02,91.610001
2008-05-05,91.610001
2008-05-06,90.949997
2008-05-07,91.339996
2008-05-08,92.160004
2008-05-09,92.500000
2008-05-12,92.360001
2008-05-13,91.349998
2008-05-14,91.389999
2008-05-15,92.220001
2008-05-16,91.839996
2008-05-19,91.959999
2008-05-20,92.440002
2008-05-21,92.459999
2008-05-22,91.370003
2008-05-23,91.769997
2008-05-27,91.150002
2008-05-28,90.339996
2008-05-29,89.690002
2008-05-30,90.279999
2008-06-02,90.300003
2008-06-03,90.949997
2008-06-04,90.139999
2008-06-05,89.599998
2008-06-06,90.760002
2008-06-09,90.760002
2008-06-10,90.169998
2008-06-11,89.959999
2008-06-12,89.059998
2008-06-13,88.870003
2008-06-16,88.889999
2008-06-17,89.070000
2008-06-18,89.820000
2008-06-19,89.290001
2008-06-20,89.809998
2008-06-23,90.000000
2008-06-24,90.599998
2008-06-25,90.639999
2008-06-26,91.250000
2008-06-27,92.320000
2008-06-30,92.339996
2008-07-01,91.790001
2008-07-02,92.269997
2008-07-03,92.070000
2008-07-07,92.489998
2008-07-08,93.089996
2008-07-09,93.500000
2008-07-10,93.489998
2008-07-11,92.160004
2008-07-14,92.970001
2008-07-15,92.940002
2008-07-16,91.260002
2008-07-17,90.790001
2008-07-18,90.449997
2008-07-21,90.800003
2008-07-22,90.349998
2008-07-23,90.169998
2008-07-24,91.050003
2008-07-25,90.139999
2008-07-28,91.050003
2008-07-29,90.680000
2008-07-30,90.769997
2008-07-31,91.669998
2008-08-01,91.540001
2008-08-04,91.330002
2008-08-05,90.650002
2008-08-06,90.279999
2008-08-07,91.750000
2008-08-08,92.000000
2008-08-11,91.120003
2008-08-12,91.970001
2008-08-13,91.650002
2008-08-14,92.239998
2008-08-15,93.040001
2008-08-18,93.410004
2008-08-19,93.050003
2008-08-20,93.309998
2008-08-21,93.139999
2008-08-22,93.080002
2008-08-25,94.010002
2008-08-26,94.089996
2008-08-27,94.250000
2008-08-28,94.260002
2008-08-29,93.839996
2008-09-02,94.370003
2008-09-03,94.769997
2008-09-04,95.529999
2008-09-05,95.480003
2008-09-08,95.879997
2008-09-09,96.830002
2008-09-10,96.230003
2008-09-11,96.180000
2008-09-12,94.940002
2008-09-15,98.019997
2008-09-16,98.000000
2008-09-17,98.489998
2008-09-18,97.050003
2008-09-19,93.970001
2008-09-22,93.959999
2008-09-23,93.599998
2008-09-24,94.010002
2008-09-25,93.820000
2008-09-26,94.500000
2008-09-29,97.250000
2008-09-30,94.879997
2008-10-01,95.779999
2008-10-02,96.550003
2008-10-03,97.400002
2008-10-06,99.169998
2008-10-07,98.870003
2008-10-08,97.449997
2008-10-09,96.629997
2008-10-10,95.949997
2008-10-13,94.720001
2008-10-14,94.110001
2008-10-15,95.010002
2008-10-16,94.519997
2008-10-17,93.870003
2008-10-20,94.620003
2008-10-21,95.120003
2008-10-22,97.050003
2008-10-23,97.769997
2008-10-24,96.730003
2008-10-27,96.800003
2008-10-28,95.389999
2008-10-29,94.910004
2008-10-30,94.050003
2008-10-31,92.830002
2008-11-03,92.709999
2008-11-04,94.449997
2008-11-05,95.570000
2008-11-06,94.879997
2008-11-07,94.260002
2008-11-10,94.720001
2008-11-11,95.000000
2008-11-12,95.610001
2008-11-13,93.320000
2008-11-14,95.169998
2008-11-17,95.589996
2008-11-18,96.820000
2008-11-19,99.300003
2008-11-20,104.430000
2008-11-21,102.919998
2008-11-24,101.309998
2008-11-25,104.290001
2008-11-26,104.430000
2008-11-28,105.720001
2008-12-01,109.400002
2008-12-02,109.820000
2008-12-03,110.129997
2008-12-04,112.300003
2008-12-05,110.480003
2008-12-08,110.239998
2008-12-09,112.419998
2008-12-10,112.150002
2008-12-11,112.370003
2008-12-12,112.370003
2008-12-15,113.650002
2008-12-16,116.459999
2008-12-17,119.620003
2008-12-18,122.129997
2008-12-19,122.260002
2008-12-22,121.320000
2008-12-23,121.160004
2008-12-24,120.900002
2008-12-26,121.300003
2008-12-29,120.750000
2008-12-30,121.900002
2008-12-31,119.349998
2009-01-02,116.349998
2009-01-05,113.349998
2009-01-06,112.209999
2009-01-07,112.650002
2009-01-08,112.559998
2009-01-09,112.730003
2009-01-12,113.900002
2009-01-13,114.019997
2009-01-14,115.900002
2009-01-15,116.089996
2009-01-16,114.300003
2009-01-20,114.279999
2009-01-21,110.669998
2009-01-22,108.540001
2009-01-23,107.690002
2009-01-26,106.750000
2009-01-27,109.260002
2009-01-28,106.529999
2009-01-29,104.080002
2009-01-30,103.750000
2009-02-02,105.389999
2009-02-03,102.879997
2009-02-04,102.519997
2009-02-05,102.610001
2009-02-06,102.290001
2009-02-09,102.620003
2009-02-10,104.849998
2009-02-11,106.209999
2009-02-12,105.209999
2009-02-13,102.410004
2009-02-17,105.599998
2009-02-18,104.699997
2009-02-19,102.919998
2009-02-20,103.919998
2009-02-23,104.879997
2009-02-24,104.769997
2009-02-25,103.559998
2009-02-26,102.470001
2009-02-27,101.879997
2009-03-02,103.279999
2009-03-03,102.589996
2009-03-04,102.120003
2009-03-05,104.959999
2009-03-06,104.260002
2009-03-09,103.650002
2009-03-10,101.660004
2009-03-11,102.760002
2009-03-12,103.250000
2009-03-13,102.730003
2009-03-16,101.110001
2009-03-17,100.559998
2009-03-18,104.370003
2009-03-19,104.500000
2009-03-20,103.919998
2009-03-23,103.019997
2009-03-24,104.000000
2009-03-25,102.599998
2009-03-26,103.790001
2009-03-27,104.559998
2009-03-30,104.959999
2009-03-31,105.709999
2009-04-01,106.370003
2009-04-02,105.070000
2009-04-03,102.919998
2009-04-06,102.480003
2009-04-07,102.739998
2009-04-08,103.650002
2009-04-09,102.349998
2009-04-13,103.290001
2009-04-14,103.830002
2009-04-15,103.650002
2009-04-16,102.830002
2009-04-17,101.699997
2009-04-20,103.239998
2009-04-21,102.220001
2009-04-22,101.599998
2009-04-23,101.589996
2009-04-24,100.570000
2009-04-27,101.000000
2009-04-28,99.349998
2009-04-29,98.470001
2009-04-30,98.080002
2009-05-01,97.110001
2009-05-04,97.430000
2009-05-05,97.309998
2009-05-06,97.080002
2009-05-07,94.709999
2009-05-08,94.940002
2009-05-11,96.290001
2009-05-12,96.639999
2009-05-13,97.690002
2009-05-14,98.070000
2009-05-15,98.040001
2009-05-18,96.519997
2009-05-19,96.010002
2009-05-20,97.019997
2009-05-21,94.580002
2009-05-22,93.529999
2009-05-26,92.120003
2009-05-27,90.489998
2009-05-28,91.800003
2009-05-29,94.169998
2009-06-01,91.089996
2009-06-02,91.580002
2009-06-03,92.440002
2009-06-04,90.529999
2009-06-05,89.839996
2009-06-08,89.610001
2009-06-09,89.599998
2009-06-10,88.190002
2009-06-11,89.169998
2009-06-12,89.970001
2009-06-15,90.779999
2009-06-16,92.360001
2009-06-17,91.839996
2009-06-18,90.449997
2009-06-19,91.690002
2009-06-22,92.580002
2009-06-23,93.669998
2009-06-24,92.730003
2009-06-25,94.430000
2009-06-26,94.589996
2009-06-29,94.730003
2009-06-30,94.570000
2009-07-01,94.080002
2009-07-02,94.300003
2009-07-06,94.120003
2009-07-07,94.750000
2009-07-08,96.500000
2009-07-09,95.349998
2009-07-10,96.230003
2009-07-13,95.690002
2009-07-14,94.099998
2009-07-15,91.680000
2009-07-16,92.669998
2009-07-17,91.239998
2009-07-20,91.720001
2009-07-21,93.550003
2009-07-22,92.709999
2009-07-23,91.010002
2009-07-24,91.449997
2009-07-27,90.400002
2009-07-28,91.199997
2009-07-29,91.699997
2009-07-30,93.000000
2009-07-31,94.809998
2009-08-03,93.059998
2009-08-04,92.320000
2009-08-05,90.940002
2009-08-06,91.250000
2009-08-07,90.489998
2009-08-10,91.620003
2009-08-11,92.680000
2009-08-12,91.690002
2009-08-13,92.989998
2009-08-14,93.349998
2009-08-17,94.730003
2009-08-18,94.180000
2009-08-19,94.959999
2009-08-20,95.739998
2009-08-21,93.769997
2009-08-24,95.470001
2009-08-25,96.010002
2009-08-26,96.449997
2009-08-27,96.070000
2009-08-28,96.510002
2009-08-31,96.599998
2009-09-01,96.059998
2009-09-02,97.459999
2009-09-03,96.860001
2009-09-04,95.209999
2009-09-08,94.540001
2009-09-09,94.430000
2009-09-10,96.169998
2009-09-11,96.699997
2009-09-14,95.739998
2009-09-15,95.250000
2009-09-16,95.419998
2009-09-17,96.620003
2009-09-18,95.760002
2009-09-21,95.980003
2009-09-22,96.180000
2009-09-23,96.470001
2009-09-24,96.750000
2009-09-25,97.980003
2009-09-28,98.839996
2009-09-29,98.750000
2009-09-30,98.660004
2009-10-01,99.699997
2009-10-02,99.010002
2009-10-05,99.019997
2009-10-06,98.040001
2009-10-07,99.190002
2009-10-08,98.150002
2009-10-09,95.900002
2009-10-12,96.050003
2009-10-13,96.550003
2009-10-14,95.120003
2009-10-15,94.680000
2009-10-16,95.449997
2009-10-19,96.199997
2009-10-20,96.720001
2009-10-21,96.139999
2009-10-22,95.669998
2009-10-23,94.949997
2009-10-26,93.720001
2009-10-27,95.000000
2009-10-28,95.449997
2009-10-29,94.410004
2009-10-30,95.779999
2009-11-02,95.050003
2009-11-03,94.099998
2009-11-04,93.239998
2009-11-05,93.239998
2009-11-06,93.330002
2009-11-09,93.440002
2009-11-10,93.269997
2009-11-11,93.660004
2009-11-12,93.489998
2009-11-13,93.919998
2009-11-16,95.019997
2009-11-17,95.529999
2009-11-18,94.970001
2009-11-19,95.139999
2009-11-20,95.120003
2009-11-23,95.000000
2009-11-24,95.599998
2009-11-25,96.040001
2009-11-27,96.400002
2009-11-30,96.629997
2009-12-01,95.250000
2009-12-02,95.330002
2009-12-03,94.339996
2009-12-04,93.339996
2009-12-07,93.459999
2009-12-08,93.599998
2009-12-09,93.169998
2009-12-10,92.099998
2009-12-11,92.089996
2009-12-14,92.199997
2009-12-15,91.790001
2009-12-16,91.680000
2009-12-17,93.190002
2009-12-18,92.790001
2009-12-21,91.139999
2009-12-22,90.629997
2009-12-23,90.650002
2009-12-24,89.709999
2009-12-28,89.459999
2009-12-29,89.730003
2009-12-30,90.320000
2009-12-31,89.889999
2010-01-04,89.809998
2010-01-05,90.389999
2010-01-06,89.180000
2010-01-07,89.330002
2010-01-08,89.290001
2010-01-11,88.800003
2010-01-12,90.320000
2010-01-13,89.269997
2010-01-14,90.519997
2010-01-15,91.080002
2010-01-19,90.820000
2010-01-20,91.739998
2010-01-21,92.160004
2010-01-22,92.000000
2010-01-25,91.580002
2010-01-26,91.610001
2010-01-27,91.559998
2010-01-28,91.510002
2010-01-29,92.309998
2010-02-01,91.150002
2010-02-02,91.410004
2010-02-03,90.349998
2010-02-04,91.779999
2010-02-05,91.980003
2010-02-08,92.099998
2010-02-09,91.180000
2010-02-10,90.309998
2010-02-11,89.820000
2010-02-12,90.190002
2010-02-16,90.360001
2010-02-17,89.330002
2010-02-18,88.970001
2010-02-19,89.449997
2010-02-22,89.080002
2010-02-23,90.470001
2010-02-24,90.690002
2010-02-25,91.199997
2010-02-26,91.669998
2010-03-01,91.339996
2010-03-02,91.220001
2010-03-03,90.989998
2010-03-04,91.470001
2010-03-05,90.269997
2010-03-08,89.800003
2010-03-09,89.820000
2010-03-10,89.589996
2010-03-11,89.919998
2010-03-12,90.480003
2010-03-15,90.360001
2010-03-16,91.080002
2010-03-17,91.470001
2010-03-18,91.169998
2010-03-19,91.260002
2010-03-22,91.360001
2010-03-23,90.930000
2010-03-24,89.269997
2010-03-25,88.699997
2010-03-26,88.949997
2010-03-29,88.610001
2010-03-30,88.889999
2010-03-31,89.500000
2010-04-01,88.949997
2010-04-05,87.470001
2010-04-06,87.610001
2010-04-07,88.730003
2010-04-08,88.769997
2010-04-09,88.980003
2010-04-12,89.449997
2010-04-13,89.739998
2010-04-14,89.110001
2010-04-15,89.209999
2010-04-16,89.860001
2010-04-19,89.639999
2010-04-20,89.959999
2010-04-21,90.699997
2010-04-22,90.430000
2010-04-23,90.110001
2010-04-26,90.209999
2010-04-27,91.480003
2010-04-28,90.699997
2010-04-29,91.080002
2010-04-30,92.129997
2010-05-03,91.690002
2010-05-04,93.339996
2010-05-05,93.889999
2010-05-06,96.790001
2010-05-07,95.580002
2010-05-10,93.599998
2010-05-11,93.360001
2010-05-12,92.650002
2010-05-13,93.260002
2010-05-14,94.879997
2010-05-17,94.529999
2010-05-18,95.980003
2010-05-19,96.300003
2010-05-20,98.330002
2010-05-21,98.430000
2010-05-24,98.089996
2010-05-25,98.570000
2010-05-26,98.290001
2010-05-27,96.059998
2010-05-28,96.500000
2010-06-01,96.849998
2010-06-02,95.930000
2010-06-03,95.230003
2010-06-04,97.790001
2010-06-07,98.540001
2010-06-08,98.050003
2010-06-09,97.940002
2010-06-10,96.190002
2010-06-11,97.410004
2010-06-14,96.910004
2010-06-15,96.510002
2010-06-16,97.059998
2010-06-17,97.849998
2010-06-18,97.690002
2010-06-21,97.410004
2010-06-22,98.570000
2010-06-23,99.239998
2010-06-24,98.650002
2010-06-25,99.050003
2010-06-28,99.980003
2010-06-29,101.070000
2010-06-30,101.750000
2010-07-01,101.599998
2010-07-02,100.790001
2010-07-06,101.620003
2010-07-07,100.430000
2010-07-08,99.790001
2010-07-09,99.220001
2010-07-12,99.180000
2010-07-13,98.330002
2010-07-14,99.320000
2010-07-15,100.309998
2010-07-16,100.800003
2010-07-19,100.180000
2010-07-20,100.330002
2010-07-21,102.029999
2010-07-22,100.849998
2010-07-23,99.779999
2010-07-26,99.610001
2010-07-27,98.650002
2010-07-28,98.970001
2010-07-29,98.940002
2010-07-30,100.480003
2010-08-02,98.750000
2010-08-03,99.320000
2010-08-04,98.559998
2010-08-05,99.019997
2010-08-06,100.099998
2010-08-09,99.730003
2010-08-10,99.940002
2010-08-11,101.279999
2010-08-12,101.029999
2010-08-13,102.290001
2010-08-16,104.849998
2010-08-17,104.250000
2010-08-18,104.529999
2010-08-19,106.160004
2010-08-20,106.040001
2010-08-23,106.059998
2010-08-24,107.760002
2010-08-25,107.410004
2010-08-26,108.419998
2010-08-27,105.349998
2010-08-30,107.370003
2010-08-31,108.559998
2010-09-01,106.000000
2010-09-02,104.879997
2010-09-03,103.580002
2010-09-07,105.699997
2010-09-08,104.860001
2010-09-09,102.790001
2010-09-10,102.320000
2010-09-13,102.820000
2010-09-14,103.809998
2010-09-15,102.269997
2010-09-16,101.260002
2010-09-17,101.669998
2010-09-20,102.260002
2010-09-21,103.680000
2010-09-22,104.610001
2010-09-23,104.910004
2010-09-24,103.500000
2010-09-27,105.300003
2010-09-28,106.019997
2010-09-29,105.580002
2010-09-30,105.510002
2010-10-01,104.610001
2010-10-04,104.879997
2010-10-05,104.250000
2010-10-06,105.559998
2010-10-07,104.680000
2010-10-08,104.220001
2010-10-11,104.239998
2010-10-12,103.209999
2010-10-13,103.050003
2010-10-14,101.510002
2010-10-15,100.269997
2010-10-18,101.080002
2010-10-19,101.690002
2010-10-20,101.910004
2010-10-21,100.699997
2010-10-22,101.379997
2010-10-25,101.669998
2010-10-26,100.099998
2010-10-27,99.220001
2010-10-28,99.489998
2010-10-29,100.419998
2010-11-01,99.669998
2010-11-02,100.980003
2010-11-03,98.919998
2010-11-04,99.690002
2010-11-05,97.980003
2010-11-08,98.419998
2010-11-09,96.250000
2010-11-10,96.379997
2010-11-11,96.330002
2010-11-12,95.809998
2010-11-15,93.809998
2010-11-16,96.139999
2010-11-17,95.610001
2010-11-18,96.000000
2010-11-19,96.589996
2010-11-22,97.000000
2010-11-23,97.480003
2010-11-24,95.739998
2010-11-26,97.070000
2010-11-29,97.900002
2010-11-30,98.410004
2010-12-01,95.889999
2010-12-02,95.639999
2010-12-03,94.889999
2010-12-06,96.230003
2010-12-07,94.169998
2010-12-08,93.260002
2010-12-09,93.720001
2010-12-10,93.150002
2010-12-13,93.500000
2010-12-14,92.139999
2010-12-15,90.940002
2010-12-16,91.570000
2010-12-17,93.239998
2010-12-20,93.139999
2010-12-21,93.790001
2010-12-22,93.120003
2010-12-23,92.930000
2010-12-27,93.760002
2010-12-28,91.610001
2010-12-29,93.160004
2010-12-30,93.089996
2010-12-31,94.120003
2011-01-03,93.410004
2011-01-04,93.519997
2011-01-05,91.459999
2011-01-06,91.860001
2011-01-07,92.349998
2011-01-10,92.849998
2011-01-11,92.330002
2011-01-12,91.610001
2011-01-13,92.430000
2011-01-14,91.839996
2011-01-18,91.410004
2011-01-19,92.070000
2011-01-20,90.800003
2011-01-21,91.519997
2011-01-24,91.559998
2011-01-25,92.430000
2011-01-26,91.029999
2011-01-27,91.440002
2011-01-28,91.919998
2011-01-31,91.220001
2011-02-01,90.449997
2011-02-02,90.470001
2011-02-03,89.720001
2011-02-04,88.809998
2011-02-07,89.269997
2011-02-08,88.449997
2011-02-09,89.220001
2011-02-10,88.190002
2011-02-11,89.459999
2011-02-14,89.519997
2011-02-15,89.919998
2011-02-16,89.629997
2011-02-17,89.769997
2011-02-18,89.489998
2011-02-22,90.830002
2011-02-23,91.160004
2011-02-24,91.739998
2011-02-25,92.279999
2011-02-28,92.400002
2011-03-01,92.370003
2011-03-02,90.949997
2011-03-03,90.059998
2011-03-04,90.809998
2011-03-07,90.230003
2011-03-08,89.680000
2011-03-09,90.550003
2011-03-10,92.070000
2011-03-11,91.550003
2011-03-14,91.510002
2011-03-15,92.879997
2011-03-16,93.930000
2011-03-17,93.209999
2011-03-18,93.459999
2011-03-21,92.910004
2011-03-22,93.220001
2011-03-23,93.099998
2011-03-24,92.400002
2011-03-25,92.169998
2011-03-28,92.300003
2011-03-29,91.589996
2011-03-30,92.320000
2011-03-31,92.129997
2011-04-01,92.190002
2011-04-04,92.290001
2011-04-05,91.919998
2011-04-06,90.540001
2011-04-07,90.360001
2011-04-08,89.879997
2011-04-11,89.959999
2011-04-12,90.930000
2011-04-13,91.500000
2011-04-14,91.430000
2011-04-15,92.669998
2011-04-18,92.879997
2011-04-19,93.279999
2011-04-20,92.680000
2011-04-21,92.599998
2011-04-25,92.949997
2011-04-26,93.849998
2011-04-27,92.889999
2011-04-28,93.599998
2011-04-29,93.889999
2011-05-02,93.639999
2011-05-03,94.169998
2011-05-04,94.589996
2011-05-05,95.489998
2011-05-06,95.070000
2011-05-09,94.970001
2011-05-10,94.290001
2011-05-11,94.830002
2011-05-12,94.230003
2011-05-13,95.080002
2011-05-16,95.610001
2011-05-17,96.589996
2011-05-18,95.309998
2011-05-19,95.269997
2011-05-20,95.320000
2011-05-23,95.779999
2011-05-24,96.139999
2011-05-25,95.690002
2011-05-26,96.510002
2011-05-27,96.470001
2011-05-31,96.690002
2011-06-01,97.639999
2011-06-02,95.779999
2011-06-03,96.330002
2011-06-06,95.599998
2011-06-07,96.040001
2011-06-08,96.790001
2011-06-09,96.400002
2011-06-10,97.139999
2011-06-13,96.650002
2011-06-14,95.190002
2011-06-15,96.919998
2011-06-16,97.360001
2011-06-17,96.900002
2011-06-20,97.019997
2011-06-21,96.589996
2011-06-22,96.650002
2011-06-23,97.389999
2011-06-24,96.980003
2011-06-27,95.650002
2011-06-28,94.879997
2011-06-29,94.250000
2011-06-30,94.099998
2011-07-01,93.629997
2011-07-05,93.839996
2011-07-06,94.320000
2011-07-07,94.040001
2011-07-08,95.370003
2011-07-11,96.800003
2011-07-12,97.129997
2011-07-13,97.400002
2011-07-14,96.010002
2011-07-15,96.169998
2011-07-18,95.239998
2011-07-19,97.220001
2011-07-20,96.070000
2011-07-21,95.330002
2011-07-22,96.050003
2011-07-25,95.000000
2011-07-26,95.650002
2011-07-27,95.660004
2011-07-28,96.019997
2011-07-29,97.919998
2011-08-01,98.580002
2011-08-02,101.540001
2011-08-03,101.739998
2011-08-04,105.360001
2011-08-05,102.320000
2011-08-08,105.550003
2011-08-09,105.870003
2011-08-10,109.019997
2011-08-11,103.519997
2011-08-12,105.570000
2011-08-15,104.500000
2011-08-16,106.230003
2011-08-17,108.089996
2011-08-18,110.309998
2011-08-19,111.199997
2011-08-22,110.919998
2011-08-23,109.389999
2011-08-24,106.279999
2011-08-25,107.430000
2011-08-26,108.489998
2011-08-29,106.989998
2011-08-30,108.709999
2011-08-31,107.029999
2011-09-01,108.970001
2011-09-02,112.510002
2011-09-06,113.680000
2011-09-07,111.510002
2011-09-08,112.510002
2011-09-09,113.709999
2011-09-12,113.830002
2011-09-13,112.209999
2011-09-14,113.160004
2011-09-15,111.430000
2011-09-16,112.239998
2011-09-19,114.379997
2011-09-20,114.860001
2011-09-21,118.660004
2011-09-22,123.120003
2011-09-23,120.830002
2011-09-26,118.889999
2011-09-27,117.070000
2011-09-28,117.029999
2011-09-29,117.839996
2011-09-30,120.800003
2011-10-03,123.809998
2011-10-04,122.239998
2011-10-05,121.360001
2011-10-06,119.120003
2011-10-07,118.239998
2011-10-10,116.570000
2011-10-11,116.180000
2011-10-12,114.489998
2011-10-13,115.629997
2011-10-14,113.949997
2011-10-17,115.919998
2011-10-18,115.199997
2011-10-19,115.160004
2011-10-20,114.339996
2011-10-21,113.129997
2011-10-24,113.320000
2011-10-25,116.199997
2011-10-26,114.169998
2011-10-27,110.300003
2011-10-28,111.459999
2011-10-31,115.879997
2011-11-01,119.449997
2011-11-02,117.959999
2011-11-03,116.339996
2011-11-04,116.480003
2011-11-07,117.220001
2011-11-08,115.720001
2011-11-09,118.120003
2011-11-10,116.360001
2011-11-11,115.650002
2011-11-14,117.510002
2011-11-15,117.349998
2011-11-16,118.419998
2011-11-17,119.370003
2011-11-18,119.339996
2011-11-21,120.050003
2011-11-22,121.389999
2011-11-23,122.580002
2011-11-25,120.800003
2011-11-28,120.739998
2011-11-29,119.750000
2011-11-30,117.879997
2011-12-01,117.000000
2011-12-02,118.639999
2011-12-05,118.400002
2011-12-06,117.269997
2011-12-07,117.690002
2011-12-08,119.160004
2011-12-09,116.709999
2011-12-12,118.010002
2011-12-13,119.110001
2011-12-14,121.360001
2011-12-15,120.910004
2011-12-16,122.320000
2011-12-19,123.870003
2011-12-20,120.779999
2011-12-21,119.099998
2011-12-22,119.599998
2011-12-23,118.269997
2011-12-27,118.449997
2011-12-28,120.639999
2011-12-29,120.860001
2011-12-30,121.250000
2012-01-03,119.430000
2012-01-04,118.010002
2012-01-05,117.800003
2012-01-06,118.730003
2012-01-09,118.519997
2012-01-10,118.320000
2012-01-11,119.860001
2012-01-12,119.690002
2012-01-13,120.879997
2012-01-17,121.440002
2012-01-18,119.970001
2012-01-19,118.320000
2012-01-20,116.980003
2012-01-23,116.239998
2012-01-24,116.449997
2012-01-25,116.169998
2012-01-26,117.709999
2012-01-27,118.080002
2012-01-30,119.470001
2012-01-31,120.849998
2012-02-01,119.180000
2012-02-02,119.129997
2012-02-03,116.570000
2012-02-06,117.730003
2012-02-07,116.269997
2012-02-08,116.360001
2012-02-09,115.489998
2012-02-10,116.989998
2012-02-13,117.139999
2012-02-14,117.760002
2012-02-15,117.550003
2012-02-16,116.610001
2012-02-17,116.580002
2012-02-21,115.290001
2012-02-22,116.739998
2012-02-23,116.739998
2012-02-24,117.500000
2012-02-27,118.540001
2012-02-28,118.150002
2012-02-29,117.430000
2012-03-01,116.059998
2012-03-02,117.150002
2012-03-05,116.220001
2012-03-06,117.629997
2012-03-07,116.910004
2012-03-08,115.739998
2012-03-09,115.970001
2012-03-12,115.949997
2012-03-13,113.910004
2012-03-14,111.040001
2012-03-15,111.209999
2012-03-16,111.430000
2012-03-19,110.099998
2012-03-20,110.540001
2012-03-21,111.790001
2012-03-22,112.150002
2012-03-23,113.209999
2012-03-26,112.629997
2012-03-27,113.440002
2012-03-28,113.279999
2012-03-29,114.129997
2012-03-30,112.199997
2012-04-02,112.529999
2012-04-03,110.580002
2012-04-04,112.099998
2012-04-05,112.910004
2012-04-09,115.550003
2012-04-10,116.860001
2012-04-11,115.459999
2012-04-12,114.980003
2012-04-13,116.839996
2012-04-16,116.669998
2012-04-17,116.599998
2012-04-18,116.940002
2012-04-19,117.050003
2012-04-20,117.070000
2012-04-23,117.919998
2012-04-24,117.089996
2012-04-25,116.489998
2012-04-26,117.190002
2012-04-27,117.290001
2012-04-30,117.320000
2012-05-01,116.430000
2012-05-02,117.250000
2012-05-03,117.220001
2012-05-04,118.139999
2012-05-07,118.160004
2012-05-08,118.790001
2012-05-09,118.870003
2012-05-10,118.519997
2012-05-11,119.500000
2012-05-14,121.169998
2012-05-15,121.660004
2012-05-16,122.010002
2012-05-17,124.169998
2012-05-18,124.199997
2012-05-21,123.940002
2012-05-22,122.559998
2012-05-23,123.410004
2012-05-24,122.940002
2012-05-25,123.400002
2012-05-29,123.019997
2012-05-30,126.139999
2012-05-31,127.599998
2012-06-01,130.360001
2012-06-04,129.330002
2012-06-05,127.599998
2012-06-06,125.050003
2012-06-07,125.239998
2012-06-08,125.209999
2012-06-11,125.779999
2012-06-12,124.629997
2012-06-13,125.860001
2012-06-14,125.699997
2012-06-15,126.400002
2012-06-18,127.080002
2012-06-19,125.419998
2012-06-20,126.040001
2012-06-21,126.709999
2012-06-22,125.019997
2012-06-25,126.839996
2012-06-26,126.339996
2012-06-27,126.540001
2012-06-28,126.849998
2012-06-29,125.199997
2012-07-02,126.220001
2012-07-03,125.250000
2012-07-05,125.889999
2012-07-06,127.059998
2012-07-09,128.179993
2012-07-10,128.440002
2012-07-11,128.600006
2012-07-12,129.509995
2012-07-13,129.169998
2012-07-16,129.770004
2012-07-17,128.750000
2012-07-18,128.820007
2012-07-19,128.490005
2012-07-20,130.059998
2012-07-23,130.789993
2012-07-24,131.820007
2012-07-25,132.160004
2012-07-26,130.949997
2012-07-27,128.479996
2012-07-30,129.440002
2012-07-31,129.699997
2012-08-01,128.779999
2012-08-02,129.509995
2012-08-03,127.419998
2012-08-06,127.470001
2012-08-07,125.830002
2012-08-08,125.160004
2012-08-09,125.070000
2012-08-10,125.699997
2012-08-13,125.489998
2012-08-14,123.790001
2012-08-15,122.050003
2012-08-16,121.010002
2012-08-17,121.599998
2012-08-20,121.849998
2012-08-21,122.389999
2012-08-22,124.410004
2012-08-23,124.930000
2012-08-24,124.809998
2012-08-27,125.540001
2012-08-28,125.839996
2012-08-29,125.290001
2012-08-30,125.940002
2012-08-31,127.720001
2012-09-04,127.320000
2012-09-05,126.720001
2012-09-06,124.610001
2012-09-07,124.029999
2012-09-10,124.330002
2012-09-11,123.550003
2012-09-12,122.010002
2012-09-13,121.529999
2012-09-14,118.300003
2012-09-17,119.720001
2012-09-18,120.320000
2012-09-19,121.110001
2012-09-20,121.410004
2012-09-21,121.550003
2012-09-24,122.500000
2012-09-25,123.709999
2012-09-26,125.040001
2012-09-27,124.150002
2012-09-28,124.220001
2012-10-01,124.419998
2012-10-02,124.250000
2012-10-03,124.290001
2012-10-04,122.739998
2012-10-05,121.150002
2012-10-08,122.169998
2012-10-09,121.949997
2012-10-10,122.809998
2012-10-11,123.660004
2012-10-12,123.970001
2012-10-15,123.690002
2012-10-16,121.980003
2012-10-17,120.849998
2012-10-18,120.110001
2012-10-19,121.739998
2012-10-22,120.959999
2012-10-23,122.690002
2012-10-24,121.480003
2012-10-25,120.860001
2012-10-26,122.639999
2012-10-31,123.360001
2012-11-01,122.349998
2012-11-02,122.260002
2012-11-05,122.949997
2012-11-06,121.790001
2012-11-07,124.000000
2012-11-08,125.839996
2012-11-09,125.980003
2012-11-12,126.190002
2012-11-13,126.610001
2012-11-14,126.730003
2012-11-15,126.480003
2012-11-16,126.370003
2012-11-19,125.660004
2012-11-20,124.400002
2012-11-21,124.330002
2012-11-23,124.209999
2012-11-26,124.800003
2012-11-27,125.290001
2012-11-28,125.110001
2012-11-29,125.129997
2012-11-30,124.790001
2012-12-03,124.660004
2012-12-04,125.379997
2012-12-05,125.320000
2012-12-06,125.589996
2012-12-07,124.430000
2012-12-10,124.980003
2012-12-11,124.029999
2012-12-12,122.589996
2012-12-13,122.680000
2012-12-14,123.599998
2012-12-17,121.750000
2012-12-18,120.510002
2012-12-19,120.910004
2012-12-20,120.930000
2012-12-21,122.250000
2012-12-24,122.029999
2012-12-26,122.199997
2012-12-27,122.610001
2012-12-28,123.309998
2012-12-31,121.180000
2013-01-02,119.559998
2013-01-03,117.940002
2013-01-04,118.400002
2013-01-07,118.449997
2013-01-08,119.230003
2013-01-09,119.120003
2013-01-10,118.790001
2013-01-11,119.849998
2013-01-14,119.519997
2013-01-15,120.070000
2013-01-16,120.320000
2013-01-17,119.120003
2013-01-18,120.040001
2013-01-22,120.269997
2013-01-23,120.089996
2013-01-24,119.669998
2013-01-25,118.029999
2013-01-28,117.599998
2013-01-29,116.949997
2013-01-30,116.750000
2013-01-31,117.320000
2013-02-01,115.540001
2013-02-04,117.019997
2013-02-05,115.980003
2013-02-06,116.930000
2013-02-07,116.669998
2013-02-08,117.120003
2013-02-11,117.029999
2013-02-12,116.739998
2013-02-13,115.790001
2013-02-14,116.839996
2013-02-15,116.500000
2013-02-19,115.919998
2013-02-20,116.269997
2013-02-21,116.949997
2013-02-22,117.029999
2013-02-25,119.330002
2013-02-26,118.639999
2013-02-27,118.290001
2013-02-28,118.510002
2013-03-01,118.900002
2013-03-04,118.269997
2013-03-05,117.930000
2013-03-06,116.860001
2013-03-07,115.959999
2013-03-08,114.750000
2013-03-11,114.860001
2013-03-12,115.690002
2013-03-13,115.570000
2013-03-14,115.220001
2013-03-15,115.760002
2013-03-18,116.639999
2013-03-19,117.430000
2013-03-20,116.120003
2013-03-21,117.239998
2013-03-22,117.330002
2013-03-25,117.220001
2013-03-26,117.360001
2013-03-27,118.360001
2013-03-28,117.760002
2013-04-01,118.389999
2013-04-02,117.910004
2013-04-03,118.970001
2013-04-04,120.389999
2013-04-05,122.820000
2013-04-08,121.879997
2013-04-09,121.580002
2013-04-10,119.910004
2013-04-11,120.139999
2013-04-12,121.930000
2013-04-15,122.989998
2013-04-16,121.980003
2013-04-17,122.790001
2013-04-18,123.089996
2013-04-19,122.830002
2013-04-22,122.919998
2013-04-23,122.489998
2013-04-24,122.800003
2013-04-25,122.269997
2013-04-26,123.389999
2013-04-29,122.940002
2013-04-30,123.010002
2013-05-01,124.010002
2013-05-02,123.849998
2013-05-03,120.930000
2013-05-06,120.629997
2013-05-07,120.160004
2013-05-08,120.349998
2013-05-09,120.040001
2013-05-10,118.750000
2013-05-13,117.839996
2013-05-14,116.559998
2013-05-15,117.339996
2013-05-16,118.559998
2013-05-17,117.059998
2013-05-20,116.919998
2013-05-21,117.839996
2013-05-22,116.089996
2013-05-23,116.639999
2013-05-24,116.800003
2013-05-28,113.839996
2013-05-29,115.120003
2013-05-30,114.839996
2013-05-31,114.449997
2013-06-03,114.779999
2013-06-04,113.720001
2013-06-05,115.290001
2013-06-06,115.220001
2013-06-07,113.160004
2013-06-10,112.620003
2013-06-11,113.959999
2013-06-12,112.330002
2013-06-13,114.089996
2013-06-14,113.820000
2013-06-17,113.220001
2013-06-18,113.279999
2013-06-19,112.110001
2013-06-20,110.269997
2013-06-21,108.400002
2013-06-24,108.849998
2013-06-25,107.879997
2013-06-26,108.580002
2013-06-27,109.690002
2013-06-28,110.440002
2013-07-01,110.410004
2013-07-02,110.339996
2013-07-03,110.010002
2013-07-05,106.260002
2013-07-08,107.290001
2013-07-09,107.400002
2013-07-10,106.559998
2013-07-11,107.809998
2013-07-12,107.720001
2013-07-15,108.290001
2013-07-16,108.660004
2013-07-17,108.860001
2013-07-18,107.500000
2013-07-19,109.199997
2013-07-22,109.360001
2013-07-23,108.900002
2013-07-24,107.519997
2013-07-25,107.480003
2013-07-26,108.139999
2013-07-29,107.349998
2013-07-30,107.309998
2013-07-31,107.699997
2013-08-01,105.360001
2013-08-02,106.519997
2013-08-05,105.699997
2013-08-06,106.010002
2013-08-07,106.800003
2013-08-08,107.089996
2013-08-09,107.260002
2013-08-12,106.529999
2013-08-13,104.989998
2013-08-14,105.150002
2013-08-15,103.730003
2013-08-16,103.370003
2013-08-19,102.470001
2013-08-20,103.260002
2013-08-21,102.129997
2013-08-22,103.169998
2013-08-23,104.290001
2013-08-26,104.809998
2013-08-27,106.129997
2013-08-28,105.269997
2013-08-29,106.110001
2013-08-30,105.989998
2013-09-03,104.220001
2013-09-04,103.989998
2013-09-05,102.540001
2013-09-06,103.050003
2013-09-09,103.099998
2013-09-10,102.379997
2013-09-11,103.290001
2013-09-12,103.150002
2013-09-13,103.550003
2013-09-16,102.860001
2013-09-17,103.709999
2013-09-18,104.989998
2013-09-19,104.370003
2013-09-20,104.919998
2013-09-23,105.690002
2013-09-24,106.830002
2013-09-25,107.050003
2013-09-26,106.300003
2013-09-27,106.559998
2013-09-30,106.400002
2013-10-01,105.800003
2013-10-02,105.959999
2013-10-03,105.790001
2013-10-04,105.709999
2013-10-07,106.139999
2013-10-08,106.169998
2013-10-09,105.320000
2013-10-10,105.489998
2013-10-11,105.459999
2013-10-14,104.610001
2013-10-15,104.540001
2013-10-16,105.849998
2013-10-17,106.809998
2013-10-18,107.040001
2013-10-21,106.699997
2013-10-22,107.889999
2013-10-23,108.309998
2013-10-24,107.889999
2013-10-25,108.290001
2013-10-28,107.919998
2013-10-29,108.059998
2013-10-30,107.410004
2013-10-31,107.639999
2013-11-01,106.190002
2013-11-04,106.290001
2013-11-05,105.019997
2013-11-06,105.070000
2013-11-07,105.959999
2013-11-08,103.410004
2013-11-11,103.019997
2013-11-12,103.500000
2013-11-13,103.879997
2013-11-14,104.519997
2013-11-15,104.730003
2013-11-18,105.360001
2013-11-19,104.559998
2013-11-20,102.779999
2013-11-21,102.949997
2013-11-22,103.910004
2013-11-25,104.209999
2013-11-26,104.599998
2013-11-27,104.419998
2013-11-29,104.449997
2013-12-02,103.330002
2013-12-03,103.709999
2013-12-04,102.720001
2013-12-05,102.430000
2013-12-06,102.919998
2013-12-09,103.160004
2013-12-10,103.900002
2013-12-11,103.099998
2013-12-12,102.709999
2013-12-13,103.209999
2013-12-16,102.830002
2013-12-17,103.290001
2013-12-18,102.769997
2013-12-19,102.669998
2013-12-20,104.250000
2013-12-23,103.660004
2013-12-24,102.830002
2013-12-26,102.099998
2013-12-27,101.809998
2013-12-30,102.510002
2013-12-31,101.860001
2014-01-02,102.169998
2014-01-03,102.169998
2014-01-06,102.599998
2014-01-07,102.860001
2014-01-08,102.580002
2014-01-09,103.180000
2014-01-10,104.410004
2014-01-13,104.930000
2014-01-14,104.449997
2014-01-15,104.339996
2014-01-16,105.040001
2014-01-17,105.480003
2014-01-21,105.559998
2014-01-22,105.300003
2014-01-23,106.790001
2014-01-24,107.480003
2014-01-27,106.730003
2014-01-28,106.989998
2014-01-29,107.870003
2014-01-30,107.559998
2014-01-31,108.279999
2014-02-03,109.320000
2014-02-04,108.160004
2014-02-05,107.160004
2014-02-06,106.699997
2014-02-07,106.790001
2014-02-10,107.089996
2014-02-11,106.470001
2014-02-12,105.919998
2014-02-13,106.519997
2014-02-14,106.580002
2014-02-18,106.820000
2014-02-19,106.370003
2014-02-20,106.110001
2014-02-21,106.669998
2014-02-24,106.400002
2014-02-25,107.349998
2014-02-26,107.919998
2014-02-27,108.510002
2014-02-28,108.570000
2014-03-03,109.029999
2014-03-04,107.389999
2014-03-05,107.620003
2014-03-06,106.559998
2014-03-07,105.889999
2014-03-10,106.040001
2014-03-11,106.320000
2014-03-12,107.059998
2014-03-13,108.500000
2014-03-14,108.519997
2014-03-17,107.709999
2014-03-18,108.099998
2014-03-19,107.260002
2014-03-20,107.070000
2014-03-21,108.230003
2014-03-24,109.000000
2014-03-25,108.589996
2014-03-26,109.440002
2014-03-27,109.989998
2014-03-28,109.370003
2014-03-31,109.099998
2014-04-01,107.889999
2014-04-02,107.269997
2014-04-03,107.739998
2014-04-04,108.459999
2014-04-07,109.110001
2014-04-08,109.370003
2014-04-09,108.830002
2014-04-10,109.839996
2014-04-11,110.730003
2014-04-14,110.440002
2014-04-15,111.129997
2014-04-16,111.269997
2014-04-17,110.050003
2014-04-21,109.959999
2014-04-22,110.330002
2014-04-23,110.959999
2014-04-24,111.169998
2014-04-25,111.330002
2014-04-28,110.790001
2014-04-29,110.639999
2014-04-30,111.099998
2014-05-01,112.019997
2014-05-02,112.709999
2014-05-05,112.029999
2014-05-06,112.480003
2014-05-07,112.080002
2014-05-08,111.599998
2014-05-09,111.239998
2014-05-12,110.790001
2014-05-13,111.750000
2014-05-14,112.959999
2014-05-15,113.860001
2014-05-16,113.540001
2014-05-19,112.699997
2014-05-20,112.949997
2014-05-21,112.260002
2014-05-22,112.099998
2014-05-23,112.699997
2014-05-27,113.360001
2014-05-28,114.760002
2014-05-29,114.150002
2014-05-30,114.099998
2014-06-02,112.959999
2014-06-03,111.570000
2014-06-04,111.540001
2014-06-05,111.589996
2014-06-06,111.589996
2014-06-09,111.430000
2014-06-10,111.019997
2014-06-11,111.220001
2014-06-12,112.209999
2014-06-13,112.150002
2014-06-16,112.430000
2014-06-17,111.540001
2014-06-18,112.400002
2014-06-19,110.959999
2014-06-20,111.800003
2014-06-23,111.449997
2014-06-24,112.580002
2014-06-25,112.870003
2014-06-26,113.410004
2014-06-27,113.239998
2014-06-30,113.519997
2014-07-01,112.279999
2014-07-02,111.080002
2014-07-03,110.680000
2014-07-07,111.489998
2014-07-08,112.739998
2014-07-09,112.830002
2014-07-10,112.860001
2014-07-11,113.580002
2014-07-14,113.089996
2014-07-15,112.860001
2014-07-16,113.459999
2014-07-17,114.889999
2014-07-18,114.519997
2014-07-21,115.089996
2014-07-22,115.330002
2014-07-23,115.180000
2014-07-24,114.320000
2014-07-25,115.669998
2014-07-28,115.510002
2014-07-29,115.930000
2014-07-30,114.320000
2014-07-31,113.980003
2014-08-01,114.559998
2014-08-04,114.260002
2014-08-05,114.629997
2014-08-06,114.699997
2014-08-07,115.769997
2014-08-08,115.519997
2014-08-11,115.510002
2014-08-12,114.760002
2014-08-13,115.510002
2014-08-14,116.440002
2014-08-15,117.709999
2014-08-18,116.540001
2014-08-19,116.180000
2014-08-20,115.989998
2014-08-21,116.639999
2014-08-22,117.290001
2014-08-25,117.730003
2014-08-26,117.349998
2014-08-27,118.349998
2014-08-28,118.970001
2014-08-29,119.050003
2014-09-02,116.730003
2014-09-03,117.379997
2014-09-04,115.949997
2014-09-05,115.730003
2014-09-08,115.779999
2014-09-09,115.690002
2014-09-10,114.959999
2014-09-11,114.580002
2014-09-12,113.379997
2014-09-15,113.550003
2014-09-16,113.089996
2014-09-17,112.800003
2014-09-18,113.160004
2014-09-19,114.599998
2014-09-22,114.739998
2014-09-23,115.449997
2014-09-24,114.809998
2014-09-25,116.169998
2014-09-26,116.000000
2014-09-29,116.930000
2014-09-30,116.269997
2014-10-01,118.230003
2014-10-02,117.199997
2014-10-03,117.699997
2014-10-06,117.769997
2014-10-07,119.360001
2014-10-08,119.389999
2014-10-09,118.870003
2014-10-10,120.050003
2014-10-13,120.779999
2014-10-14,121.570000
2014-10-15,122.529999
2014-10-16,121.750000
2014-10-17,121.070000
2014-10-20,121.510002
2014-10-21,120.540001
2014-10-22,120.669998
2014-10-23,119.599998
2014-10-24,119.720001
2014-10-27,119.940002
2014-10-28,119.190002
2014-10-29,119.459999
2014-10-30,119.559998
2014-10-31,119.250000
2014-11-03,118.959999
2014-11-04,119.330002
2014-11-05,119.160004
2014-11-06,118.389999
2014-11-07,119.750000
2014-11-10,118.650002
2014-11-11,118.730003
2014-11-12,118.629997
2014-11-13,118.910004
2014-11-14,119.489998
2014-11-17,119.190002
2014-11-18,119.519997
2014-11-19,118.760002
2014-11-20,119.379997
2014-11-21,120.099998
2014-11-24,120.199997
2014-11-25,121.199997
2014-11-26,121.529999
2014-11-28,122.489998
2014-12-01,121.500000
2014-12-02,120.320000
2014-12-03,120.790001
2014-12-04,121.800003
2014-12-05,121.089996
2014-12-08,122.570000
2014-12-09,123.199997
2014-12-10,124.099998
2014-12-11,124.610001
2014-12-12,126.300003
2014-12-15,126.040001
2014-12-16,127.599998
2014-12-17,126.449997
2014-12-18,124.199997
2014-12-19,125.870003
2014-12-22,126.040001
2014-12-23,123.540001
2014-12-24,123.949997
2014-12-26,124.410004
2014-12-29,125.339996
2014-12-30,125.680000
2014-12-31,125.919998
2015-01-02,127.320000
2015-01-05,129.320007
2015-01-06,131.649994
2015-01-07,131.389999
2015-01-08,129.649994
2015-01-09,131.070007
2015-01-12,131.820007
2015-01-13,131.820007
2015-01-14,132.820007
2015-01-15,134.910004
2015-01-16,133.190002
2015-01-20,134.960007
2015-01-21,133.399994
2015-01-22,132.919998
2015-01-23,134.770004
2015-01-26,134.360001
2015-01-27,134.570007
2015-01-28,136.770004
2015-01-29,135.869995
2015-01-30,138.279999
2015-02-02,137.479996
2015-02-03,134.570007
2015-02-04,134.800003
2015-02-05,133.320007
2015-02-06,130.960007
2015-02-09,130.750000
2015-02-10,129.710007
2015-02-11,129.949997
2015-02-12,129.520004
2015-02-13,128.190002
2015-02-17,126.260002
2015-02-18,127.010002
2015-02-19,126.169998
2015-02-20,126.540001
2015-02-23,127.989998
2015-02-24,129.669998
2015-02-25,130.229996
2015-02-26,128.449997
2015-02-27,129.529999
2015-03-02,126.870003
2015-03-03,126.410004
2015-03-04,126.449997
2015-03-05,126.290001
2015-03-06,123.500000
2015-03-09,124.639999
2015-03-10,126.279999
2015-03-11,127.199997
2015-03-12,127.110001
2015-03-13,126.720001
2015-03-16,127.940002
2015-03-17,129.000000
2015-03-18,131.490005
2015-03-19,130.820007
2015-03-20,131.509995
2015-03-23,131.350006
2015-03-24,132.619995
2015-03-25,131.500000
2015-03-26,129.449997
2015-03-27,131.059998
2015-03-30,130.410004
2015-03-31,130.690002
2015-04-01,132.130005
2015-04-02,130.729996
2015-04-06,130.000000
2015-04-07,131.089996
2015-04-08,131.130005
2015-04-09,129.429993
2015-04-10,129.619995
2015-04-13,129.800003
2015-04-14,130.720001
2015-04-15,130.610001
2015-04-16,129.960007
2015-04-17,131.449997
2015-04-20,130.289993
2015-04-21,129.699997
2015-04-22,127.720001
2015-04-23,128.270004
2015-04-24,129.070007
2015-04-27,129.070007
2015-04-28,127.290001
2015-04-29,125.730003
2015-04-30,125.949997
2015-05-01,124.000000
2015-05-04,122.830002
2015-05-05,122.660004
2015-05-06,120.559998
2015-05-07,122.180000
2015-05-08,122.510002
2015-05-11,119.529999
2015-05-12,119.839996
2015-05-13,118.879997
2015-05-14,119.199997
2015-05-15,121.589996
2015-05-18,119.550003
2015-05-19,118.489998
2015-05-20,118.690002
2015-05-21,120.349998
2015-05-22,120.400002
2015-05-26,122.459999
2015-05-27,122.739998
2015-05-28,122.440002
2015-05-29,122.709999
2015-06-01,121.129997
2015-06-02,119.440002
2015-06-03,117.519997
2015-06-04,119.050003
2015-06-05,117.599998
2015-06-08,117.470001
2015-06-09,116.540001
2015-06-10,115.519997
2015-06-11,117.949997
2015-06-12,117.949997
2015-06-15,118.139999
2015-06-16,119.070000
2015-06-17,118.150002
2015-06-18,117.570000
2015-06-19,119.080002
2015-06-22,116.650002
2015-06-23,115.949997
2015-06-24,116.949997
2015-06-25,116.540001
2015-06-26,115.230003
2015-06-29,118.279999
2015-06-30,117.459999
2015-07-01,115.620003
2015-07-02,116.000000
2015-07-06,118.150002
2015-07-07,119.260002
2015-07-08,120.290001
2015-07-09,117.919998
2015-07-10,116.050003
2015-07-13,115.690002
2015-07-14,116.070000
2015-07-15,117.300003
2015-07-16,118.110001
2015-07-17,118.720001
2015-07-20,118.220001
2015-07-21,118.860001
2015-07-22,119.599998
2015-07-23,121.089996
2015-07-24,121.389999
2015-07-27,122.040001
2015-07-28,121.150002
2015-07-29,120.699997
2015-07-30,121.629997
2015-07-31,122.529999
2015-08-03,123.550003
2015-08-04,122.570000
2015-08-05,121.650002
2015-08-06,122.730003
2015-08-07,124.339996
2015-08-10,122.800003
2015-08-11,124.750000
2015-08-12,124.070000
2015-08-13,123.669998
2015-08-14,123.959999
2015-08-17,124.519997
2015-08-18,123.540001
2015-08-19,124.760002
2015-08-20,126.019997
2015-08-21,126.400002
2015-08-24,126.360001
2015-08-25,124.330002
2015-08-26,121.930000
2015-08-27,122.000000
2015-08-28,122.360001
2015-08-31,121.419998
2015-09-01,122.029999
2015-09-02,120.980003
2015-09-03,121.570000
2015-09-04,122.680000
2015-09-08,120.870003
2015-09-09,121.449997
2015-09-10,120.629997
2015-09-11,121.389999
2015-09-14,121.580002
2015-09-15,119.250000
2015-09-16,118.800003
2015-09-17,120.250000
2015-09-18,122.099998
2015-09-21,120.110001
2015-09-22,121.779999
2015-09-23,121.769997
2015-09-24,122.599998
2015-09-25,121.540001
2015-09-28,123.620003
2015-09-29,123.970001
2015-09-30,123.540001
2015-10-01,123.809998
2015-10-02,124.559998
2015-10-05,122.870003
2015-10-06,123.400002
2015-10-07,122.989998
2015-10-08,121.959999
2015-10-09,122.279999
2015-10-12,123.209999
2015-10-13,123.419998
2015-10-14,124.500000
2015-10-15,123.889999
2015-10-16,123.930000
2015-10-19,123.589996
2015-10-20,122.830002
2015-10-21,124.050003
2015-10-22,124.260002
2015-10-23,123.199997
2015-10-26,124.019997
2015-10-27,124.330002
2015-10-28,123.830002
2015-10-29,121.860001
2015-10-30,122.779999
2015-11-02,121.949997
2015-11-03,120.949997
2015-11-04,121.089996
2015-11-05,120.769997
2015-11-06,119.000000
2015-11-09,118.330002
2015-11-10,118.680000
2015-11-11,118.430000
2015-11-12,119.000000
2015-11-13,119.680000
2015-11-16,119.570000
2015-11-17,119.769997
2015-11-18,120.019997
2015-11-19,120.820000
2015-11-20,120.449997
2015-11-23,120.820000
2015-11-24,120.809998
2015-11-25,121.089996
2015-11-27,120.970001
2015-11-30,121.449997
2015-12-01,122.830002
2015-12-02,122.870003
2015-12-03,119.529999
2015-12-04,120.580002
2015-12-07,121.750000
2015-12-08,121.809998
2015-12-09,121.680000
2015-12-10,121.839996
2015-12-11,123.760002
2015-12-14,122.160004
2015-12-15,121.440002
2015-12-16,121.180000
2015-12-17,122.550003
2015-12-18,123.230003
2015-12-21,123.199997
2015-12-22,122.309998
2015-12-23,121.389999
2015-12-24,121.830002
2015-12-28,122.190002
2015-12-29,120.160004
2015-12-30,120.040001
2015-12-31,120.580002
2016-01-04,121.449997
2016-01-05,120.959999
2016-01-06,122.589996
2016-01-07,122.809998
2016-01-08,123.360001
2016-01-11,122.010002
2016-01-12,123.769997
2016-01-13,124.989998
2016-01-14,123.820000
2016-01-15,125.750000
2016-01-19,125.360001
2016-01-20,126.680000
2016-01-21,125.820000
2016-01-22,125.339996
2016-01-25,126.019997
2016-01-26,126.080002
2016-01-27,126.050003
2016-01-28,126.230003
2016-01-29,127.300003
2016-02-01,126.669998
2016-02-02,129.020004
2016-02-03,127.949997
2016-02-04,128.570007
2016-02-05,128.720001
2016-02-08,131.490005
2016-02-09,131.630005
2016-02-10,132.789993
2016-02-11,133.720001
2016-02-12,131.500000
2016-02-16,130.110001
2016-02-17,129.309998
2016-02-18,130.899994
2016-02-19,131.009995
2016-02-22,130.940002
2016-02-23,131.470001
2016-02-24,131.210007
2016-02-25,131.679993
2016-02-26,130.410004
2016-02-29,130.979996
2016-03-01,128.429993
2016-03-02,128.960007
2016-03-03,129.429993
2016-03-04,128.600006
2016-03-07,128.559998
2016-03-08,129.979996
2016-03-09,129.190002
2016-03-10,128.660004
2016-03-11,127.360001
2016-03-14,127.760002
2016-03-15,127.879997
2016-03-16,128.259995
2016-03-17,128.789993
2016-03-18,129.059998
2016-03-21,128.070007
2016-03-22,128.039993
2016-03-23,129.490005
2016-03-24,129.539993
2016-03-28,129.710007
2016-03-29,131.070007
2016-03-30,129.690002
2016-03-31,130.610001
2016-04-01,130.679993
2016-04-04,130.759995
2016-04-05,132.190002
2016-04-06,131.229996
2016-04-07,132.850006
2016-04-08,132.009995
2016-04-11,131.839996
2016-04-12,130.929993
2016-04-13,131.389999
2016-04-14,130.759995
2016-04-15,131.880005
2016-04-18,131.309998
2016-04-19,130.899994
2016-04-20,129.460007
2016-04-21,128.690002
2016-04-22,128.360001
2016-04-25,127.830002
2016-04-26,127.250000
2016-04-27,128.520004
2016-04-28,129.050003
2016-04-29,129.380005
2016-05-02,127.820000
2016-05-03,129.429993
2016-05-04,130.139999
2016-05-05,131.009995
2016-05-06,130.449997
2016-05-09,130.860001
2016-05-10,130.869995
2016-05-11,131.610001
2016-05-12,131.009995
2016-05-13,132.279999
2016-05-16,131.139999
2016-05-17,131.360001
2016-05-18,129.490005
2016-05-19,130.050003
2016-05-20,130.149994
2016-05-23,130.440002
2016-05-24,129.860001
2016-05-25,129.369995
2016-05-26,130.039993
2016-05-27,129.850006
2016-05-31,130.160004
2016-06-01,130.419998
2016-06-02,131.360001
2016-06-03,133.229996
2016-06-06,132.240005
2016-06-07,132.559998
2016-06-08,133.270004
2016-06-09,134.130005
2016-06-10,134.779999
2016-06-13,135.380005
2016-06-14,135.279999
2016-06-15,135.800003
2016-06-16,136.460007
2016-06-17,135.610001
2016-06-20,134.160004
2016-06-21,133.539993
2016-06-22,133.759995
2016-06-23,132.229996
2016-06-24,135.779999
2016-06-27,139.169998
2016-06-28,139.460007
2016-06-29,138.389999
2016-06-30,138.899994
2016-07-01,140.570007
2016-07-05,142.330002
2016-07-06,142.559998
2016-07-07,142.550003
2016-07-08,143.600006
2016-07-11,142.339996
2016-07-12,140.000000
2016-07-13,141.649994
2016-07-14,139.589996
2016-07-15,138.389999
2016-07-18,138.259995
2016-07-19,139.039993
2016-07-20,138.279999
2016-07-21,138.559998
2016-07-22,138.800003
2016-07-25,138.699997
2016-07-26,138.919998
2016-07-27,140.649994
2016-07-28,140.389999
2016-07-29,141.559998
2016-08-01,139.770004
2016-08-02,138.330002
2016-08-03,138.410004
2016-08-04,139.449997
2016-08-05,138.000000
2016-08-08,138.259995
2016-08-09,139.619995
2016-08-10,140.160004
2016-08-11,138.910004
2016-08-12,140.080002
2016-08-15,138.759995
2016-08-16,138.389999
2016-08-17,139.220001
2016-08-18,139.440002
2016-08-19,138.710007
2016-08-22,139.880005
2016-08-23,140.029999
2016-08-24,139.699997
2016-08-25,139.169998
2016-08-26,138.360001
2016-08-29,140.210007
2016-08-30,139.669998
2016-08-31,139.869995
2016-09-01,139.770004
2016-09-02,138.630005
2016-09-06,139.639999
2016-09-07,139.539993
2016-09-08,137.789993
2016-09-09,135.520004
2016-09-12,135.589996
2016-09-13,134.050003
2016-09-14,134.250000
2016-09-15,133.669998
2016-09-16,134.750000
2016-09-19,134.309998
2016-09-20,134.779999
2016-09-21,135.869995
2016-09-22,136.949997
2016-09-23,136.820007
2016-09-26,137.690002
2016-09-27,138.699997
2016-09-28,138.399994
2016-09-29,138.750000
2016-09-30,137.509995
2016-10-03,136.809998
2016-10-04,135.210007
2016-10-05,134.580002
2016-10-06,133.830002
2016-10-07,133.919998
2016-10-10,133.130005
2016-10-11,132.830002
2016-10-12,132.960007
2016-10-13,133.460007
2016-10-14,131.589996
2016-10-17,132.429993
2016-10-18,132.860001
2016-10-19,132.970001
2016-10-20,133.110001
2016-10-21,133.309998
2016-10-24,132.729996
2016-10-25,133.080002
2016-10-26,132.179993
2016-10-27,130.740005
2016-10-28,130.449997
2016-10-31,131.250000
2016-11-01,131.009995
2016-11-02,131.580002
2016-11-03,130.570007
2016-11-04,131.740005
2016-11-07,130.619995
2016-11-08,130.089996
2016-11-09,124.570000
2016-11-10,122.730003
2016-11-11,122.040001
2016-11-14,121.309998
2016-11-15,121.910004
2016-11-16,123.010002
2016-11-17,121.199997
2016-11-18,120.849998
2016-11-21,121.150002
2016-11-22,121.110001
2016-11-23,120.639999
2016-11-25,120.820000
2016-11-28,121.709999
2016-11-29,122.220001
2016-11-30,120.239998
2016-12-01,118.730003
2016-12-02,119.599998
2016-12-05,119.470001
2016-12-06,119.379997
2016-12-07,120.400002
2016-12-08,118.980003
2016-12-09,117.500000
2016-12-12,117.720001
2016-12-13,118.139999
2016-12-14,116.820000
2016-12-15,117.410004
2016-12-16,117.139999
2016-12-19,118.400002
2016-12-20,117.809998
2016-12-21,118.330002
2016-12-22,117.809998
2016-12-23,118.050003
2016-12-27,117.669998
2016-12-28,118.529999
2016-12-29,118.949997
2016-12-30,119.129997
2017-01-03,119.639999
2017-01-04,120.099998
2017-01-05,121.980003
2017-01-06,120.860001
2017-01-09,121.830002
2017-01-10,121.750000
2017-01-11,122.160004
2017-01-12,121.889999
2017-01-13,121.309998
2017-01-17,122.580002
2017-01-18,121.010002
2017-01-19,120.180000
2017-01-20,119.940002
2017-01-23,121.139999
2017-01-24,120.309998
2017-01-25,118.800003
2017-01-26,119.199997
2017-01-27,119.629997
2017-01-30,119.269997
2017-01-31,120.099998
2017-02-01,119.099998
2017-02-02,119.050003
2017-02-03,119.000000
2017-02-06,119.720001
2017-02-07,120.599998
2017-02-08,122.239998
2017-02-09,120.830002
2017-02-10,120.760002
2017-02-13,120.379997
2017-02-14,119.510002
2017-02-15,118.959999
2017-02-16,119.610001
2017-02-17,120.320000
2017-02-21,120.110001
2017-02-22,120.309998
2017-02-23,120.669998
2017-02-24,122.010002
2017-02-27,121.290001
2017-02-28,121.739998
2017-03-01,119.470001
2017-03-02,119.040001
2017-03-03,119.349998
2017-03-06,118.779999
2017-03-07,118.419998
2017-03-08,117.779999
2017-03-09,116.839996
2017-03-10,117.250000
2017-03-13,116.510002
2017-03-14,117.070000
2017-03-15,118.500000
2017-03-16,117.900002
2017-03-17,118.639999
2017-03-20,119.150002
2017-03-21,120.139999
2017-03-22,120.620003
2017-03-23,120.449997
2017-03-24,120.879997
2017-03-27,121.430000
2017-03-28,120.620003
2017-03-29,121.339996
2017-03-30,120.360001
2017-03-31,120.709999
2017-04-03,121.669998
2017-04-04,121.010002
2017-04-05,121.379997
2017-04-06,121.199997
2017-04-07,120.709999
2017-04-10,121.269997
2017-04-11,122.419998
2017-04-12,123.089996
2017-04-13,123.470001
2017-04-17,123.089996
2017-04-18,124.699997
2017-04-19,124.019997
2017-04-20,123.540001
2017-04-21,123.540001
2017-04-24,122.930000
2017-04-25,121.449997
2017-04-26,122.120003
2017-04-27,122.080002
2017-04-28,122.349998
2017-05-01,121.080002
2017-05-02,121.699997
2017-05-03,121.779999
2017-05-04,121.180000
2017-05-05,121.290001
2017-05-08,120.629997
2017-05-09,120.620003
2017-05-10,120.480003
2017-05-11,120.480003
2017-05-12,121.389999
2017-05-15,121.059998
2017-05-16,121.510002
2017-05-17,123.279999
2017-05-18,123.419998
2017-05-19,123.709999
2017-05-22,123.370003
2017-05-23,122.540001
2017-05-24,123.230003
2017-05-25,123.269997
2017-05-26,123.480003
2017-05-30,124.089996
2017-05-31,124.400002
2017-06-01,124.150002
2017-06-02,125.620003
2017-06-05,124.839996
2017-06-06,125.519997
2017-06-07,124.919998
2017-06-08,124.589996
2017-06-09,124.400002
2017-06-12,124.360001
2017-06-13,124.379997
2017-06-14,126.300003
2017-06-15,126.099998
2017-06-16,126.349998
2017-06-19,126.169998
2017-06-20,127.300003
2017-06-21,127.559998
2017-06-22,127.839996
2017-06-23,127.779999
2017-06-26,128.259995
2017-06-27,126.889999
2017-06-28,126.470001
2017-06-29,125.410004
2017-06-30,125.120003
2017-07-03,124.459999
2017-07-05,124.489998
2017-07-06,123.459999
2017-07-07,122.720001
2017-07-10,122.900002
2017-07-11,123.110001
2017-07-12,123.959999
2017-07-13,123.180000
2017-07-14,123.330002
2017-07-17,123.669998
2017-07-18,124.750000
2017-07-19,124.800003
2017-07-20,125.160004
2017-07-21,125.690002
2017-07-24,125.199997
2017-07-25,123.570000
2017-07-26,123.769997
2017-07-27,123.160004
2017-07-28,123.889999
2017-07-31,124.040001
2017-08-01,124.639999
2017-08-02,124.709999
2017-08-03,126.000000
2017-08-04,124.930000
2017-08-07,125.070000
2017-08-08,124.620003
2017-08-09,125.300003
2017-08-10,126.370003
2017-08-11,126.430000
2017-08-14,125.779999
2017-08-15,125.250000
2017-08-16,125.709999
2017-08-17,126.650002
2017-08-18,126.620003
2017-08-21,126.930000
2017-08-22,126.440002
2017-08-23,127.300003
2017-08-24,126.830002
2017-08-25,127.320000
2017-08-28,127.239998
2017-08-29,127.650002
2017-08-30,127.610001
2017-08-31,127.989998
2017-09-01,126.750000
2017-09-05,128.759995
2017-09-06,127.970001
2017-09-07,129.279999
2017-09-08,129.000000
2017-09-11,127.459999
2017-09-12,126.790001
2017-09-13,126.290001
2017-09-14,126.809998
2017-09-15,126.860001
2017-09-18,126.129997
2017-09-19,125.820000
2017-09-20,125.910004
2017-09-21,125.839996
2017-09-22,126.199997
2017-09-25,126.989998
2017-09-26,126.760002
2017-09-27,124.849998
2017-09-28,124.480003
2017-09-29,124.760002
2017-10-02,124.279999
2017-10-03,124.400002
2017-10-04,124.410004
2017-10-05,123.940002
2017-10-06,123.589996
2017-10-09,123.980003
2017-10-10,124.180000
2017-10-11,124.419998
2017-10-12,124.949997
2017-10-13,125.849998
2017-10-16,125.760002
2017-10-17,125.919998
2017-10-18,125.089996
2017-10-19,125.309998
2017-10-20,123.980003
2017-10-23,124.199997
2017-10-24,123.430000
2017-10-25,122.839996
2017-10-26,122.430000
2017-10-27,123.239998
2017-10-30,124.419998
2017-10-31,124.459999
2017-11-01,124.750000
2017-11-02,125.300003
2017-11-03,125.639999
2017-11-06,126.110001
2017-11-07,126.639999
2017-11-08,126.360001
2017-11-09,126.000000
2017-11-10,124.099998
2017-11-13,124.360001
2017-11-14,125.199997
2017-11-15,126.559998
2017-11-16,125.459999
2017-11-17,126.389999
2017-11-20,126.339996
2017-11-21,126.739998
2017-11-22,127.150002
2017-11-24,126.800003
2017-11-27,126.620003
2017-11-28,126.790001
2017-11-29,125.540001
2017-11-30,125.120003
2017-12-01,126.550003
2017-12-04,126.610001
2017-12-05,127.239998
2017-12-06,127.680000
2017-12-07,126.680000
2017-12-08,126.690002
2017-12-11,126.430000
2017-12-12,126.379997
2017-12-13,127.330002
2017-12-14,127.870003
2017-12-15,128.350006
2017-12-18,127.180000
2017-12-19,125.529999
2017-12-20,124.139999
2017-12-21,124.599998
2017-12-22,124.769997
2017-12-26,125.139999
2017-12-27,126.769997
2017-12-28,126.660004
2017-12-29,126.860001
2018-01-02,125.489998
2018-01-03,126.089996
2018-01-04,126.070000
2018-01-05,125.709999
2018-01-08,125.629997
2018-01-09,123.949997
2018-01-10,123.800003
2018-01-11,124.309998
2018-01-12,124.519997
2018-01-16,125.040001
2018-01-17,124.870003
2018-01-18,123.709999
2018-01-19,123.059998
2018-01-22,123.180000
2018-01-23,123.709999
2018-01-24,123.040001
2018-01-25,124.050003
2018-01-26,123.589996
2018-01-29,122.730003
2018-01-30,122.010002
2018-01-31,122.730003
2018-02-01,120.699997
2018-02-02,119.580002
2018-02-05,120.709999
2018-02-06,119.959999
2018-02-07,118.820000
2018-02-08,118.690002
2018-02-09,117.940002
2018-02-12,118.459999
2018-02-13,118.989998
2018-02-14,117.669998
2018-02-15,118.070000
2018-02-16,118.709999
2018-02-20,118.190002
2018-02-21,116.739998
2018-02-22,117.089996
2018-02-23,118.129997
2018-02-26,118.169998
2018-02-27,118.000000
2018-02-28,118.750000
2018-03-01,119.320000
2018-03-02,118.349998
2018-03-05,118.029999
2018-03-06,118.139999
2018-03-07,118.010002
2018-03-08,118.690002
2018-03-09,117.910004
2018-03-12,118.589996
2018-03-13,119.190002
2018-03-14,120.239998
2018-03-15,120.239998
2018-03-16,119.809998
2018-03-19,119.430000
2018-03-20,118.949997
2018-03-21,119.080002
2018-03-22,120.260002
2018-03-23,120.169998
2018-03-26,119.709999
2018-03-27,120.989998
2018-03-28,121.309998
2018-03-29,121.900002
2018-04-02,121.879997
2018-04-03,120.940002
2018-04-04,120.690002
2018-04-05,119.790001
2018-04-06,121.099998
2018-04-09,121.300003
2018-04-10,121.080002
2018-04-11,121.510002
2018-04-12,120.620003
2018-04-13,120.900002
2018-04-16,120.940002
2018-04-17,121.269997
2018-04-18,120.300003
2018-04-19,119.320000
2018-04-20,118.459999
2018-04-23,118.489998
2018-04-24,117.949997
2018-04-25,117.160004
2018-04-26,117.980003
2018-04-27,118.889999
2018-04-30,119.099998
2018-05-01,118.410004
2018-05-02,118.279999
2018-05-03,118.809998
2018-05-04,118.989998
2018-05-07,118.800003
2018-05-08,118.690002
2018-05-09,117.980003
2018-05-10,118.930000
2018-05-11,119.230003
2018-05-14,118.599998
2018-05-15,117.250000
2018-05-16,116.800003
2018-05-17,116.209999
2018-05-18,117.209999
2018-05-21,117.269997
2018-05-22,117.089996
2018-05-23,117.940002
2018-05-24,118.879997
2018-05-25,119.620003
2018-05-29,122.239998
2018-05-30,121.419998
2018-05-31,121.220001
2018-06-01,120.300003
2018-06-04,119.430000
2018-06-05,119.709999
2018-06-06,118.739998
2018-06-07,119.889999
2018-06-08,119.529999
2018-06-11,119.309998
2018-06-12,119.339996
2018-06-13,119.279999
2018-06-14,120.269997
2018-06-15,120.379997
2018-06-18,120.269997
2018-06-19,120.970001
2018-06-20,119.910004
2018-06-21,120.540001
2018-06-22,120.529999
2018-06-25,120.800003
2018-06-26,120.970001
2018-06-27,122.110001
2018-06-28,122.139999
2018-06-29,121.720001
2018-07-02,121.349998
2018-07-03,122.000000
2018-07-05,122.349998
2018-07-06,122.750000
2018-07-09,121.959999
2018-07-10,121.949997
2018-07-11,122.419998
2018-07-12,122.410004
2018-07-13,122.720001
2018-07-16,122.209999
2018-07-17,121.980003
2018-07-18,121.489998
2018-07-19,122.260002
2018-07-20,120.760002
2018-07-23,119.269997
2018-07-24,119.680000
2018-07-25,119.489998
2018-07-26,119.260002
2018-07-27,119.459999
2018-07-30,119.050003
2018-07-31,119.699997
2018-08-01,118.459999
2018-08-02,118.629997
2018-08-03,119.220001
2018-08-06,119.290001
2018-08-07,118.669998
2018-08-08,118.790001
2018-08-09,119.790001
2018-08-10,120.660004
2018-08-13,120.410004
2018-08-14,120.139999
2018-08-15,120.839996
2018-08-16,120.830002
2018-08-17,120.980003
2018-08-20,121.790001
2018-08-21,121.379997
2018-08-22,121.860001
2018-08-23,122.050003
2018-08-24,122.290001
2018-08-27,121.589996
2018-08-28,120.860001
2018-08-29,121.019997
2018-08-30,121.279999
2018-08-31,121.000000
2018-09-04,120.029999
2018-09-05,119.709999
2018-09-06,120.150002
2018-09-07,119.129997
2018-09-10,119.570000
2018-09-11,118.660004
2018-09-12,118.940002
2018-09-13,119.120003
2018-09-14,118.550003
2018-09-17,118.550003
2018-09-18,117.309998
2018-09-19,116.610001
2018-09-20,117.150002
2018-09-21,117.099998
2018-09-24,116.800003
2018-09-25,116.680000
2018-09-26,117.500000
2018-09-27,117.580002
2018-09-28,117.269997
2018-10-01,116.150002
2018-10-02,116.860001
2018-10-03,114.830002
2018-10-04,114.019997
2018-10-05,113.040001
2018-10-08,112.660004
2018-10-09,113.800003
2018-10-10,113.489998
2018-10-11,114.870003
2018-10-12,114.470001
2018-10-15,114.419998
2018-10-16,114.680000
2018-10-17,114.000000
2018-10-18,113.959999
2018-10-19,113.709999
2018-10-22,113.559998
2018-10-23,113.919998
2018-10-24,114.779999
2018-10-25,114.300003
2018-10-26,114.989998
2018-10-29,114.730003
2018-10-30,114.160004
2018-10-31,113.580002
2018-11-01,113.410004
2018-11-02,112.000000
2018-11-05,112.440002
2018-11-06,112.370003
2018-11-07,112.519997
2018-11-08,112.510002
2018-11-09,113.349998
2018-11-12,114.089996
2018-11-13,114.019997
2018-11-14,114.089996
2018-11-15,114.040001
2018-11-16,114.699997
2018-11-19,115.019997
2018-11-20,115.059998
2018-11-21,115.019997
2018-11-23,115.139999
2018-11-26,114.879997
2018-11-27,115.010002
2018-11-28,114.449997
2018-11-29,114.900002
2018-11-30,115.330002
2018-12-03,115.879997
2018-12-04,117.820000
2018-12-06,118.190002
2018-12-07,118.410004
2018-12-10,118.900002
2018-12-11,118.879997
2018-12-12,118.349998
2018-12-13,118.070000
2018-12-14,118.480003
2018-12-17,119.169998
2018-12-18,119.599998
2018-12-19,121.180000
2018-12-20,120.739998
2018-12-21,120.720001
2018-12-24,121.320000
2018-12-26,120.019997
2018-12-27,120.040001
2018-12-28,121.050003
2018-12-31,121.510002
2019-01-02,122.150002
2019-01-03,123.540001
2019-01-04,122.110001
2019-01-07,121.750000
2019-01-08,121.430000
2019-01-09,121.239998
2019-01-10,120.459999
2019-01-11,120.930000
2019-01-14,120.480003
2019-01-15,120.040001
2019-01-16,120.160004
2019-01-17,120.190002
2019-01-18,119.559998
2019-01-22,120.370003
2019-01-23,120.320000
2019-01-24,121.110001
2019-01-25,120.529999
2019-01-28,120.410004
2019-01-29,121.019997
2019-01-30,120.930000
2019-01-31,121.970001
2019-02-01,120.959999
2019-02-04,120.419998
2019-02-05,120.970001
2019-02-06,121.029999
2019-02-07,121.830002
2019-02-08,122.349998
2019-02-11,121.870003
2019-02-12,121.559998
2019-02-13,121.099998
2019-02-14,121.790001
2019-02-15,121.980003
2019-02-19,122.290001
2019-02-20,121.940002
2019-02-21,120.849998
2019-02-22,121.570000
2019-02-25,121.209999
2019-02-26,121.809998
2019-02-27,120.430000
2019-02-28,120.019997
2019-03-01,118.660004
2019-03-04,119.589996
2019-03-05,119.839996
2019-03-06,120.279999
2019-03-07,121.059998
2019-03-08,121.570000
2019-03-11,121.209999
2019-03-12,122.059998
2019-03-13,121.830002
2019-03-14,120.949997
2019-03-15,121.750000
2019-03-18,121.680000
2019-03-19,121.410004
2019-03-20,122.680000
2019-03-21,122.949997
2019-03-22,124.860001
2019-03-25,125.059998
2019-03-26,124.970001
2019-03-27,126.120003
2019-03-28,126.559998
2019-03-29,126.440002
2019-04-01,124.370003
2019-04-02,124.599998
2019-04-03,123.519997
2019-04-04,123.870003
2019-04-05,124.029999
2019-04-08,123.589996
2019-04-09,123.980003
2019-04-10,124.279999
2019-04-11,123.550003
2019-04-12,122.669998
2019-04-15,122.980003
2019-04-16,122.209999
2019-04-17,122.260002
2019-04-18,122.900002
2019-04-22,122.309998
2019-04-23,122.570000
2019-04-24,123.570000
2019-04-25,123.389999
2019-04-26,123.809998
2019-04-29,123.019997
2019-04-30,123.650002
2019-05-01,123.900002
2019-05-02,123.309998
2019-05-03,123.660004
2019-05-06,124.000000
2019-05-07,124.949997
2019-05-08,124.410004
2019-05-09,124.919998
2019-05-10,124.750000
2019-05-13,125.730003
2019-05-14,125.360001
2019-05-15,126.129997
2019-05-16,125.709999
2019-05-17,125.989998
2019-05-20,125.730003
2019-05-21,125.529999
2019-05-22,126.250000
2019-05-23,127.669998
2019-05-24,127.779999
2019-05-28,128.699997
2019-05-29,129.089996
2019-05-30,130.199997
2019-05-31,131.830002
2019-06-03,132.440002
2019-06-04,130.929993
2019-06-05,130.190002
2019-06-06,130.610001
2019-06-07,131.740005
2019-06-10,130.500000
2019-06-11,130.580002
2019-06-12,130.679993
2019-06-13,131.130005
2019-06-14,131.460007
2019-06-17,131.690002
2019-06-18,132.350006
2019-06-19,132.539993
2019-06-20,132.889999
2019-06-21,131.429993
2019-06-24,132.410004
2019-06-25,132.820007
2019-06-26,131.970001
2019-06-27,132.899994
2019-06-28,132.809998
2019-07-01,132.240005
2019-07-02,133.259995
2019-07-03,134.210007
2019-07-05,132.429993
2019-07-08,132.610001
2019-07-09,132.559998
2019-07-10,131.830002
2019-07-11,130.070007
2019-07-12,130.220001
2019-07-15,130.970001
2019-07-16,130.580002
2019-07-17,131.990005
2019-07-18,132.000000
2019-07-19,131.690002
2019-07-22,131.940002
2019-07-23,131.220001
2019-07-24,131.789993
2019-07-25,131.160004
2019-07-26,131.470001
2019-07-29,131.509995
2019-07-30,131.830002
2019-07-31,132.889999
2019-08-01,135.259995
2019-08-02,136.509995
2019-08-05,138.869995
2019-08-06,139.979996
2019-08-07,140.029999
2019-08-08,140.330002
2019-08-09,140.050003
2019-08-12,142.970001
2019-08-13,142.479996
2019-08-14,145.690002
2019-08-15,147.309998
2019-08-16,146.130005
2019-08-19,144.039993
2019-08-20,145.529999
2019-08-21,144.559998
2019-08-22,143.600006
2019-08-23,145.960007
2019-08-26,145.369995
2019-08-27,147.610001
2019-08-28,147.800003
2019-08-29,147.240005
2019-08-30,147.279999
2019-09-03,147.210007
2019-09-04,147.429993
2019-09-05,144.759995
2019-09-06,145.789993
2019-09-09,143.199997
2019-09-10,140.690002
2019-09-11,140.440002
2019-09-12,139.520004
2019-09-13,136.539993
2019-09-16,138.279999
2019-09-17,139.029999
2019-09-18,139.619995
2019-09-19,140.039993
2019-09-20,141.889999
2019-09-23,141.860001
2019-09-24,143.570007
2019-09-25,141.470001
2019-09-26,142.380005
2019-09-27,142.729996
2019-09-30,143.080002
2019-10-01,143.259995
2019-10-02,143.610001
2019-10-03,144.919998
2019-10-04,145.990005
2019-10-07,144.779999
2019-10-08,145.169998
2019-10-09,144.350006
2019-10-10,142.199997
2019-10-11,140.440002
2019-10-14,141.460007
2019-10-15,139.750000
2019-10-16,139.919998
2019-10-17,139.580002
2019-10-18,139.580002
2019-10-21,138.529999
2019-10-22,139.339996
2019-10-23,139.479996
2019-10-24,139.199997
2019-10-25,138.520004
2019-10-28,137.259995
2019-10-29,137.350006
2019-10-30,139.360001
2019-10-31,141.240005
2019-11-01,140.559998
2019-11-04,138.710007
2019-11-05,137.149994
2019-11-06,137.979996
2019-11-07,135.479996
2019-11-08,134.910004
2019-11-11,135.000000
2019-11-12,135.619995
2019-11-13,136.500000
2019-11-14,137.910004
2019-11-15,137.759995
2019-11-18,138.009995
2019-11-19,139.160004
2019-11-20,140.600006
2019-11-21,139.720001
2019-11-22,139.899994
2019-11-25,140.309998
2019-11-26,141.130005
2019-11-27,140.720001
2019-11-29,140.419998
2019-12-02,138.309998
2019-12-03,141.210007
2019-12-04,139.800003
2019-12-05,139.119995
2019-12-06,138.350006
2019-12-09,138.649994
2019-12-10,138.660004
2019-12-11,139.750000
2019-12-12,137.449997
2019-12-13,139.039993
2019-12-16,137.789993
2019-12-17,137.600006
2019-12-18,136.470001
2019-12-19,136.470001
2019-12-20,136.649994
2019-12-23,136.449997
2019-12-24,136.839996
2019-12-26,137.169998
2019-12-27,137.320007
2019-12-30,136.820007
2019-12-31,135.479996
2020-01-02,137.009995
2020-01-03,139.119995
2020-01-06,138.330002
2020-01-07,137.649994
2020-01-08,136.740005
2020-01-09,137.220001
2020-01-10,138.440002
2020-01-13,138.020004
2020-01-14,138.729996
2020-01-15,139.649994
2020-01-16,139.210007
2020-01-17,138.020004
2020-01-21,139.470001
2020-01-22,139.960007
2020-01-23,140.940002
2020-01-24,142.080002
2020-01-27,144.289993
2020-01-28,143.160004
2020-01-29,144.559998
2020-01-30,144.580002
2020-01-31,145.899994
2020-02-03,145.539993
2020-02-04,143.580002
2020-02-05,142.009995
2020-02-06,142.649994
2020-02-07,144.429993
2020-02-10,144.830002
2020-02-11,144.100006
2020-02-12,143.369995
2020-02-13,143.919998
2020-02-14,144.550003
2020-02-18,145.539993
2020-02-19,145.529999
2020-02-20,146.669998
2020-02-21,148.039993
2020-02-24,150.250000
2020-02-25,151.050003
2020-02-26,150.250000
2020-02-27,151.880005
2020-02-28,155.309998
2020-03-02,153.940002
2020-03-03,156.330002
2020-03-04,154.669998
2020-03-05,158.520004
2020-03-06,166.770004
2020-03-09,171.289993
2020-03-10,162.509995
2020-03-11,156.529999
2020-03-12,157.500000
2020-03-13,153.940002
2020-03-16,163.910004
2020-03-17,152.979996
2020-03-18,144.350006
2020-03-19,148.279999
2020-03-20,159.429993
2020-03-23,166.000000
2020-03-24,162.910004
2020-03-25,162.539993
2020-03-26,163.339996
2020-03-27,167.699997
2020-03-30,166.320007
2020-03-31,164.970001
2020-04-01,167.039993
2020-04-02,168.100006
2020-04-03,168.500000
2020-04-06,168.059998
2020-04-07,166.300003
2020-04-08,165.089996
2020-04-09,165.389999
2020-04-13,163.880005
2020-04-14,163.839996
2020-04-15,168.179993
2020-04-16,170.089996
2020-04-17,167.809998
2020-04-20,169.160004
2020-04-21,171.289993
2020-04-22,169.539993
2020-04-23,170.440002
2020-04-24,170.839996
2020-04-27,167.660004
2020-04-28,169.589996
2020-04-29,168.710007
2020-04-30,166.740005
2020-05-01,167.949997
2020-05-04,167.160004
2020-05-05,166.089996
2020-05-06,163.410004
2020-05-07,166.139999
2020-05-08,163.979996
2020-05-11,162.699997
2020-05-12,164.369995
2020-05-13,165.520004
2020-05-14,167.139999
2020-05-15,166.710007
2020-05-18,163.050003
2020-05-19,163.660004
2020-05-20,164.149994
2020-05-21,164.559998
2020-05-22,165.550003
2020-05-26,163.330002
2020-05-27,163.029999
2020-05-28,162.429993
2020-05-29,163.589996
2020-06-01,162.279999
2020-06-02,161.690002
2020-06-03,159.539993
2020-06-04,157.229996
2020-06-05,156.110001
2020-06-08,156.710007
2020-06-09,158.490005
2020-06-10,160.839996
2020-06-11,163.880005
2020-06-12,162.300003
2020-06-15,162.389999
2020-06-16,159.899994
2020-06-17,160.559998
2020-06-18,162.259995
2020-06-19,162.389999
2020-06-22,162.410004
2020-06-23,161.300003
2020-06-24,163.029999
2020-06-25,163.500000
2020-06-26,165.250000
2020-06-29,164.729996
2020-06-30,163.929993
2020-07-01,163.419998
2020-07-02,163.589996
2020-07-06,162.919998
2020-07-07,165.210007
2020-07-08,164.550003
2020-07-09,167.169998
2020-07-10,166.330002
2020-07-13,166.880005
2020-07-14,167.119995
2020-07-15,166.339996
2020-07-16,167.130005
2020-07-17,166.779999
2020-07-20,167.190002
2020-07-21,167.289993
2020-07-22,167.789993
2020-07-23,169.750000
2020-07-24,169.740005
2020-07-27,169.110001
2020-07-28,170.279999
2020-07-29,169.990005
2020-07-30,171.110001
2020-07-31,171.000000
2020-08-03,169.949997
2020-08-04,171.570007
2020-08-05,170.070007
2020-08-06,171.020004
2020-08-07,169.880005
2020-08-10,169.119995
2020-08-11,167.110001
2020-08-12,165.589996
2020-08-13,163.820007
2020-08-14,163.179993
2020-08-17,163.589996
2020-08-18,164.759995
2020-08-19,163.729996
2020-08-20,165.210007
2020-08-21,166.199997
2020-08-24,165.929993
2020-08-25,164.660004
2020-08-26,164.029999
2020-08-27,161.240005
2020-08-28,161.119995
2020-08-31,162.190002
2020-09-01,163.860001
2020-09-02,165.419998
2020-09-03,165.889999
2020-09-04,162.740005
2020-09-08,163.740005
2020-09-09,163.300003
2020-09-10,164.130005
2020-09-11,164.479996
2020-09-14,164.470001
2020-09-15,164.070007
2020-09-16,163.580002
2020-09-17,164.080002
2020-09-18,163.570007
2020-09-21,164.399994
2020-09-22,164.270004
2020-09-23,164.490005
2020-09-24,165.119995
2020-09-25,165.119995
2020-09-28,164.649994
2020-09-29,164.839996
2020-09-30,163.259995
2020-10-01,163.360001
2020-10-02,162.750000
2020-10-05,159.570007
2020-10-06,160.429993
2020-10-07,159.259995
2020-10-08,160.119995
2020-10-09,160.089996
2020-10-12,160.600006
2020-10-13,161.750000
2020-10-14,162.119995
2020-10-15,161.839996
2020-10-16,161.389999
2020-10-19,160.779999
2020-10-20,159.250000
2020-10-21,158.699997
2020-10-22,157.050003
2020-10-23,158.009995
2020-10-26,159.479996
2020-10-27,160.550003
2020-10-28,160.699997
2020-10-29,159.139999
2020-10-30,157.570007
2020-11-02,158.580002
2020-11-03,157.660004
2020-11-04,161.080002
2020-11-05,161.360001
2020-11-06,159.410004
2020-11-09,156.059998
2020-11-10,155.160004
2020-11-11,155.720001
2020-11-12,158.369995
2020-11-13,158.160004
2020-11-16,157.779999
2020-11-17,158.809998
2020-11-18,159.270004
2020-11-19,160.089996
2020-11-20,161.509995
2020-11-23,160.770004
2020-11-24,159.169998
2020-11-25,158.679993
2020-11-27,160.220001
2020-11-30,160.020004
2020-12-01,157.500000
2020-12-02,156.250000
2020-12-03,157.509995
2020-12-04,155.199997
2020-12-07,156.600006
2020-12-08,157.339996
2020-12-09,156.820007
2020-12-10,158.210007
2020-12-11,158.770004
2020-12-14,158.330002
2020-12-15,157.800003
2020-12-16,157.380005
2020-12-17,156.800003
2020-12-18,156.330002
2020-12-21,156.949997
2020-12-22,157.759995
2020-12-23,156.669998
2020-12-24,157.289993
2020-12-28,157.360001
2020-12-29,157.160004
2020-12-30,157.500000
2020-12-31,157.729996
2021-01-04,157.539993
2021-01-05,156.369995
2021-01-06,153.160004
2021-01-07,151.809998
2021-01-08,151.320007
2021-01-11,151.070007
2021-01-12,150.949997
2021-01-13,152.649994
2021-01-14,151.220001
2021-01-15,151.820007
2021-01-19,152.309998
2021-01-20,152.460007
2021-01-21,151.389999
2021-01-22,151.880005
2021-01-25,153.669998
2021-01-26,153.380005
2021-01-27,153.770004
2021-01-28,152.919998
2021-01-29,152.000000
2021-02-01,152.000000
2021-02-02,151.020004
2021-02-03,149.679993
2021-02-04,149.279999
2021-02-05,148.029999
2021-02-08,148.679993
2021-02-09,148.789993
2021-02-10,149.779999
2021-02-11,148.960007
2021-02-12,147.110001
2021-02-16,144.869995
2021-02-17,145.789993
2021-02-18,145.199997
2021-02-19,143.270004
2021-02-22,142.179993
2021-02-23,141.770004
2021-02-24,140.839996
2021-02-25,138.539993
2021-02-26,143.119995
2021-03-01,141.059998
2021-03-02,141.070007
2021-03-03,139.539993
2021-03-04,138.639999
2021-03-05,138.910004
2021-03-08,137.830002
2021-03-09,139.740005
2021-03-10,140.020004
2021-03-11,139.009995
2021-03-12,136.059998
2021-03-15,136.860001
2021-03-16,136.309998
2021-03-17,135.289993
2021-03-18,133.919998
2021-03-19,134.750000
2021-03-22,136.259995
2021-03-23,137.490005
2021-03-24,138.229996
2021-03-25,137.139999
2021-03-26,136.660004
2021-03-29,135.500000
2021-03-30,136.210007
2021-03-31,135.449997
2021-04-01,137.509995
2021-04-05,136.910004
2021-04-06,137.839996
2021-04-07,136.880005
2021-04-08,138.009995
2021-04-09,137.509995
2021-04-12,137.449997
2021-04-13,138.479996
2021-04-14,138.039993
2021-04-15,140.350006
2021-04-16,139.259995
2021-04-19,138.860001
2021-04-20,139.500000
2021-04-21,139.779999
2021-04-22,140.389999
2021-04-23,140.059998
2021-04-26,139.860001
2021-04-27,138.639999
2021-04-28,138.729996
2021-04-29,138.320007
2021-04-30,138.639999
2021-05-03,138.520004
2021-05-04,139.460007
2021-05-05,139.690002
2021-05-06,139.919998
2021-05-07,139.229996
2021-05-10,137.820007
2021-05-11,137.039993
2021-05-12,135.600006
2021-05-13,135.809998
2021-05-14,137.080002
2021-05-17,136.789993
2021-05-18,136.440002
2021-05-19,136.110001
2021-05-20,137.229996
2021-05-21,137.669998
2021-05-24,138.179993
2021-05-25,139.460007
2021-05-26,139.220001
2021-05-27,138.660004
2021-05-28,138.440002
2021-06-01,138.210007
2021-06-02,138.529999
2021-06-03,138.009995
2021-06-04,139.899994
2021-06-07,139.470001
2021-06-08,140.449997
2021-06-09,141.690002
2021-06-10,142.539993
2021-06-11,142.309998
2021-06-14,141.220001
2021-06-15,141.050003
2021-06-16,140.929993
2021-06-17,143.039993
2021-06-18,145.729996
2021-06-21,143.289993
2021-06-22,143.639999
2021-06-23,143.270004
2021-06-24,143.500000
2021-06-25,142.009995
2021-06-28,143.470001
2021-06-29,143.710007
2021-06-30,144.350006
2021-07-01,144.169998
2021-07-02,145.039993
2021-07-06,146.740005
2021-07-07,148.039993
2021-07-08,148.619995
2021-07-09,146.529999
2021-07-12,146.339996
2021-07-13,145.220001
2021-07-14,146.869995
2021-07-15,148.490005
2021-07-16,148.210007
2021-07-19,151.460007
2021-07-20,150.000000
2021-07-21,148.100006
2021-07-22,149.500000
2021-07-23,148.500000
2021-07-26,148.059998
2021-07-27,149.639999
2021-07-28,149.649994
2021-07-29,148.820007
2021-07-30,149.520004
2021-08-02,150.669998
2021-08-03,150.750000
2021-08-04,151.059998
2021-08-05,150.289993
2021-08-06,147.779999
2021-08-09,147.250000
2021-08-10,146.570007
2021-08-11,146.479996
2021-08-12,146.240005
2021-08-13,148.550003
2021-08-16,148.910004
2021-08-17,148.850006
2021-08-18,149.350006
2021-08-19,150.449997
2021-08-20,150.550003
2021-08-23,150.449997
2021-08-24,149.279999
2021-08-25,148.039993
2021-08-26,148.449997
2021-08-27,149.460007
2021-08-30,149.850006
2021-08-31,148.830002
2021-09-01,148.889999
2021-09-02,149.539993
2021-09-03,148.179993
2021-09-07,146.929993
2021-09-08,147.929993
2021-09-09,149.720001
2021-09-10,148.399994
2021-09-13,149.300003
2021-09-14,151.110001
2021-09-15,150.580002
2021-09-16,149.889999
2021-09-17,149.169998
2021-09-20,151.020004
2021-09-21,150.889999
2021-09-22,151.789993
2021-09-23,148.360001
2021-09-24,146.910004
2021-09-27,146.369995
2021-09-28,144.089996
2021-09-29,144.339996
2021-09-30,144.320007
2021-10-01,145.350006
2021-10-04,144.979996
2021-10-05,143.580002
2021-10-06,144.389999
2021-10-07,142.880005
2021-10-08,141.880005
2021-10-11,141.520004
2021-10-12,143.940002
2021-10-13,145.339996
2021-10-14,145.880005
2021-10-15,145.029999
2021-10-18,145.710007
2021-10-19,143.699997
2021-10-20,142.729996
2021-10-21,142.559998
2021-10-22,144.130005
2021-10-25,143.910004
2021-10-26,145.100006
2021-10-27,147.740005
2021-10-28,147.240005
2021-10-29,147.690002
2021-11-01,146.440002
2021-11-02,147.089996
2021-11-03,145.570007
2021-11-04,147.100006
2021-11-05,149.300003
2021-11-08,149.020004
2021-11-09,150.960007
2021-11-10,148.199997
2021-11-11,147.979996
2021-11-12,147.330002
2021-11-15,145.479996
2021-11-16,145.110001
2021-11-17,146.259995
2021-11-18,146.809998
2021-11-19,148.360001
2021-11-22,146.619995
2021-11-23,144.500000
2021-11-24,146.820007
2021-11-26,150.529999
2021-11-29,149.320007
2021-11-30,151.589996
2021-12-01,152.339996
2021-12-02,152.529999
2021-12-03,154.350006
2021-12-06,152.229996
2021-12-07,151.000000
2021-12-08,148.389999
2021-12-09,149.220001
2021-12-10,148.860001
2021-12-13,151.059998
2021-12-14,150.699997
2021-12-15,149.250000
2021-12-16,149.139999
2021-12-17,150.830002
2021-12-20,149.699997
2021-12-21,149.130005
2021-12-22,149.820007
2021-12-23,148.520004
2021-12-27,148.880005
2021-12-28,148.289993
2021-12-29,146.669998
2021-12-30,147.899994
2021-12-31,148.190002
2022-01-03,144.300003
2022-01-04,143.699997
2022-01-05,142.919998
2022-01-06,143.289993
2022-01-07,142.259995
2022-01-10,142.610001
2022-01-11,143.559998
2022-01-12,143.009995
2022-01-13,144.279999
2022-01-14,142.100006
2022-01-18,140.100006
2022-01-19,141.070007
2022-01-20,141.940002
2022-01-21,143.630005
2022-01-24,142.449997
2022-01-25,142.220001
2022-01-26,140.500000
2022-01-27,143.080002
2022-01-28,143.130005
2022-01-31,142.389999
2022-02-01,141.720001
2022-02-02,142.199997
2022-02-03,141.089996
2022-02-04,139.009995
2022-02-07,139.100006
2022-02-08,138.169998
2022-02-09,138.429993
2022-02-10,136.229996
2022-02-11,138.250000
2022-02-14,136.529999
2022-02-15,134.979996
2022-02-16,135.779999
2022-02-17,136.789993
2022-02-18,138.229996
2022-02-22,138.589996
2022-02-23,136.679993
2022-02-24,136.770004
2022-02-25,136.869995
2022-02-28,139.869995
2022-03-01,141.300003
2022-03-02,136.470001
2022-03-03,137.860001
2022-03-04,140.240005
2022-03-07,139.169998
2022-03-08,137.770004
2022-03-09,136.419998
2022-03-10,134.460007
2022-03-11,134.910004
2022-03-14,131.759995
2022-03-15,131.529999
2022-03-16,132.820007
2022-03-17,131.830002
2022-03-18,133.440002
2022-03-21,130.350006
2022-03-22,128.679993
2022-03-23,131.500000
2022-03-24,130.470001
2022-03-25,128.660004
2022-03-28,129.759995
2022-03-29,130.740005
2022-03-30,131.759995
2022-03-31,132.080002
2022-04-01,132.380005
2022-04-04,131.460007
2022-04-05,128.490005
2022-04-06,127.449997
2022-04-07,126.489998
2022-04-08,125.120003
2022-04-11,123.139999
2022-04-12,122.970001
2022-04-13,123.220001
2022-04-14,120.750000
2022-04-18,120.150002
2022-04-19,119.250000
2022-04-20,121.650002
2022-04-21,120.750000
2022-04-22,119.989998
2022-04-25,121.190002
2022-04-26,122.410004
2022-04-27,120.839996
2022-04-28,121.019997
2022-04-29,119.449997
2022-05-02,117.180000
2022-05-03,117.970001
2022-05-04,118.620003
2022-05-05,115.370003
2022-05-06,113.669998
2022-05-09,114.669998
2022-05-10,115.709999
2022-05-11,117.940002
2022-05-12,117.720001
2022-05-13,115.980003
2022-05-16,115.860001
2022-05-17,114.459999
2022-05-18,116.900002
2022-05-19,117.180000
2022-05-20,118.510002
2022-05-23,116.559998
2022-05-24,118.860001
2022-05-25,119.330002
2022-05-26,118.790001
2022-05-27,119.080002
2022-05-31,116.559998
2022-06-01,116.220001
2022-06-02,116.279999
2022-06-03,116.029999
2022-06-06,113.889999
2022-06-07,115.120003
2022-06-08,114.099998
2022-06-09,114.480003
2022-06-10,113.769997
2022-06-13,110.199997
2022-06-14,108.809998
2022-06-15,110.839996
2022-06-16,111.720001
2022-06-17,112.080002
2022-06-21,110.180000
2022-06-22,113.209999
2022-06-23,114.139999
2022-06-24,112.559998
2022-06-27,111.599998
2022-06-28,112.120003
2022-06-29,113.870003
2022-06-30,114.870003
2022-07-01,115.820000
2022-07-05,116.730003
2022-07-06,114.769997
2022-07-07,113.760002
2022-07-08,112.500000
2022-07-11,114.440002
2022-07-12,115.120003
2022-07-13,116.440002
2022-07-14,115.489998
2022-07-15,116.139999
2022-07-18,114.930000
2022-07-19,114.309998
2022-07-20,114.610001
2022-07-21,116.589996
2022-07-22,118.550003
2022-07-25,117.389999
2022-07-26,117.480003
2022-07-27,116.820000
2022-07-28,117.750000
2022-07-29,117.430000
2022-08-01,120.040001
2022-08-02,117.500000
2022-08-03,119.349998
2022-08-04,119.309998
2022-08-05,116.470001
2022-08-08,118.349998
2022-08-09,117.889999
2022-08-10,117.120003
2022-08-11,114.389999
2022-08-12,115.550003
2022-08-15,115.449997
2022-08-16,115.930000
2022-08-17,114.720001
2022-08-18,114.889999
2022-08-19,113.040001
2022-08-22,112.660004
2022-08-23,112.040001
2022-08-24,111.220001
2022-08-25,112.769997
2022-08-26,113.620003
2022-08-29,112.680000
2022-08-30,112.959999
2022-08-31,111.879997
2022-09-01,109.599998
2022-09-02,110.220001
2022-09-06,107.489998
2022-09-07,109.190002
2022-09-08,108.070000
2022-09-09,108.309998
2022-09-12,107.419998
2022-09-13,107.669998
2022-09-14,108.040001
2022-09-15,107.970001
2022-09-16,107.070000
2022-09-19,107.320000
2022-09-20,106.250000
2022-09-21,108.029999
2022-09-22,105.269997
2022-09-23,105.699997
2022-09-26,103.680000
2022-09-27,100.949997
2022-09-28,104.330002
2022-09-29,103.790001
2022-09-30,102.449997
2022-10-03,103.830002
2022-10-04,103.540001
2022-10-05,102.550003
2022-10-06,101.980003
2022-10-07,100.989998
2022-10-10,99.419998
2022-10-11,99.860001
2022-10-12,100.349998
2022-10-13,99.389999
2022-10-14,98.570000
2022-10-17,98.089996
2022-10-18,98.320000
2022-10-19,96.529999
2022-10-20,94.879997
2022-10-21,93.169998
2022-10-24,92.400002
2022-10-25,95.089996
2022-10-26,96.459999
2022-10-27,97.470001
2022-10-28,96.800003
2022-10-31,96.110001
2022-11-01,96.769997
2022-11-02,96.349998
2022-11-03,95.830002
2022-11-04,94.220001
2022-11-07,93.279999
2022-11-08,94.300003
2022-11-09,94.610001
2022-11-10,98.250000
2022-11-11,97.889999
2022-11-14,97.650002
2022-11-15,99.230003
2022-11-16,101.400002
2022-11-17,100.330002
2022-11-18,99.639999
2022-11-21,100.059998
2022-11-22,101.480003
2022-11-23,103.250000
2022-11-25,102.900002
2022-11-28,103.190002
2022-11-29,101.980003
2022-11-30,102.730003
2022-12-01,105.760002
2022-12-02,107.089996
2022-12-05,105.589996
2022-12-06,106.949997
2022-12-07,109.470001
2022-12-08,109.169998
2022-12-09,106.330002
2022-12-12,106.669998
2022-12-13,107.699997
2022-12-14,108.160004
2022-12-15,108.320000
2022-12-16,107.110001
2022-12-19,105.309998
2022-12-20,103.440002
2022-12-21,103.699997
2022-12-22,103.680000
2022-12-23,102.160004
2022-12-27,100.139999
2022-12-28,99.550003
2022-12-29,100.680000
2022-12-30,99.559998
2023-01-03,101.459999
2023-01-04,102.849998
2023-01-05,103.279999
2023-01-06,105.180000
2023-01-09,105.739998
2023-01-10,103.989998
2023-01-11,105.680000
2023-01-12,107.760002
2023-01-13,106.750000
2023-01-17,106.059998
2023-01-18,108.629997
2023-01-19,107.949997
2023-01-20,106.199997
2023-01-23,105.699997
2023-01-24,107.220001
2023-01-25,107.480003
2023-01-26,106.980003
2023-01-27,106.709999
2023-01-30,106.320000
2023-01-31,107.169998
2023-02-01,108.180000
2023-02-02,108.320000
2023-02-03,106.699997
2023-02-06,105.910004
2023-02-07,105.059998
2023-02-08,105.559998
2023-02-09,104.559998
2023-02-10,103.389999
2023-02-13,104.260002
2023-02-14,104.019997
2023-02-15,103.050003
2023-02-16,101.589996
2023-02-17,102.379997
2023-02-21,100.389999
2023-02-22,101.309998
2023-02-23,102.300003
2023-02-24,100.970001
2023-02-27,101.250000
2023-02-28,101.709999
2023-03-01,100.370003
2023-03-02,99.480003
2023-03-03,101.889999
2023-03-06,101.099998
2023-03-07,101.720001
2023-03-08,101.820000
2023-03-09,102.070000
2023-03-10,105.589996
2023-03-13,105.830002
2023-03-14,104.089996
2023-03-15,106.099998
2023-03-16,105.269997
2023-03-17,106.849998
2023-03-20,105.910004
2023-03-21,105.000000
2023-03-22,106.400002
2023-03-23,106.400002
2023-03-24,106.849998
2023-03-27,104.339996
2023-03-28,104.529999
2023-03-29,104.320000
2023-03-30,104.800003
2023-03-31,106.370003
2023-04-03,106.599998
2023-04-04,107.129997
2023-04-05,108.250000
2023-04-06,108.529999
2023-04-10,106.779999
2023-04-11,107.000000
2023-04-12,106.889999
2023-04-13,106.050003
2023-04-14,105.080002
2023-04-17,103.830002
2023-04-18,104.199997
2023-04-19,104.099998
2023-04-20,104.989998
2023-04-21,104.400002
2023-04-24,105.410004
2023-04-25,106.959999
2023-04-26,105.820000
2023-04-27,104.769997
2023-04-28,106.459999
2023-05-01,103.129997
2023-05-02,105.699997
2023-05-03,106.290001
2023-05-04,105.239998
2023-05-05,104.889999
2023-05-08,103.419998
2023-05-09,103.050003
2023-05-10,104.050003
2023-05-11,105.150002
2023-05-12,104.269997
2023-05-15,103.190002
2023-05-16,102.879997
2023-05-17,102.580002
2023-05-18,101.820000
2023-05-19,101.099998
2023-05-22,100.739998
2023-05-23,101.029999
2023-05-24,100.529999
2023-05-25,100.279999
2023-05-26,101.089996
2023-05-30,102.099998
2023-05-31,102.989998
2023-06-01,103.120003
2023-06-02,101.989998
2023-06-05,101.800003
2023-06-06,102.400002
2023-06-07,100.879997
2023-06-08,102.059998
2023-06-09,101.919998
2023-06-12,102.220001
2023-06-13,101.209999
2023-06-14,102.019997
2023-06-15,103.000000
2023-06-16,102.599998
2023-06-20,103.309998
2023-06-21,103.559998
2023-06-22,102.309998
2023-06-23,103.330002
2023-06-26,103.440002
2023-06-27,103.169998
2023-06-28,103.610001
2023-06-29,101.739998
2023-06-30,102.940002
2023-07-03,102.080002
2023-07-05,101.110001
2023-07-06,99.680000
2023-07-07,99.080002
2023-07-10,99.209999
2023-07-11,99.720001
2023-07-12,100.830002
2023-07-13,101.889999
2023-07-14,101.290001
2023-07-17,101.339996
2023-07-18,101.800003
2023-07-19,102.949997
2023-07-20,101.699997
2023-07-21,101.730003
2023-07-24,101.360001
2023-07-25,101.169998
2023-07-26,101.269997
2023-07-27,99.300003
2023-07-28,99.809998
2023-07-31,100.050003
2023-08-01,98.139999
2023-08-02,97.089996
2023-08-03,94.849998
2023-08-04,96.529999
2023-08-07,95.580002
2023-08-08,96.690002
2023-08-09,97.190002
2023-08-10,95.589996
2023-08-11,95.370003
2023-08-14,95.160004
2023-08-15,94.580002
2023-08-16,93.839996
2023-08-17,93.440002
2023-08-18,93.769997
2023-08-21,92.519997
2023-08-22,93.230003
2023-08-23,95.540001
2023-08-24,94.910004
2023-08-25,95.220001
2023-08-28,95.320000
2023-08-29,96.309998
2023-08-30,96.209999
2023-08-31,96.639999
2023-09-01,94.849998
2023-09-05,93.519997
2023-09-06,93.750000
2023-09-07,94.010002
2023-09-08,94.370003
2023-09-11,93.690002
2023-09-12,94.230003
2023-09-13,94.209999
2023-09-14,93.529999
2023-09-15,92.959999
2023-09-18,93.489998
2023-09-19,92.800003
2023-09-20,93.089996
2023-09-21,90.699997
2023-09-22,91.430000
2023-09-25,89.180000
2023-09-26,88.870003
2023-09-27,88.410004
2023-09-28,88.680000
2023-09-29,88.690002
2023-10-02,86.930000
2023-10-03,85.059998
2023-10-04,86.260002
2023-10-05,85.830002
2023-10-06,84.790001
2023-10-09,86.779999
2023-10-10,86.660004
2023-10-11,88.470001
2023-10-12,86.070000
2023-10-13,87.610001
2023-10-16,86.199997
2023-10-17,85.250000
2023-10-18,84.500000
2023-10-19,82.769997
2023-10-20,83.239998
2023-10-23,84.239998
2023-10-24,85.349998
2023-10-25,83.449997
2023-10-26,84.730003
2023-10-27,84.370003
2023-10-30,83.989998
2023-10-31,83.580002
2023-11-01,85.099998
2023-11-02,87.040001
2023-11-03,87.629997
2023-11-06,86.779999
2023-11-07,88.059998
2023-11-08,89.559998
2023-11-09,87.500000
2023-11-10,87.989998
2023-11-13,87.790001
2023-11-14,89.779999
2023-11-15,88.519997
2023-11-16,89.620003
2023-11-17,90.040001
2023-11-20,90.589996
2023-11-21,90.550003
2023-11-22,90.870003
2023-11-24,89.800003
2023-11-27,91.300003
2023-11-28,91.480003
2023-11-29,92.629997
2023-11-30,91.559998
2023-12-01,92.989998
2023-12-04,92.620003
2023-12-05,94.610001
2023-12-06,95.870003
2023-12-07,95.320000
2023-12-08,94.540001
2023-12-11,94.339996
2023-12-12,94.620003
2023-12-13,96.839996
2023-12-14,99.040001
2023-12-15,99.150002
2023-12-18,98.360001
2023-12-19,98.889999
2023-12-20,99.559998
2023-12-21,98.930000
2023-12-22,98.480003
2023-12-26,98.760002
2023-12-27,100.510002
2023-12-28,99.779999
2023-12-29,98.879997
2024-01-02,98.309998
2024-01-03,98.720001
2024-01-04,97.220001
2024-01-05,96.290001
2024-01-08,97.239998
2024-01-09,96.620003
2024-01-10,96.169998
2024-01-11,96.709999
2024-01-12,96.519997
2024-01-16,94.820000
2024-01-17,94.669998
2024-01-18,93.790001
2024-01-19,94.089996
2024-01-22,94.650002
2024-01-23,93.900002
2024-01-24,93.349998
2024-01-25,93.959999
2024-01-26,93.779999
2024-01-29,94.860001
2024-01-30,95.720001
2024-01-31,96.660004
2024-02-01,98.239998
2024-02-02,96.070000
2024-02-05,94.129997
2024-02-06,95.050003
2024-02-07,94.589996
2024-02-08,94.040001
2024-02-09,93.849998
2024-02-12,93.959999
2024-02-13,92.349998
2024-02-14,92.820000
2024-02-15,93.300003
2024-02-16,92.760002
2024-02-20,92.839996
2024-02-21,92.180000
2024-02-22,92.629997
2024-02-23,93.870003
2024-02-26,93.589996
2024-02-27,92.930000
2024-02-28,93.519997
2024-02-29,94.180000
2024-03-01,94.470001
2024-03-04,94.089996
2024-03-05,95.430000
2024-03-06,95.989998
2024-03-07,95.900002
2024-03-08,95.730003
2024-03-11,95.680000
2024-03-12,94.879997
2024-03-13,94.419998
2024-03-14,92.970001
2024-03-15,92.940002
2024-03-18,92.660004
2024-03-19,92.919998
2024-03-20,92.889999
2024-03-21,93.089996
2024-03-22,93.980003
2024-03-25,93.510002
2024-03-26,93.769997
2024-03-27,94.699997
2024-03-28,94.620003
2024-04-01,92.550003
2024-04-02,92.040001
2024-04-03,92.019997
2024-04-04,92.680000
2024-04-05,91.389999
2024-04-08,91.379997
2024-04-09,92.230003
2024-04-10,90.220001
2024-04-11,89.809998
2024-04-12,90.290001
2024-04-15,88.889999
2024-04-16,88.300003
2024-04-17,89.279999
2024-04-18,88.830002
2024-04-19,89.150002
2024-04-22,89.000000
2024-04-23,89.029999
2024-04-24,88.400002
2024-04-25,87.779999
2024-04-26,88.239998
2024-04-29,88.980003
2024-04-30,88.220001
2024-05-01,88.559998
2024-05-02,88.940002
2024-05-03,89.839996
2024-05-06,90.190002
2024-05-07,90.739998
2024-05-08,90.190002
2024-05-09,90.629997
2024-05-10,90.120003
2024-05-13,90.349998
2024-05-14,90.860001
2024-05-15,92.099998
2024-05-16,92.010002
2024-05-17,91.389999
2024-05-20,91.120003
2024-05-21,91.589996
2024-05-22,91.699997
2024-05-23,91.110001
2024-05-24,91.379997
2024-05-28,90.070000
2024-05-29,88.980003
2024-05-30,89.839996
2024-05-31,90.449997
2024-06-03,91.599998
2024-06-04,92.669998
2024-06-05,93.349998
2024-06-06,93.209999
2024-06-07,91.500000
2024-06-10,90.889999
2024-06-11,91.830002
2024-06-12,92.519997
2024-06-13,93.879997
2024-06-14,94.669998
2024-06-17,93.730003
2024-06-18,94.589996
2024-06-20,93.959999
2024-06-21,93.959999
2024-06-24,94.339996
2024-06-25,94.500000
2024-06-26,93.150002
2024-06-27,93.519997
2024-06-28,91.779999
2024-07-01,89.910004
2024-07-02,90.610001
2024-07-03,91.800003
2024-07-05,92.559998
2024-07-08,92.760002
2024-07-09,92.349998
2024-07-10,92.639999
2024-07-11,93.540001
2024-07-12,93.940002
2024-07-15,92.860001
2024-07-16,94.169998
2024-07-17,94.190002
2024-07-18,93.470001
2024-07-19,92.919998
2024-07-22,92.650002
2024-07-23,92.519997
2024-07-24,91.519997
2024-07-25,92.269997
2024-07-26,92.989998
2024-07-29,93.489998
2024-07-30,93.849998
2024-07-31,94.809998
2024-08-01,95.309998
2024-08-02,98.279999
2024-08-05,98.800003
2024-08-06,96.589996
2024-08-07,95.910004
2024-08-08,95.320000
2024-08-09,96.260002
2024-08-12,96.610001
2024-08-13,97.279999
2024-08-14,97.889999
2024-08-15,97.099998
2024-08-16,97.440002
2024-08-19,97.889999
2024-08-20,98.669998
2024-08-21,98.730003
2024-08-22,97.750000
2024-08-23,98.389999
2024-08-26,98.139999
2024-08-27,97.970001
2024-08-28,97.849998
2024-08-29,97.529999
2024-08-30,96.489998
2024-09-03,97.750000
2024-09-04,99.010002
2024-09-05,99.570000
2024-09-06,99.559998
2024-09-09,99.989998
2024-09-10,100.690002
2024-09-11,100.610001
2024-09-12,100.139999
2024-09-13,100.410004
2024-09-16,101.330002
2024-09-17,100.839996
2024-09-18,99.589996
2024-09-19,99.260002
2024-09-20,98.879997
2024-09-23,98.669998
2024-09-24,98.650002
2024-09-25,97.830002
2024-09-26,98.059998
2024-09-27,98.570000
2024-09-30,98.099998
2024-10-01,98.489998
2024-10-02,97.660004
2024-10-03,96.739998
2024-10-04,95.550003
2024-10-07,94.830002
2024-10-08,94.989998
2024-10-09,94.449997
2024-10-10,94.080002
2024-10-11,93.699997
2024-10-14,93.769997
2024-10-15,94.910004
2024-10-16,95.309998
2024-10-17,93.800003
2024-10-18,93.870003
2024-10-21,92.230003
2024-10-22,92.320000
2024-10-23,92.070000
2024-10-24,92.660004
2024-10-25,92.139999
2024-10-28,91.889999
2024-10-29,92.029999
2024-10-30,92.300003
2024-10-31,92.449997
2024-11-01,90.839996
2024-11-04,92.250000
2024-11-05,92.739998
2024-11-06,90.199997
2024-11-07,91.330002
2024-11-08,92.489998
2024-11-11,92.040001
2024-11-12,90.660004
2024-11-13,89.800003
2024-11-14,90.320000
2024-11-15,90.080002
2024-11-18,90.239998
2024-11-19,90.699997
2024-11-20,90.410004
2024-11-21,90.339996
2024-11-22,90.389999
2024-11-25,92.730003
2024-11-26,92.370003
2024-11-27,93.010002
2024-11-29,93.970001
2024-12-02,93.870003
2024-12-03,93.059998
2024-12-04,94.059998
2024-12-05,94.250000
2024-12-06,94.389999
2024-12-09,93.519997
2024-12-10,93.080002
2024-12-11,92.199997
2024-12-12,91.080002
2024-12-13,90.150002
2024-12-16,90.419998
2024-12-17,90.639999
2024-12-18,89.160004
2024-12-19,87.809998
2024-12-20,88.309998
2024-12-23,87.500000
2024-12-24,87.870003
2024-12-26,87.820000
2024-12-27,87.099998
2024-12-30,87.800003
2024-12-31,87.330002
2025-01-02,87.570000
2025-01-03,87.290001
2025-01-06,86.900002
2025-01-07,85.919998
2025-01-08,86.029999
2025-01-10,85.459999
2025-01-13,85.430000
2025-01-14,85.290001
2025-01-15,86.760002
2025-01-16,87.040001
2025-01-17,87.190002
2025-01-21,87.970001
2025-01-22,87.510002
2025-01-23,86.830002
2025-01-24,87.220001
2025-01-27,88.250000
2025-01-28,88.190002
2025-01-29,88.010002
2025-01-30,88.339996
2025-01-31,87.760002
2025-02-03,88.160004
2025-02-04,88.430000
2025-02-05,89.889999
2025-02-06,89.849998
2025-02-07,89.269997
2025-02-10,89.000000
2025-02-11,88.430000
2025-02-12,87.230003
2025-02-13,88.680000
2025-02-14,89.150002
2025-02-18,88.099998
2025-02-19,88.209999
2025-02-20,88.540001
2025-02-21,89.610001
2025-02-24,89.870003
2025-02-25,91.419998
2025-02-26,91.959999
2025-02-27,91.309998
2025-02-28,92.430000
2025-03-03,92.570000
2025-03-04,91.430000
2025-03-05,90.699997
2025-03-06,90.400002
2025-03-07,90.110001
2025-03-10,91.050003
2025-03-11,90.400002
2025-03-12,89.860001
2025-03-13,90.650002
2025-03-14,90.169998
2025-03-17,90.620003
2025-03-18,90.709999
2025-03-19,91.180000
2025-03-20,91.239998
2025-03-21,90.699997
2025-03-24,89.769997
2025-03-25,89.760002
2025-03-26,89.169998
2025-03-27,88.910004
2025-03-28,90.139999
2025-03-31,91.029999
2025-04-01,91.489998
2025-04-02,91.430000
2025-04-03,91.849998
2025-04-04,92.849998
2025-04-07,90.050003
2025-04-08,88.349998
2025-04-09,88.870003
2025-04-10,86.419998
2025-04-11,86.889999
2025-04-14,87.510002
2025-04-15,87.820000
2025-04-16,88.309998
2025-04-17,87.529999
2025-04-21,86.000000
2025-04-22,86.480003
2025-04-23,87.320000
2025-04-24,88.239998
2025-04-25,88.889999
2025-04-28,89.449997
2025-04-29,90.199997
2025-04-30,89.470001
2025-05-01,88.690002
2025-05-02,87.730003
2025-05-05,87.239998
2025-05-06,87.529999
2025-05-07,87.900002
2025-05-08,86.919998
2025-05-09,87.050003
2025-05-12,86.239998
2025-05-13,85.889999
2025-05-14,85.320000
2025-05-15,86.070000
2025-05-16,86.300003
2025-05-19,86.050003
2025-05-20,85.430000
2025-05-21,83.970001
2025-05-22,84.410004
2025-05-23,84.550003
2025-05-27,85.730003
2025-05-28,85.360001
2025-05-29,86.150002
2025-05-30,86.279999
2025-06-02,85.160004
2025-06-03,85.010002
2025-06-04,86.389999
2025-06-05,86.449997
2025-06-06,85.349998
2025-06-09,85.440002
2025-06-10,85.879997
2025-06-11,86.139999
2025-06-12,87.169998
2025-06-13,86.330002
2025-06-16,85.459999
2025-06-17,86.500000
2025-06-18,86.650002
2025-06-20,86.489998
2025-06-23,86.769997
2025-06-24,87.400002
2025-06-25,87.510002
2025-06-26,87.949997
2025-06-27,87.389999
2025-06-30,88.250000
2025-07-01,88.139999
2025-07-02,87.580002
2025-07-03,86.970001
2025-07-07,86.139999
2025-07-08,86.029999
2025-07-09,86.930000
2025-07-10,86.989998
2025-07-11,85.790001
2025-07-14,85.610001
2025-07-15,85.010002
2025-07-16,85.129997
2025-07-17,85.110001
2025-07-18,85.239998
2025-07-21,86.000000
2025-07-22,86.519997
2025-07-23,86.040001
2025-07-24,85.889999
2025-07-25,86.430000
2025-07-28,85.870003
2025-07-29,87.320000
2025-07-30,86.870003
2025-07-31,86.919998
2025-08-01,87.820000
2025-08-04,88.059998
2025-08-05,88.330002
2025-08-06,87.820000
2025-08-07,87.669998
2025-08-08,87.290001
2025-08-11,87.389999
2025-08-12,86.949997
2025-08-13,87.669998
2025-08-14,87.019997
2025-08-15,86.400002
2025-08-18,86.150002
2025-08-19,86.650002
2025-08-20,86.839996
2025-08-21,86.410004
2025-08-22,87.050003
2025-08-25,86.800003
2025-08-26,86.750000
2025-08-27,86.650002
2025-08-28,87.220001
2025-08-29,86.599998
2025-09-02,85.629997
2025-09-03,86.570000
2025-09-04,87.230003
2025-09-05,88.559998
2025-09-08,89.739998
2025-09-09,89.230003
2025-09-10,89.739998
2025-09-11,90.339996
2025-09-12,89.949997
2025-09-15,90.160004
2025-09-16,90.349998
2025-09-17,90.120003
2025-09-18,89.190002
2025-09-19,89.019997
2025-09-22,88.699997
2025-09-23,89.320000
2025-09-24,88.980003
2025-09-25,88.980003
2025-09-26,88.900002
2025-09-29,89.629997
2025-09-30,89.370003
2025-10-01,89.290001
2025-10-02,89.550003
2025-10-03,89.379997
2025-10-06,88.669998
2025-10-07,89.180000
2025-10-08,89.250000
2025-10-09,89.180000
2025-10-10,90.620003
2025-10-13,90.570000
2025-10-14,90.860001
2025-10-15,90.660004
2025-10-16,91.339996
2025-10-17,91.199997
2025-10-20,91.550003
2025-10-21,92.000000
2025-10-22,92.059998
2025-10-23,91.430000
2025-10-24,91.470001
2025-10-27,91.779999
2025-10-28,92.019997
2025-10-29,91.089996
2025-10-30,90.559998
2025-10-31,90.290001
2025-11-03,89.739998
2025-11-04,89.940002
2025-11-05,88.959999
2025-11-06,89.760002
2025-11-07,89.570000
2025-11-10,89.550003
2025-11-11,89.959999
2025-11-12,90.120003
2025-11-13,89.379997
2025-11-14,88.870003
2025-11-17,89.089996
2025-11-18,89.059998
2025-11-19,88.879997
2025-11-20,89.230003
2025-11-21,89.500000
2025-11-24,90.010002
2025-11-25,90.239998
2025-11-26,90.639999
2025-11-28,90.209999
2025-12-01,88.769997
2025-12-02,88.809998
2025-12-03,89.059998
2025-12-04,88.580002
2025-12-05,88.169998
2025-12-08,87.879997
2025-12-09,87.970001
2025-12-10,88.309998
2025-12-11,88.190002
2025-12-12,87.339996
2025-12-15,87.400002
2025-12-16,87.879997
2025-12-17,87.800003
2025-12-18,88.220001
2025-12-19,87.550003
2025-12-22,87.360001
2025-12-23,87.500000
2025-12-24,88.029999
2025-12-26,87.739998
2025-12-29,88.070000
2025-12-30,87.860001
2025-12-31,87.160004
2026-01-02,87.029999
2026-01-05,87.459999
2026-01-06,87.279999
2026-01-07,87.790001
2026-01-08,87.349998
2026-01-09,87.930000
2026-01-12,87.669998
2026-01-13,87.820000
2026-01-14,88.330002
2026-01-15,88.309998
2026-01-16,87.800003
2026-01-20,86.650002
2026-01-21,87.309998
2026-01-22,87.690002
2026-01-23,87.930000
2026-01-26,88.349998
2026-01-27,87.800003
2026-01-28,87.599998
2026-01-29,87.620003
2026-01-30,87.129997
2026-02-02,86.550003
2026-02-03,86.760002
2026-02-04,86.540001
2026-02-05,87.480003
2026-02-06,87.540001
2026-02-09,87.519997
2026-02-10,88.529999
2026-02-11,88.059998
2026-02-12,89.230003
2026-02-13,89.720001
2026-02-17,89.870003
2026-02-18,89.529999
2026-02-19,89.620003
2026-02-20,89.410004
2026-02-23,89.739998
2026-02-24,89.900002
2026-02-25,89.910004
2026-02-26,90.269997
2026-02-27,90.820000
2026-03-02,89.610001
2026-03-03,89.430000
2026-03-04,89.150002
2026-03-05,88.790001
2026-03-06,88.459999
2026-03-09,89.230003
2026-03-10,88.279999
2026-03-11,87.139999
2026-03-12,86.970001
2026-03-13,86.540001
2026-03-16,87.209999
2026-03-17,87.449997
2026-03-18,86.959999
2026-03-19,87.489998
2026-03-20,85.830002
2026-03-23,86.389999
2026-03-24,86.010002
2026-03-25,86.839996
2026-03-26,86.110001
2026-03-27,85.639999
2026-03-30,86.779999
2026-03-31,86.690002
2026-04-01,86.260002
2026-04-02,86.790001
2026-04-06,86.650002
2026-04-07,86.639999
2026-04-08,86.919998
2026-04-09,86.699997
2026-04-10,86.489998
2026-04-13,86.750000
2026-04-14,87.209999
2026-04-15,86.830002
2026-04-16,86.279999
2026-04-17,87.070000
2026-04-20,87.050003
2026-04-21,86.570000
2026-04-22,86.739998
2026-04-23,86.550003
2026-04-24,86.709999
2026-04-27,86.279999
2026-04-28,86.370003
2026-04-29,85.699997
2026-04-30,85.620003
2026-05-01,85.610001
2026-05-04,84.959999
2026-05-05,85.430000
2026-05-06,86.080002
2026-05-07,85.650002
2026-05-08,86.080002
2026-05-11,85.559998
2026-05-12,84.989998
2026-05-13,84.800003
2026-05-14,84.919998
2026-05-15,83.660004
2026-05-18,83.559998
2026-05-19,83.019997
2026-05-20,83.910004
2026-05-21,84.220001
2026-05-22,84.680000
2026-05-26,85.099998
2026-05-27,85.300003
2026-05-28,85.739998
2026-05-29,85.760002
2026-06-01,85.470001
2026-06-02,85.650002
2026-06-03,85.309998
2026-06-04,85.500000
2026-06-05,85.059998
2026-06-08,84.620003
2026-06-09,85.120003
2026-06-10,84.879997
2026-06-11,85.980003
2026-06-12,85.769997
2026-06-15,85.720001
2026-06-16,86.190002
2026-06-17,86.330002
2026-06-18,86.750000
2026-06-22,86.089996
2026-06-23,86.199997
2026-06-24,87.379997
2026-06-25,87.349998
2026-06-26,87.360001
2026-06-29,87.449997
2026-06-30,86.419998
2026-07-01,85.519997
2026-07-02,85.510002
2026-07-06,85.449997
2026-07-07,84.550003
2026-07-08,84.360001
2026-07-09,84.489998
2026-07-10,84.470001
2026-07-13,83.970001
2026-07-14,84.080002
2026-07-15,84.239998
2026-07-16,84.209999
2026-07-17,84.519997
2026-07-20,83.889999
2026-07-21,83.660004
2026-07-22,83.440002
2026-07-23,83.169998
2026-07-24,83.250000
2026-07-27,83.750000
2026-07-28,84.239998
2026-07-29,82.849998
2026-07-30,82.800003
2026-07-31,82.250000
2026-08-03,82.190002
2026-08-04,82.820000
2026-08-05,83.000000
2026-08-06,82.519997
