Date,Open,High,Low,Close
2001-01-23,65.98999786376953,66.0999984741211,58.41999816894531,58.56999969482422
2001-01-24,60.0,61.45000076293945,59.83000183105469,60.65999984741211
2001-01-25,62.15999984741211,63.790000915527344,61.790000915527344,63.47999954223633
2001-01-26,65.93000030517578,66.08000183105469,62.459999084472656,62.459999084472656
2001-01-29,63.7400016784668,64.08000183105469,62.0099983215332,62.400001525878906
2001-01-30,64.19000244140625,64.19000244140625,62.400001525878906,62.5
2001-01-31,63.91999816894531,64.13999938964844,59.959999084472656,61.45000076293945
2001-02-01,62.5099983215332,63.65999984741211,60.41999816894531,60.4900016784668
2001-02-02,61.959999084472656,63.81999969482422,61.959999084472656,63.75
2001-02-05,64.58999633789062,64.58999633789062,62.86000061035156,62.93000030517578
2001-02-06,63.709999084472656,63.900001525878906,60.34000015258789,60.70000076293945
2001-02-07,63.16999816894531,63.380001068115234,61.95000076293945,62.0
2001-02-08,63.209999084472656,63.43000030517578,62.099998474121094,62.90999984741211
2001-02-09,65.16999816894531,65.52999877929688,63.83000183105469,65.20999908447266
2001-02-12,65.44999694824219,65.44999694824219,64.05000305175781,64.2699966430664
2001-02-13,64.36000061035156,66.37999725341797,64.05000305175781,66.36000061035156
2001-02-14,67.66000366210938,68.22000122070312,65.83000183105469,65.83000183105469
2001-02-15,65.23999786376953,66.13999938964844,63.40999984741211,63.54999923706055
2001-02-16,67.33000183105469,67.51000213623047,64.12999725341797,64.41000366210938
2001-02-20,65.87000274658203,67.69000244140625,65.69000244140625,67.5999984741211
2001-02-21,68.01000213623047,69.7300033569336,66.31999969482422,68.56999969482422
2001-02-22,69.98999786376953,72.80999755859375,67.97000122070312,71.83000183105469
2001-02-23,73.66999816894531,74.70999908447266,71.81999969482422,72.04000091552734
2001-02-26,71.86000061035156,72.91000366210938,70.08000183105469,70.91000366210938
2001-02-27,72.33000183105469,74.37999725341797,71.79000091552734,73.44999694824219
2001-02-28,75.25,77.16000366210938,74.30000305175781,75.56999969482422
2001-03-01,77.95999908447266,78.95999908447266,74.76000213623047,74.80999755859375
2001-03-02,77.22000122070312,78.52999877929688,75.37999725341797,77.43000030517578
2001-03-05,75.19999694824219,76.01000213623047,72.70999908447266,72.79000091552734
2001-03-06,72.5,72.55999755859375,68.47000122070312,69.02999877929688
2001-03-07,70.83999633789062,70.83999633789062,67.06999969482422,67.31999969482422
2001-03-08,69.56999969482422,70.08999633789062,66.9800033569336,67.62999725341797
2001-03-09,70.68000030517578,71.63999938964844,69.7300033569336,70.69999694824219
2001-03-12,73.43000030517578,76.38999938964844,72.83000183105469,76.25
2001-03-13,75.94000244140625,75.94000244140625,72.44000244140625,72.66999816894531
2001-03-14,75.29000091552734,75.29000091552734,72.58000183105469,73.61000061035156
2001-03-15,73.26000213623047,75.93000030517578,71.80999755859375,75.93000030517578
2001-03-16,75.0199966430664,77.36000061035156,74.79000091552734,76.2300033569336
2001-03-19,77.16999816894531,77.66000366210938,72.44000244140625,73.5999984741211
2001-03-20,75.1500015258789,76.0199966430664,72.80000305175781,74.33999633789062
2001-03-21,74.98999786376953,74.98999786376953,70.72000122070312,71.33999633789062
2001-03-22,71.45999908447266,72.80000305175781,69.0,71.54000091552734
2001-03-23,70.77999877929688,72.4000015258789,70.04000091552734,70.69999694824219
2001-03-26,71.8499984741211,72.05000305175781,69.05000305175781,69.19999694824219
2001-03-27,70.5199966430664,70.97000122070312,66.5999984741211,66.5999984741211
2001-03-28,69.45999908447266,69.45999908447266,67.7699966430664,68.37000274658203
2001-03-29,71.5,73.33000183105469,71.0199966430664,73.22000122070312
2001-03-30,73.68000030517578,74.69999694824219,71.30999755859375,72.12999725341797
2001-04-02,72.19000244140625,74.1500015258789,71.69000244140625,72.22000122070312
2001-04-03,74.77999877929688,75.68000030517578,73.79000091552734,75.12000274658203
2001-04-04,76.33000183105469,77.83999633789062,75.83999633789062,76.37000274658203
2001-04-05,78.12999725341797,78.44000244140625,75.86000061035156,76.29000091552734
2001-04-06,79.76000213623047,80.45999908447266,78.77999877929688,79.55999755859375
2001-04-09,77.58000183105469,77.58000183105469,75.1500015258789,75.18000030517578
2001-04-10,76.08000183105469,76.11000061035156,73.91000366210938,74.4000015258789
2001-04-11,77.58000183105469,77.58000183105469,75.1500015258789,75.18000030517578
2001-04-12,72.06999969482422,72.6500015258789,65.94000244140625,66.33000183105469
2001-04-16,71.0199966430664,73.88999938964844,70.55000305175781,73.37000274658203
2001-04-17,74.05999755859375,74.19000244140625,72.25,73.58999633789062
2001-04-18,73.16000366210938,75.80000305175781,67.44999694824219,69.70999908447266
2001-04-19,69.58000183105469,71.86000061035156,68.01000213623047,71.83000183105469
2001-04-20,73.63999938964844,76.11000061035156,73.20999908447266,74.33999633789062
2001-04-23,76.44000244140625,79.12000274658203,76.44000244140625,78.37000274658203
2001-04-24,80.18000030517578,82.13999938964844,79.08000183105469,79.94999694824219
2001-04-25,82.55000305175781,83.55999755859375,79.06999969482422,79.75
2001-04-26,79.68000030517578,79.80000305175781,71.43000030517578,78.41999816894531
2001-04-27,77.58999633789062,77.80000305175781,68.37999725341797,71.30000305175781
2001-04-30,69.7300033569336,69.91999816894531,67.13999938964844,68.70999908447266
2001-05-01,69.83000183105469,70.06999969482422,65.20999908447266,65.45999908447266
2001-05-02,66.69000244140625,66.86000061035156,63.290000915527344,63.900001525878906
2001-05-03,67.04000091552734,69.41000366210938,66.06999969482422,68.62000274658203
2001-05-04,72.26000213623047,72.61000061035156,65.54000091552734,66.19999694824219
2001-05-07,66.4000015258789,67.48999786376953,63.290000915527344,63.83000183105469
2001-05-08,64.23999786376953,65.08999633789062,62.79999923706055,62.91999816894531
2001-05-09,64.94999694824219,66.5,63.959999084472656,65.66000366210938
2001-05-10,65.70999908447266,67.41000366210938,65.69000244140625,66.54000091552734
2001-05-11,67.0999984741211,67.12000274658203,65.04000091552734,65.62000274658203
2001-05-14,65.45999908447266,67.94000244140625,65.38999938964844,66.12000274658203
2001-05-15,66.63999938964844,66.63999938964844,62.72999954223633,63.68000030517578
2001-05-16,62.779998779296875,63.810001373291016,58.5,60.220001220703125
2001-05-17,60.619998931884766,60.70000076293945,58.209999084472656,58.689998626708984
2001-05-18,58.939998626708984,59.2599983215332,53.04999923706055,53.060001373291016
2001-05-21,53.4900016784668,55.2599983215332,52.130001068115234,52.970001220703125
2001-05-22,52.52000045776367,53.529998779296875,51.84000015258789,52.900001525878906
2001-05-23,53.75,54.04999923706055,52.18000030517578,53.63999938964844
2001-05-24,54.18000030517578,55.36000061035156,53.220001220703125,53.220001220703125
2001-05-25,54.45000076293945,54.720001220703125,52.119998931884766,52.459999084472656
2001-05-29,56.529998779296875,56.849998474121094,55.2599983215332,56.08000183105469
2001-05-30,58.720001220703125,61.16999816894531,57.36000061035156,59.619998931884766
2001-05-31,60.65999984741211,61.689998626708984,58.119998931884766,59.66999816894531
2001-06-01,60.11000061035156,60.25,57.0,57.189998626708984
2001-06-04,58.43000030517578,59.0099983215332,57.06999969482422,57.06999969482422
2001-06-05,57.790000915527344,57.790000915527344,53.689998626708984,53.900001525878906
2001-06-06,54.95000076293945,55.380001068115234,53.52000045776367,54.34000015258789
2001-06-07,54.869998931884766,54.869998931884766,52.41999816894531,52.70000076293945
2001-06-08,54.61000061035156,55.84000015258789,52.790000915527344,52.790000915527344
2001-06-11,55.060001373291016,56.0099983215332,53.86000061035156,54.47999954223633
2001-06-12,55.029998779296875,55.97999954223633,53.130001068115234,54.130001068115234
2001-06-13,56.31999969482422,59.349998474121094,54.83000183105469,57.63999938964844
2001-06-14,58.9900016784668,61.0099983215332,58.400001525878906,59.459999084472656
2001-06-15,59.290000915527344,62.2599983215332,58.9900016784668,60.54999923706055
2001-06-18,58.869998931884766,60.040000915527344,56.06999969482422,56.400001525878906
2001-06-19,56.290000915527344,57.380001068115234,55.060001373291016,55.2400016784668
2001-06-20,55.349998474121094,56.33000183105469,53.779998779296875,54.52000045776367
2001-06-21,55.75,56.06999969482422,51.20000076293945,52.060001373291016
2001-06-22,53.380001068115234,53.560001373291016,51.09000015258789,51.84000015258789
2001-06-25,51.61000061035156,54.939998626708984,51.04999923706055,54.0099983215332
2001-06-26,55.040000915527344,57.0,52.5,52.810001373291016
2001-06-27,53.130001068115234,54.970001220703125,51.4900016784668,51.88999938964844
2001-06-28,50.349998474121094,50.47999954223633,47.18000030517578,48.709999084472656
2001-06-29,47.93000030517578,47.93000030517578,44.91999816894531,45.4900016784668
2001-07-02,45.459999084472656,45.459999084472656,43.16999816894531,43.970001220703125
2001-07-03,45.0099983215332,45.439998626708984,44.15999984741211,45.13999938964844
2001-07-05,48.16999816894531,49.56999969482422,48.16999816894531,49.439998626708984
2001-07-06,51.099998474121094,52.290000915527344,50.900001525878906,51.9900016784668
2001-07-09,52.04999923706055,52.099998474121094,50.79999923706055,51.13999938964844
2001-07-10,52.290000915527344,56.31999969482422,52.09000015258789,56.20000076293945
2001-07-11,58.68000030517578,60.36000061035156,57.099998474121094,57.20000076293945
2001-07-12,55.79999923706055,56.290000915527344,54.02000045776367,54.02000045776367
2001-07-13,55.68000030517578,56.02000045776367,52.91999816894531,53.470001220703125
2001-07-16,51.45000076293945,53.9900016784668,50.84000015258789,53.959999084472656
2001-07-17,55.56999969482422,56.93000030517578,54.84000015258789,54.84000015258789
2001-07-18,56.029998779296875,56.970001220703125,55.63999938964844,56.439998626708984
2001-07-19,56.81999969482422,56.849998474121094,53.56999969482422,54.59000015258789
2001-07-20,55.630001068115234,56.08000183105469,53.63999938964844,53.63999938964844
2001-07-23,53.61000061035156,55.959999084472656,53.5099983215332,54.720001220703125
2001-07-24,55.20000076293945,57.66999816894531,54.189998626708984,57.619998931884766
2001-07-25,53.61000061035156,55.959999084472656,53.5099983215332,54.720001220703125
2001-07-26,56.560001373291016,56.779998779296875,52.5099983215332,52.720001220703125
2001-07-27,53.380001068115234,53.630001068115234,51.70000076293945,51.77000045776367
2001-07-30,51.369998931884766,52.08000183105469,50.349998474121094,50.59000015258789
2001-07-31,51.72999954223633,51.72999954223633,48.150001525878906,48.349998474121094
2001-08-01,48.38999938964844,49.20000076293945,47.45000076293945,47.810001373291016
2001-08-02,48.45000076293945,48.529998779296875,47.290000915527344,48.04999923706055
2001-08-03,49.880001068115234,50.0,47.97999954223633,48.470001220703125
2001-08-06,49.43000030517578,49.599998474121094,47.61000061035156,48.41999816894531
2001-08-07,49.470001220703125,50.43000030517578,47.84000015258789,48.7599983215332
2001-08-08,49.4900016784668,49.56999969482422,46.130001068115234,48.72999954223633
2001-08-09,49.93000030517578,50.09000015258789,47.90999984741211,48.150001525878906
2001-08-10,49.560001373291016,50.959999084472656,48.220001220703125,48.52000045776367
2001-08-13,49.63999938964844,50.279998779296875,46.939998626708984,47.4900016784668
2001-08-14,48.40999984741211,49.06999969482422,47.70000076293945,48.439998626708984
2001-08-15,48.66999816894531,49.04999923706055,47.15999984741211,48.369998931884766
2001-08-16,51.209999084472656,52.560001373291016,50.099998474121094,50.97999954223633
2001-08-17,51.63999938964844,52.84000015258789,50.86000061035156,52.02000045776367
2001-08-20,52.66999816894531,53.88999938964844,50.88999938964844,51.63999938964844
2001-08-21,52.27000045776367,52.540000915527344,50.43000030517578,52.540000915527344
2001-08-22,53.34000015258789,55.040000915527344,50.52000045776367,51.09000015258789
2001-08-23,54.15999984741211,54.15999984741211,48.400001525878906,49.2599983215332
2001-08-24,51.279998779296875,51.81999969482422,47.650001525878906,47.70000076293945
2001-08-27,48.2400016784668,48.58000183105469,46.91999816894531,47.220001220703125
2001-08-28,48.0099983215332,49.459999084472656,47.790000915527344,48.7400016784668
2001-08-29,49.810001373291016,50.72999954223633,48.83000183105469,49.279998779296875
2001-08-30,51.66999816894531,52.68000030517578,51.150001525878906,52.279998779296875
2001-08-31,53.599998474121094,54.209999084472656,52.599998474121094,52.86000061035156
2001-09-04,55.95000076293945,57.150001525878906,54.959999084472656,57.150001525878906
2001-09-05,58.779998779296875,59.7599983215332,57.9900016784668,58.72999954223633
2001-09-06,60.209999084472656,62.0099983215332,60.060001373291016,62.0099983215332
2001-09-07,63.779998779296875,65.5999984741211,63.0099983215332,65.44999694824219
2001-09-10,66.05999755859375,66.05999755859375,63.84000015258789,63.84000015258789
2001-09-17,71.20999908447266,89.56999969482422,70.95999908447266,73.26000213623047
2001-09-18,74.38999938964844,75.31999969482422,72.27999877929688,74.73999786376953
2001-09-19,74.1500015258789,79.31999969482422,72.83999633789062,76.93000030517578
2001-09-20,79.4800033569336,82.48999786376953,76.7300033569336,82.48999786376953
2001-09-21,91.79000091552734,91.79000091552734,77.7300033569336,77.7300033569336
2001-09-24,75.73999786376953,77.79000091552734,68.93000030517578,69.41000366210938
2001-09-25,69.4000015258789,69.80999755859375,66.33999633789062,67.56999969482422
2001-09-26,68.1500015258789,68.66999816894531,65.6500015258789,65.94000244140625
2001-09-27,67.12000274658203,68.62999725341797,65.19000244140625,65.91000366210938
2001-09-28,66.5199966430664,67.61000061035156,58.7400016784668,65.19000244140625
2001-10-01,66.48999786376953,66.95999908447266,64.44000244140625,64.94000244140625
2001-10-02,64.43000030517578,64.70999908447266,63.20000076293945,63.84000015258789
2001-10-03,64.13999938964844,64.83999633789062,60.849998474121094,62.16999816894531
2001-10-04,63.97999954223633,63.97999954223633,60.470001220703125,61.939998626708984
2001-10-05,63.72999954223633,65.72000122070312,63.16999816894531,63.349998474121094
2001-10-08,64.11000061035156,66.76000213623047,62.93000030517578,66.12999725341797
2001-10-09,66.91999816894531,67.26000213623047,65.86000061035156,66.26000213623047
2001-10-10,67.56999969482422,69.13999938964844,66.19000244140625,66.19000244140625
2001-10-11,65.01000213623047,66.47000122070312,61.11000061035156,61.63999938964844
2001-10-12,64.5199966430664,67.8499984741211,63.43000030517578,65.9800033569336
2001-10-15,68.76000213623047,69.44000244140625,66.12000274658203,66.23999786376953
2001-10-16,66.58999633789062,67.5199966430664,63.97999954223633,64.01000213623047
2001-10-17,64.12999725341797,67.11000061035156,63.47999954223633,67.11000061035156
2001-10-18,68.91000366210938,72.05999755859375,67.58000183105469,70.69000244140625
2001-10-19,70.56999969482422,71.37999725341797,69.19000244140625,69.27999877929688
2001-10-22,69.91999816894531,71.1500015258789,66.94000244140625,67.36000061035156
2001-10-23,67.02999877929688,67.02999877929688,63.18000030517578,63.72999954223633
2001-10-24,64.9000015258789,64.9000015258789,61.90999984741211,61.90999984741211
2001-10-25,63.560001373291016,64.19999694824219,56.93000030517578,56.93000030517578
2001-10-26,57.11000061035156,57.7400016784668,56.279998779296875,56.90999984741211
2001-10-29,58.09000015258789,60.630001068115234,58.09000015258789,60.290000915527344
2001-10-30,62.709999084472656,65.94000244140625,62.09000015258789,63.40999984741211
2001-10-31,63.709999084472656,64.0199966430664,60.65999984741211,62.349998474121094
2001-11-01,61.97999954223633,63.130001068115234,60.91999816894531,61.18000030517578
2001-11-02,62.61000061035156,63.59000015258789,61.040000915527344,61.189998626708984
2001-11-05,60.2400016784668,60.5,58.5099983215332,58.959999084472656
2001-11-06,60.11000061035156,60.130001068115234,57.2599983215332,57.310001373291016
2001-11-07,58.81999969482422,59.95000076293945,48.279998779296875,57.18000030517578
2001-11-08,57.959999084472656,59.56999969482422,55.27000045776367,58.75
2001-11-09,60.68000030517578,62.209999084472656,58.5,58.59000015258789
2001-11-12,62.13999938964844,63.13999938964844,58.90999984741211,58.9900016784668
2001-11-13,58.43000030517578,58.43000030517578,55.90999984741211,55.939998626708984
2001-11-14,56.279998779296875,58.47999954223633,55.849998474121094,56.380001068115234
2001-11-15,59.279998779296875,59.84000015258789,56.63999938964844,57.45000076293945
2001-11-16,58.2400016784668,58.5,54.86000061035156,55.0099983215332
2001-11-19,53.25,53.4900016784668,50.7400016784668,50.83000183105469
2001-11-20,50.66999816894531,51.689998626708984,50.04999923706055,51.40999984741211
2001-11-21,52.68000030517578,54.33000183105469,52.5099983215332,52.68000030517578
2001-11-23,51.9900016784668,52.11000061035156,50.790000915527344,50.810001373291016
2001-11-26,50.470001220703125,50.470001220703125,48.060001373291016,48.220001220703125
2001-11-27,49.7599983215332,51.29999923706055,48.0099983215332,49.27000045776367
2001-11-28,50.790000915527344,52.369998931884766,49.529998779296875,52.209999084472656
2001-11-29,52.93000030517578,53.27000045776367,48.90999984741211,48.90999984741211
2001-11-30,50.33000183105469,50.5099983215332,48.16999816894531,48.45000076293945
2001-12-03,49.7599983215332,50.20000076293945,48.97999954223633,49.7400016784668
2001-12-04,50.54999923706055,50.54999923706055,47.65999984741211,48.040000915527344
2001-12-05,48.86000061035156,48.900001525878906,46.56999969482422,47.439998626708984
2001-12-06,48.70000076293945,48.9900016784668,47.7599983215332,48.38999938964844
2001-12-07,49.810001373291016,51.13999938964844,49.41999816894531,50.18000030517578
2001-12-10,51.5,52.150001525878906,49.86000061035156,52.119998931884766
2001-12-11,52.099998474121094,52.099998474121094,49.4900016784668,50.72999954223633
2001-12-12,51.16999816894531,51.36000061035156,48.09000015258789,48.09000015258789
2001-12-13,50.88999938964844,52.369998931884766,50.65999984741211,52.150001525878906
2001-12-14,52.29999923706055,53.720001220703125,51.79999923706055,52.790000915527344
2001-12-17,52.97999954223633,53.09000015258789,50.900001525878906,51.06999969482422
2001-12-18,50.97999954223633,51.02000045776367,48.93000030517578,49.04999923706055
2001-12-19,51.08000183105469,51.189998626708984,48.84000015258789,49.68000030517578
2001-12-20,51.54999923706055,53.06999969482422,50.5,52.90999984741211
2001-12-21,52.43000030517578,53.189998626708984,50.560001373291016,50.959999084472656
2001-12-24,50.869998931884766,51.0099983215332,49.290000915527344,49.439998626708984
2001-12-26,49.52000045776367,49.61000061035156,48.790000915527344,49.060001373291016
2001-12-27,48.880001068115234,49.029998779296875,47.349998474121094,47.459999084472656
2001-12-28,46.880001068115234,46.880001068115234,45.220001220703125,45.939998626708984
2001-12-31,46.689998626708984,47.349998474121094,46.06999969482422,47.2599983215332
2002-01-02,49.619998931884766,50.40999984741211,48.04999923706055,48.04999923706055
2002-01-03,48.779998779296875,48.779998779296875,46.630001068115234,47.06999969482422
2002-01-04,47.25,48.7400016784668,46.4900016784668,46.86000061035156
2002-01-07,47.38999938964844,48.720001220703125,46.88999938964844,47.88999938964844
2002-01-08,48.86000061035156,48.869998931884766,47.33000183105469,47.40999984741211
2002-01-09,46.880001068115234,48.709999084472656,45.97999954223633,48.349998474121094
2002-01-10,49.86000061035156,50.16999816894531,48.290000915527344,48.65999984741211
2002-01-11,49.400001525878906,49.470001220703125,48.369998931884766,48.369998931884766
2002-01-14,49.65999984741211,51.439998626708984,48.939998626708984,49.5099983215332
2002-01-15,49.59000015258789,49.59000015258789,47.939998626708984,48.02000045776367
2002-01-16,50.459999084472656,50.75,48.58000183105469,49.43000030517578
2002-01-17,49.77000045776367,50.22999954223633,46.91999816894531,46.970001220703125
2002-01-18,49.38999938964844,49.61000061035156,48.540000915527344,48.88999938964844
2002-01-22,49.310001373291016,50.7599983215332,49.310001373291016,50.369998931884766
2002-01-23,50.13999938964844,51.41999816894531,48.029998779296875,48.150001525878906
2002-01-24,48.650001525878906,48.689998626708984,46.84000015258789,47.369998931884766
2002-01-25,49.11000061035156,49.18000030517578,45.15999984741211,45.66999816894531
2002-01-28,44.02000045776367,44.65999984741211,42.959999084472656,42.959999084472656
2002-01-29,43.63999938964844,46.529998779296875,43.2400016784668,45.900001525878906
2002-01-30,46.79999923706055,48.279998779296875,44.54999923706055,44.66999816894531
2002-01-31,44.58000183105469,45.34000015258789,42.459999084472656,42.459999084472656
2002-02-01,43.459999084472656,44.220001220703125,42.5,43.08000183105469
2002-02-04,43.88999938964844,45.86000061035156,43.88999938964844,45.84000015258789
2002-02-05,46.4900016784668,47.869998931884766,44.9900016784668,46.7400016784668
2002-02-06,47.869998931884766,49.20000076293945,47.33000183105469,49.060001373291016
2002-02-07,50.130001068115234,51.11000061035156,49.13999938964844,51.11000061035156
2002-02-08,51.20000076293945,51.61000061035156,49.15999984741211,49.279998779296875
2002-02-11,49.029998779296875,49.29999923706055,46.40999984741211,46.40999984741211
2002-02-12,47.59000015258789,47.65999984741211,44.869998931884766,45.45000076293945
2002-02-13,45.560001373291016,45.59000015258789,44.08000183105469,44.470001220703125
2002-02-14,44.599998474121094,45.040000915527344,42.13999938964844,42.220001220703125
2002-02-15,43.83000183105469,45.56999969482422,43.369998931884766,44.9900016784668
2002-02-19,46.689998626708984,47.58000183105469,46.0099983215332,47.22999954223633
2002-02-20,47.16999816894531,48.09000015258789,46.29999923706055,46.70000076293945
2002-02-21,46.66999816894531,48.72999954223633,45.720001220703125,48.08000183105469
2002-02-22,49.599998474121094,50.209999084472656,47.900001525878906,48.56999969482422
2002-02-25,47.09000015258789,48.08000183105469,44.06999969482422,44.06999969482422
2002-02-26,45.22999954223633,46.40999984741211,43.970001220703125,44.77000045776367
2002-02-27,45.27000045776367,47.04999923706055,44.04999923706055,45.7599983215332
2002-02-28,46.38999938964844,47.040000915527344,44.810001373291016,46.189998626708984
2002-03-01,45.7599983215332,47.41999816894531,41.939998626708984,41.939998626708984
2002-03-04,43.439998626708984,43.90999984741211,40.689998626708984,40.790000915527344
2002-03-05,42.33000183105469,42.810001373291016,40.7599983215332,42.279998779296875
2002-03-06,44.40999984741211,44.459999084472656,42.540000915527344,42.72999954223633
2002-03-07,43.560001373291016,44.77000045776367,43.209999084472656,43.7599983215332
2002-03-08,43.31999969482422,43.34000015258789,41.439998626708984,41.619998931884766
2002-03-11,42.9900016784668,43.70000076293945,41.66999816894531,42.04999923706055
2002-03-12,43.970001220703125,44.47999954223633,42.709999084472656,43.0099983215332
2002-03-13,43.099998474121094,44.16999816894531,42.54999923706055,43.2599983215332
2002-03-14,43.529998779296875,44.150001525878906,42.130001068115234,42.33000183105469
2002-03-15,42.209999084472656,42.650001525878906,40.2599983215332,40.2599983215332
2002-03-18,39.59000015258789,39.849998474121094,38.209999084472656,38.75
2002-03-19,39.79999923706055,40.0099983215332,37.77000045776367,38.9900016784668
2002-03-20,38.88999938964844,39.97999954223633,37.20000076293945,38.15999984741211
2002-03-21,38.52000045776367,39.380001068115234,36.599998474121094,36.97999954223633
2002-03-22,37.849998474121094,38.38999938964844,37.060001373291016,37.560001373291016
2002-03-25,36.91999816894531,39.689998626708984,36.619998931884766,39.18000030517578
2002-03-26,39.130001068115234,39.56999969482422,37.63999938964844,37.68000030517578
2002-03-27,39.11000061035156,39.65999984741211,36.75,37.15999984741211
2002-03-28,37.040000915527344,37.369998931884766,36.209999084472656,36.279998779296875
2002-04-01,38.689998626708984,39.599998474121094,36.45000076293945,36.45000076293945
2002-04-02,38.369998931884766,39.540000915527344,38.22999954223633,39.31999969482422
2002-04-03,40.11000061035156,41.38999938964844,39.86000061035156,41.029998779296875
2002-04-04,42.0,42.09000015258789,40.16999816894531,40.220001220703125
2002-04-05,40.79999923706055,41.810001373291016,40.47999954223633,40.81999969482422
2002-04-08,42.61000061035156,42.9900016784668,40.279998779296875,40.279998779296875
2002-04-09,41.279998779296875,42.459999084472656,41.04999923706055,42.459999084472656
2002-04-10,43.20000076293945,43.36000061035156,41.84000015258789,42.06999969482422
2002-04-11,42.689998626708984,43.779998779296875,42.540000915527344,43.66999816894531
2002-04-12,44.16999816894531,44.27000045776367,42.45000076293945,42.810001373291016
2002-04-15,42.099998474121094,42.72999954223633,41.09000015258789,41.869998931884766
2002-04-16,40.779998779296875,41.33000183105469,39.04999923706055,39.43000030517578
2002-04-17,39.70000076293945,40.13999938964844,38.529998779296875,39.290000915527344
2002-04-18,39.40999984741211,40.86000061035156,38.81999969482422,39.34000015258789
2002-04-19,39.540000915527344,40.16999816894531,38.5099983215332,39.349998474121094
2002-04-22,39.650001525878906,40.90999984741211,38.54999923706055,39.060001373291016
2002-04-23,39.439998626708984,39.970001220703125,37.709999084472656,39.93000030517578
2002-04-24,41.09000015258789,41.15999984741211,39.36000061035156,40.18000030517578
2002-04-25,41.38999938964844,42.5099983215332,39.869998931884766,40.16999816894531
2002-04-26,40.810001373291016,43.20000076293945,40.33000183105469,42.2400016784668
2002-04-29,42.13999938964844,45.119998931884766,41.77000045776367,45.119998931884766
2002-04-30,44.70000076293945,45.59000015258789,42.70000076293945,43.7599983215332
2002-05-01,43.779998779296875,45.560001373291016,42.95000076293945,43.90999984741211
2002-05-02,43.88999938964844,45.029998779296875,43.11000061035156,44.52000045776367
2002-05-03,45.369998931884766,47.20000076293945,45.369998931884766,46.2599983215332
2002-05-06,46.79999923706055,49.150001525878906,45.97999954223633,49.119998931884766
2002-05-07,49.849998474121094,50.9900016784668,49.72999954223633,50.119998931884766
2002-05-08,48.810001373291016,49.15999984741211,45.810001373291016,45.810001373291016
2002-05-09,47.79999923706055,48.65999984741211,47.0099983215332,48.08000183105469
2002-05-10,49.36000061035156,51.150001525878906,49.36000061035156,50.72999954223633
2002-05-13,48.9900016784668,49.29999923706055,46.119998931884766,46.119998931884766
2002-05-14,45.59000015258789,46.61000061035156,44.0099983215332,44.34000015258789
2002-05-15,45.290000915527344,46.130001068115234,43.290000915527344,45.400001525878906
2002-05-16,44.86000061035156,45.41999816894531,44.20000076293945,44.52000045776367
2002-05-17,44.47999954223633,45.43000030517578,42.939998626708984,42.939998626708984
2002-05-20,42.7400016784668,43.95000076293945,42.40999984741211,42.880001068115234
2002-05-21,42.630001068115234,44.959999084472656,42.630001068115234,44.650001525878906
2002-05-22,45.08000183105469,45.2400016784668,44.290000915527344,44.70000076293945
2002-05-23,44.95000076293945,45.7400016784668,42.75,43.20000076293945
2002-05-24,44.86000061035156,45.18000030517578,42.86000061035156,42.86000061035156
2002-05-28,45.29999923706055,46.47999954223633,44.45000076293945,45.11000061035156
2002-05-29,45.95000076293945,46.77000045776367,45.540000915527344,45.70000076293945
2002-05-30,47.56999969482422,47.65999984741211,45.040000915527344,46.619998931884766
2002-05-31,46.970001220703125,47.029998779296875,45.099998474121094,45.88999938964844
2002-06-03,46.04999923706055,48.47999954223633,45.849998474121094,47.650001525878906
2002-06-04,48.65999984741211,50.119998931884766,47.90999984741211,49.65999984741211
2002-06-05,49.040000915527344,49.88999938964844,47.970001220703125,48.02000045776367
2002-06-06,49.4900016784668,50.83000183105469,49.369998931884766,49.7599983215332
2002-06-07,53.18000030517578,53.459999084472656,51.72999954223633,52.2400016784668
2002-06-10,52.939998626708984,53.09000015258789,51.459999084472656,52.56999969482422
2002-06-11,52.220001220703125,53.130001068115234,51.560001373291016,53.119998931884766
2002-06-12,54.27000045776367,54.91999816894531,52.86000061035156,52.86000061035156
2002-06-13,54.189998626708984,55.810001373291016,53.5099983215332,54.29999923706055
2002-06-14,55.93000030517578,57.58000183105469,54.459999084472656,55.66999816894531
2002-06-17,53.779998779296875,55.33000183105469,53.29999923706055,54.97999954223633
2002-06-18,54.869998931884766,55.38999938964844,53.93000030517578,54.54999923706055
2002-06-19,55.400001525878906,56.86000061035156,54.4900016784668,55.2400016784668
2002-06-20,56.15999984741211,59.150001525878906,55.72999954223633,57.93000030517578
2002-06-21,58.56999969482422,60.599998474121094,58.310001373291016,59.29999923706055
2002-06-24,58.630001068115234,60.31999969482422,56.2400016784668,58.650001525878906
2002-06-25,58.56999969482422,60.279998779296875,58.34000015258789,59.880001068115234
2002-06-26,63.75,65.31999969482422,62.43000030517578,64.36000061035156
2002-06-27,64.58999633789062,66.13999938964844,63.15999984741211,63.15999984741211
2002-06-28,62.470001220703125,62.470001220703125,57.40999984741211,57.95000076293945
2002-07-01,57.619998931884766,58.810001373291016,56.54999923706055,57.45000076293945
2002-07-02,59.38999938964844,61.93000030517578,58.95000076293945,59.56999969482422
2002-07-03,60.5,62.25,59.61000061035156,60.060001373291016
2002-07-05,58.529998779296875,58.7599983215332,55.880001068115234,56.279998779296875
2002-07-08,56.65999984741211,60.130001068115234,56.65999984741211,59.290000915527344
2002-07-09,61.29999923706055,62.25,60.04999923706055,62.119998931884766
2002-07-10,63.150001525878906,65.45999908447266,62.529998779296875,65.22000122070312
2002-07-11,67.44000244140625,70.83000183105469,65.72000122070312,68.98999786376953
2002-07-12,68.66000366210938,68.66000366210938,64.37999725341797,66.0
2002-07-15,67.19000244140625,69.4800033569336,66.30000305175781,67.8499984741211
2002-07-16,67.47000122070312,69.37999725341797,66.56999969482422,67.94000244140625
2002-07-17,65.23999786376953,66.04000091552734,63.15999984741211,63.22999954223633
2002-07-18,64.97000122070312,65.37999725341797,62.61000061035156,63.61000061035156
2002-07-19,64.54000091552734,66.80999755859375,59.279998779296875,61.16999816894531
2002-07-22,59.900001525878906,63.61000061035156,59.68000030517578,62.58000183105469
2002-07-23,63.27000045776367,67.29000091552734,62.630001068115234,66.38999938964844
2002-07-24,68.55999755859375,69.7300033569336,64.55000305175781,65.69999694824219
2002-07-25,66.69000244140625,69.91999816894531,65.52999877929688,69.4800033569336
2002-07-26,70.41000366210938,71.51000213623047,68.43000030517578,69.0199966430664
2002-07-29,66.22000122070312,67.41999816894531,57.209999084472656,57.56999969482422
2002-07-30,59.810001373291016,60.7400016784668,55.349998474121094,56.459999084472656
2002-07-31,57.130001068115234,60.150001525878906,56.91999816894531,57.86000061035156
2002-08-01,59.470001220703125,60.93000030517578,58.79999923706055,60.349998474121094
2002-08-02,62.15999984741211,67.05000305175781,60.25,65.44000244140625
2002-08-05,67.58999633789062,68.58000183105469,65.66999816894531,67.5199966430664
2002-08-06,67.08000183105469,67.08000183105469,61.939998626708984,64.18000030517578
2002-08-07,64.30000305175781,69.26000213623047,63.90999984741211,68.83999633789062
2002-08-08,71.12999725341797,71.16000366210938,59.2599983215332,59.349998474121094
2002-08-09,61.84000015258789,62.189998626708984,57.90999984741211,58.70000076293945
2002-08-12,57.97999954223633,59.130001068115234,56.09000015258789,56.290000915527344
2002-08-13,57.45000076293945,58.61000061035156,54.720001220703125,57.68000030517578
2002-08-14,57.5,57.900001525878906,51.4900016784668,53.279998779296875
2002-08-15,53.09000015258789,54.2400016784668,51.099998474121094,51.2400016784668
2002-08-16,51.72999954223633,52.880001068115234,48.720001220703125,50.650001525878906
2002-08-19,49.22999954223633,50.56999969482422,45.56999969482422,47.02000045776367
2002-08-20,48.709999084472656,48.959999084472656,46.61000061035156,47.709999084472656
2002-08-21,47.459999084472656,49.720001220703125,45.9900016784668,46.11000061035156
2002-08-22,47.310001373291016,47.70000076293945,44.349998474121094,45.0
2002-08-23,46.06999969482422,49.75,46.02000045776367,47.619998931884766
2002-08-26,49.15999984741211,50.93000030517578,48.2400016784668,48.41999816894531
2002-08-27,48.66999816894531,51.5,48.40999984741211,50.0099983215332
2002-08-28,52.400001525878906,56.2599983215332,51.529998779296875,53.52000045776367
2002-08-29,57.13999938964844,57.630001068115234,54.20000076293945,55.04999923706055
2002-08-30,60.59000015258789,60.59000015258789,54.15999984741211,54.97999954223633
2002-09-03,57.4900016784668,59.900001525878906,57.4900016784668,58.790000915527344
2002-09-04,60.08000183105469,60.43000030517578,57.060001373291016,57.41999816894531
2002-09-05,60.83000183105469,61.720001220703125,59.59000015258789,60.720001220703125
2002-09-06,60.0,60.0,56.119998931884766,56.540000915527344
2002-09-09,58.150001525878906,58.70000076293945,55.04999923706055,55.470001220703125
2002-09-10,56.56999969482422,56.56999969482422,53.029998779296875,53.06999969482422
2002-09-11,52.689998626708984,54.0099983215332,52.52000045776367,54.0
2002-09-12,54.849998474121094,56.849998474121094,54.04999923706055,56.439998626708984
2002-09-13,58.77000045776367,59.060001373291016,54.36000061035156,55.849998474121094
2002-09-16,56.709999084472656,59.599998474121094,56.59000015258789,57.72999954223633
2002-09-17,57.08000183105469,60.66999816894531,57.08000183105469,60.38999938964844
2002-09-18,60.66999816894531,61.7599983215332,57.45000076293945,59.33000183105469
2002-09-19,61.11000061035156,62.7599983215332,59.36000061035156,62.7599983215332
2002-09-20,60.41999816894531,62.150001525878906,58.36000061035156,59.08000183105469
2002-09-23,58.45000076293945,61.459999084472656,57.650001525878906,59.849998474121094
2002-09-24,61.709999084472656,62.0099983215332,58.25,59.400001525878906
2002-09-25,59.54999923706055,61.81999969482422,56.66999816894531,56.689998626708984
2002-09-26,57.400001525878906,59.75,56.63999938964844,59.09000015258789
2002-09-27,58.77000045776367,59.36000061035156,56.310001373291016,57.86000061035156
2002-09-30,59.439998626708984,61.40999984741211,57.68000030517578,58.349998474121094
2002-10-01,60.11000061035156,62.0099983215332,57.06999969482422,57.2400016784668
2002-10-02,57.63999938964844,59.45000076293945,56.349998474121094,58.150001525878906
2002-10-03,58.970001220703125,59.68000030517578,56.66999816894531,58.209999084472656
2002-10-04,58.79999923706055,61.77000045776367,58.38999938964844,60.279998779296875
2002-10-07,61.68000030517578,62.47999954223633,59.689998626708984,62.31999969482422
2002-10-08,62.72999954223633,64.2300033569336,60.36000061035156,61.15999984741211
2002-10-09,63.79999923706055,63.79999923706055,61.0,62.380001068115234
2002-10-10,64.0199966430664,64.37999725341797,60.18000030517578,62.81999969482422
2002-10-11,62.27000045776367,62.95000076293945,58.52000045776367,58.869998931884766
2002-10-14,60.41999816894531,60.4900016784668,57.88999938964844,59.08000183105469
2002-10-15,57.599998474121094,58.290000915527344,55.33000183105469,56.369998931884766
2002-10-16,58.470001220703125,59.7599983215332,56.869998931884766,56.869998931884766
2002-10-17,55.560001373291016,58.38999938964844,54.0,56.220001220703125
2002-10-18,57.119998931884766,57.650001525878906,54.81999969482422,55.33000183105469
2002-10-21,54.2599983215332,57.599998474121094,50.709999084472656,52.34000015258789
2002-10-22,53.63999938964844,54.40999984741211,50.97999954223633,53.61000061035156
2002-10-23,53.72999954223633,55.40999984741211,51.7599983215332,52.369998931884766
2002-10-24,53.63999938964844,55.16999816894531,51.650001525878906,54.58000183105469
2002-10-25,54.81999969482422,56.369998931884766,50.38999938964844,50.38999938964844
2002-10-28,50.779998779296875,52.77000045776367,50.470001220703125,51.52000045776367
2002-10-29,52.22999954223633,54.27000045776367,52.13999938964844,52.470001220703125
2002-10-30,53.54999923706055,54.58000183105469,50.380001068115234,51.290000915527344
2002-10-31,52.5,53.66999816894531,51.52000045776367,52.9900016784668
2002-11-01,54.970001220703125,55.380001068115234,49.84000015258789,49.86000061035156
2002-11-04,48.529998779296875,49.63999938964844,46.959999084472656,49.220001220703125
2002-11-05,51.43000030517578,52.369998931884766,50.34000015258789,51.20000076293945
2002-11-06,52.790000915527344,53.790000915527344,50.060001373291016,50.060001373291016
2002-11-07,53.18000030517578,54.709999084472656,52.290000915527344,53.900001525878906
2002-11-08,53.43000030517578,54.20000076293945,50.68000030517578,52.0099983215332
2002-11-11,52.869998931884766,56.93000030517578,52.470001220703125,55.709999084472656
2002-11-12,56.0099983215332,56.630001068115234,53.02000045776367,55.25
2002-11-13,55.029998779296875,56.65999984741211,52.7400016784668,54.459999084472656
2002-11-14,53.459999084472656,55.40999984741211,50.61000061035156,52.400001525878906
2002-11-15,53.13999938964844,53.13999938964844,48.220001220703125,49.68000030517578
2002-11-18,48.7400016784668,49.459999084472656,46.689998626708984,48.09000015258789
2002-11-19,49.5,50.279998779296875,45.18000030517578,45.52000045776367
2002-11-20,47.66999816894531,47.66999816894531,42.779998779296875,44.81999969482422
2002-11-21,43.709999084472656,45.849998474121094,42.15999984741211,44.70000076293945
2002-11-22,46.2599983215332,46.720001220703125,44.880001068115234,46.4900016784668
2002-11-25,46.93000030517578,47.97999954223633,44.95000076293945,45.68000030517578
2002-11-26,46.650001525878906,48.56999969482422,46.4900016784668,47.9900016784668
2002-11-27,48.4900016784668,48.72999954223633,45.41999816894531,47.41999816894531
2002-11-29,49.27000045776367,50.459999084472656,47.77000045776367,49.47999954223633
2002-12-02,49.290000915527344,51.88999938964844,48.849998474121094,50.15999984741211
2002-12-03,51.83000183105469,52.689998626708984,51.619998931884766,51.9900016784668
2002-12-04,54.310001373291016,55.72999954223633,52.720001220703125,53.54999923706055
2002-12-05,53.97999954223633,56.33000183105469,53.65999984741211,54.15999984741211
2002-12-06,55.36000061035156,55.66999816894531,51.68000030517578,52.279998779296875
2002-12-09,53.060001373291016,54.08000183105469,52.7599983215332,52.97999954223633
2002-12-10,53.529998779296875,54.279998779296875,51.459999084472656,51.75
2002-12-11,52.869998931884766,52.88999938964844,51.2400016784668,51.619998931884766
2002-12-12,51.83000183105469,52.40999984741211,50.5099983215332,51.04999923706055
2002-12-13,51.779998779296875,53.34000015258789,50.91999816894531,50.91999816894531
2002-12-16,51.279998779296875,52.150001525878906,48.810001373291016,49.84000015258789
2002-12-17,50.150001525878906,50.5,47.810001373291016,48.13999938964844
2002-12-18,49.13999938964844,50.81999969482422,48.38999938964844,49.63999938964844
2002-12-19,49.27000045776367,50.709999084472656,48.75,49.470001220703125
2002-12-20,51.560001373291016,51.900001525878906,47.560001373291016,48.5099983215332
2002-12-23,48.11000061035156,49.83000183105469,45.88999938964844,45.88999938964844
2002-12-24,46.2599983215332,46.5,45.029998779296875,45.130001068115234
2002-12-26,47.130001068115234,47.16999816894531,45.36000061035156,45.36000061035156
2002-12-27,46.5,47.439998626708984,45.40999984741211,46.709999084472656
2002-12-30,47.290000915527344,48.45000076293945,46.45000076293945,46.4900016784668
2002-12-31,47.779998779296875,47.95000076293945,46.38999938964844,46.939998626708984
2003-01-02,48.66999816894531,49.529998779296875,46.58000183105469,47.04999923706055
2003-01-03,48.349998474121094,48.349998474121094,45.56999969482422,45.709999084472656
2003-01-06,46.7599983215332,46.90999984741211,43.45000076293945,43.45000076293945
2003-01-07,44.81999969482422,45.349998474121094,42.959999084472656,42.959999084472656
2003-01-08,45.0099983215332,45.810001373291016,44.439998626708984,44.560001373291016
2003-01-09,45.060001373291016,45.060001373291016,41.790000915527344,42.9900016784668
2003-01-10,44.29999923706055,44.650001525878906,41.290000915527344,42.279998779296875
2003-01-13,43.18000030517578,44.63999938964844,41.290000915527344,41.7400016784668
2003-01-14,43.11000061035156,43.75,40.939998626708984,41.91999816894531
2003-01-15,43.93000030517578,44.91999816894531,42.849998474121094,43.45000076293945
2003-01-16,45.189998626708984,45.849998474121094,44.43000030517578,44.79999923706055
2003-01-17,44.58000183105469,45.439998626708984,42.27000045776367,42.84000015258789
2003-01-21,43.619998931884766,44.779998779296875,42.16999816894531,43.2400016784668
2003-01-22,44.119998931884766,45.060001373291016,42.540000915527344,44.15999984741211
2003-01-23,44.91999816894531,45.20000076293945,42.54999923706055,43.27000045776367
2003-01-24,44.52000045776367,45.47999954223633,43.22999954223633,45.04999923706055
2003-01-27,45.869998931884766,47.5,45.2400016784668,46.59000015258789
2003-01-28,46.91999816894531,47.52000045776367,45.81999969482422,46.72999954223633
2003-01-29,46.720001220703125,47.189998626708984,43.38999938964844,43.63999938964844
2003-01-30,44.68000030517578,46.2599983215332,43.959999084472656,46.220001220703125
2003-01-31,47.27000045776367,48.13999938964844,46.29999923706055,46.810001373291016
2003-02-03,47.34000015258789,48.209999084472656,45.849998474121094,46.040000915527344
2003-02-04,47.70000076293945,48.900001525878906,47.54999923706055,48.310001373291016
2003-02-05,48.4900016784668,49.11000061035156,47.13999938964844,48.5099983215332
2003-02-06,49.18000030517578,49.66999816894531,47.720001220703125,48.619998931884766
2003-02-07,48.58000183105469,49.650001525878906,48.2400016784668,48.2599983215332
2003-02-10,49.11000061035156,49.52000045776367,47.220001220703125,47.310001373291016
2003-02-11,47.369998931884766,47.58000183105469,46.06999969482422,46.900001525878906
2003-02-12,48.470001220703125,48.84000015258789,47.43000030517578,47.43000030517578
2003-02-13,50.18000030517578,52.22999954223633,49.939998626708984,50.970001220703125
2003-02-14,51.369998931884766,52.33000183105469,48.220001220703125,48.380001068115234
2003-02-18,49.20000076293945,49.630001068115234,47.709999084472656,48.400001525878906
2003-02-19,48.529998779296875,49.2400016784668,47.560001373291016,47.630001068115234
2003-02-20,47.779998779296875,49.18000030517578,47.68000030517578,48.560001373291016
2003-02-21,48.369998931884766,49.66999816894531,45.72999954223633,46.099998474121094
2003-02-24,46.84000015258789,46.84000015258789,44.58000183105469,44.880001068115234
2003-02-25,46.2599983215332,47.27000045776367,44.040000915527344,44.33000183105469
2003-02-26,45.290000915527344,47.11000061035156,44.86000061035156,46.970001220703125
2003-02-27,47.18000030517578,48.720001220703125,46.0,46.15999984741211
2003-02-28,46.709999084472656,47.16999816894531,45.18000030517578,45.65999984741211
2003-03-03,45.61000061035156,46.02000045776367,44.619998931884766,45.83000183105469
2003-03-04,46.209999084472656,46.59000015258789,44.84000015258789,44.970001220703125
2003-03-05,45.939998626708984,46.04999923706055,44.34000015258789,44.34000015258789
2003-03-06,45.540000915527344,45.90999984741211,45.0099983215332,45.650001525878906
2003-03-07,47.22999954223633,47.54999923706055,45.779998779296875,46.38999938964844
2003-03-10,47.16999816894531,47.599998474121094,46.75,47.029998779296875
2003-03-11,47.66999816894531,47.97999954223633,46.41999816894531,47.529998779296875
2003-03-12,48.209999084472656,48.33000183105469,46.59000015258789,47.5
2003-03-13,47.2599983215332,47.63999938964844,44.310001373291016,44.97999954223633
2003-03-14,45.790000915527344,46.47999954223633,45.20000076293945,45.79999923706055
2003-03-17,48.34000015258789,48.650001525878906,46.630001068115234,46.66999816894531
2003-03-18,48.58000183105469,50.36000061035156,48.02000045776367,48.02000045776367
2003-03-19,48.68000030517578,49.5099983215332,47.619998931884766,48.20000076293945
2003-03-20,49.0,49.56999969482422,46.75,48.47999954223633
2003-03-21,48.869998931884766,48.939998626708984,45.40999984741211,45.779998779296875
2003-03-24,46.66999816894531,47.34000015258789,45.31999969482422,46.36000061035156
2003-03-25,46.880001068115234,47.31999969482422,43.689998626708984,45.0
2003-03-26,45.20000076293945,45.560001373291016,43.43000030517578,43.939998626708984
2003-03-27,44.79999923706055,45.619998931884766,43.66999816894531,43.869998931884766
2003-03-28,44.849998474121094,45.09000015258789,42.63999938964844,43.09000015258789
2003-03-31,44.5,44.90999984741211,42.83000183105469,43.04999923706055
2003-04-01,43.61000061035156,44.02000045776367,41.790000915527344,41.970001220703125
2003-04-02,41.91999816894531,42.16999816894531,41.060001373291016,41.599998474121094
2003-04-03,42.52000045776367,43.349998474121094,41.380001068115234,42.09000015258789
2003-04-04,42.93000030517578,43.72999954223633,42.79999923706055,42.849998474121094
2003-04-07,41.540000915527344,41.650001525878906,40.40999984741211,41.439998626708984
2003-04-08,42.040000915527344,42.27000045776367,40.459999084472656,40.91999816894531
2003-04-09,41.790000915527344,42.119998931884766,40.36000061035156,41.45000076293945
2003-04-10,42.38999938964844,42.45000076293945,40.33000183105469,40.33000183105469
2003-04-11,40.06999969482422,41.02000045776367,39.33000183105469,39.619998931884766
2003-04-14,40.189998626708984,40.2400016784668,38.540000915527344,39.5099983215332
2003-04-15,39.36000061035156,39.47999954223633,35.97999954223633,36.5
2003-04-16,37.310001373291016,37.709999084472656,36.369998931884766,37.04999923706055
2003-04-17,37.400001525878906,37.849998474121094,35.380001068115234,35.880001068115234
2003-04-21,36.810001373291016,37.720001220703125,35.43000030517578,35.4900016784668
2003-04-22,35.18000030517578,35.5099983215332,33.599998474121094,33.650001525878906
2003-04-23,33.90999984741211,34.31999969482422,32.970001220703125,33.130001068115234
2003-04-24,34.11000061035156,34.43000030517578,33.400001525878906,33.68000030517578
2003-04-25,34.630001068115234,34.70000076293945,33.630001068115234,33.70000076293945
2003-04-28,34.029998779296875,34.13999938964844,32.560001373291016,32.68000030517578
2003-04-29,32.900001525878906,33.25,32.349998474121094,32.58000183105469
2003-04-30,33.290000915527344,33.63999938964844,32.59000015258789,32.66999816894531
2003-05-01,33.630001068115234,34.08000183105469,32.20000076293945,32.4900016784668
2003-05-02,32.7400016784668,32.939998626708984,31.420000076293945,32.36000061035156
2003-05-05,32.77000045776367,32.77000045776367,31.329999923706055,31.690000534057617
2003-05-06,32.540000915527344,32.709999084472656,31.299999237060547,32.130001068115234
2003-05-07,33.09000015258789,33.36000061035156,31.729999542236328,32.0
2003-05-08,34.029998779296875,34.029998779296875,32.720001220703125,33.290000915527344
2003-05-09,33.65999984741211,33.84000015258789,31.979999542236328,32.09000015258789
2003-05-12,33.869998931884766,34.16999816894531,32.540000915527344,32.58000183105469
2003-05-13,33.27000045776367,33.869998931884766,32.279998779296875,32.84000015258789
2003-05-14,33.09000015258789,34.22999954223633,32.68000030517578,33.13999938964844
2003-05-15,32.66999816894531,35.040000915527344,31.559999465942383,32.18000030517578
2003-05-16,32.68000030517578,32.93000030517578,30.549999237060547,31.020000457763672
2003-05-19,30.670000076293945,31.739999771118164,30.3700008392334,31.100000381469727
2003-05-20,31.709999084472656,32.36000061035156,31.059999465942383,32.220001220703125
2003-05-21,32.68000030517578,32.849998474121094,30.809999465942383,30.8799991607666
2003-05-22,32.029998779296875,32.06999969482422,29.739999771118164,30.110000610351562
2003-05-23,30.579999923706055,30.889999389648438,29.690000534057617,29.729999542236328
2003-05-27,30.649999618530273,30.670000076293945,28.610000610351562,29.280000686645508
2003-05-28,29.719999313354492,30.299999237060547,29.09000015258789,30.219999313354492
2003-05-29,30.959999084472656,31.65999984741211,30.06999969482422,31.420000076293945
2003-05-30,31.600000381469727,31.889999389648438,30.549999237060547,31.65999984741211
2003-06-02,30.600000381469727,34.22999954223633,30.579999923706055,33.630001068115234
2003-06-03,34.439998626708984,34.790000915527344,32.959999084472656,33.5099983215332
2003-06-04,33.540000915527344,34.630001068115234,32.70000076293945,33.0099983215332
2003-06-05,34.45000076293945,34.68000030517578,33.7599983215332,34.529998779296875
2003-06-06,34.83000183105469,37.130001068115234,34.83000183105469,36.130001068115234
2003-06-09,37.459999084472656,37.65999984741211,36.779998779296875,37.43000030517578
2003-06-10,37.4900016784668,37.61000061035156,33.9900016784668,34.0
2003-06-11,34.970001220703125,34.970001220703125,33.58000183105469,33.7400016784668
2003-06-12,34.33000183105469,34.939998626708984,33.77000045776367,34.0099983215332
2003-06-13,34.90999984741211,35.810001373291016,33.91999816894531,34.459999084472656
2003-06-16,34.91999816894531,35.34000015258789,30.459999084472656,33.790000915527344
2003-06-17,34.36000061035156,34.709999084472656,33.52000045776367,33.61000061035156
2003-06-18,34.66999816894531,34.66999816894531,32.720001220703125,33.150001525878906
2003-06-19,33.45000076293945,34.459999084472656,33.189998626708984,33.86000061035156
2003-06-20,33.95000076293945,33.95000076293945,31.809999465942383,32.34000015258789
2003-06-23,32.04999923706055,33.02000045776367,31.670000076293945,31.799999237060547
2003-06-24,32.189998626708984,32.86000061035156,31.549999237060547,32.43000030517578
2003-06-25,32.84000015258789,32.97999954223633,31.34000015258789,31.75
2003-06-26,32.279998779296875,32.279998779296875,30.6200008392334,30.90999984741211
2003-06-27,31.5,31.700000762939453,30.459999084472656,30.93000030517578
2003-06-30,31.399999618530273,31.639999389648438,30.8799991607666,31.229999542236328
2003-07-01,31.469999313354492,32.459999084472656,30.020000457763672,30.219999313354492
2003-07-02,30.549999237060547,31.209999084472656,30.25,31.049999237060547
2003-07-03,31.729999542236328,32.709999084472656,31.68000030517578,32.470001220703125
2003-07-07,33.36000061035156,33.9900016784668,32.75,33.5099983215332
2003-07-08,34.310001373291016,34.790000915527344,32.90999984741211,33.4900016784668
2003-07-09,33.939998626708984,34.060001373291016,32.599998474121094,33.220001220703125
2003-07-10,34.310001373291016,34.54999923706055,33.0,33.65999984741211
2003-07-11,34.0,34.150001525878906,32.70000076293945,32.79999923706055
2003-07-14,33.220001220703125,34.22999954223633,32.08000183105469,33.88999938964844
2003-07-15,34.11000061035156,34.59000015258789,32.810001373291016,33.95000076293945
2003-07-16,34.66999816894531,35.47999954223633,33.630001068115234,33.9900016784668
2003-07-17,35.349998474121094,36.349998474121094,34.7400016784668,35.470001220703125
2003-07-18,34.93000030517578,35.93000030517578,33.27000045776367,33.40999984741211
2003-07-21,34.290000915527344,34.619998931884766,33.040000915527344,33.06999969482422
2003-07-22,33.349998474121094,33.58000183105469,32.279998779296875,32.45000076293945
2003-07-23,33.22999954223633,33.5099983215332,30.520000457763672,30.780000686645508
2003-07-24,31.139999389648438,31.68000030517578,30.100000381469727,31.450000762939453
2003-07-25,31.479999542236328,32.040000915527344,29.709999084472656,30.040000915527344
2003-07-28,30.520000457763672,30.93000030517578,30.040000915527344,30.399999618530273
2003-07-29,31.049999237060547,31.81999969482422,29.809999465942383,30.15999984741211
2003-07-30,31.15999984741211,31.420000076293945,30.440000534057617,30.860000610351562
2003-07-31,31.110000610351562,31.670000076293945,30.229999542236328,31.219999313354492
2003-08-01,31.81999969482422,32.970001220703125,31.65999984741211,32.47999954223633
2003-08-04,33.400001525878906,34.29999923706055,32.0099983215332,32.650001525878906
2003-08-05,33.56999969482422,34.81999969482422,33.369998931884766,34.22999954223633
2003-08-06,35.70000076293945,35.97999954223633,33.84000015258789,34.41999816894531
2003-08-07,35.689998626708984,35.83000183105469,33.97999954223633,34.02000045776367
2003-08-08,34.45000076293945,34.45000076293945,32.02000045776367,32.029998779296875
2003-08-11,33.20000076293945,33.369998931884766,31.360000610351562,32.119998931884766
2003-08-12,32.5099983215332,32.900001525878906,29.889999389648438,30.209999084472656
2003-08-13,30.479999542236328,31.200000762939453,29.790000915527344,30.270000457763672
2003-08-14,30.420000076293945,31.59000015258789,29.100000381469727,29.270000457763672
2003-08-15,29.780000686645508,30.239999771118164,28.479999542236328,29.209999084472656
2003-08-18,28.440000534057617,28.549999237060547,25.940000534057617,26.6200008392334
2003-08-19,26.8700008392334,27.760000228881836,26.5,26.5
2003-08-20,27.600000381469727,28.65999984741211,27.360000610351562,27.639999389648438
2003-08-21,27.729999542236328,29.1299991607666,27.329999923706055,28.280000686645508
2003-08-22,28.8700008392334,29.860000610351562,28.399999618530273,29.469999313354492
2003-08-25,29.549999237060547,30.100000381469727,29.09000015258789,29.34000015258789
2003-08-26,29.690000534057617,31.520000457763672,29.510000228881836,29.75
2003-08-27,30.450000762939453,31.15999984741211,29.959999084472656,30.049999237060547
2003-08-28,30.93000030517578,31.469999313354492,30.1299991607666,30.309999465942383
2003-08-29,31.309999465942383,31.309999465942383,29.079999923706055,29.520000457763672
2003-09-02,30.3700008392334,31.68000030517578,30.049999237060547,30.059999465942383
2003-09-03,30.84000015258789,31.31999969482422,29.979999542236328,31.190000534057617
2003-09-04,32.04999923706055,32.15999984741211,30.75,30.90999984741211
2003-09-05,31.579999923706055,31.65999984741211,30.110000610351562,30.700000762939453
2003-09-08,31.3799991607666,31.3799991607666,29.5,29.549999237060547
2003-09-09,30.93000030517578,31.260000228881836,29.90999984741211,30.3799991607666
2003-09-10,31.950000762939453,33.380001068115234,31.520000457763672,33.15999984741211
2003-09-11,33.720001220703125,34.459999084472656,32.31999969482422,32.970001220703125
2003-09-12,34.20000076293945,34.880001068115234,32.45000076293945,32.68000030517578
2003-09-15,33.619998931884766,33.91999816894531,32.900001525878906,32.93000030517578
2003-09-16,33.439998626708984,33.439998626708984,31.239999771118164,31.65999984741211
2003-09-17,31.799999237060547,32.5099983215332,31.170000076293945,31.75
2003-09-18,32.06999969482422,32.310001373291016,29.670000076293945,29.75
2003-09-19,30.100000381469727,31.209999084472656,29.639999389648438,29.739999771118164
2003-09-22,27.860000610351562,28.389999389648438,27.520000457763672,27.940000534057617
2003-09-23,28.040000915527344,28.040000915527344,26.899999618530273,26.979999542236328
2003-09-24,27.229999542236328,29.360000610351562,27.209999084472656,29.360000610351562
2003-09-25,29.290000915527344,30.719999313354492,29.15999984741211,30.649999618530273
2003-09-26,30.6200008392334,31.079999923706055,30.200000762939453,30.8799991607666
2003-09-29,31.690000534057617,31.8799991607666,30.6200008392334,30.65999984741211
2003-09-30,31.229999542236328,32.83000183105469,31.170000076293945,32.83000183105469
2003-10-01,32.63999938964844,32.70000076293945,31.110000610351562,31.329999923706055
2003-10-02,31.600000381469727,31.670000076293945,31.079999923706055,31.25
2003-10-03,30.540000915527344,30.540000915527344,28.770000457763672,29.200000762939453
2003-10-06,30.0,30.209999084472656,29.31999969482422,29.420000076293945
2003-10-07,29.899999618530273,30.079999923706055,29.149999618530273,29.299999237060547
2003-10-08,29.43000030517578,29.459999084472656,28.940000534057617,29.15999984741211
2003-10-09,28.65999984741211,28.989999771118164,27.790000915527344,28.84000015258789
2003-10-10,28.940000534057617,28.940000534057617,27.600000381469727,27.6200008392334
2003-10-13,25.969999313354492,27.200000762939453,25.969999313354492,26.770000457763672
2003-10-14,26.68000030517578,27.329999923706055,26.309999465942383,26.489999771118164
2003-10-15,26.959999084472656,27.440000534057617,26.65999984741211,26.770000457763672
2003-10-16,26.920000076293945,27.1299991607666,25.3700008392334,25.469999313354492
2003-10-17,26.049999237060547,26.100000381469727,25.040000915527344,25.329999923706055
2003-10-20,26.610000610351562,26.610000610351562,24.59000015258789,24.780000686645508
2003-10-21,24.780000686645508,25.06999969482422,23.860000610351562,24.350000381469727
2003-10-22,25.209999084472656,25.8700008392334,25.040000915527344,25.68000030517578
2003-10-23,26.399999618530273,26.510000228881836,25.579999923706055,26.09000015258789
2003-10-24,26.610000610351562,26.649999618530273,25.440000534057617,25.450000762939453
2003-10-27,26.809999465942383,26.809999465942383,26.0,26.1200008392334
2003-10-28,26.190000534057617,26.219999313354492,24.780000686645508,25.0
2003-10-29,25.3700008392334,25.3700008392334,24.610000610351562,24.719999313354492
2003-10-30,24.780000686645508,25.09000015258789,24.489999771118164,24.739999771118164
2003-10-31,24.959999084472656,25.1200008392334,24.639999389648438,24.889999389648438
2003-11-03,25.540000915527344,25.940000534057617,25.149999618530273,25.3799991607666
2003-11-04,25.809999465942383,25.959999084472656,25.459999084472656,25.690000534057617
2003-11-05,25.56999969482422,26.079999923706055,25.100000381469727,25.200000762939453
2003-11-06,25.520000457763672,26.139999389648438,25.270000457763672,25.350000381469727
2003-11-07,25.399999618530273,25.399999618530273,24.6200008392334,25.200000762939453
2003-11-10,26.25,26.559999465942383,26.149999618530273,26.489999771118164
2003-11-11,26.780000686645508,26.989999771118164,26.540000915527344,26.549999237060547
2003-11-12,26.780000686645508,26.809999465942383,25.31999969482422,25.549999237060547
2003-11-13,25.8700008392334,26.010000228881836,25.239999771118164,25.450000762939453
2003-11-14,25.610000610351562,26.229999542236328,24.690000534057617,26.15999984741211
2003-11-17,26.959999084472656,28.559999465942383,26.959999084472656,27.809999465942383
2003-11-18,27.989999771118164,29.709999084472656,27.8799991607666,29.649999618530273
2003-11-19,29.260000228881836,30.399999618530273,29.18000030517578,29.959999084472656
2003-11-20,30.6200008392334,30.6200008392334,29.43000030517578,30.489999771118164
2003-11-21,30.450000762939453,30.450000762939453,29.0,29.079999923706055
2003-11-24,29.799999237060547,29.799999237060547,26.770000457763672,27.06999969482422
2003-11-25,27.329999923706055,27.329999923706055,25.549999237060547,25.989999771118164
2003-11-26,25.610000610351562,26.81999969482422,25.540000915527344,25.6299991607666
2003-11-28,26.09000015258789,26.100000381469727,25.530000686645508,25.6299991607666
2003-12-01,26.579999923706055,26.6299991607666,25.969999313354492,26.290000915527344
2003-12-02,26.600000381469727,26.940000534057617,25.809999465942383,26.719999313354492
2003-12-03,26.809999465942383,27.34000015258789,26.25,27.34000015258789
2003-12-04,27.299999237060547,27.450000762939453,26.700000762939453,26.809999465942383
2003-12-05,27.690000534057617,27.760000228881836,26.8700008392334,27.049999237060547
2003-12-08,28.350000381469727,28.350000381469727,27.420000076293945,27.549999237060547
2003-12-09,27.579999923706055,28.469999313354492,27.350000381469727,28.31999969482422
2003-12-10,28.440000534057617,28.65999984741211,27.790000915527344,27.84000015258789
2003-12-11,28.049999237060547,28.049999237060547,26.149999618530273,26.149999618530273
2003-12-12,26.280000686645508,26.799999237060547,25.829999923706055,25.860000610351562
2003-12-15,26.239999771118164,27.229999542236328,25.959999084472656,27.06999969482422
2003-12-16,27.3700008392334,27.59000015258789,25.8799991607666,26.149999618530273
2003-12-17,26.329999923706055,26.549999237060547,25.1200008392334,25.1200008392334
2003-12-18,25.360000610351562,25.360000610351562,24.06999969482422,24.530000686645508
2003-12-19,24.559999465942383,25.290000915527344,24.18000030517578,24.889999389648438
2003-12-22,26.270000457763672,26.360000610351562,24.709999084472656,24.75
2003-12-23,25.040000915527344,25.110000610351562,23.309999465942383,23.489999771118164
2003-12-24,23.75,23.770000457763672,23.09000015258789,23.34000015258789
2003-12-26,23.84000015258789,24.020000457763672,23.600000381469727,24.010000228881836
2003-12-29,25.110000610351562,25.110000610351562,23.520000457763672,23.729999542236328
2003-12-30,23.84000015258789,24.18000030517578,23.360000610351562,23.360000610351562
2003-12-31,23.520000457763672,24.760000228881836,23.43000030517578,24.489999771118164
2004-01-02,24.6299991607666,24.8799991607666,24.299999237060547,24.510000228881836
2004-01-05,25.290000915527344,25.290000915527344,23.760000228881836,23.889999389648438
2004-01-06,24.209999084472656,24.209999084472656,22.690000534057617,22.760000228881836
2004-01-07,23.010000228881836,23.010000228881836,21.809999465942383,21.90999984741211
2004-01-08,21.850000381469727,22.15999984741211,21.360000610351562,21.889999389648438
2004-01-09,22.219999313354492,23.18000030517578,21.6299991607666,23.010000228881836
2004-01-12,23.639999389648438,24.260000228881836,22.450000762939453,22.559999465942383
2004-01-13,22.31999969482422,23.889999389648438,22.260000228881836,23.049999237060547
2004-01-14,23.18000030517578,23.440000534057617,22.770000457763672,23.170000076293945
2004-01-15,23.780000686645508,24.030000686645508,22.18000030517578,22.639999389648438
2004-01-16,22.239999771118164,22.530000686645508,20.079999923706055,20.239999771118164
2004-01-20,22.030000686645508,22.1299991607666,20.260000228881836,20.489999771118164
2004-01-21,21.049999237060547,21.719999313354492,20.579999923706055,20.709999084472656
2004-01-22,20.649999618530273,21.780000686645508,20.420000076293945,21.739999771118164
2004-01-23,21.719999313354492,21.950000762939453,21.010000228881836,21.270000457763672
2004-01-26,22.530000686645508,22.770000457763672,20.989999771118164,20.989999771118164
2004-01-27,21.719999313354492,23.06999969482422,21.600000381469727,23.030000686645508
2004-01-28,22.940000534057617,25.209999084472656,22.829999923706055,25.15999984741211
2004-01-29,25.06999969482422,26.239999771118164,25.049999237060547,25.200000762939453
2004-01-30,25.579999923706055,25.68000030517578,24.8799991607666,25.059999465942383
2004-02-02,26.1200008392334,26.3700008392334,25.219999313354492,25.809999465942383
2004-02-03,26.030000686645508,26.309999465942383,25.65999984741211,26.299999237060547
2004-02-04,26.8799991607666,26.889999389648438,25.989999771118164,26.649999618530273
2004-02-05,26.670000076293945,26.809999465942383,25.959999084472656,26.170000076293945
2004-02-06,26.190000534057617,26.260000228881836,24.530000686645508,24.670000076293945
2004-02-09,25.65999984741211,25.8700008392334,25.200000762939453,25.209999084472656
2004-02-10,25.440000534057617,25.440000534057617,24.280000686645508,24.5
2004-02-11,24.579999923706055,24.770000457763672,23.399999618530273,23.530000686645508
2004-02-12,23.860000610351562,23.8799991607666,23.0,23.530000686645508
2004-02-13,23.729999542236328,24.860000610351562,23.479999542236328,24.139999389648438
2004-02-17,25.0,25.399999618530273,23.65999984741211,23.8700008392334
2004-02-18,24.010000228881836,24.219999313354492,23.489999771118164,23.729999542236328
2004-02-19,23.450000762939453,24.549999237060547,23.15999984741211,24.239999771118164
2004-02-20,24.469999313354492,24.979999542236328,23.829999923706055,24.1200008392334
2004-02-23,25.309999465942383,25.360000610351562,24.360000610351562,24.3799991607666
2004-02-24,24.81999969482422,25.270000457763672,24.360000610351562,24.68000030517578
2004-02-25,24.799999237060547,24.799999237060547,23.520000457763672,23.549999237060547
2004-02-26,23.950000762939453,24.139999389648438,23.06999969482422,23.100000381469727
2004-02-27,23.309999465942383,23.420000076293945,22.670000076293945,22.84000015258789
2004-03-01,23.850000381469727,24.020000457763672,22.540000915527344,22.540000915527344
2004-03-02,22.8799991607666,22.93000030517578,21.969999313354492,22.420000076293945
2004-03-03,22.81999969482422,23.479999542236328,22.75,23.09000015258789
2004-03-04,23.149999618530273,23.299999237060547,22.3799991607666,22.5
2004-03-05,23.170000076293945,23.260000228881836,21.889999389648438,22.079999923706055
2004-03-08,23.06999969482422,24.110000610351562,22.81999969482422,24.079999923706055
2004-03-09,24.1299991607666,24.860000610351562,24.030000686645508,24.700000762939453
2004-03-10,24.780000686645508,26.06999969482422,24.420000076293945,26.049999237060547
2004-03-11,26.049999237060547,26.68000030517578,25.479999542236328,26.579999923706055
2004-03-12,26.459999084472656,26.479999542236328,25.079999923706055,25.299999237060547
2004-03-15,26.40999984741211,27.299999237060547,26.06999969482422,27.1299991607666
2004-03-16,27.059999465942383,27.56999969482422,26.65999984741211,27.34000015258789
2004-03-17,27.18000030517578,27.18000030517578,24.5,24.75
2004-03-18,25.219999313354492,25.360000610351562,24.31999969482422,24.579999923706055
2004-03-19,24.979999542236328,25.989999771118164,24.34000015258789,25.989999771118164
2004-03-22,27.450000762939453,27.790000915527344,27.059999465942383,27.149999618530273
2004-03-23,27.1299991607666,27.209999084472656,26.25,26.84000015258789
2004-03-24,26.889999389648438,26.969999313354492,25.770000457763672,26.059999465942383
2004-03-25,25.979999542236328,26.010000228881836,23.489999771118164,23.700000762939453
2004-03-26,23.969999313354492,24.0,22.610000610351562,23.040000915527344
2004-03-29,23.65999984741211,23.65999984741211,22.739999771118164,23.15999984741211
2004-03-30,23.479999542236328,23.700000762939453,23.040000915527344,23.18000030517578
2004-03-31,23.549999237060547,24.030000686645508,23.489999771118164,23.760000228881836
2004-04-01,23.969999313354492,24.010000228881836,23.31999969482422,23.40999984741211
2004-04-02,22.799999237060547,22.799999237060547,21.309999465942383,21.350000381469727
2004-04-05,22.329999923706055,22.329999923706055,20.969999313354492,21.110000610351562
2004-04-06,21.610000610351562,22.239999771118164,21.280000686645508,22.229999542236328
2004-04-07,22.3700008392334,22.649999618530273,21.809999465942383,21.989999771118164
2004-04-08,21.530000686645508,21.790000915527344,21.100000381469727,21.3799991607666
2004-04-12,20.530000686645508,20.8799991607666,20.229999542236328,20.3700008392334
2004-04-13,20.389999389648438,22.520000457763672,20.260000228881836,22.229999542236328
2004-04-14,22.81999969482422,22.81999969482422,21.59000015258789,21.59000015258789
2004-04-15,21.989999771118164,22.969999313354492,21.670000076293945,22.829999923706055
2004-04-16,22.889999389648438,23.18000030517578,21.790000915527344,22.549999237060547
2004-04-19,23.469999313354492,23.489999771118164,21.170000076293945,21.399999618530273
2004-04-20,21.6200008392334,23.1200008392334,21.010000228881836,23.06999969482422
2004-04-21,22.600000381469727,23.350000381469727,22.43000030517578,22.81999969482422
2004-04-22,22.93000030517578,22.940000534057617,20.969999313354492,21.350000381469727
2004-04-23,21.1200008392334,21.209999084472656,20.299999237060547,20.68000030517578
2004-04-26,21.450000762939453,22.389999389648438,21.280000686645508,21.829999923706055
2004-04-27,22.1299991607666,22.309999465942383,21.59000015258789,21.84000015258789
2004-04-28,22.280000686645508,24.110000610351562,22.260000228881836,23.920000076293945
2004-04-29,24.1200008392334,25.510000228881836,23.969999313354492,24.899999618530273
2004-04-30,25.049999237060547,25.770000457763672,24.610000610351562,25.729999542236328
2004-05-03,26.18000030517578,26.239999771118164,25.350000381469727,25.719999313354492
2004-05-04,25.889999389648438,25.889999389648438,24.3799991607666,25.139999389648438
2004-05-05,25.1299991607666,25.40999984741211,24.170000076293945,24.34000015258789
2004-05-06,25.020000457763672,25.860000610351562,24.790000915527344,25.18000030517578
2004-05-07,25.40999984741211,25.540000915527344,24.200000762939453,25.5
2004-05-10,27.170000076293945,28.149999618530273,26.75,27.90999984741211
2004-05-11,27.760000228881836,27.899999618530273,26.860000610351562,27.75
2004-05-12,28.049999237060547,29.290000915527344,27.489999771118164,27.6200008392334
2004-05-13,28.219999313354492,28.329999923706055,27.3700008392334,28.110000610351562
2004-05-14,27.81999969482422,29.100000381469727,27.06999969482422,29.040000915527344
2004-05-17,29.280000686645508,29.850000381469727,29.049999237060547,29.190000534057617
2004-05-18,29.209999084472656,29.219999313354492,27.579999923706055,27.75
2004-05-19,27.139999389648438,27.190000534057617,24.75,26.09000015258789
2004-05-20,26.149999618530273,26.309999465942383,25.510000228881836,25.540000915527344
2004-05-21,25.31999969482422,25.549999237060547,24.450000762939453,24.899999618530273
2004-05-24,25.559999465942383,25.579999923706055,24.260000228881836,24.329999923706055
2004-05-25,24.670000076293945,24.81999969482422,21.6200008392334,22.040000915527344
2004-05-26,22.309999465942383,22.530000686645508,21.559999465942383,21.6299991607666
2004-05-27,21.84000015258789,22.190000534057617,21.329999923706055,21.5
2004-05-28,21.770000457763672,21.90999984741211,21.09000015258789,21.329999923706055
2004-06-01,23.18000030517578,23.579999923706055,22.510000228881836,22.56999969482422
2004-06-02,22.670000076293945,23.170000076293945,22.190000534057617,22.610000610351562
2004-06-03,22.959999084472656,23.979999542236328,22.920000076293945,23.93000030517578
2004-06-04,23.139999389648438,23.90999984741211,22.479999542236328,23.84000015258789
2004-06-07,24.110000610351562,24.209999084472656,22.520000457763672,22.649999618530273
2004-06-08,23.06999969482422,23.100000381469727,22.100000381469727,22.260000228881836
2004-06-09,22.459999084472656,22.520000457763672,22.079999923706055,22.350000381469727
2004-06-10,22.18000030517578,22.18000030517578,21.229999542236328,21.229999542236328
2004-06-14,22.290000915527344,22.860000610351562,22.15999984741211,22.239999771118164
2004-06-15,21.829999923706055,21.850000381469727,20.459999084472656,20.8799991607666
2004-06-16,20.920000076293945,21.3799991607666,20.1299991607666,20.389999389648438
2004-06-17,20.770000457763672,21.729999542236328,20.770000457763672,21.329999923706055
2004-06-18,21.31999969482422,21.31999969482422,19.770000457763672,20.020000457763672
2004-06-21,20.979999542236328,21.010000228881836,19.700000762939453,19.729999542236328
2004-06-22,19.790000915527344,19.899999618530273,18.719999313354492,19.290000915527344
2004-06-23,19.40999984741211,19.709999084472656,18.780000686645508,18.979999542236328
2004-06-24,19.219999313354492,19.610000610351562,19.06999969482422,19.360000610351562
2004-06-25,19.489999771118164,19.5,18.8799991607666,18.959999084472656
2004-06-28,19.510000228881836,20.719999313354492,19.450000762939453,20.59000015258789
2004-06-29,20.459999084472656,20.520000457763672,19.899999618530273,20.149999618530273
2004-06-30,20.290000915527344,20.520000457763672,19.09000015258789,19.3700008392334
2004-07-01,19.610000610351562,20.68000030517578,19.600000381469727,20.059999465942383
2004-07-02,20.049999237060547,20.649999618530273,19.889999389648438,19.889999389648438
2004-07-06,21.559999465942383,22.3799991607666,21.40999984741211,22.110000610351562
2004-07-07,22.329999923706055,22.389999389648438,21.889999389648438,22.260000228881836
2004-07-08,22.709999084472656,22.90999984741211,22.100000381469727,22.68000030517578
2004-07-09,22.440000534057617,22.59000015258789,22.190000534057617,22.350000381469727
2004-07-12,22.200000762939453,22.510000228881836,21.489999771118164,21.729999542236328
2004-07-13,21.780000686645508,21.799999237060547,20.6200008392334,21.420000076293945
2004-07-14,22.170000076293945,22.3700008392334,21.06999969482422,21.639999389648438
2004-07-15,21.559999465942383,22.1299991607666,20.959999084472656,21.68000030517578
2004-07-16,21.479999542236328,21.479999542236328,20.579999923706055,20.940000534057617
2004-07-19,22.110000610351562,22.469999313354492,21.549999237060547,22.209999084472656
2004-07-20,22.290000915527344,22.299999237060547,20.65999984741211,20.90999984741211
2004-07-21,21.139999389648438,22.170000076293945,19.790000915527344,22.149999618530273
2004-07-22,22.239999771118164,23.100000381469727,21.959999084472656,22.440000534057617
2004-07-23,23.139999389648438,24.110000610351562,22.790000915527344,23.90999984741211
2004-07-26,25.06999969482422,25.979999542236328,24.56999969482422,25.290000915527344
2004-07-27,25.43000030517578,25.530000686645508,24.110000610351562,24.309999465942383
2004-07-28,24.84000015258789,25.600000381469727,24.43000030517578,24.8700008392334
2004-07-29,24.729999542236328,24.780000686645508,23.81999969482422,23.989999771118164
2004-07-30,24.239999771118164,24.399999618530273,23.270000457763672,23.309999465942383
2004-08-02,25.059999465942383,25.260000228881836,23.969999313354492,24.1299991607666
2004-08-03,24.469999313354492,25.15999984741211,24.309999465942383,25.079999923706055
2004-08-04,25.3799991607666,25.6200008392334,24.6299991607666,25.049999237060547
2004-08-05,25.190000534057617,26.25,24.959999084472656,26.190000534057617
2004-08-06,26.719999313354492,27.65999984741211,26.389999389648438,27.450000762939453
2004-08-09,28.209999084472656,28.299999237060547,27.18000030517578,27.450000762939453
2004-08-10,27.559999465942383,27.559999465942383,25.899999618530273,26.520000457763672
2004-08-11,27.31999969482422,27.68000030517578,26.799999237060547,26.959999084472656
2004-08-12,27.6200008392334,28.540000915527344,27.440000534057617,28.280000686645508
2004-08-13,28.290000915527344,28.40999984741211,27.309999465942383,27.459999084472656
2004-08-16,28.219999313354492,28.219999313354492,26.200000762939453,26.719999313354492
2004-08-17,26.610000610351562,26.6299991607666,25.3700008392334,25.549999237060547
2004-08-18,26.190000534057617,26.290000915527344,24.06999969482422,24.170000076293945
2004-08-19,24.969999313354492,25.100000381469727,23.799999237060547,23.90999984741211
2004-08-20,24.290000915527344,24.31999969482422,22.899999618530273,23.059999465942383
2004-08-23,23.829999923706055,23.8799991607666,22.530000686645508,22.540000915527344
2004-08-24,22.40999984741211,22.729999542236328,21.969999313354492,21.969999313354492
2004-08-25,22.270000457763672,22.56999969482422,21.270000457763672,21.40999984741211
2004-08-26,21.700000762939453,21.770000457763672,21.360000610351562,21.600000381469727
2004-08-27,21.610000610351562,21.65999984741211,21.1200008392334,21.270000457763672
2004-08-30,22.309999465942383,23.18000030517578,22.309999465942383,23.139999389648438
2004-08-31,23.18000030517578,23.65999984741211,22.90999984741211,22.920000076293945
2004-09-01,23.0,23.139999389648438,22.100000381469727,22.649999618530273
2004-09-02,22.8799991607666,22.899999618530273,21.5,21.6200008392334
2004-09-03,22.190000534057617,22.190000534057617,21.059999465942383,21.059999465942383
2004-09-07,22.110000610351562,22.149999618530273,21.190000534057617,21.440000534057617
2004-09-08,21.770000457763672,21.799999237060547,21.239999771118164,21.280000686645508
2004-09-09,21.18000030517578,21.360000610351562,20.290000915527344,20.579999923706055
2004-09-10,20.81999969482422,20.959999084472656,19.290000915527344,19.559999465942383
2004-09-13,21.229999542236328,21.229999542236328,18.6299991607666,19.139999389648438
2004-09-14,19.420000076293945,19.850000381469727,19.1299991607666,19.489999771118164
2004-09-15,19.81999969482422,20.530000686645508,19.81999969482422,20.299999237060547
2004-09-16,20.479999542236328,20.479999542236328,19.600000381469727,19.920000076293945
2004-09-17,20.239999771118164,20.350000381469727,19.100000381469727,20.1299991607666
2004-09-20,21.299999237060547,21.489999771118164,20.020000457763672,20.559999465942383
2004-09-21,20.489999771118164,20.719999313354492,19.8799991607666,20.299999237060547
2004-09-22,20.65999984741211,21.18000030517578,20.65999984741211,21.059999465942383
2004-09-23,21.1200008392334,21.350000381469727,20.899999618530273,21.170000076293945
2004-09-24,21.200000762939453,21.299999237060547,20.700000762939453,21.100000381469727
2004-09-27,22.299999237060547,22.34000015258789,21.729999542236328,21.920000076293945
2004-09-28,22.049999237060547,22.229999542236328,21.200000762939453,21.360000610351562
2004-09-29,21.469999313354492,21.489999771118164,20.56999969482422,20.670000076293945
2004-09-30,20.90999984741211,20.90999984741211,20.209999084472656,20.479999542236328
2004-10-01,20.079999923706055,20.219999313354492,18.719999313354492,18.90999984741211
2004-10-04,19.06999969482422,19.65999984741211,18.899999618530273,19.610000610351562
2004-10-05,19.719999313354492,20.260000228881836,19.59000015258789,20.020000457763672
2004-10-06,20.139999389648438,20.520000457763672,19.739999771118164,19.770000457763672
2004-10-07,19.93000030517578,20.739999771118164,19.649999618530273,20.59000015258789
2004-10-08,20.850000381469727,20.850000381469727,20.1200008392334,20.690000534057617
2004-10-11,20.34000015258789,20.40999984741211,19.940000534057617,20.049999237060547
2004-10-12,21.06999969482422,21.770000457763672,20.729999542236328,20.93000030517578
2004-10-13,20.68000030517578,22.940000534057617,20.530000686645508,22.1299991607666
2004-10-14,22.209999084472656,22.670000076293945,22.030000686645508,22.299999237060547
2004-10-15,22.3799991607666,22.420000076293945,21.700000762939453,21.799999237060547
2004-10-18,22.920000076293945,22.940000534057617,20.610000610351562,20.719999313354492
2004-10-19,20.780000686645508,20.889999389648438,20.100000381469727,20.84000015258789
2004-10-20,21.34000015258789,21.360000610351562,20.3700008392334,20.649999618530273
2004-10-21,20.610000610351562,20.920000076293945,20.229999542236328,20.360000610351562
2004-10-22,20.489999771118164,21.3799991607666,20.209999084472656,21.360000610351562
2004-10-25,22.34000015258789,22.700000762939453,22.149999618530273,22.700000762939453
2004-10-26,22.780000686645508,23.139999389648438,22.360000610351562,22.469999313354492
2004-10-27,22.579999923706055,22.6200008392334,21.239999771118164,21.520000457763672
2004-10-28,21.760000228881836,21.8700008392334,20.8799991607666,21.25
2004-10-29,21.469999313354492,22.059999465942383,21.170000076293945,21.899999618530273
2004-11-01,22.440000534057617,22.850000381469727,22.43000030517578,22.610000610351562
2004-11-02,22.600000381469727,23.049999237060547,21.65999984741211,22.969999313354492
2004-11-03,22.100000381469727,22.1200008392334,20.450000762939453,20.81999969482422
2004-11-04,20.889999389648438,20.899999618530273,19.729999542236328,20.15999984741211
2004-11-05,19.940000534057617,20.1299991607666,19.440000534057617,19.469999313354492
2004-11-08,20.200000762939453,20.209999084472656,19.1299991607666,19.219999313354492
2004-11-09,19.1299991607666,19.489999771118164,18.84000015258789,19.190000534057617
2004-11-10,19.31999969482422,19.90999984741211,19.15999984741211,19.40999984741211
2004-11-11,19.3799991607666,19.450000762939453,18.610000610351562,18.920000076293945
2004-11-12,18.649999618530273,18.860000610351562,18.360000610351562,18.81999969482422
2004-11-15,19.600000381469727,19.719999313354492,18.420000076293945,18.5
2004-11-16,18.6299991607666,18.950000762939453,18.520000457763672,18.600000381469727
2004-11-17,18.270000457763672,18.6299991607666,17.360000610351562,18.5
2004-11-18,18.549999237060547,19.020000457763672,18.450000762939453,18.790000915527344
2004-11-19,18.600000381469727,19.729999542236328,18.31999969482422,19.719999313354492
2004-11-22,19.979999542236328,20.06999969482422,18.719999313354492,18.770000457763672
2004-11-23,18.81999969482422,18.959999084472656,18.350000381469727,18.43000030517578
2004-11-24,18.219999313354492,18.229999542236328,17.729999542236328,17.8799991607666
2004-11-26,17.790000915527344,18.110000610351562,17.729999542236328,17.940000534057617
2004-11-29,18.149999618530273,19.18000030517578,18.020000457763672,18.829999923706055
2004-11-30,18.829999923706055,18.899999618530273,18.520000457763672,18.84000015258789
2004-12-01,18.889999389648438,18.889999389648438,17.829999923706055,18.239999771118164
2004-12-02,18.299999237060547,18.649999618530273,17.860000610351562,18.639999389648438
2004-12-03,18.3799991607666,18.3799991607666,17.729999542236328,18.260000228881836
2004-12-06,18.760000228881836,19.600000381469727,18.68000030517578,19.530000686645508
2004-12-07,19.440000534057617,20.3799991607666,19.030000686645508,20.280000686645508
2004-12-08,20.309999465942383,20.3799991607666,19.93000030517578,20.010000228881836
2004-12-09,20.75,20.93000030517578,19.6299991607666,19.84000015258789
2004-12-10,20.1299991607666,20.139999389648438,19.450000762939453,19.56999969482422
2004-12-13,19.020000457763672,19.639999389648438,18.709999084472656,18.780000686645508
2004-12-14,18.93000030517578,19.030000686645508,18.350000381469727,18.579999923706055
2004-12-15,18.90999984741211,19.139999389648438,18.299999237060547,18.770000457763672
2004-12-16,18.979999542236328,19.06999969482422,18.190000534057617,18.600000381469727
2004-12-17,18.799999237060547,19.209999084472656,18.1299991607666,18.209999084472656
2004-12-20,18.799999237060547,19.219999313354492,18.110000610351562,18.209999084472656
2004-12-21,18.350000381469727,18.350000381469727,16.579999923706055,16.940000534057617
2004-12-22,17.31999969482422,17.3799991607666,16.440000534057617,17.149999618530273
2004-12-23,16.920000076293945,17.219999313354492,16.68000030517578,16.799999237060547
2004-12-27,17.649999618530273,18.43000030517578,17.639999389648438,18.329999923706055
2004-12-28,18.309999465942383,18.510000228881836,17.739999771118164,17.790000915527344
2004-12-29,17.860000610351562,19.309999465942383,17.690000534057617,17.719999313354492
2004-12-30,17.700000762939453,18.049999237060547,17.6299991607666,17.940000534057617
2004-12-31,17.850000381469727,18.6200008392334,17.850000381469727,18.579999923706055
2005-01-03,19.059999465942383,19.760000228881836,18.81999969482422,19.5
2005-01-04,19.6299991607666,20.770000457763672,19.579999923706055,20.059999465942383
2005-01-05,20.190000534057617,20.190000534057617,19.520000457763672,20.18000030517578
2005-01-06,20.25,20.260000228881836,19.760000228881836,20.1299991607666
2005-01-07,20.010000228881836,20.010000228881836,18.829999923706055,19.149999618530273
2005-01-10,19.780000686645508,19.780000686645508,19.239999771118164,19.610000610351562
2005-01-11,19.850000381469727,20.290000915527344,19.549999237060547,19.670000076293945
2005-01-12,19.479999542236328,19.700000762939453,18.950000762939453,19.280000686645508
2005-01-13,19.200000762939453,19.450000762939453,18.829999923706055,19.09000015258789
2005-01-14,18.8799991607666,19.010000228881836,18.389999389648438,18.56999969482422
2005-01-18,19.559999465942383,19.709999084472656,18.719999313354492,18.75
2005-01-19,18.920000076293945,19.43000030517578,18.81999969482422,19.239999771118164
2005-01-20,19.709999084472656,20.15999984741211,19.450000762939453,19.5
2005-01-21,19.75,19.75,18.510000228881836,19.3700008392334
2005-01-24,19.889999389648438,20.06999969482422,19.56999969482422,19.8700008392334
2005-01-25,19.84000015258789,20.510000228881836,19.209999084472656,19.520000457763672
2005-01-26,19.43000030517578,19.43000030517578,18.43000030517578,18.920000076293945
2005-01-27,19.09000015258789,19.110000610351562,18.389999389648438,18.579999923706055
2005-01-28,18.520000457763672,18.90999984741211,18.079999923706055,18.579999923706055
2005-01-31,18.729999542236328,18.850000381469727,18.260000228881836,18.43000030517578
2005-02-01,18.459999084472656,18.649999618530273,17.719999313354492,17.760000228881836
2005-02-02,17.780000686645508,17.969999313354492,17.170000076293945,17.299999237060547
2005-02-03,17.520000457763672,17.68000030517578,17.200000762939453,17.360000610351562
2005-02-04,17.3700008392334,17.43000030517578,16.709999084472656,16.920000076293945
2005-02-07,17.229999542236328,17.559999465942383,17.15999984741211,17.559999465942383
2005-02-08,17.469999313354492,17.729999542236328,17.1299991607666,17.600000381469727
2005-02-09,17.469999313354492,18.239999771118164,17.440000534057617,18.239999771118164
2005-02-10,18.239999771118164,18.8799991607666,17.81999969482422,17.920000076293945
2005-02-11,18.170000076293945,18.25,16.979999542236328,17.190000534057617
2005-02-14,17.549999237060547,17.829999923706055,17.43000030517578,17.68000030517578
2005-02-15,17.739999771118164,18.829999923706055,17.040000915527344,17.559999465942383
2005-02-16,17.75,17.950000762939453,17.290000915527344,17.40999984741211
2005-02-17,17.190000534057617,17.579999923706055,16.610000610351562,17.530000686645508
2005-02-18,18.0,18.040000915527344,17.59000015258789,17.8700008392334
2005-02-22,18.639999389648438,19.09000015258789,18.09000015258789,19.0
2005-02-23,19.040000915527344,19.15999984741211,18.31999969482422,18.440000534057617
2005-02-24,18.639999389648438,18.639999389648438,17.520000457763672,17.610000610351562
2005-02-25,17.75,17.75,17.149999618530273,17.34000015258789
2005-02-28,18.06999969482422,18.389999389648438,17.790000915527344,18.06999969482422
2005-03-01,17.950000762939453,18.059999465942383,17.68000030517578,17.780000686645508
2005-03-02,18.1299991607666,18.239999771118164,17.59000015258789,18.200000762939453
2005-03-03,18.18000030517578,19.010000228881836,18.149999618530273,18.760000228881836
2005-03-04,18.670000076293945,18.670000076293945,17.959999084472656,18.1299991607666
2005-03-07,18.510000228881836,18.520000457763672,17.59000015258789,17.729999542236328
2005-03-08,17.959999084472656,18.020000457763672,17.040000915527344,17.860000610351562
2005-03-09,18.020000457763672,18.06999969482422,17.5,17.799999237060547
2005-03-10,17.899999618530273,18.3700008392334,17.709999084472656,17.8799991607666
2005-03-11,17.959999084472656,18.729999542236328,17.700000762939453,18.56999969482422
2005-03-14,19.0,19.100000381469727,18.31999969482422,18.350000381469727
2005-03-15,18.5,19.229999542236328,18.1200008392334,18.68000030517578
2005-03-16,18.829999923706055,19.209999084472656,18.489999771118164,19.010000228881836
2005-03-17,19.030000686645508,19.030000686645508,18.350000381469727,18.459999084472656
2005-03-18,18.6299991607666,18.729999542236328,17.780000686645508,17.8799991607666
2005-03-21,18.260000228881836,18.31999969482422,17.43000030517578,17.829999923706055
2005-03-22,17.690000534057617,18.110000610351562,17.329999923706055,18.030000686645508
2005-03-23,18.239999771118164,18.25,17.360000610351562,17.68000030517578
2005-03-24,17.700000762939453,17.700000762939453,16.889999389648438,17.149999618530273
2005-03-28,17.75,17.780000686645508,17.360000610351562,17.739999771118164
2005-03-29,17.899999618530273,18.209999084472656,17.459999084472656,17.989999771118164
2005-03-30,18.079999923706055,18.110000610351562,17.280000686645508,17.360000610351562
2005-03-31,17.549999237060547,17.790000915527344,17.479999542236328,17.649999618530273
2005-04-01,17.559999465942383,17.809999465942383,17.270000457763672,17.610000610351562
2005-04-04,18.299999237060547,18.459999084472656,17.979999542236328,18.06999969482422
2005-04-05,18.170000076293945,18.219999313354492,17.59000015258789,17.670000076293945
2005-04-06,17.65999984741211,17.700000762939453,17.209999084472656,17.350000381469727
2005-04-07,17.5,17.540000915527344,16.559999465942383,16.670000076293945
2005-04-08,16.729999542236328,17.040000915527344,16.5,16.959999084472656
2005-04-11,16.6299991607666,17.360000610351562,16.540000915527344,16.899999618530273
2005-04-12,17.110000610351562,17.559999465942383,16.190000534057617,16.239999771118164
2005-04-13,16.59000015258789,16.610000610351562,15.890000343322754,16.06999969482422
2005-04-14,16.25,18.360000610351562,16.209999084472656,18.010000228881836
2005-04-15,18.489999771118164,21.940000534057617,18.100000381469727,21.850000381469727
2005-04-18,22.09000015258789,22.260000228881836,20.8799991607666,21.3799991607666
2005-04-19,20.899999618530273,20.989999771118164,18.969999313354492,19.110000610351562
2005-04-20,19.3700008392334,20.469999313354492,18.670000076293945,20.229999542236328
2005-04-21,19.93000030517578,19.93000030517578,18.059999465942383,18.520000457763672
2005-04-22,18.610000610351562,19.170000076293945,18.200000762939453,19.040000915527344
2005-04-25,19.34000015258789,19.34000015258789,18.530000686645508,18.579999923706055
2005-04-26,18.850000381469727,19.0,18.110000610351562,18.68000030517578
2005-04-27,18.989999771118164,20.459999084472656,18.6299991607666,18.760000228881836
2005-04-28,19.110000610351562,20.209999084472656,18.84000015258789,20.1299991607666
2005-04-29,18.700000762939453,21.350000381469727,18.450000762939453,18.540000915527344
2005-05-02,19.31999969482422,20.799999237060547,18.709999084472656,20.799999237060547
2005-05-03,20.239999771118164,20.239999771118164,20.059999465942383,20.139999389648438
2005-05-04,19.520000457763672,19.549999237060547,18.170000076293945,18.31999969482422
2005-05-05,18.450000762939453,18.65999984741211,18.010000228881836,18.1200008392334
2005-05-06,17.68000030517578,17.950000762939453,17.5,17.579999923706055
2005-05-09,18.68000030517578,18.940000534057617,18.260000228881836,18.3700008392334
2005-05-10,17.860000610351562,18.34000015258789,17.75,18.110000610351562
2005-05-11,18.260000228881836,19.829999923706055,17.739999771118164,17.8700008392334
2005-05-12,17.760000228881836,18.8700008392334,17.34000015258789,18.809999465942383
2005-05-13,18.6200008392334,19.100000381469727,18.040000915527344,18.40999984741211
2005-05-16,19.110000610351562,19.31999969482422,18.690000534057617,18.770000457763672
2005-05-17,18.989999771118164,19.690000534057617,18.270000457763672,18.280000686645508
2005-05-18,18.459999084472656,18.459999084472656,17.18000030517578,17.549999237060547
2005-05-19,17.56999969482422,17.649999618530273,16.68000030517578,16.950000762939453
2005-05-20,16.950000762939453,17.18000030517578,15.84000015258789,15.880000114440918
2005-05-23,16.360000610351562,16.469999313354492,15.449999809265137,16.040000915527344
2005-05-24,16.489999771118164,16.520000457763672,15.539999961853027,15.84000015258789
2005-05-25,15.90999984741211,16.219999313354492,15.619999885559082,15.619999885559082
2005-05-26,15.449999809265137,15.449999809265137,14.569999694824219,15.050000190734863
2005-05-27,14.760000228881836,15.289999961853027,14.470000267028809,15.149999618530273
2005-05-31,15.609999656677246,16.229999542236328,15.609999656677246,16.110000610351562
2005-06-01,16.18000030517578,16.190000534057617,15.010000228881836,15.869999885559082
2005-06-02,15.75,15.989999771118164,14.720000267028809,14.949999809265137
2005-06-03,14.890000343322754,15.739999771118164,14.8100004196167,15.59000015258789
2005-06-06,15.989999771118164,16.280000686645508,15.680000305175781,15.739999771118164
2005-06-07,15.710000038146973,15.8100004196167,14.760000228881836,15.609999656677246
2005-06-08,15.609999656677246,16.110000610351562,15.470000267028809,15.800000190734863
2005-06-09,16.0,16.06999969482422,15.199999809265137,15.270000457763672
2005-06-10,15.430000305175781,16.079999923706055,15.329999923706055,15.869999885559082
2005-06-13,16.280000686645508,16.309999465942383,15.670000076293945,15.739999771118164
2005-06-14,16.049999237060547,16.190000534057617,15.579999923706055,15.75
2005-06-15,15.75,16.56999969482422,15.319999694824219,15.449999809265137
2005-06-16,15.5600004196167,15.770000457763672,14.890000343322754,14.970000267028809
2005-06-17,14.770000457763672,15.3100004196167,14.350000381469727,14.630000114440918
2005-06-20,15.619999885559082,15.619999885559082,14.1899995803833,14.699999809265137
2005-06-21,14.800000190734863,14.930000305175781,13.390000343322754,13.430000305175781
2005-06-22,13.979999542236328,14.680000305175781,13.630000114440918,14.039999961853027
2005-06-23,14.220000267028809,15.15999984741211,13.960000038146973,15.069999694824219
2005-06-24,15.140000343322754,15.430000305175781,14.930000305175781,15.300000190734863
2005-06-27,15.930000305175781,16.030000686645508,15.479999542236328,15.729999542236328
2005-06-28,15.720000267028809,15.75,14.789999961853027,14.84000015258789
2005-06-29,14.75,14.949999809265137,14.3100004196167,14.460000038146973
2005-06-30,14.25,14.550000190734863,13.720000267028809,14.460000038146973
2005-07-01,14.270000457763672,14.430000305175781,13.899999618530273,14.270000457763672
2005-07-05,15.119999885559082,15.149999618530273,14.300000190734863,14.5
2005-07-06,14.579999923706055,14.880000114440918,14.270000457763672,14.770000457763672
2005-07-07,17.09000015258789,17.09000015258789,15.119999885559082,15.140000343322754
2005-07-08,15.239999771118164,15.25,13.779999732971191,13.800000190734863
2005-07-11,14.029999732971191,14.100000381469727,13.420000076293945,13.569999694824219
2005-07-12,13.760000228881836,15.010000228881836,13.699999809265137,14.770000457763672
2005-07-13,14.680000305175781,15.300000190734863,14.59000015258789,14.880000114440918
2005-07-14,14.59000015258789,14.850000381469727,14.149999618530273,14.210000038146973
2005-07-15,13.9399995803833,13.979999542236328,12.869999885559082,13.34000015258789
2005-07-18,14.40999984741211,14.539999961853027,13.789999961853027,13.8100004196167
2005-07-19,13.65999984741211,13.680000305175781,13.0,13.0600004196167
2005-07-20,13.720000267028809,13.739999771118164,12.479999542236328,12.890000343322754
2005-07-21,12.899999618530273,13.65999984741211,12.539999961853027,13.470000267028809
2005-07-22,13.140000343322754,13.220000267028809,12.869999885559082,12.949999809265137
2005-07-25,13.329999923706055,13.819999694824219,13.210000038146973,13.579999923706055
2005-07-26,13.640000343322754,13.899999618530273,13.420000076293945,13.5600004196167
2005-07-27,13.380000114440918,13.680000305175781,12.6899995803833,12.760000228881836
2005-07-28,12.819999694824219,12.979999542236328,12.5,12.609999656677246
2005-07-29,12.90999984741211,14.010000228881836,12.84000015258789,13.869999885559082
2005-08-01,14.460000038146973,14.720000267028809,14.050000190734863,14.380000114440918
2005-08-02,14.390000343322754,14.420000076293945,13.75,13.949999809265137
2005-08-03,14.039999961853027,14.210000038146973,13.710000038146973,13.720000267028809
2005-08-04,14.0,15.119999885559082,13.899999618530273,14.9399995803833
2005-08-05,15.229999542236328,15.5600004196167,14.949999809265137,15.399999618530273
2005-08-08,15.770000457763672,16.239999771118164,15.5600004196167,15.949999809265137
2005-08-09,15.920000076293945,15.989999771118164,15.180000305175781,15.25
2005-08-10,15.359999656677246,15.970000267028809,14.5,15.670000076293945
2005-08-11,15.890000343322754,15.930000305175781,15.199999809265137,15.729999542236328
2005-08-12,15.890000343322754,16.18000030517578,15.430000305175781,15.630000114440918
2005-08-15,16.059999465942383,16.239999771118164,14.850000381469727,15.069999694824219
2005-08-16,15.40999984741211,16.280000686645508,15.229999542236328,16.200000762939453
2005-08-17,16.309999465942383,16.3700008392334,15.329999923706055,15.569999694824219
2005-08-18,15.619999885559082,15.859999656677246,15.050000190734863,15.289999961853027
2005-08-19,15.319999694824219,16.15999984741211,14.460000038146973,16.15999984741211
2005-08-22,16.5,16.5,15.619999885559082,15.9399995803833
2005-08-23,16.09000015258789,16.200000762939453,15.569999694824219,15.569999694824219
2005-08-24,15.579999923706055,15.699999809265137,14.649999618530273,15.430000305175781
2005-08-25,15.420000076293945,15.569999694824219,15.0600004196167,15.350000381469727
2005-08-26,15.430000305175781,15.760000228881836,15.119999885559082,15.369999885559082
2005-08-29,16.329999923706055,16.350000381469727,15.25,15.300000190734863
2005-08-30,15.819999694824219,16.100000381469727,15.239999771118164,15.359999656677246
2005-08-31,15.430000305175781,15.619999885559082,14.630000114440918,14.710000038146973
2005-09-01,15.020000457763672,15.390000343322754,14.649999618530273,15.069999694824219
2005-09-02,14.989999771118164,17.280000686645508,11.770000457763672,15.670000076293945
2005-09-06,15.979999542236328,16.110000610351562,14.789999961853027,14.890000343322754
2005-09-07,15.119999885559082,15.34000015258789,14.670000076293945,14.899999618530273
2005-09-08,15.020000457763672,15.020000457763672,14.470000267028809,14.699999809265137
2005-09-09,14.729999542236328,14.819999694824219,14.210000038146973,14.270000457763672
2005-09-12,14.789999961853027,15.260000228881836,14.609999656677246,15.15999984741211
2005-09-13,15.359999656677246,15.529999732971191,14.260000228881836,14.970000267028809
2005-09-14,14.859999656677246,15.680000305175781,14.520000457763672,15.569999694824219
2005-09-15,15.4399995803833,15.850000381469727,15.3100004196167,15.760000228881836
2005-09-16,15.539999961853027,15.539999961853027,14.109999656677246,14.579999923706055
2005-09-19,15.130000114440918,15.270000457763672,14.649999618530273,14.6899995803833
2005-09-20,14.869999885559082,15.329999923706055,13.880000114440918,15.170000076293945
2005-09-21,15.470000267028809,15.930000305175781,15.279999732971191,15.850000381469727
2005-09-22,16.0,16.34000015258789,15.170000076293945,15.300000190734863
2005-09-23,15.640000343322754,15.760000228881836,14.850000381469727,15.15999984741211
2005-09-26,15.449999809265137,15.449999809265137,14.5600004196167,14.819999694824219
2005-09-27,14.970000267028809,15.039999961853027,14.260000228881836,14.390000343322754
2005-09-28,14.670000076293945,14.699999809265137,14.170000076293945,14.350000381469727
2005-09-29,14.630000114440918,14.9399995803833,14.149999618530273,14.369999885559082
2005-09-30,14.539999961853027,14.5600004196167,13.3100004196167,13.3100004196167
2005-10-03,14.010000228881836,14.109999656677246,13.760000228881836,13.970000267028809
2005-10-04,14.100000381469727,14.920000076293945,13.819999694824219,14.90999984741211
2005-10-05,14.960000038146973,15.90999984741211,14.960000038146973,15.859999656677246
2005-10-06,16.0,17.1200008392334,15.619999885559082,16.790000915527344
2005-10-07,16.639999389648438,16.690000534057617,16.25,16.6200008392334
2005-10-10,16.969999313354492,17.31999969482422,16.649999618530273,17.280000686645508
2005-10-11,17.309999465942383,17.329999923706055,16.760000228881836,17.149999618530273
2005-10-12,17.3799991607666,17.850000381469727,16.90999984741211,17.760000228881836
2005-10-13,17.829999923706055,18.110000610351562,16.75,17.190000534057617
2005-10-14,17.010000228881836,17.170000076293945,16.1299991607666,16.229999542236328
2005-10-17,16.6299991607666,16.719999313354492,16.110000610351562,16.219999313354492
2005-10-18,16.479999542236328,16.610000610351562,16.18000030517578,16.479999542236328
2005-10-19,16.799999237060547,17.1299991607666,15.569999694824219,15.569999694824219
2005-10-20,15.9399995803833,16.43000030517578,15.399999618530273,16.290000915527344
2005-10-21,15.84000015258789,16.030000686645508,15.390000343322754,15.819999694824219
2005-10-24,16.290000915527344,16.43000030517578,15.020000457763672,15.229999542236328
2005-10-25,15.449999809265137,15.760000228881836,14.989999771118164,15.279999732971191
2005-10-26,15.479999542236328,16.1299991607666,14.899999618530273,15.869999885559082
2005-10-27,16.110000610351562,17.889999389648438,15.930000305175781,17.700000762939453
2005-10-28,17.559999465942383,17.989999771118164,17.31999969482422,17.520000457763672
2005-10-31,17.81999969482422,17.989999771118164,17.1299991607666,17.989999771118164
2005-11-01,17.829999923706055,18.100000381469727,17.110000610351562,17.389999389648438
2005-11-02,17.670000076293945,17.68000030517578,15.819999694824219,15.819999694824219
2005-11-03,15.729999542236328,15.859999656677246,14.930000305175781,15.649999618530273
2005-11-04,15.699999809265137,15.949999809265137,15.109999656677246,15.180000305175781
2005-11-07,15.479999542236328,16.09000015258789,15.140000343322754,15.670000076293945
2005-11-08,15.880000114440918,16.06999969482422,15.260000228881836,15.5600004196167
2005-11-09,15.850000381469727,16.450000762939453,15.550000190734863,15.869999885559082
2005-11-10,16.139999389648438,16.729999542236328,14.609999656677246,14.609999656677246
2005-11-11,14.5600004196167,14.579999923706055,13.90999984741211,14.210000038146973
2005-11-14,14.930000305175781,15.220000267028809,14.550000190734863,14.680000305175781
2005-11-15,14.869999885559082,15.539999961853027,14.149999618530273,14.789999961853027
2005-11-16,14.600000381469727,15.270000457763672,13.850000381469727,13.960000038146973
2005-11-17,13.970000267028809,13.970000267028809,13.220000267028809,13.279999732971191
2005-11-18,14.380000114440918,14.600000381469727,14.079999923706055,14.359999656677246
2005-11-21,14.770000457763672,15.069999694824219,14.079999923706055,14.109999656677246
2005-11-22,14.569999694824219,14.640000343322754,13.550000190734863,14.010000228881836
2005-11-23,14.1899995803833,14.34000015258789,13.779999732971191,14.15999984741211
2005-11-25,14.3100004196167,14.359999656677246,13.789999961853027,13.890000343322754
2005-11-28,14.350000381469727,15.180000305175781,14.300000190734863,14.779999732971191
2005-11-29,14.890000343322754,15.520000457763672,14.619999885559082,15.399999618530273
2005-11-30,15.4399995803833,15.5,14.989999771118164,15.3100004196167
2005-12-01,15.180000305175781,15.180000305175781,14.359999656677246,14.420000076293945
2005-12-02,14.609999656677246,14.619999885559082,13.90999984741211,13.920000076293945
2005-12-05,14.550000190734863,15.039999961853027,14.539999961853027,14.600000381469727
2005-12-06,14.619999885559082,14.760000228881836,14.0600004196167,14.359999656677246
2005-12-07,14.40999984741211,15.380000114440918,14.380000114440918,14.979999542236328
2005-12-08,15.109999656677246,15.819999694824219,14.729999542236328,15.4399995803833
2005-12-09,15.460000038146973,15.649999618530273,15.069999694824219,15.140000343322754
2005-12-12,15.039999961853027,15.180000305175781,14.640000343322754,14.829999923706055
2005-12-13,14.779999732971191,15.079999923706055,13.9399995803833,14.220000267028809
2005-12-14,14.609999656677246,14.65999984741211,13.640000343322754,13.789999961853027
2005-12-15,13.84000015258789,14.270000457763672,13.529999732971191,13.989999771118164
2005-12-16,13.399999618530273,13.710000038146973,12.850000381469727,13.1899995803833
2005-12-19,13.880000114440918,14.279999732971191,13.380000114440918,14.229999542236328
2005-12-20,14.170000076293945,14.319999694824219,13.529999732971191,14.140000343322754
2005-12-21,14.069999694824219,14.109999656677246,13.380000114440918,13.970000267028809
2005-12-22,13.869999885559082,13.920000076293945,13.520000457763672,13.670000076293945
2005-12-23,13.739999771118164,13.800000190734863,13.5,13.600000381469727
2005-12-27,14.170000076293945,14.699999809265137,13.869999885559082,14.649999618530273
2005-12-28,14.5600004196167,14.800000190734863,14.329999923706055,14.479999542236328
2005-12-29,14.550000190734863,14.670000076293945,14.380000114440918,14.619999885559082
2005-12-30,14.84000015258789,14.859999656677246,14.0600004196167,14.260000228881836
2006-01-03,14.850000381469727,15.239999771118164,14.319999694824219,14.6899995803833
2006-01-04,14.779999732971191,14.899999618530273,14.34000015258789,14.850000381469727
2006-01-05,14.989999771118164,15.15999984741211,14.720000267028809,15.010000228881836
2006-01-06,15.170000076293945,15.170000076293945,14.529999732971191,14.949999809265137
2006-01-09,15.510000228881836,15.829999923706055,15.479999542236328,15.65999984741211
2006-01-10,15.949999809265137,16.1299991607666,15.680000305175781,15.770000457763672
2006-01-11,15.899999618530273,15.920000076293945,15.069999694824219,15.229999542236328
2006-01-12,15.65999984741211,16.440000534057617,15.579999923706055,16.239999771118164
2006-01-13,16.329999923706055,16.59000015258789,15.90999984741211,15.920000076293945
2006-01-17,17.020000457763672,17.1299991607666,15.770000457763672,16.739999771118164
2006-01-18,17.75,17.760000228881836,17.09000015258789,17.110000610351562
2006-01-19,17.09000015258789,17.149999618530273,16.399999618530273,16.510000228881836
2006-01-20,16.6200008392334,19.5,16.290000915527344,19.450000762939453
2006-01-23,20.59000015258789,20.59000015258789,19.079999923706055,19.43000030517578
2006-01-24,19.399999618530273,19.440000534057617,18.219999313354492,18.3700008392334
2006-01-25,18.100000381469727,18.329999923706055,17.809999465942383,17.93000030517578
2006-01-26,17.670000076293945,17.809999465942383,17.3799991607666,17.549999237060547
2006-01-27,17.530000686645508,17.799999237060547,16.770000457763672,17.309999465942383
2006-01-30,17.829999923706055,18.0,17.65999984741211,17.889999389648438
2006-01-31,18.110000610351562,18.579999923706055,17.780000686645508,18.579999923706055
2006-02-01,18.34000015258789,18.350000381469727,17.079999923706055,17.1200008392334
2006-02-02,17.309999465942383,17.889999389648438,17.309999465942383,17.790000915527344
2006-02-03,18.020000457763672,18.079999923706055,17.200000762939453,17.530000686645508
2006-02-06,18.149999618530273,18.15999984741211,17.59000015258789,17.6200008392334
2006-02-07,17.790000915527344,17.84000015258789,17.520000457763672,17.65999984741211
2006-02-08,17.6200008392334,17.649999618530273,16.8700008392334,17.059999465942383
2006-02-09,17.06999969482422,17.229999542236328,16.690000534057617,17.139999389648438
2006-02-10,17.030000686645508,17.350000381469727,16.59000015258789,16.8799991607666
2006-02-13,17.540000915527344,17.649999618530273,17.34000015258789,17.389999389648438
2006-02-14,17.420000076293945,17.59000015258789,16.729999542236328,16.90999984741211
2006-02-15,16.93000030517578,16.959999084472656,15.979999542236328,16.049999237060547
2006-02-16,16.020000457763672,16.06999969482422,14.920000076293945,14.930000305175781
2006-02-17,15.029999732971191,15.119999885559082,14.729999542236328,15.109999656677246
2006-02-21,15.479999542236328,15.569999694824219,15.130000114440918,15.25
2006-02-22,15.149999618530273,15.369999885559082,14.760000228881836,15.34000015258789
2006-02-23,15.180000305175781,15.59000015258789,15.15999984741211,15.59000015258789
2006-02-24,15.34000015258789,15.369999885559082,15.119999885559082,15.15999984741211
2006-02-27,15.430000305175781,15.449999809265137,14.920000076293945,14.970000267028809
2006-02-28,15.020000457763672,16.010000228881836,14.9399995803833,15.989999771118164
2006-03-01,16.030000686645508,16.049999237060547,15.399999618530273,15.489999771118164
2006-03-02,15.649999618530273,16.25,15.569999694824219,15.989999771118164
2006-03-03,16.18000030517578,16.299999237060547,15.779999732971191,16.270000457763672
2006-03-06,16.600000381469727,17.709999084472656,16.579999923706055,17.520000457763672
2006-03-07,17.760000228881836,18.09000015258789,17.65999984741211,17.700000762939453
2006-03-08,17.989999771118164,18.3700008392334,17.399999618530273,17.469999313354492
2006-03-09,17.56999969482422,17.959999084472656,17.1200008392334,17.790000915527344
2006-03-10,17.850000381469727,18.100000381469727,17.510000228881836,17.6200008392334
2006-03-13,17.969999313354492,17.969999313354492,17.219999313354492,17.25
2006-03-14,17.329999923706055,17.329999923706055,15.720000267028809,15.720000267028809
2006-03-15,15.59000015258789,15.649999618530273,14.899999618530273,15.4399995803833
2006-03-16,15.539999961853027,15.75,15.079999923706055,15.619999885559082
2006-03-17,15.550000190734863,15.600000381469727,14.899999618530273,15.359999656677246
2006-03-20,15.960000038146973,16.239999771118164,15.760000228881836,15.930000305175781
2006-03-21,15.979999542236328,16.1200008392334,15.420000076293945,16.040000915527344
2006-03-22,16.420000076293945,16.43000030517578,15.90999984741211,16.100000381469727
2006-03-23,16.350000381469727,16.389999389648438,15.920000076293945,16.030000686645508
2006-03-24,15.880000114440918,16.219999313354492,15.460000038146973,15.90999984741211
2006-03-27,16.5,16.6200008392334,16.079999923706055,16.110000610351562
2006-03-28,16.299999237060547,16.440000534057617,15.75,16.299999237060547
2006-03-29,16.270000457763672,16.420000076293945,15.020000457763672,15.8100004196167
2006-03-30,15.779999732971191,16.209999084472656,15.300000190734863,16.139999389648438
2006-03-31,16.020000457763672,16.600000381469727,15.949999809265137,16.309999465942383
2006-04-03,16.709999084472656,16.81999969482422,16.350000381469727,16.520000457763672
2006-04-04,16.559999465942383,16.799999237060547,16.219999313354492,16.260000228881836
2006-04-05,16.290000915527344,16.420000076293945,15.850000381469727,15.920000076293945
2006-04-06,15.960000038146973,16.1200008392334,15.510000228881836,15.630000114440918
2006-04-07,15.619999885559082,15.989999771118164,15.369999885559082,15.880000114440918
2006-04-10,16.420000076293945,16.700000762939453,16.329999923706055,16.399999618530273
2006-04-11,16.510000228881836,17.329999923706055,16.459999084472656,17.040000915527344
2006-04-12,17.09000015258789,17.200000762939453,16.770000457763672,17.040000915527344
2006-04-13,17.020000457763672,17.100000381469727,16.1200008392334,16.34000015258789
2006-04-17,17.030000686645508,17.709999084472656,16.850000381469727,17.309999465942383
2006-04-18,17.329999923706055,17.43000030517578,15.420000076293945,16.34000015258789
2006-04-19,16.299999237060547,16.520000457763672,15.109999656677246,15.210000038146973
2006-04-20,15.319999694824219,15.609999656677246,14.699999809265137,15.520000457763672
2006-04-21,15.300000190734863,16.06999969482422,15.239999771118164,15.920000076293945
2006-04-24,16.469999313354492,16.610000610351562,15.609999656677246,15.609999656677246
2006-04-25,15.649999618530273,15.949999809265137,15.529999732971191,15.59000015258789
2006-04-26,15.600000381469727,15.739999771118164,15.4399995803833,15.550000190734863
2006-04-27,15.84000015258789,15.979999542236328,14.770000457763672,15.210000038146973
2006-04-28,15.649999618530273,15.850000381469727,15.329999923706055,15.510000228881836
2006-05-01,15.960000038146973,16.420000076293945,15.779999732971191,16.329999923706055
2006-05-02,16.049999237060547,16.1299991607666,15.680000305175781,15.789999961853027
2006-05-03,15.84000015258789,15.989999771118164,15.460000038146973,15.579999923706055
2006-05-04,15.5,15.5,14.800000190734863,14.9399995803833
2006-05-05,14.680000305175781,14.680000305175781,14.380000114440918,14.430000305175781
2006-05-08,14.960000038146973,15.039999961853027,14.619999885559082,14.770000457763672
2006-05-09,14.9399995803833,15.020000457763672,14.550000190734863,14.640000343322754
2006-05-10,14.930000305175781,15.229999542236328,14.630000114440918,14.850000381469727
2006-05-11,14.930000305175781,15.789999961853027,14.880000114440918,15.720000267028809
2006-05-12,16.010000228881836,17.15999984741211,15.9399995803833,17.100000381469727
2006-05-15,17.8700008392334,18.690000534057617,17.540000915527344,18.040000915527344
2006-05-16,17.81999969482422,17.81999969482422,17.110000610351562,17.329999923706055
2006-05-17,18.479999542236328,19.6200008392334,17.450000762939453,19.559999465942383
2006-05-18,19.559999465942383,20.3700008392334,19.149999618530273,20.309999465942383
2006-05-19,20.389999389648438,22.299999237060547,20.059999465942383,20.950000762939453
2006-05-22,21.889999389648438,23.34000015258789,21.600000381469727,22.540000915527344
2006-05-23,21.979999542236328,22.209999084472656,19.799999237060547,22.18000030517578
2006-05-24,22.049999237060547,23.549999237060547,20.809999465942383,21.90999984741211
2006-05-25,21.469999313354492,21.469999313354492,19.56999969482422,19.690000534057617
2006-05-26,19.31999969482422,19.450000762939453,18.3700008392334,18.579999923706055
2006-05-30,19.65999984741211,22.100000381469727,19.65999984741211,22.100000381469727
2006-05-31,21.559999465942383,21.979999542236328,20.540000915527344,21.459999084472656
2006-06-01,21.290000915527344,21.34000015258789,18.719999313354492,18.860000610351562
2006-06-02,18.299999237060547,19.290000915527344,18.100000381469727,18.3799991607666
2006-06-05,18.969999313354492,21.059999465942383,18.8700008392334,20.899999618530273
2006-06-06,21.040000915527344,23.170000076293945,21.0,22.18000030517578
2006-06-07,22.440000534057617,23.639999389648438,21.3700008392334,23.540000915527344
2006-06-08,23.8700008392334,27.290000915527344,23.84000015258789,24.610000610351562
2006-06-09,23.780000686645508,23.780000686645508,22.1299991607666,23.219999313354492
2006-06-12,24.290000915527344,26.040000915527344,24.139999389648438,25.639999389648438
2006-06-13,25.229999542236328,25.8799991607666,23.510000228881836,25.729999542236328
2006-06-14,25.649999618530273,25.790000915527344,24.190000534057617,24.360000610351562
2006-06-15,23.43000030517578,23.43000030517578,19.3799991607666,19.469999313354492
2006-06-16,19.889999389648438,22.34000015258789,19.239999771118164,21.690000534057617
2006-06-19,21.6200008392334,22.420000076293945,21.200000762939453,22.040000915527344
2006-06-20,21.899999618530273,22.200000762939453,20.920000076293945,21.030000686645508
2006-06-21,21.040000915527344,21.1299991607666,18.489999771118164,19.65999984741211
2006-06-22,19.899999618530273,21.479999542236328,19.760000228881836,20.809999465942383
2006-06-23,21.030000686645508,21.31999969482422,19.56999969482422,20.360000610351562
2006-06-26,20.899999618530273,21.149999618530273,20.520000457763672,20.829999923706055
2006-06-27,20.649999618530273,22.260000228881836,20.420000076293945,22.110000610351562
2006-06-28,22.1200008392334,22.700000762939453,21.43000030517578,21.450000762939453
2006-06-29,29.31999969482422,29.31999969482422,17.670000076293945,17.93000030517578
2006-06-30,17.780000686645508,18.540000915527344,17.709999084472656,17.889999389648438
2006-07-03,21.940000534057617,22.219999313354492,17.579999923706055,17.68000030517578
2006-07-05,18.600000381469727,20.1200008392334,18.600000381469727,19.780000686645508
2006-07-06,19.690000534057617,19.90999984741211,19.09000015258789,19.799999237060547
2006-07-07,19.940000534057617,20.59000015258789,19.420000076293945,20.170000076293945
2006-07-10,20.829999923706055,21.329999923706055,20.290000915527344,20.81999969482422
2006-07-11,21.079999923706055,21.639999389648438,20.1299991607666,20.18000030517578
2006-07-12,20.479999542236328,22.239999771118164,20.280000686645508,22.06999969482422
2006-07-13,22.68000030517578,24.75,22.6200008392334,24.65999984741211
2006-07-14,24.610000610351562,25.31999969482422,24.450000762939453,24.6200008392334
2006-07-17,25.25,25.290000915527344,24.479999542236328,24.520000457763672
2006-07-18,24.3799991607666,25.420000076293945,23.799999237060547,23.889999389648438
2006-07-19,24.149999618530273,24.149999618530273,21.709999084472656,22.829999923706055
2006-07-20,22.329999923706055,23.420000076293945,22.059999465942383,23.219999313354492
2006-07-21,23.549999237060547,23.610000610351562,22.760000228881836,23.200000762939453
2006-07-24,23.450000762939453,23.559999465942383,21.709999084472656,21.780000686645508
2006-07-25,22.010000228881836,22.239999771118164,20.950000762939453,21.520000457763672
2006-07-26,21.610000610351562,21.719999313354492,20.219999313354492,20.690000534057617
2006-07-27,20.260000228881836,21.219999313354492,19.780000686645508,20.790000915527344
2006-07-28,20.65999984741211,20.68000030517578,19.229999542236328,19.260000228881836
2006-07-31,20.020000457763672,20.420000076293945,19.690000534057617,20.329999923706055
2006-08-01,20.020000457763672,22.15999984741211,19.690000534057617,21.3799991607666
2006-08-02,21.149999618530273,21.149999618530273,20.020000457763672,20.850000381469727
2006-08-03,21.760000228881836,21.860000610351562,20.829999923706055,21.1200008392334
2006-08-04,20.65999984741211,22.440000534057617,20.15999984741211,21.6299991607666
2006-08-07,22.6299991607666,23.309999465942383,22.6299991607666,22.8700008392334
2006-08-08,22.8799991607666,23.440000534057617,21.809999465942383,22.850000381469727
2006-08-09,22.1200008392334,22.1200008392334,19.90999984741211,21.600000381469727
2006-08-10,22.100000381469727,22.209999084472656,20.65999984741211,20.860000610351562
2006-08-11,21.040000915527344,21.100000381469727,20.049999237060547,20.059999465942383
2006-08-14,19.149999618530273,19.190000534057617,18.059999465942383,19.110000610351562
2006-08-15,18.739999771118164,18.889999389648438,18.1299991607666,18.489999771118164
2006-08-16,18.350000381469727,19.040000915527344,18.110000610351562,18.989999771118164
2006-08-17,19.540000915527344,19.829999923706055,18.06999969482422,18.959999084472656
2006-08-18,19.25,19.299999237060547,17.639999389648438,18.450000762939453
2006-08-21,20.149999618530273,20.520000457763672,19.75,19.8700008392334
2006-08-22,20.020000457763672,20.139999389648438,19.209999084472656,19.959999084472656
2006-08-23,20.200000762939453,20.719999313354492,19.920000076293945,20.610000610351562
2006-08-24,20.31999969482422,20.450000762939453,19.450000762939453,19.520000457763672
2006-08-25,19.639999389648438,19.780000686645508,16.889999389648438,16.979999542236328
2006-08-28,17.770000457763672,17.780000686645508,17.0,17.229999542236328
2006-08-29,17.209999084472656,17.8700008392334,17.149999618530273,17.290000915527344
2006-08-30,17.239999771118164,17.34000015258789,16.780000686645508,16.799999237060547
2006-08-31,16.809999465942383,17.389999389648438,16.610000610351562,17.389999389648438
2006-09-01,16.959999084472656,17.260000228881836,16.06999969482422,16.799999237060547
2006-09-05,17.989999771118164,18.350000381469727,17.68000030517578,18.350000381469727
2006-09-06,18.8799991607666,20.31999969482422,18.780000686645508,20.190000534057617
2006-09-07,20.510000228881836,20.93000030517578,19.829999923706055,20.3700008392334
2006-09-08,20.350000381469727,20.3799991607666,19.56999969482422,19.81999969482422
2006-09-11,20.770000457763672,20.81999969482422,19.489999771118164,19.709999084472656
2006-09-12,19.790000915527344,19.790000915527344,17.760000228881836,18.260000228881836
2006-09-13,18.299999237060547,18.479999542236328,17.510000228881836,17.59000015258789
2006-09-14,17.8799991607666,18.15999984741211,16.700000762939453,17.489999771118164
2006-09-15,16.670000076293945,17.84000015258789,16.299999237060547,17.75
2006-09-18,17.979999542236328,18.709999084472656,17.610000610351562,18.450000762939453
2006-09-19,18.700000762939453,20.170000076293945,18.219999313354492,18.260000228881836
2006-09-20,17.889999389648438,18.739999771118164,16.8700008392334,18.450000762939453
2006-09-21,18.280000686645508,18.709999084472656,17.780000686645508,18.200000762939453
2006-09-22,18.350000381469727,18.760000228881836,18.200000762939453,18.350000381469727
2006-09-25,18.559999465942383,19.1200008392334,17.479999542236328,17.719999313354492
2006-09-26,17.770000457763672,18.229999542236328,17.34000015258789,17.65999984741211
2006-09-27,17.850000381469727,17.969999313354492,17.200000762939453,17.40999984741211
2006-09-28,17.43000030517578,17.799999237060547,16.979999542236328,17.020000457763672
2006-09-29,17.06999969482422,17.690000534057617,16.969999313354492,17.68000030517578
2006-10-02,18.530000686645508,19.5,18.1200008392334,19.440000534057617
2006-10-03,19.6200008392334,19.950000762939453,19.100000381469727,19.780000686645508
2006-10-04,19.889999389648438,19.889999389648438,18.399999618530273,18.520000457763672
2006-10-05,18.459999084472656,18.579999923706055,17.700000762939453,18.149999618530273
2006-10-06,18.389999389648438,18.549999237060547,17.65999984741211,18.030000686645508
2006-10-09,18.8799991607666,18.989999771118164,17.959999084472656,18.280000686645508
2006-10-10,18.280000686645508,19.1299991607666,18.170000076293945,18.860000610351562
2006-10-11,18.799999237060547,19.270000457763672,17.670000076293945,18.510000228881836
2006-10-12,18.43000030517578,18.479999542236328,17.6299991607666,17.639999389648438
2006-10-13,17.8700008392334,18.049999237060547,17.209999084472656,17.829999923706055
2006-10-16,18.309999465942383,18.510000228881836,17.010000228881836,18.450000762939453
2006-10-17,18.920000076293945,19.690000534057617,18.350000381469727,18.8799991607666
2006-10-18,18.459999084472656,19.280000686645508,18.09000015258789,18.09000015258789
2006-10-19,18.420000076293945,18.510000228881836,16.93000030517578,16.93000030517578
2006-10-20,17.059999465942383,17.510000228881836,16.68000030517578,16.700000762939453
2006-10-23,17.1299991607666,17.709999084472656,16.5,17.510000228881836
2006-10-24,17.780000686645508,17.809999465942383,17.209999084472656,17.25
2006-10-25,17.459999084472656,17.6200008392334,16.549999237060547,16.780000686645508
2006-10-26,16.920000076293945,17.389999389648438,16.229999542236328,16.59000015258789
2006-10-27,16.81999969482422,17.530000686645508,16.6200008392334,17.40999984741211
2006-10-30,17.950000762939453,18.06999969482422,17.6200008392334,17.989999771118164
2006-10-31,17.889999389648438,18.049999237060547,16.920000076293945,17.299999237060547
2006-11-01,17.219999313354492,18.209999084472656,16.479999542236328,17.979999542236328
2006-11-02,18.280000686645508,18.510000228881836,18.079999923706055,18.1200008392334
2006-11-03,17.81999969482422,18.040000915527344,17.15999984741211,17.229999542236328
2006-11-06,17.540000915527344,17.59000015258789,16.790000915527344,17.389999389648438
2006-11-07,17.420000076293945,17.700000762939453,16.81999969482422,17.510000228881836
2006-11-08,17.969999313354492,17.979999542236328,16.1200008392334,16.389999389648438
2006-11-09,16.40999984741211,16.940000534057617,16.290000915527344,16.65999984741211
2006-11-10,16.75,16.90999984741211,15.380000114440918,15.520000457763672
2006-11-13,16.510000228881836,16.56999969482422,15.65999984741211,16.200000762939453
2006-11-14,16.209999084472656,16.440000534057617,15.25,15.359999656677246
2006-11-15,15.529999732971191,15.640000343322754,14.829999923706055,15.399999618530273
2006-11-16,15.470000267028809,15.529999732971191,14.90999984741211,15.359999656677246
2006-11-17,15.710000038146973,15.930000305175781,15.279999732971191,15.3100004196167
2006-11-20,16.0,16.110000610351562,14.960000038146973,15.130000114440918
2006-11-21,15.149999618530273,15.279999732971191,14.84000015258789,15.050000190734863
2006-11-22,14.989999771118164,15.329999923706055,14.920000076293945,14.949999809265137
2006-11-24,15.619999885559082,15.800000190734863,15.40999984741211,15.59000015258789
2006-11-27,16.639999389648438,17.850000381469727,16.530000686645508,17.600000381469727
2006-11-28,17.889999389648438,18.059999465942383,17.139999389648438,17.329999923706055
2006-11-29,16.979999542236328,17.229999542236328,16.299999237060547,16.780000686645508
2006-11-30,16.8799991607666,17.299999237060547,16.200000762939453,16.530000686645508
2006-12-01,16.729999542236328,17.3799991607666,16.600000381469727,16.600000381469727
2006-12-04,16.989999771118164,16.989999771118164,16.1299991607666,16.489999771118164
2006-12-05,16.3700008392334,16.549999237060547,16.020000457763672,16.200000762939453
2006-12-06,16.43000030517578,16.799999237060547,16.299999237060547,16.459999084472656
2006-12-07,16.459999084472656,17.93000030517578,16.1200008392334,17.93000030517578
2006-12-08,17.969999313354492,17.989999771118164,16.350000381469727,17.139999389648438
2006-12-11,16.360000610351562,16.520000457763672,14.529999732971191,15.539999961853027
2006-12-12,15.90999984741211,15.979999542236328,14.180000305175781,15.25
2006-12-13,15.130000114440918,15.489999771118164,14.220000267028809,14.899999618530273
2006-12-14,14.960000038146973,14.979999542236328,13.75,14.09000015258789
2006-12-15,13.949999809265137,15.220000267028809,13.680000305175781,15.149999618530273
2006-12-18,16.010000228881836,16.450000762939453,14.970000267028809,16.219999313354492
2006-12-19,16.829999923706055,17.559999465942383,16.030000686645508,16.549999237060547
2006-12-20,16.229999542236328,16.389999389648438,15.720000267028809,16.06999969482422
2006-12-21,16.170000076293945,16.75,15.890000343322754,16.40999984741211
2006-12-22,16.459999084472656,17.219999313354492,16.450000762939453,17.200000762939453
2006-12-26,18.18000030517578,18.200000762939453,17.420000076293945,17.440000534057617
2006-12-27,17.34000015258789,17.3700008392334,16.420000076293945,16.459999084472656
2006-12-28,16.75,16.899999618530273,15.869999885559082,16.31999969482422
2006-12-29,16.209999084472656,16.270000457763672,15.579999923706055,16.229999542236328
2007-01-03,16.969999313354492,18.420000076293945,16.290000915527344,17.5
2007-01-04,17.579999923706055,17.860000610351562,16.920000076293945,16.989999771118164
2007-01-05,17.209999084472656,18.290000915527344,17.200000762939453,17.899999618530273
2007-01-08,18.209999084472656,18.950000762939453,18.190000534057617,18.350000381469727
2007-01-09,18.34000015258789,18.790000915527344,17.329999923706055,17.889999389648438
2007-01-10,18.309999465942383,18.530000686645508,17.25,17.25
2007-01-11,17.260000228881836,17.290000915527344,16.540000915527344,17.020000457763672
2007-01-12,17.040000915527344,17.280000686645508,16.549999237060547,16.559999465942383
2007-01-16,17.420000076293945,17.59000015258789,17.200000762939453,17.280000686645508
2007-01-17,17.489999771118164,17.540000915527344,16.760000228881836,16.920000076293945
2007-01-18,16.969999313354492,17.809999465942383,16.93000030517578,17.6299991607666
2007-01-19,17.649999618530273,17.68000030517578,16.68000030517578,16.809999465942383
2007-01-22,17.329999923706055,17.950000762939453,17.309999465942383,17.649999618530273
2007-01-23,17.780000686645508,17.809999465942383,17.010000228881836,17.34000015258789
2007-01-24,17.059999465942383,17.170000076293945,16.579999923706055,16.610000610351562
2007-01-25,16.420000076293945,18.020000457763672,16.420000076293945,17.6299991607666
2007-01-26,17.6200008392334,18.110000610351562,17.309999465942383,17.520000457763672
2007-01-29,18.0,18.389999389648438,17.760000228881836,18.15999984741211
2007-01-30,18.020000457763672,18.270000457763672,17.90999984741211,17.979999542236328
2007-01-31,18.170000076293945,18.559999465942383,16.950000762939453,17.190000534057617
2007-02-01,16.889999389648438,17.530000686645508,16.719999313354492,17.110000610351562
2007-02-02,17.030000686645508,17.059999465942383,16.420000076293945,16.43000030517578
2007-02-05,17.030000686645508,17.239999771118164,16.68000030517578,16.84000015258789
2007-02-06,16.81999969482422,17.3799991607666,16.610000610351562,16.610000610351562
2007-02-07,16.360000610351562,16.59000015258789,15.989999771118164,16.170000076293945
2007-02-08,16.3799991607666,16.59000015258789,16.139999389648438,16.139999389648438
2007-02-09,16.1200008392334,17.520000457763672,16.030000686645508,17.110000610351562
2007-02-12,17.579999923706055,17.899999618530273,17.34000015258789,17.34000015258789
2007-02-13,17.219999313354492,17.290000915527344,15.829999923706055,15.829999923706055
2007-02-14,15.789999961853027,15.850000381469727,14.920000076293945,15.369999885559082
2007-02-15,15.649999618530273,16.100000381469727,15.220000267028809,15.270000457763672
2007-02-16,15.350000381469727,15.40999984741211,14.539999961853027,14.829999923706055
2007-02-20,15.75,16.06999969482422,15.15999984741211,15.770000457763672
2007-02-21,15.970000267028809,16.06999969482422,15.369999885559082,15.380000114440918
2007-02-22,15.300000190734863,15.720000267028809,15.199999809265137,15.300000190734863
2007-02-23,15.199999809265137,15.710000038146973,15.199999809265137,15.319999694824219
2007-02-26,15.710000038146973,16.6200008392334,15.630000114440918,15.989999771118164
2007-02-27,17.420000076293945,23.280000686645508,16.940000534057617,22.969999313354492
2007-02-28,21.940000534057617,21.940000534057617,19.149999618530273,20.530000686645508
2007-03-01,22.690000534057617,25.200000762939453,20.600000381469727,21.510000228881836
2007-03-02,22.06999969482422,23.719999313354492,21.43000030517578,23.65999984741211
2007-03-05,25.110000610351562,25.280000686645508,23.219999313354492,24.610000610351562
2007-03-06,22.829999923706055,22.829999923706055,20.780000686645508,21.190000534057617
2007-03-07,21.209999084472656,21.260000228881836,20.170000076293945,20.559999465942383
2007-03-08,19.75,19.8700008392334,18.899999618530273,19.790000915527344
2007-03-09,18.950000762939453,19.84000015258789,18.649999618530273,18.940000534057617
2007-03-12,19.6299991607666,19.780000686645508,18.420000076293945,18.520000457763672
2007-03-13,19.399999618530273,22.200000762939453,18.90999984741211,22.040000915527344
2007-03-14,21.729999542236328,23.469999313354492,19.510000228881836,19.770000457763672
2007-03-15,20.079999923706055,20.09000015258789,18.440000534057617,18.790000915527344
2007-03-16,18.639999389648438,19.899999618530273,18.200000762939453,19.600000381469727
2007-03-19,19.31999969482422,19.34000015258789,18.3799991607666,18.3799991607666
2007-03-20,18.459999084472656,18.489999771118164,17.360000610351562,17.600000381469727
2007-03-21,17.389999389648438,18.1200008392334,16.389999389648438,17.200000762939453
2007-03-22,16.940000534057617,17.3799991607666,16.219999313354492,16.770000457763672
2007-03-23,16.690000534057617,17.299999237060547,16.56999969482422,17.170000076293945
2007-03-26,17.81999969482422,18.719999313354492,16.899999618530273,17.0
2007-03-27,17.260000228881836,17.68000030517578,17.139999389648438,17.200000762939453
2007-03-28,18.06999969482422,18.799999237060547,17.84000015258789,18.559999465942383
2007-03-29,17.829999923706055,19.309999465942383,17.68000030517578,18.530000686645508
2007-03-30,18.34000015258789,19.010000228881836,17.8799991607666,18.239999771118164
2007-04-02,18.780000686645508,19.420000076293945,18.510000228881836,18.600000381469727
2007-04-03,18.059999465942383,18.059999465942383,16.8700008392334,17.690000534057617
2007-04-04,17.739999771118164,17.829999923706055,17.079999923706055,17.100000381469727
2007-04-05,17.389999389648438,17.399999618530273,16.610000610351562,16.75
2007-04-09,17.6200008392334,18.030000686645508,17.270000457763672,17.770000457763672
2007-04-10,17.790000915527344,17.81999969482422,16.920000076293945,17.020000457763672
2007-04-11,17.09000015258789,18.229999542236328,17.09000015258789,17.739999771118164
2007-04-12,17.860000610351562,18.350000381469727,17.219999313354492,17.420000076293945
2007-04-13,17.489999771118164,17.8700008392334,16.719999313354492,16.84000015258789
2007-04-16,17.010000228881836,17.049999237060547,16.40999984741211,16.440000534057617
2007-04-17,16.600000381469727,16.84000015258789,15.819999694824219,16.079999923706055
2007-04-18,16.59000015258789,16.670000076293945,16.0,16.290000915527344
2007-04-19,17.100000381469727,17.229999542236328,16.15999984741211,16.299999237060547
2007-04-20,15.779999732971191,16.030000686645508,15.600000381469727,15.710000038146973
2007-04-23,16.329999923706055,16.549999237060547,16.100000381469727,16.3799991607666
2007-04-24,16.270000457763672,17.1200008392334,16.25,16.3700008392334
2007-04-25,16.09000015258789,16.40999984741211,15.930000305175781,16.360000610351562
2007-04-26,16.059999465942383,16.670000076293945,15.84000015258789,15.970000267028809
2007-04-27,16.3799991607666,16.43000030517578,15.460000038146973,15.460000038146973
2007-04-30,16.299999237060547,17.350000381469727,16.200000762939453,17.260000228881836
2007-05-01,17.229999542236328,18.149999618530273,16.93000030517578,16.940000534057617
2007-05-02,17.020000457763672,17.020000457763672,16.25,16.700000762939453
2007-05-03,16.540000915527344,16.850000381469727,16.420000076293945,16.600000381469727
2007-05-04,16.299999237060547,17.010000228881836,16.139999389648438,16.59000015258789
2007-05-07,17.200000762939453,17.200000762939453,16.809999465942383,16.979999542236328
2007-05-08,17.350000381469727,17.850000381469727,16.860000610351562,17.059999465942383
2007-05-09,17.280000686645508,17.329999923706055,16.06999969482422,16.290000915527344
2007-05-10,16.489999771118164,17.59000015258789,16.360000610351562,17.3799991607666
2007-05-11,17.280000686645508,17.290000915527344,15.979999542236328,16.09000015258789
2007-05-14,16.399999618530273,17.520000457763672,16.219999313354492,16.829999923706055
2007-05-15,16.81999969482422,17.280000686645508,16.43000030517578,17.09000015258789
2007-05-16,16.950000762939453,17.360000610351562,16.299999237060547,16.309999465942383
2007-05-17,16.3700008392334,16.790000915527344,16.290000915527344,16.75
2007-05-18,16.350000381469727,16.350000381469727,15.720000267028809,15.90999984741211
2007-05-21,16.290000915527344,16.43000030517578,15.279999732971191,16.030000686645508
2007-05-22,15.770000457763672,16.110000610351562,15.550000190734863,16.06999969482422
2007-05-23,15.75,16.989999771118164,15.640000343322754,16.93000030517578
2007-05-24,16.8700008392334,18.290000915527344,16.43000030517578,18.020000457763672
2007-05-25,17.579999923706055,17.6299991607666,16.940000534057617,17.06999969482422
2007-05-29,17.770000457763672,17.8700008392334,17.260000228881836,17.56999969482422
2007-05-30,18.139999389648438,18.309999465942383,16.760000228881836,16.84000015258789
2007-05-31,16.780000686645508,17.209999084472656,16.530000686645508,16.860000610351562
2007-06-01,16.6200008392334,16.639999389648438,16.1299991607666,16.579999923706055
2007-06-04,17.3799991607666,17.43000030517578,16.540000915527344,16.59000015258789
2007-06-05,16.850000381469727,17.059999465942383,16.440000534057617,16.440000534057617
2007-06-06,17.0,17.739999771118164,17.0,17.200000762939453
2007-06-07,17.65999984741211,19.40999984741211,17.309999465942383,19.299999237060547
2007-06-08,19.079999923706055,19.18000030517578,17.09000015258789,17.1200008392334
2007-06-11,17.059999465942383,17.200000762939453,15.90999984741211,16.290000915527344
2007-06-12,17.030000686645508,17.81999969482422,16.030000686645508,17.700000762939453
2007-06-13,17.25,17.25,15.770000457763672,15.8100004196167
2007-06-14,15.890000343322754,15.949999809265137,15.079999923706055,15.430000305175781
2007-06-15,14.960000038146973,15.960000038146973,14.699999809265137,15.9399995803833
2007-06-18,16.360000610351562,16.760000228881836,15.800000190734863,15.859999656677246
2007-06-19,16.31999969482422,16.31999969482422,15.25,15.529999732971191
2007-06-20,15.430000305175781,16.729999542236328,15.34000015258789,16.68000030517578
2007-06-21,16.81999969482422,17.229999542236328,16.209999084472656,16.209999084472656
2007-06-22,16.549999237060547,17.690000534057617,16.5,17.290000915527344
2007-06-25,18.06999969482422,18.549999237060547,17.15999984741211,18.06999969482422
2007-06-26,17.81999969482422,19.59000015258789,17.770000457763672,19.59000015258789
2007-06-27,19.780000686645508,19.979999542236328,17.299999237060547,17.360000610351562
2007-06-28,17.559999465942383,17.56999969482422,16.540000915527344,16.90999984741211
2007-06-29,16.530000686645508,18.329999923706055,16.15999984741211,17.860000610351562
2007-07-02,18.1200008392334,18.1200008392334,16.940000534057617,17.0
2007-07-03,16.829999923706055,16.8799991607666,16.649999618530273,16.700000762939453
2007-07-05,17.059999465942383,17.59000015258789,16.940000534057617,17.09000015258789
2007-07-06,16.84000015258789,16.989999771118164,16.420000076293945,16.520000457763672
2007-07-09,17.1200008392334,17.3700008392334,16.940000534057617,17.079999923706055
2007-07-10,17.68000030517578,18.6299991607666,17.5,18.610000610351562
2007-07-11,18.809999465942383,18.93000030517578,17.540000915527344,17.540000915527344
2007-07-12,17.40999984741211,17.40999984741211,16.43000030517578,17.25
2007-07-13,17.049999237060547,17.1200008392334,16.18000030517578,16.440000534057617
2007-07-16,16.81999969482422,16.84000015258789,16.299999237060547,16.549999237060547
2007-07-17,16.59000015258789,17.0,16.360000610351562,16.950000762939453
2007-07-18,17.56999969482422,18.260000228881836,16.760000228881836,16.770000457763672
2007-07-19,16.540000915527344,16.65999984741211,16.040000915527344,16.549999237060547
2007-07-20,16.610000610351562,17.799999237060547,16.510000228881836,17.489999771118164
2007-07-23,18.09000015258789,18.260000228881836,17.489999771118164,17.850000381469727
2007-07-24,18.68000030517578,19.93000030517578,18.389999389648438,19.309999465942383
2007-07-25,18.979999542236328,19.8799991607666,18.469999313354492,18.920000076293945
2007-07-26,19.90999984741211,22.65999984741211,19.5,19.5
2007-07-27,19.639999389648438,23.18000030517578,19.15999984741211,23.18000030517578
2007-07-30,22.780000686645508,22.780000686645508,20.700000762939453,20.760000228881836
2007-07-31,20.299999237060547,23.950000762939453,19.989999771118164,23.549999237060547
2007-08-01,24.229999542236328,26.020000457763672,23.5,23.780000686645508
2007-08-02,23.479999542236328,23.489999771118164,21.229999542236328,21.239999771118164
2007-08-03,21.489999771118164,25.0,21.25,24.420000076293945
2007-08-06,24.8799991607666,26.309999465942383,22.360000610351562,22.43000030517578
2007-08-07,22.799999237060547,24.239999771118164,20.799999237060547,21.079999923706055
2007-08-08,20.540000915527344,22.200000762939453,19.170000076293945,20.969999313354492
2007-08-09,23.0,26.40999984741211,22.600000381469727,26.229999542236328
2007-08-10,27.43000030517578,29.209999084472656,26.020000457763672,26.84000015258789
2007-08-13,26.3700008392334,26.6299991607666,24.06999969482422,24.56999969482422
2007-08-14,24.079999923706055,25.719999313354492,23.559999465942383,24.969999313354492
2007-08-15,25.399999618530273,28.209999084472656,24.219999313354492,27.969999313354492
2007-08-16,29.459999084472656,34.75,28.440000534057617,29.030000686645508
2007-08-17,27.479999542236328,30.8700008392334,24.639999389648438,27.040000915527344
2007-08-20,27.329999923706055,27.520000457763672,24.809999465942383,25.200000762939453
2007-08-21,25.360000610351562,25.459999084472656,23.149999618530273,23.670000076293945
2007-08-22,22.549999237060547,23.040000915527344,21.809999465942383,22.0
2007-08-23,21.280000686645508,23.0,21.280000686645508,22.030000686645508
2007-08-24,22.260000228881836,22.459999084472656,20.43000030517578,20.690000534057617
2007-08-27,21.770000457763672,22.709999084472656,21.649999618530273,22.6299991607666
2007-08-28,23.18000030517578,26.170000076293945,23.15999984741211,25.899999618530273
2007-08-29,25.280000686645508,25.40999984741211,23.510000228881836,23.610000610351562
2007-08-30,24.520000457763672,25.850000381469727,24.110000610351562,25.3799991607666
2007-08-31,24.290000915527344,24.690000534057617,24.1299991607666,24.530000686645508
2007-09-04,25.450000762939453,25.450000762939453,23.8799991607666,24.510000228881836
2007-09-05,25.110000610351562,27.899999618530273,25.110000610351562,27.149999618530273
2007-09-06,26.899999618530273,27.889999389648438,26.329999923706055,26.639999389648438
2007-09-07,28.420000076293945,30.09000015258789,28.399999618530273,29.219999313354492
2007-09-10,29.860000610351562,31.75,29.110000610351562,29.940000534057617
2007-09-11,29.59000015258789,29.709999084472656,27.479999542236328,27.520000457763672
2007-09-12,28.100000381469727,28.34000015258789,27.18000030517578,28.020000457763672
2007-09-13,27.440000534057617,27.760000228881836,26.81999969482422,27.440000534057617
2007-09-14,28.329999923706055,28.530000686645508,26.8799991607666,26.959999084472656
2007-09-17,28.3799991607666,29.18000030517578,28.290000915527344,28.739999771118164
2007-09-18,27.979999542236328,28.030000686645508,23.219999313354492,23.280000686645508
2007-09-19,22.969999313354492,23.200000762939453,21.899999618530273,22.510000228881836
2007-09-20,22.65999984741211,22.850000381469727,21.889999389648438,21.969999313354492
2007-09-21,21.40999984741211,21.40999984741211,20.030000686645508,20.709999084472656
2007-09-24,21.139999389648438,21.31999969482422,20.219999313354492,20.829999923706055
2007-09-25,21.25,21.540000915527344,20.639999389648438,20.799999237060547
2007-09-26,20.229999542236328,20.850000381469727,19.81999969482422,20.59000015258789
2007-09-27,20.1200008392334,20.770000457763672,20.079999923706055,20.59000015258789
2007-09-28,20.59000015258789,21.360000610351562,20.530000686645508,21.010000228881836
2007-10-01,21.579999923706055,21.579999923706055,20.3799991607666,21.09000015258789
2007-10-02,21.010000228881836,22.06999969482422,21.010000228881836,21.260000228881836
2007-10-03,21.6299991607666,21.8700008392334,20.81999969482422,21.549999237060547
2007-10-04,21.299999237060547,21.950000762939453,21.209999084472656,21.459999084472656
2007-10-05,20.43000030517578,20.440000534057617,19.440000534057617,19.770000457763672
2007-10-08,20.329999923706055,20.59000015258789,20.1200008392334,20.25
2007-10-09,19.90999984741211,20.420000076293945,19.420000076293945,19.420000076293945
2007-10-10,19.530000686645508,20.18000030517578,19.530000686645508,19.729999542236328
2007-10-11,19.170000076293945,22.739999771118164,19.170000076293945,22.420000076293945
2007-10-12,21.979999542236328,22.049999237060547,21.040000915527344,21.200000762939453
2007-10-15,21.600000381469727,24.18000030517578,21.600000381469727,23.459999084472656
2007-10-16,24.200000762939453,24.459999084472656,23.469999313354492,23.559999465942383
2007-10-17,22.59000015258789,23.81999969482422,21.729999542236328,22.020000457763672
2007-10-18,22.65999984741211,23.059999465942383,21.56999969482422,22.139999389648438
2007-10-19,22.239999771118164,25.989999771118164,22.209999084472656,25.940000534057617
2007-10-22,27.399999618530273,27.770000457763672,25.110000610351562,25.260000228881836
2007-10-23,24.649999618530273,24.649999618530273,23.3700008392334,24.1299991607666
2007-10-24,24.59000015258789,27.360000610351562,24.3799991607666,24.799999237060547
2007-10-25,24.84000015258789,27.299999237060547,24.700000762939453,25.770000457763672
2007-10-26,24.829999923706055,25.760000228881836,24.6200008392334,25.010000228881836
2007-10-29,25.489999771118164,25.940000534057617,25.31999969482422,25.829999923706055
2007-10-30,26.399999618530273,26.649999618530273,25.639999389648438,26.360000610351562
2007-10-31,26.0,26.06999969482422,23.010000228881836,23.110000610351562
2007-11-01,23.950000762939453,26.559999465942383,23.8700008392334,26.260000228881836
2007-11-02,25.799999237060547,27.649999618530273,24.65999984741211,24.829999923706055
2007-11-05,26.850000381469727,27.969999313354492,26.0,26.100000381469727
2007-11-06,25.81999969482422,26.06999969482422,23.850000381469727,23.90999984741211
2007-11-07,25.25,27.200000762939453,24.90999984741211,27.139999389648438
2007-11-08,27.399999618530273,32.33000183105469,27.1200008392334,29.610000610351562
2007-11-09,31.020000457763672,33.25,30.149999618530273,32.52000045776367
2007-11-12,33.4900016784668,34.939998626708984,30.950000762939453,34.939998626708984
2007-11-13,32.59000015258789,32.7599983215332,28.81999969482422,29.709999084472656
2007-11-14,27.81999969482422,32.369998931884766,27.81999969482422,31.31999969482422
2007-11-15,32.58000183105469,33.529998779296875,30.860000610351562,32.90999984741211
2007-11-16,32.400001525878906,32.63999938964844,28.639999389648438,28.790000915527344
2007-11-19,30.31999969482422,30.450000762939453,28.68000030517578,30.110000610351562
2007-11-20,29.670000076293945,31.559999465942383,27.6200008392334,29.889999389648438
2007-11-21,31.579999923706055,32.27000045776367,29.100000381469727,30.549999237060547
2007-11-23,30.229999542236328,30.889999389648438,29.790000915527344,30.489999771118164
2007-11-26,31.639999389648438,33.900001525878906,30.850000381469727,33.43000030517578
2007-11-27,32.790000915527344,33.33000183105469,30.760000228881836,30.760000228881836
2007-11-28,29.579999923706055,29.579999923706055,27.969999313354492,28.829999923706055
2007-11-29,29.239999771118164,29.239999771118164,27.75,28.270000457763672
2007-11-30,27.170000076293945,28.93000030517578,26.920000076293945,28.649999618530273
2007-12-03,29.829999923706055,30.059999465942383,29.209999084472656,29.6299991607666
2007-12-04,30.530000686645508,30.649999618530273,28.81999969482422,28.850000381469727
2007-12-05,28.059999465942383,28.09000015258789,26.510000228881836,26.90999984741211
2007-12-06,26.920000076293945,27.09000015258789,24.770000457763672,24.889999389648438
2007-12-07,24.780000686645508,24.81999969482422,23.469999313354492,23.75
2007-12-10,24.389999389648438,24.549999237060547,23.780000686645508,24.389999389648438
2007-12-11,24.399999618530273,26.579999923706055,23.670000076293945,26.459999084472656
2007-12-12,24.93000030517578,27.229999542236328,24.1200008392334,25.969999313354492
2007-12-13,26.8700008392334,27.489999771118164,25.510000228881836,25.520000457763672
2007-12-14,26.299999237060547,26.299999237060547,25.15999984741211,25.90999984741211
2007-12-17,26.690000534057617,28.40999984741211,26.3799991607666,27.889999389648438
2007-12-18,27.540000915527344,27.59000015258789,26.229999542236328,26.790000915527344
2007-12-19,26.940000534057617,27.010000228881836,24.850000381469727,24.8799991607666
2007-12-20,24.209999084472656,24.43000030517578,23.1299991607666,23.149999618530273
2007-12-21,22.329999923706055,22.540000915527344,20.84000015258789,20.899999618530273
2007-12-24,21.729999542236328,21.809999465942383,21.09000015258789,21.420000076293945
2007-12-26,22.34000015258789,22.389999389648438,21.149999618530273,21.31999969482422
2007-12-27,21.799999237060547,22.649999618530273,21.559999465942383,22.459999084472656
2007-12-28,22.100000381469727,23.90999984741211,21.799999237060547,23.6299991607666
2007-12-31,24.829999923706055,26.0,24.829999923706055,25.899999618530273
2008-01-02,26.31999969482422,28.100000381469727,26.059999465942383,27.139999389648438
2008-01-03,27.260000228881836,27.600000381469727,26.149999618530273,26.59000015258789
2008-01-04,27.469999313354492,28.950000762939453,27.3799991607666,28.6200008392334
2008-01-07,29.360000610351562,30.290000915527344,28.469999313354492,29.389999389648438
2008-01-08,28.989999771118164,30.959999084472656,27.979999542236328,30.770000457763672
2008-01-09,30.899999618530273,31.010000228881836,28.100000381469727,28.18000030517578
2008-01-10,28.81999969482422,28.979999542236328,26.860000610351562,27.780000686645508
2008-01-11,28.079999923706055,29.559999465942383,27.950000762939453,28.81999969482422
2008-01-14,28.25,28.579999923706055,27.209999084472656,28.079999923706055
2008-01-15,28.81999969482422,28.81999969482422,27.149999618530273,27.479999542236328
2008-01-16,28.200000762939453,28.8799991607666,27.09000015258789,28.8700008392334
2008-01-17,28.510000228881836,31.399999618530273,28.09000015258789,31.15999984741211
2008-01-18,30.940000534057617,31.950000762939453,28.100000381469727,30.229999542236328
2008-01-22,39.65999984741211,40.77000045776367,34.31999969482422,35.630001068115234
2008-01-23,38.91999816894531,39.54999923706055,33.880001068115234,34.02000045776367
2008-01-24,33.43000030517578,33.59000015258789,32.06999969482422,32.220001220703125
2008-01-25,30.459999084472656,34.119998931884766,29.959999084472656,33.810001373291016
2008-01-28,34.099998474121094,34.95000076293945,32.4900016784668,32.560001373291016
2008-01-29,32.11000061035156,33.45000076293945,31.719999313354492,32.849998474121094
2008-01-30,32.77000045776367,33.540000915527344,29.229999542236328,31.799999237060547
2008-01-31,32.630001068115234,32.72999954223633,29.780000686645508,31.079999923706055
2008-02-01,29.979999542236328,30.139999389648438,28.25,28.25
2008-02-04,29.200000762939453,30.510000228881836,29.040000915527344,30.459999084472656
2008-02-05,31.510000228881836,32.619998931884766,30.850000381469727,32.439998626708984
2008-02-06,32.25,33.060001373291016,30.8799991607666,32.68000030517578
2008-02-07,33.47999954223633,33.56999969482422,30.5,31.559999465942383
2008-02-08,31.93000030517578,32.20000076293945,30.079999923706055,30.079999923706055
2008-02-11,30.270000457763672,30.350000381469727,27.25,29.09000015258789
2008-02-12,28.799999237060547,28.899999618530273,26.350000381469727,28.219999313354492
2008-02-13,26.989999771118164,27.299999237060547,24.8799991607666,25.350000381469727
2008-02-14,25.209999084472656,26.81999969482422,25.209999084472656,26.520000457763672
2008-02-15,27.020000457763672,27.1200008392334,25.93000030517578,26.690000534057617
2008-02-19,27.1299991607666,28.559999465942383,26.829999923706055,27.989999771118164
2008-02-20,27.989999771118164,28.93000030517578,26.899999618530273,27.09000015258789
2008-02-21,27.040000915527344,27.3700008392334,26.450000762939453,26.920000076293945
2008-02-22,26.610000610351562,28.040000915527344,26.290000915527344,26.299999237060547
2008-02-25,26.299999237060547,27.899999618530273,26.299999237060547,26.670000076293945
2008-02-26,27.06999969482422,27.15999984741211,25.479999542236328,25.950000762939453
2008-02-27,25.950000762939453,26.729999542236328,24.920000076293945,25.059999465942383
2008-02-28,25.059999465942383,26.6200008392334,25.059999465942383,26.600000381469727
2008-02-29,26.6200008392334,28.75,26.6200008392334,28.440000534057617
2008-03-03,29.670000076293945,30.309999465942383,29.440000534057617,29.469999313354492
2008-03-04,29.959999084472656,30.139999389648438,28.15999984741211,28.260000228881836
2008-03-05,28.139999389648438,28.18000030517578,26.530000686645508,27.520000457763672
2008-03-06,27.84000015258789,30.18000030517578,27.719999313354492,29.989999771118164
2008-03-07,30.489999771118164,30.690000534057617,28.68000030517578,29.25
2008-03-10,30.139999389648438,31.729999542236328,29.84000015258789,31.3799991607666
2008-03-11,29.790000915527344,30.90999984741211,28.549999237060547,28.559999465942383
2008-03-12,28.510000228881836,30.1200008392334,27.829999923706055,30.049999237060547
2008-03-13,30.049999237060547,31.719999313354492,28.860000610351562,29.860000610351562
2008-03-14,29.850000381469727,34.470001220703125,29.170000076293945,32.0099983215332
2008-03-17,36.06999969482422,36.75,32.369998931884766,32.9900016784668
2008-03-18,32.9900016784668,32.9900016784668,28.389999389648438,28.450000762939453
2008-03-19,28.459999084472656,31.31999969482422,27.170000076293945,31.280000686645508
2008-03-20,31.260000228881836,31.260000228881836,28.3799991607666,29.049999237060547
2008-03-24,29.020000457763672,29.399999618530273,27.270000457763672,28.690000534057617
2008-03-25,28.690000534057617,29.290000915527344,28.440000534057617,29.06999969482422
2008-03-26,29.100000381469727,30.809999465942383,28.829999923706055,29.75
2008-03-27,29.360000610351562,30.0,28.540000915527344,29.549999237060547
2008-03-28,29.520000457763672,29.530000686645508,28.610000610351562,28.8700008392334
2008-03-31,28.8700008392334,30.260000228881836,28.43000030517578,29.040000915527344
2008-04-01,29.040000915527344,29.040000915527344,25.979999542236328,26.559999465942383
2008-04-02,26.389999389648438,27.8700008392334,26.360000610351562,27.270000457763672
2008-04-03,27.770000457763672,28.31999969482422,26.8700008392334,26.93000030517578
2008-04-04,26.93000030517578,26.93000030517578,24.989999771118164,25.600000381469727
2008-04-07,25.600000381469727,26.25,24.729999542236328,26.190000534057617
2008-04-08,26.190000534057617,27.0,25.81999969482422,26.030000686645508
2008-04-09,26.030000686645508,27.59000015258789,26.030000686645508,26.610000610351562
2008-04-10,26.610000610351562,26.81999969482422,25.25,25.770000457763672
2008-04-11,25.760000228881836,27.75,25.760000228881836,27.540000915527344
2008-04-14,28.5,28.700000762939453,27.520000457763672,28.280000686645508
2008-04-15,28.280000686645508,28.360000610351562,26.940000534057617,27.459999084472656
2008-04-16,26.479999542236328,26.479999542236328,24.59000015258789,25.549999237060547
2008-04-17,26.010000228881836,26.549999237060547,24.1200008392334,24.200000762939453
2008-04-18,24.200000762939453,24.200000762939453,22.639999389648438,23.579999923706055
2008-04-21,23.6299991607666,24.329999923706055,23.6299991607666,24.09000015258789
2008-04-22,24.079999923706055,25.889999389648438,24.079999923706055,24.540000915527344
2008-04-23,24.3799991607666,25.06999969482422,23.989999771118164,25.059999465942383
2008-04-24,24.760000228881836,24.860000610351562,23.420000076293945,23.719999313354492
2008-04-25,23.469999313354492,24.239999771118164,23.190000534057617,23.34000015258789
2008-04-28,23.889999389648438,23.920000076293945,23.170000076293945,23.649999618530273
2008-04-29,23.899999618530273,23.93000030517578,23.1299991607666,23.8700008392334
2008-04-30,23.8799991607666,24.459999084472656,23.530000686645508,24.40999984741211
2008-05-01,24.350000381469727,24.350000381469727,21.959999084472656,22.719999313354492
2008-05-02,22.709999084472656,22.709999084472656,21.389999389648438,21.389999389648438
2008-05-05,22.049999237060547,22.690000534057617,22.049999237060547,22.43000030517578
2008-05-06,22.6299991607666,23.1299991607666,21.8799991607666,21.8799991607666
2008-05-07,22.440000534057617,23.770000457763672,22.049999237060547,23.510000228881836
2008-05-08,23.510000228881836,23.75,23.010000228881836,23.18000030517578
2008-05-09,23.68000030517578,23.799999237060547,23.239999771118164,23.479999542236328
2008-05-12,23.850000381469727,23.90999984741211,21.809999465942383,22.459999084472656
2008-05-13,22.079999923706055,22.950000762939453,21.469999313354492,21.5
2008-05-14,21.5,21.510000228881836,20.350000381469727,21.469999313354492
2008-05-15,21.709999084472656,21.809999465942383,19.75,20.1299991607666
2008-05-16,20.079999923706055,22.25,19.760000228881836,20.0
2008-05-19,19.979999542236328,21.6200008392334,19.790000915527344,21.09000015258789
2008-05-20,21.100000381469727,22.90999984741211,21.100000381469727,21.3700008392334
2008-05-21,21.5,23.200000762939453,20.59000015258789,22.959999084472656
2008-05-22,22.959999084472656,23.200000762939453,21.969999313354492,22.489999771118164
2008-05-23,22.75,24.489999771118164,22.6299991607666,23.360000610351562
2008-05-27,24.75,24.75,22.799999237060547,22.989999771118164
2008-05-28,22.989999771118164,23.34000015258789,22.219999313354492,22.239999771118164
2008-05-29,22.459999084472656,22.459999084472656,20.790000915527344,21.280000686645508
2008-05-30,21.280000686645508,21.280000686645508,20.510000228881836,20.850000381469727
2008-06-02,20.8700008392334,24.34000015258789,20.8700008392334,22.8799991607666
2008-06-03,22.889999389648438,25.219999313354492,22.260000228881836,23.889999389648438
2008-06-04,24.350000381469727,24.540000915527344,23.0,24.010000228881836
2008-06-05,23.84000015258789,24.010000228881836,22.670000076293945,22.850000381469727
2008-06-06,22.850000381469727,26.059999465942383,22.850000381469727,26.040000915527344
2008-06-09,26.040000915527344,28.559999465942383,26.040000915527344,26.700000762939453
2008-06-10,28.059999465942383,28.229999542236328,26.170000076293945,26.579999923706055
2008-06-11,26.579999923706055,28.030000686645508,26.479999542236328,27.31999969482422
2008-06-12,26.760000228881836,27.90999984741211,26.0,27.399999618530273
2008-06-13,26.8700008392334,26.979999542236328,25.25,25.299999237060547
2008-06-16,25.299999237060547,26.739999771118164,24.729999542236328,25.020000457763672
2008-06-17,25.049999237060547,25.559999465942383,24.200000762939453,24.700000762939453
2008-06-18,24.700000762939453,26.3799991607666,24.700000762939453,25.799999237060547
2008-06-19,25.799999237060547,26.709999084472656,24.56999969482422,24.799999237060547
2008-06-20,24.799999237060547,27.700000762939453,24.799999237060547,26.75
2008-06-23,26.75,27.579999923706055,26.75,27.530000686645508
2008-06-24,27.81999969482422,28.889999389648438,27.34000015258789,28.139999389648438
2008-06-25,28.139999389648438,28.139999389648438,25.350000381469727,26.389999389648438
2008-06-26,27.780000686645508,29.209999084472656,27.75,29.059999465942383
2008-06-27,29.059999465942383,30.110000610351562,28.579999923706055,28.670000076293945
2008-06-30,29.780000686645508,30.18000030517578,28.899999618530273,29.760000228881836
2008-07-01,30.549999237060547,30.90999984741211,28.690000534057617,28.729999542236328
2008-07-02,28.65999984741211,31.040000915527344,28.200000762939453,30.920000076293945
2008-07-03,30.93000030517578,31.219999313354492,29.510000228881836,29.860000610351562
2008-07-07,30.389999389648438,31.5,29.639999389648438,30.3799991607666
2008-07-08,30.5,30.8799991607666,28.239999771118164,28.43000030517578
2008-07-09,28.43000030517578,30.770000457763672,28.059999465942383,30.270000457763672
2008-07-10,30.299999237060547,31.979999542236328,30.239999771118164,30.450000762939453
2008-07-11,30.450000762939453,34.52000045776367,30.450000762939453,31.670000076293945
2008-07-14,31.690000534057617,33.7599983215332,31.489999771118164,33.20000076293945
2008-07-15,33.18000030517578,35.279998779296875,31.149999618530273,33.0099983215332
2008-07-16,32.65999984741211,33.06999969482422,29.979999542236328,30.1299991607666
2008-07-17,29.770000457763672,30.65999984741211,28.700000762939453,29.8700008392334
2008-07-18,29.8700008392334,30.790000915527344,29.639999389648438,30.489999771118164
2008-07-21,30.489999771118164,30.8799991607666,29.65999984741211,29.690000534057617
2008-07-22,31.079999923706055,31.079999923706055,27.059999465942383,27.09000015258789
2008-07-23,27.290000915527344,28.989999771118164,25.309999465942383,27.440000534057617
2008-07-24,27.440000534057617,28.239999771118164,26.739999771118164,27.829999923706055
2008-07-25,27.790000915527344,27.790000915527344,26.360000610351562,26.6299991607666
2008-07-28,26.6200008392334,28.149999618530273,26.520000457763672,27.739999771118164
2008-07-29,27.68000030517578,27.719999313354492,26.040000915527344,26.149999618530273
2008-07-30,26.149999618530273,26.56999969482422,25.200000762939453,25.540000915527344
2008-07-31,26.329999923706055,26.329999923706055,25.139999389648438,26.239999771118164
2008-08-01,26.350000381469727,27.950000762939453,25.950000762939453,25.969999313354492
2008-08-04,27.3700008392334,27.8799991607666,27.15999984741211,27.559999465942383
2008-08-05,26.899999618530273,27.030000686645508,25.520000457763672,25.649999618530273
2008-08-06,25.790000915527344,25.889999389648438,24.079999923706055,24.350000381469727
2008-08-07,24.350000381469727,25.049999237060547,23.940000534057617,24.75
2008-08-08,24.760000228881836,25.09000015258789,23.530000686645508,24.239999771118164
2008-08-11,24.239999771118164,24.489999771118164,23.3700008392334,24.190000534057617
2008-08-12,24.459999084472656,25.040000915527344,23.920000076293945,24.510000228881836
2008-08-13,25.09000015258789,25.709999084472656,23.84000015258789,24.56999969482422
2008-08-14,25.1299991607666,25.139999389648438,22.170000076293945,22.600000381469727
2008-08-15,22.479999542236328,23.200000762939453,22.170000076293945,22.520000457763672
2008-08-18,22.520000457763672,24.219999313354492,22.520000457763672,23.59000015258789
2008-08-19,24.31999969482422,24.969999313354492,24.139999389648438,24.209999084472656
2008-08-20,24.040000915527344,24.600000381469727,23.360000610351562,23.530000686645508
2008-08-21,23.520000457763672,24.5,22.860000610351562,23.149999618530273
2008-08-22,23.139999389648438,23.139999389648438,22.139999389648438,22.3799991607666
2008-08-25,22.3700008392334,24.59000015258789,22.3700008392334,24.280000686645508
2008-08-26,24.280000686645508,24.520000457763672,24.030000686645508,24.030000686645508
2008-08-27,24.030000686645508,24.360000610351562,23.06999969482422,23.34000015258789
2008-08-28,23.170000076293945,23.270000457763672,22.889999389648438,23.149999618530273
2008-08-29,23.149999618530273,24.329999923706055,23.149999618530273,24.020000457763672
2008-09-02,23.989999771118164,26.40999984741211,23.920000076293945,26.149999618530273
2008-09-03,26.170000076293945,26.829999923706055,25.729999542236328,25.739999771118164
2008-09-04,25.719999313354492,27.610000610351562,25.719999313354492,27.559999465942383
2008-09-05,28.040000915527344,28.399999618530273,26.649999618530273,26.65999984741211
2008-09-08,26.729999542236328,28.709999084472656,26.549999237060547,27.420000076293945
2008-09-09,27.510000228881836,29.190000534057617,26.579999923706055,28.6299991607666
2008-09-10,28.6299991607666,28.719999313354492,27.329999923706055,27.760000228881836
2008-09-11,28.579999923706055,28.790000915527344,27.270000457763672,27.309999465942383
2008-09-12,27.989999771118164,29.360000610351562,27.780000686645508,28.209999084472656
2008-09-15,28.209999084472656,32.720001220703125,28.209999084472656,32.130001068115234
2008-09-16,32.15999984741211,36.220001220703125,30.709999084472656,31.0
2008-09-17,30.770000457763672,36.38999938964844,30.770000457763672,35.880001068115234
2008-09-18,35.779998779296875,40.439998626708984,32.209999084472656,32.81999969482422
2008-09-19,34.2599983215332,34.63999938964844,34.2599983215332,34.2599983215332
2008-09-22,33.59000015258789,35.4900016784668,32.060001373291016,35.459999084472656
2008-09-23,35.459999084472656,36.709999084472656,33.810001373291016,36.52000045776367
2008-09-24,36.5099983215332,37.15999984741211,35.709999084472656,36.400001525878906
2008-09-25,36.38999938964844,36.38999938964844,33.939998626708984,34.86000061035156
2008-09-26,34.880001068115234,37.810001373291016,34.880001068115234,36.849998474121094
2008-09-29,38.560001373291016,50.459999084472656,38.470001220703125,49.560001373291016
2008-09-30,46.970001220703125,47.15999984741211,42.2400016784668,42.58000183105469
2008-10-01,42.58000183105469,44.560001373291016,42.58000183105469,42.91999816894531
2008-10-02,42.939998626708984,49.9900016784668,42.939998626708984,49.529998779296875
2008-10-03,49.5099983215332,50.220001220703125,45.58000183105469,49.7599983215332
2008-10-06,49.75,61.2599983215332,49.75,55.36000061035156
2008-10-07,55.36000061035156,58.5099983215332,51.150001525878906,58.5099983215332
2008-10-08,58.5099983215332,64.38999938964844,58.5099983215332,63.27000045776367
2008-10-09,63.33000183105469,70.48999786376953,57.83000183105469,69.66000366210938
2008-10-10,71.95999908447266,82.41999816894531,68.87999725341797,71.58000183105469
2008-10-13,71.58000183105469,74.0,60.27000045776367,60.27000045776367
2008-10-14,60.349998474121094,66.80999755859375,57.72999954223633,62.77000045776367
2008-10-15,62.7599983215332,73.31999969482422,62.7599983215332,72.93000030517578
2008-10-16,73.05000305175781,84.62000274658203,71.4800033569336,72.38999938964844
2008-10-17,72.4000015258789,79.05000305175781,67.05000305175781,71.26000213623047
2008-10-20,71.30000305175781,71.30000305175781,59.209999084472656,59.650001525878906
2008-10-21,59.58000183105469,62.779998779296875,58.130001068115234,60.06999969482422
2008-10-22,59.97999954223633,75.58999633789062,59.97999954223633,63.209999084472656
2008-10-23,70.66999816894531,81.33000183105469,29.940000534057617,69.83999633789062
2008-10-24,69.83999633789062,86.5199966430664,69.83999633789062,78.81999969482422
2008-10-27,80.56999969482422,80.8499984741211,72.56999969482422,79.16000366210938
2008-10-28,73.43000030517578,78.69999694824219,66.19999694824219,66.19999694824219
2008-10-29,66.06999969482422,70.55000305175781,63.529998779296875,69.12999725341797
2008-10-30,70.05999755859375,70.05999755859375,63.119998931884766,63.189998626708984
2008-10-31,63.25,65.4000015258789,58.9900016784668,60.29999923706055
2008-11-03,61.880001068115234,61.95000076293945,56.220001220703125,56.220001220703125
2008-11-04,56.220001220703125,56.220001220703125,49.38999938964844,51.25
2008-11-05,51.27000045776367,56.06999969482422,50.290000915527344,55.43000030517578
2008-11-06,57.72999954223633,64.2300033569336,56.689998626708984,62.70000076293945
2008-11-07,62.70000076293945,62.70000076293945,55.13999938964844,55.13999938964844
2008-11-10,55.04999923706055,60.47999954223633,53.38999938964844,58.439998626708984
2008-11-11,58.209999084472656,64.11000061035156,58.209999084472656,60.83000183105469
2008-11-12,60.86000061035156,65.3499984741211,60.86000061035156,64.63999938964844
2008-11-13,64.7300033569336,68.31999969482422,57.720001220703125,58.029998779296875
2008-11-14,60.29999923706055,66.0999984741211,59.209999084472656,66.05000305175781
2008-11-17,68.29000091552734,69.45999908447266,66.0199966430664,68.5999984741211
2008-11-18,69.19999694824219,72.41999816894531,67.25,68.30999755859375
2008-11-19,68.76000213623047,75.33999633789062,68.38999938964844,74.66000366210938
2008-11-20,74.66000366210938,81.23999786376953,73.86000061035156,80.63999938964844
2008-11-21,80.5,80.5,70.55999755859375,71.19999694824219
2008-11-24,70.06999969482422,70.06999969482422,61.459999084472656,62.91999816894531
2008-11-25,63.02000045776367,63.90999984741211,59.5099983215332,59.709999084472656
2008-11-26,59.65999984741211,60.91999816894531,54.7599983215332,55.2599983215332
2008-11-28,56.20000076293945,56.209999084472656,55.400001525878906,56.04999923706055
2008-12-01,59.560001373291016,66.37000274658203,59.529998779296875,66.3499984741211
2008-12-02,64.83999633789062,65.91000366210938,62.380001068115234,62.47999954223633
2008-12-03,62.47999954223633,65.61000061035156,60.7400016784668,61.7400016784668
2008-12-04,62.529998779296875,64.12999725341797,60.2400016784668,62.59000015258789
2008-12-05,62.59000015258789,65.91000366210938,58.849998474121094,58.959999084472656
2008-12-08,58.939998626708984,59.15999984741211,56.08000183105469,57.16999816894531
2008-12-09,57.59000015258789,57.630001068115234,55.0,56.59000015258789
2008-12-10,56.59000015258789,56.630001068115234,53.45000076293945,53.81999969482422
2008-12-11,54.47999954223633,54.619998931884766,51.279998779296875,52.060001373291016
2008-12-12,52.060001373291016,56.290000915527344,51.849998474121094,51.90999984741211
2008-12-15,51.91999816894531,56.130001068115234,51.91999816894531,54.709999084472656
2008-12-16,54.709999084472656,54.709999084472656,49.95000076293945,50.220001220703125
2008-12-17,50.79999923706055,51.279998779296875,47.470001220703125,48.040000915527344
2008-12-18,48.040000915527344,48.13999938964844,44.61000061035156,46.029998779296875
2008-12-19,45.83000183105469,45.83000183105469,41.86000061035156,43.5
2008-12-22,43.5,44.08000183105469,41.900001525878906,41.90999984741211
2008-12-23,41.470001220703125,43.529998779296875,40.439998626708984,43.290000915527344
2008-12-24,43.290000915527344,43.70000076293945,43.040000915527344,43.310001373291016
2008-12-26,43.400001525878906,43.790000915527344,43.130001068115234,43.150001525878906
2008-12-29,43.15999984741211,45.939998626708984,43.15999984741211,43.689998626708984
2008-12-30,43.91999816894531,44.06999969482422,41.65999984741211,41.66999816894531
2008-12-31,41.66999816894531,42.27000045776367,40.27000045776367,40.790000915527344
2009-01-02,41.22999954223633,41.290000915527344,38.68000030517578,39.11000061035156
2009-01-05,40.599998474121094,41.310001373291016,38.810001373291016,39.06999969482422
2009-01-06,38.790000915527344,40.0,37.72999954223633,39.709999084472656
2009-01-07,39.709999084472656,44.22999954223633,39.709999084472656,43.52000045776367
2009-01-08,43.4900016784668,45.13999938964844,43.099998474121094,43.22999954223633
2009-01-09,42.65999984741211,44.45000076293945,42.5099983215332,43.84000015258789
2009-01-12,43.970001220703125,47.689998626708984,43.779998779296875,44.459999084472656
2009-01-13,44.459999084472656,47.75,43.08000183105469,43.11000061035156
2009-01-14,46.849998474121094,50.65999984741211,46.849998474121094,47.79999923706055
2009-01-15,47.79999923706055,51.97999954223633,46.47999954223633,48.33000183105469
2009-01-16,48.33000183105469,48.33000183105469,43.2400016784668,44.189998626708984
2009-01-20,48.38999938964844,55.59000015258789,48.38999938964844,54.45000076293945
2009-01-21,50.95000076293945,53.439998626708984,46.79999923706055,47.349998474121094
2009-01-22,49.720001220703125,50.189998626708984,45.72999954223633,45.83000183105469
2009-01-23,49.09000015258789,49.61000061035156,45.189998626708984,46.599998474121094
2009-01-26,46.81999969482422,47.04999923706055,44.58000183105469,45.0
2009-01-27,44.75,45.029998779296875,42.58000183105469,43.099998474121094
2009-01-28,43.099998474121094,43.099998474121094,38.9900016784668,39.16999816894531
2009-01-29,40.63999938964844,43.15999984741211,40.61000061035156,42.58000183105469
2009-01-30,42.060001373291016,45.369998931884766,41.689998626708984,44.93000030517578
2009-02-02,48.47999954223633,48.47999954223633,44.540000915527344,46.470001220703125
2009-02-03,46.470001220703125,46.470001220703125,42.459999084472656,42.880001068115234
2009-02-04,42.900001525878906,43.65999984741211,40.75,42.81999969482422
2009-02-05,42.810001373291016,44.90999984741211,41.619998931884766,43.29999923706055
2009-02-06,43.29999923706055,43.29999923706055,40.29999923706055,41.95000076293945
2009-02-09,43.41999816894531,44.11000061035156,42.720001220703125,43.5099983215332
2009-02-10,43.81999969482422,46.689998626708984,43.31999969482422,45.86000061035156
2009-02-11,45.849998474121094,45.849998474121094,44.0,44.58000183105469
2009-02-12,44.58000183105469,46.54999923706055,41.81999969482422,41.9900016784668
2009-02-13,42.40999984741211,43.150001525878906,41.47999954223633,43.11000061035156
2009-02-17,47.209999084472656,50.06999969482422,46.630001068115234,47.5
2009-02-18,47.5,49.38999938964844,45.959999084472656,46.68000030517578
2009-02-19,46.849998474121094,46.849998474121094,44.86000061035156,45.20000076293945
2009-02-20,45.20000076293945,49.119998931884766,45.20000076293945,47.18000030517578
2009-02-23,47.18000030517578,51.11000061035156,46.849998474121094,50.060001373291016
2009-02-24,50.349998474121094,50.349998474121094,43.45000076293945,44.04999923706055
2009-02-25,44.58000183105469,46.20000076293945,42.15999984741211,43.95000076293945
2009-02-26,42.869998931884766,44.54999923706055,41.43000030517578,43.869998931884766
2009-02-27,43.869998931884766,46.150001525878906,43.599998474121094,45.279998779296875
2009-03-02,48.34000015258789,51.459999084472656,47.150001525878906,50.91999816894531
2009-03-03,50.91999816894531,51.13999938964844,48.08000183105469,49.36000061035156
2009-03-04,47.220001220703125,47.279998779296875,44.61000061035156,45.65999984741211
2009-03-05,45.65999984741211,49.220001220703125,45.65999984741211,48.08000183105469
2009-03-06,48.13999938964844,50.290000915527344,46.97999954223633,47.9900016784668
2009-03-09,48.029998779296875,50.56999969482422,48.029998779296875,48.7599983215332
2009-03-10,48.790000915527344,48.790000915527344,43.689998626708984,43.83000183105469
2009-03-11,42.97999954223633,43.810001373291016,42.2599983215332,42.810001373291016
2009-03-12,43.18000030517578,43.66999816894531,40.65999984741211,40.77000045776367
2009-03-13,40.470001220703125,42.790000915527344,40.349998474121094,41.25
2009-03-16,41.25,44.0,41.25,43.540000915527344
2009-03-17,43.4900016784668,44.099998474121094,40.20000076293945,40.36000061035156
2009-03-18,41.209999084472656,41.880001068115234,39.119998931884766,39.79999923706055
2009-03-19,39.79999923706055,42.779998779296875,38.9900016784668,42.459999084472656
2009-03-20,41.380001068115234,45.310001373291016,41.290000915527344,44.65999984741211
2009-03-23,44.65999984741211,44.65999984741211,41.5,42.0099983215332
2009-03-24,42.0099983215332,42.68000030517578,41.369998931884766,42.16999816894531
2009-03-25,41.689998626708984,43.61000061035156,40.540000915527344,41.349998474121094
2009-03-26,41.349998474121094,41.349998474121094,39.83000183105469,40.58000183105469
2009-03-27,40.58000183105469,42.290000915527344,40.58000183105469,41.45000076293945
2009-03-30,44.68000030517578,45.83000183105469,44.68000030517578,44.869998931884766
2009-03-31,44.869998931884766,44.869998931884766,42.4900016784668,44.20000076293945
2009-04-01,45.18000030517578,45.2599983215332,42.189998626708984,42.47999954223633
2009-04-02,42.47999954223633,43.310001373291016,40.97999954223633,42.290000915527344
2009-04-03,42.279998779296875,42.279998779296875,40.56999969482422,40.599998474121094
2009-04-06,42.939998626708984,43.54999923706055,41.52000045776367,41.560001373291016
2009-04-07,42.900001525878906,43.279998779296875,41.06999969482422,41.06999969482422
2009-04-08,41.06999969482422,41.31999969482422,40.040000915527344,40.5
2009-04-09,39.290000915527344,39.31999969482422,38.16999816894531,38.22999954223633
2009-04-13,40.459999084472656,40.58000183105469,39.130001068115234,39.34000015258789
2009-04-14,39.880001068115234,40.130001068115234,38.880001068115234,39.43000030517578
2009-04-15,40.2599983215332,40.33000183105469,38.119998931884766,38.310001373291016
2009-04-16,37.59000015258789,38.130001068115234,36.209999084472656,36.79999923706055
2009-04-17,36.83000183105469,36.88999938964844,34.970001220703125,35.290000915527344
2009-04-20,35.290000915527344,39.88999938964844,35.290000915527344,39.709999084472656
2009-04-21,40.369998931884766,40.4900016784668,38.15999984741211,38.439998626708984
2009-04-22,38.439998626708984,39.369998931884766,37.43000030517578,39.2400016784668
2009-04-23,39.16999816894531,39.16999816894531,37.84000015258789,37.95000076293945
2009-04-24,37.58000183105469,37.849998474121094,36.790000915527344,36.79999923706055
2009-04-27,39.630001068115234,39.689998626708984,38.689998626708984,38.790000915527344
2009-04-28,39.75,39.90999984741211,38.119998931884766,38.529998779296875
2009-04-29,38.529998779296875,38.529998779296875,35.93000030517578,36.959999084472656
2009-04-30,36.97999954223633,37.08000183105469,35.5099983215332,36.63999938964844
2009-05-01,36.619998931884766,37.040000915527344,34.86000061035156,35.04999923706055
2009-05-04,35.04999923706055,36.189998626708984,34.79999923706055,35.04999923706055
2009-05-05,35.099998474121094,35.5099983215332,33.41999816894531,33.41999816894531
2009-05-06,33.41999816894531,34.77000045776367,33.2599983215332,33.279998779296875
2009-05-07,33.25,35.7599983215332,33.25,34.470001220703125
2009-05-08,34.83000183105469,34.959999084472656,33.189998626708984,33.66999816894531
2009-05-11,33.66999816894531,35.790000915527344,33.66999816894531,34.290000915527344
2009-05-12,34.04999923706055,35.279998779296875,33.09000015258789,33.09000015258789
2009-05-13,34.380001068115234,35.59000015258789,34.36000061035156,34.97999954223633
2009-05-14,34.97999954223633,35.08000183105469,32.47999954223633,32.63999938964844
2009-05-15,32.63999938964844,33.22999954223633,31.5,33.13999938964844
2009-05-18,33.060001373291016,33.060001373291016,30.040000915527344,30.219999313354492
2009-05-19,30.709999084472656,30.850000381469727,29.040000915527344,29.559999465942383
2009-05-20,29.09000015258789,29.940000534057617,27.8700008392334,29.899999618530273
2009-05-21,29.899999618530273,32.560001373291016,29.899999618530273,31.200000762939453
2009-05-22,31.200000762939453,32.060001373291016,30.969999313354492,31.8700008392334
2009-05-26,34.13999938964844,34.13999938964844,31.059999465942383,31.229999542236328
2009-05-27,31.459999084472656,32.27000045776367,30.440000534057617,32.15999984741211
2009-05-28,31.469999313354492,33.060001373291016,31.149999618530273,31.520000457763672
2009-05-29,31.520000457763672,31.829999923706055,29.350000381469727,29.440000534057617
2009-06-01,29.43000030517578,30.940000534057617,29.229999542236328,30.719999313354492
2009-06-02,30.719999313354492,31.06999969482422,29.309999465942383,30.610000610351562
2009-06-03,30.579999923706055,32.22999954223633,30.579999923706055,31.450000762939453
2009-06-04,31.459999084472656,32.029998779296875,30.959999084472656,31.059999465942383
2009-06-05,30.440000534057617,32.560001373291016,30.280000686645508,30.709999084472656
2009-06-08,32.61000061035156,32.970001220703125,30.790000915527344,31.18000030517578
2009-06-09,31.18000030517578,31.18000030517578,29.440000534057617,29.690000534057617
2009-06-10,29.350000381469727,31.079999923706055,29.329999923706055,29.770000457763672
2009-06-11,29.93000030517578,30.18000030517578,29.239999771118164,29.729999542236328
2009-06-12,30.09000015258789,30.489999771118164,29.170000076293945,29.209999084472656
2009-06-15,30.920000076293945,33.25,30.81999969482422,32.540000915527344
2009-06-16,32.540000915527344,32.540000915527344,31.709999084472656,32.31999969482422
2009-06-17,32.27000045776367,33.650001525878906,31.030000686645508,31.469999313354492
2009-06-18,31.469999313354492,32.0099983215332,29.65999984741211,30.030000686645508
2009-06-19,29.25,29.260000228881836,28.139999389648438,28.299999237060547
2009-06-22,30.6299991607666,32.630001068115234,30.520000457763672,31.40999984741211
2009-06-23,31.579999923706055,31.850000381469727,30.219999313354492,30.690000534057617
2009-06-24,30.690000534057617,30.690000534057617,28.84000015258789,29.030000686645508
2009-06-25,29.5,29.709999084472656,27.15999984741211,27.25
2009-06-26,27.690000534057617,27.739999771118164,26.350000381469727,26.530000686645508
2009-06-29,26.530000686645508,27.90999984741211,26.399999618530273,26.469999313354492
2009-06-30,26.469999313354492,27.350000381469727,25.940000534057617,26.690000534057617
2009-07-01,26.399999618530273,26.889999389648438,25.809999465942383,26.860000610351562
2009-07-02,26.860000610351562,28.790000915527344,26.860000610351562,28.06999969482422
2009-07-06,30.18000030517578,30.610000610351562,29.239999771118164,29.25
2009-07-07,29.25,31.389999389648438,29.09000015258789,31.200000762939453
2009-07-08,31.200000762939453,32.52000045776367,30.68000030517578,31.06999969482422
2009-07-09,30.59000015258789,30.8700008392334,29.299999237060547,30.0
2009-07-10,30.0,30.25,29.290000915527344,29.329999923706055
2009-07-13,29.139999389648438,29.530000686645508,26.399999618530273,26.610000610351562
2009-07-14,26.610000610351562,26.809999465942383,25.670000076293945,26.030000686645508
2009-07-15,26.040000915527344,26.040000915527344,24.399999618530273,25.280000686645508
2009-07-16,25.559999465942383,25.579999923706055,24.420000076293945,24.799999237060547
2009-07-17,24.799999237060547,24.799999237060547,23.850000381469727,24.280000686645508
2009-07-20,25.479999542236328,25.600000381469727,24.690000534057617,24.790000915527344
2009-07-21,24.690000534057617,25.84000015258789,24.6299991607666,24.68000030517578
2009-07-22,24.959999084472656,25.1200008392334,24.40999984741211,24.989999771118164
2009-07-23,25.040000915527344,25.950000762939453,24.209999084472656,25.8700008392334
2009-07-24,26.190000534057617,26.190000534057617,24.670000076293945,24.670000076293945
2009-07-27,25.989999771118164,26.43000030517578,24.670000076293945,25.649999618530273
2009-07-28,25.649999618530273,26.729999542236328,25.270000457763672,25.350000381469727
2009-07-29,25.860000610351562,26.65999984741211,25.639999389648438,26.219999313354492
2009-07-30,25.68000030517578,26.670000076293945,25.31999969482422,26.6299991607666
2009-07-31,26.6299991607666,26.6299991607666,25.549999237060547,26.15999984741211
2009-08-03,26.15999984741211,27.31999969482422,26.15999984741211,26.280000686645508
2009-08-04,26.270000457763672,26.850000381469727,25.149999618530273,25.170000076293945
2009-08-05,25.09000015258789,26.219999313354492,25.049999237060547,25.5
2009-08-06,25.5,26.65999984741211,25.3700008392334,26.360000610351562
2009-08-07,25.239999771118164,25.540000915527344,24.90999984741211,25.020000457763672
2009-08-10,25.030000686645508,26.600000381469727,25.030000686645508,25.65999984741211
2009-08-11,25.65999984741211,27.170000076293945,25.65999984741211,26.110000610351562
2009-08-12,26.09000015258789,26.3799991607666,25.059999465942383,25.68000030517578
2009-08-13,25.399999618530273,26.360000610351562,25.09000015258789,25.09000015258789
2009-08-14,25.639999389648438,26.90999984741211,25.200000762939453,25.239999771118164
2009-08-17,25.239999771118164,28.479999542236328,25.239999771118164,27.59000015258789
2009-08-18,27.59000015258789,27.59000015258789,26.18000030517578,26.18000030517578
2009-08-19,27.5,27.5,26.059999465942383,26.209999084472656
2009-08-20,26.530000686645508,26.530000686645508,24.829999923706055,24.969999313354492
2009-08-21,24.520000457763672,24.90999984741211,23.68000030517578,24.690000534057617
2009-08-24,24.690000534057617,25.8799991607666,24.690000534057617,25.270000457763672
2009-08-25,25.25,25.3799991607666,24.549999237060547,25.1299991607666
2009-08-26,25.1299991607666,25.979999542236328,25.1200008392334,25.600000381469727
2009-08-27,25.729999542236328,26.649999618530273,24.8700008392334,25.010000228881836
2009-08-28,24.170000076293945,25.760000228881836,23.959999084472656,24.93000030517578
2009-08-31,24.93000030517578,27.649999618530273,24.93000030517578,27.170000076293945
2009-09-01,27.170000076293945,29.5,26.3700008392334,29.309999465942383
2009-09-02,29.309999465942383,29.81999969482422,29.079999923706055,29.3799991607666
2009-09-03,29.3799991607666,29.790000915527344,28.079999923706055,28.100000381469727
2009-09-04,27.889999389648438,27.90999984741211,25.65999984741211,25.850000381469727
2009-09-08,25.850000381469727,26.93000030517578,25.850000381469727,26.43000030517578
2009-09-09,26.540000915527344,26.799999237060547,25.440000534057617,25.770000457763672
2009-09-10,25.920000076293945,25.93000030517578,24.610000610351562,24.829999923706055
2009-09-11,25.010000228881836,25.700000762939453,24.729999542236328,25.290000915527344
2009-09-14,26.40999984741211,26.479999542236328,24.809999465942383,24.93000030517578
2009-09-15,25.049999237060547,25.18000030517578,24.209999084472656,24.610000610351562
2009-09-16,24.260000228881836,24.479999542236328,23.75,24.020000457763672
2009-09-17,24.139999389648438,24.489999771118164,23.670000076293945,24.260000228881836
2009-09-18,24.260000228881836,24.8799991607666,24.020000457763672,24.690000534057617
2009-09-21,26.020000457763672,26.030000686645508,24.8700008392334,24.920000076293945
2009-09-22,24.75,24.920000076293945,24.020000457763672,24.079999923706055
2009-09-23,23.950000762939453,24.559999465942383,23.139999389648438,24.469999313354492
2009-09-24,24.3799991607666,26.059999465942383,24.350000381469727,25.899999618530273
2009-09-25,26.200000762939453,26.280000686645508,25.520000457763672,25.770000457763672
2009-09-28,26.459999084472656,26.510000228881836,25.700000762939453,26.209999084472656
2009-09-29,26.209999084472656,26.979999542236328,25.799999237060547,26.110000610351562
2009-09-30,26.110000610351562,27.360000610351562,25.469999313354492,26.5
2009-10-01,26.989999771118164,29.15999984741211,26.989999771118164,28.950000762939453
2009-10-02,29.8799991607666,29.920000076293945,28.479999542236328,29.020000457763672
2009-10-05,29.6299991607666,29.739999771118164,28.020000457763672,28.229999542236328
2009-10-06,27.90999984741211,27.90999984741211,26.59000015258789,26.8700008392334
2009-10-07,26.969999313354492,27.059999465942383,25.8700008392334,25.8799991607666
2009-10-08,25.8799991607666,25.93000030517578,25.09000015258789,25.68000030517578
2009-10-09,25.809999465942383,25.93000030517578,24.18000030517578,24.18000030517578
2009-10-12,24.18000030517578,24.290000915527344,23.440000534057617,23.780000686645508
2009-10-13,23.780000686645508,24.690000534057617,23.739999771118164,23.84000015258789
2009-10-14,23.010000228881836,23.520000457763672,22.6200008392334,23.510000228881836
2009-10-15,23.860000610351562,23.8799991607666,22.40999984741211,22.510000228881836
2009-10-16,22.510000228881836,23.40999984741211,21.809999465942383,22.219999313354492
2009-10-19,22.25,23.3700008392334,21.799999237060547,22.110000610351562
2009-10-20,21.670000076293945,22.809999465942383,21.59000015258789,21.6200008392334
2009-10-21,21.6200008392334,23.229999542236328,20.75,23.139999389648438
2009-10-22,23.1200008392334,23.43000030517578,21.420000076293945,21.579999923706055
2009-10-23,21.56999969482422,23.09000015258789,21.040000915527344,22.6200008392334
2009-10-26,23.549999237060547,24.860000610351562,22.610000610351562,24.520000457763672
2009-10-27,24.59000015258789,26.100000381469727,24.489999771118164,25.399999618530273
2009-10-28,25.399999618530273,28.270000457763672,25.399999618530273,28.270000457763672
2009-10-29,27.389999389648438,27.389999389648438,25.219999313354492,25.399999618530273
2009-10-30,25.399999618530273,30.469999313354492,25.290000915527344,29.809999465942383
2009-11-02,29.809999465942383,31.420000076293945,28.100000381469727,29.8799991607666
2009-11-03,30.440000534057617,30.639999389648438,28.860000610351562,28.8799991607666
2009-11-04,28.8799991607666,28.8799991607666,26.93000030517578,27.889999389648438
2009-11-05,27.020000457763672,27.239999771118164,25.829999923706055,25.84000015258789
2009-11-06,26.34000015258789,26.3700008392334,24.600000381469727,24.600000381469727
2009-11-09,24.600000381469727,24.700000762939453,23.5,23.549999237060547
2009-11-10,23.540000915527344,24.280000686645508,23.389999389648438,23.389999389648438
2009-11-11,23.389999389648438,23.93000030517578,22.729999542236328,23.059999465942383
2009-11-12,23.059999465942383,24.350000381469727,22.670000076293945,24.049999237060547
2009-11-13,23.829999923706055,24.149999618530273,22.90999984741211,22.920000076293945
2009-11-16,22.920000076293945,23.31999969482422,22.56999969482422,23.1299991607666
2009-11-17,23.280000686645508,23.299999237060547,22.09000015258789,22.139999389648438
2009-11-18,22.440000534057617,22.979999542236328,22.010000228881836,22.030000686645508
2009-11-19,22.030000686645508,24.079999923706055,22.030000686645508,23.299999237060547
2009-11-20,23.709999084472656,23.709999084472656,22.459999084472656,22.489999771118164
2009-11-23,22.469999313354492,22.469999313354492,21.43000030517578,22.030000686645508
2009-11-24,22.079999923706055,22.84000015258789,21.489999771118164,21.5
2009-11-25,21.209999084472656,21.389999389648438,21.100000381469727,21.31999969482422
2009-11-27,26.15999984741211,26.15999984741211,23.809999465942383,25.40999984741211
2009-11-30,26.0,26.239999771118164,24.690000534057617,24.729999542236328
2009-12-01,24.729999542236328,24.729999542236328,23.040000915527344,23.280000686645508
2009-12-02,23.270000457763672,23.270000457763672,22.559999465942383,22.579999923706055
2009-12-03,22.479999542236328,24.040000915527344,22.229999542236328,24.0
2009-12-04,22.530000686645508,24.229999542236328,22.139999389648438,23.100000381469727
2009-12-07,24.020000457763672,24.020000457763672,23.25,23.690000534057617
2009-12-08,24.8799991607666,25.239999771118164,23.84000015258789,24.799999237060547
2009-12-09,24.790000915527344,25.420000076293945,23.280000686645508,23.280000686645508
2009-12-10,23.280000686645508,23.280000686645508,22.760000228881836,23.1299991607666
2009-12-11,22.780000686645508,23.34000015258789,22.3799991607666,22.3799991607666
2009-12-14,22.3799991607666,22.850000381469727,21.969999313354492,22.030000686645508
2009-12-15,22.489999771118164,22.6200008392334,21.969999313354492,22.459999084472656
2009-12-16,22.459999084472656,22.459999084472656,21.68000030517578,21.950000762939453
2009-12-17,22.670000076293945,23.170000076293945,22.280000686645508,22.84000015258789
2009-12-18,22.18000030517578,22.579999923706055,21.739999771118164,21.780000686645508
2009-12-21,21.8700008392334,21.90999984741211,20.760000228881836,20.81999969482422
2009-12-22,20.690000534057617,20.809999465942383,19.700000762939453,19.700000762939453
2009-12-23,19.700000762939453,19.979999542236328,19.59000015258789,19.670000076293945
2009-12-24,19.690000534057617,19.81999969482422,19.280000686645508,19.469999313354492
2009-12-28,20.530000686645508,20.790000915527344,20.309999465942383,20.450000762939453
2009-12-29,20.350000381469727,20.600000381469727,20.350000381469727,20.43000030517578
2009-12-30,20.860000610351562,20.899999618530273,20.469999313354492,20.520000457763672
2009-12-31,20.520000457763672,21.889999389648438,20.520000457763672,21.649999618530273
2010-01-04,21.649999618530273,21.989999771118164,21.170000076293945,21.200000762939453
2010-01-05,21.239999771118164,21.360000610351562,20.5,20.5
2010-01-06,20.670000076293945,20.68000030517578,20.059999465942383,20.209999084472656
2010-01-07,20.31999969482422,20.65999984741211,19.979999542236328,19.989999771118164
2010-01-08,20.280000686645508,20.34000015258789,18.889999389648438,18.920000076293945
2010-01-11,17.950000762939453,18.709999084472656,17.950000762939453,18.469999313354492
2010-01-12,19.049999237060547,19.75,18.979999542236328,19.290000915527344
2010-01-13,19.360000610351562,19.760000228881836,18.149999618530273,18.399999618530273
2010-01-14,18.790000915527344,18.809999465942383,17.729999542236328,18.200000762939453
2010-01-15,18.200000762939453,19.219999313354492,18.200000762939453,18.729999542236328
2010-01-19,19.780000686645508,19.780000686645508,18.25,18.739999771118164
2010-01-20,19.639999389648438,21.280000686645508,19.520000457763672,20.010000228881836
2010-01-21,19.8700008392334,23.260000228881836,19.479999542236328,23.190000534057617
2010-01-22,23.190000534057617,29.1200008392334,23.15999984741211,28.3700008392334
2010-01-25,28.350000381469727,28.350000381469727,26.760000228881836,27.040000915527344
2010-01-26,27.25,27.8799991607666,23.690000534057617,25.469999313354492
2010-01-27,25.6299991607666,26.190000534057617,23.84000015258789,24.209999084472656
2010-01-28,24.5,26.68000030517578,24.469999313354492,24.90999984741211
2010-01-29,24.90999984741211,26.649999618530273,23.479999542236328,25.799999237060547
2010-02-01,26.059999465942383,26.059999465942383,24.31999969482422,24.329999923706055
2010-02-02,24.329999923706055,24.510000228881836,22.600000381469727,23.010000228881836
2010-02-03,23.229999542236328,23.229999542236328,22.209999084472656,22.34000015258789
2010-02-04,23.3700008392334,26.06999969482422,23.229999542236328,25.989999771118164
2010-02-05,25.280000686645508,28.639999389648438,25.170000076293945,25.959999084472656
2010-02-08,25.959999084472656,27.399999618530273,25.790000915527344,26.920000076293945
2010-02-09,26.90999984741211,26.90999984741211,24.920000076293945,25.579999923706055
2010-02-10,25.809999465942383,26.260000228881836,24.780000686645508,25.229999542236328
2010-02-11,25.360000610351562,25.729999542236328,23.43000030517578,23.43000030517578
2010-02-12,23.420000076293945,24.75,22.969999313354492,22.969999313354492
2010-02-16,23.34000015258789,23.459999084472656,21.90999984741211,21.920000076293945
2010-02-17,21.920000076293945,22.299999237060547,21.389999389648438,21.399999618530273
2010-02-18,21.389999389648438,21.709999084472656,20.43000030517578,20.649999618530273
2010-02-19,20.649999618530273,20.940000534057617,19.8799991607666,20.809999465942383
2010-02-22,20.959999084472656,21.809999465942383,20.420000076293945,20.43000030517578
2010-02-23,20.860000610351562,22.190000534057617,20.760000228881836,21.549999237060547
2010-02-24,21.549999237060547,21.6200008392334,20.610000610351562,20.6299991607666
2010-02-25,22.329999923706055,22.739999771118164,20.450000762939453,20.520000457763672
2010-02-26,20.59000015258789,20.790000915527344,19.770000457763672,19.780000686645508
2010-03-01,20.209999084472656,20.209999084472656,19.469999313354492,19.59000015258789
2010-03-02,19.59000015258789,19.639999389648438,19.040000915527344,19.510000228881836
2010-03-03,19.5,19.65999984741211,19.1299991607666,19.350000381469727
2010-03-04,19.450000762939453,19.739999771118164,19.030000686645508,19.100000381469727
2010-03-05,18.690000534057617,18.700000762939453,17.81999969482422,17.920000076293945
2010-03-08,17.920000076293945,18.790000915527344,17.920000076293945,18.670000076293945
2010-03-09,18.670000076293945,19.06999969482422,18.209999084472656,18.760000228881836
2010-03-10,18.799999237060547,19.170000076293945,18.3799991607666,19.079999923706055
2010-03-11,19.479999542236328,19.950000762939453,19.040000915527344,19.09000015258789
2010-03-12,19.09000015258789,19.8799991607666,19.0,19.139999389648438
2010-03-15,19.770000457763672,20.059999465942383,19.049999237060547,19.049999237060547
2010-03-16,19.15999984741211,19.329999923706055,18.239999771118164,18.309999465942383
2010-03-17,18.299999237060547,18.299999237060547,17.459999084472656,17.559999465942383
2010-03-18,17.559999465942383,17.850000381469727,17.15999984741211,17.239999771118164
2010-03-19,17.209999084472656,18.260000228881836,17.18000030517578,17.8700008392334
2010-03-22,17.8700008392334,19.149999618530273,17.8700008392334,18.030000686645508
2010-03-23,18.09000015258789,18.329999923706055,17.40999984741211,17.43000030517578
2010-03-24,17.40999984741211,18.299999237060547,17.40999984741211,18.010000228881836
2010-03-25,17.549999237060547,18.899999618530273,17.440000534057617,18.81999969482422
2010-03-26,18.81999969482422,19.200000762939453,18.239999771118164,18.670000076293945
2010-03-29,19.139999389648438,19.139999389648438,18.59000015258789,18.600000381469727
2010-03-30,18.610000610351562,18.950000762939453,18.229999542236328,18.229999542236328
2010-03-31,18.649999618530273,18.719999313354492,18.200000762939453,18.31999969482422
2010-04-01,18.219999313354492,19.299999237060547,17.09000015258789,18.760000228881836
2010-04-05,19.450000762939453,19.649999618530273,18.489999771118164,18.520000457763672
2010-04-06,18.93000030517578,18.950000762939453,17.530000686645508,17.829999923706055
2010-04-07,17.829999923706055,18.09000015258789,17.56999969482422,17.700000762939453
2010-04-08,18.079999923706055,18.440000534057617,17.280000686645508,17.290000915527344
2010-04-09,17.239999771118164,17.479999542236328,16.530000686645508,16.540000915527344
2010-04-12,16.030000686645508,16.43000030517578,15.84000015258789,16.3700008392334
2010-04-13,16.440000534057617,17.030000686645508,15.84000015258789,15.970000267028809
2010-04-14,15.970000267028809,16.020000457763672,15.529999732971191,16.020000457763672
2010-04-15,16.020000457763672,16.610000610351562,16.020000457763672,16.540000915527344
2010-04-16,16.520000457763672,19.229999542236328,16.3700008392334,17.780000686645508
2010-04-19,18.920000076293945,19.920000076293945,17.739999771118164,17.889999389648438
2010-04-20,17.889999389648438,17.889999389648438,16.34000015258789,16.43000030517578
2010-04-21,16.350000381469727,16.6299991607666,15.880000114440918,16.299999237060547
2010-04-22,17.299999237060547,18.329999923706055,16.43000030517578,16.829999923706055
2010-04-23,16.829999923706055,17.1200008392334,16.290000915527344,16.600000381469727
2010-04-26,16.59000015258789,18.06999969482422,16.59000015258789,17.809999465942383
2010-04-27,17.809999465942383,21.649999618530273,17.809999465942383,21.299999237060547
2010-04-28,21.270000457763672,22.1200008392334,20.450000762939453,20.510000228881836
2010-04-29,20.5,20.5,18.3700008392334,18.959999084472656
2010-04-30,19.020000457763672,22.190000534057617,18.780000686645508,22.059999465942383
2010-05-03,22.059999465942383,22.260000228881836,20.639999389648438,21.15999984741211
2010-05-04,21.18000030517578,26.920000076293945,21.18000030517578,26.09000015258789
2010-05-05,27.989999771118164,29.170000076293945,25.59000015258789,26.31999969482422
2010-05-06,27.309999465942383,38.630001068115234,26.059999465942383,31.25
2010-05-07,32.72999954223633,42.029998779296875,31.040000915527344,41.52000045776367
2010-05-10,41.52000045776367,41.52000045776367,30.18000030517578,30.360000610351562
2010-05-11,30.389999389648438,32.40999984741211,28.010000228881836,29.59000015258789
2010-05-12,29.59000015258789,29.59000015258789,26.360000610351562,27.0
2010-05-13,27.010000228881836,28.440000534057617,26.229999542236328,28.049999237060547
2010-05-14,28.049999237060547,34.689998626708984,28.049999237060547,31.549999237060547
2010-05-17,31.56999969482422,35.58000183105469,31.56999969482422,31.780000686645508
2010-05-18,31.780000686645508,35.95000076293945,30.15999984741211,35.47999954223633
2010-05-19,36.459999084472656,41.380001068115234,35.619998931884766,37.790000915527344
2010-05-20,37.81999969482422,47.25,37.81999969482422,46.630001068115234
2010-05-21,46.61000061035156,48.88999938964844,40.119998931884766,42.810001373291016
2010-05-24,42.84000015258789,43.04999923706055,37.66999816894531,39.84000015258789
2010-05-25,44.290000915527344,46.65999984741211,35.880001068115234,36.279998779296875
2010-05-26,34.95000076293945,36.31999969482422,30.170000076293945,36.31999969482422
2010-05-27,36.31999969482422,36.31999969482422,30.229999542236328,30.299999237060547
2010-05-28,30.219999313354492,33.81999969482422,29.899999618530273,31.610000610351562
2010-06-01,33.65999984741211,36.22999954223633,31.469999313354492,36.22999954223633
2010-06-02,36.22999954223633,36.22999954223633,30.979999542236328,31.0
2010-06-03,31.0,31.200000762939453,29.360000610351562,29.3799991607666
2010-06-04,29.3700008392334,35.650001525878906,29.3700008392334,34.15999984741211
2010-06-07,34.15999984741211,37.290000915527344,34.15999984741211,37.290000915527344
2010-06-08,37.31999969482422,38.25,35.08000183105469,35.220001220703125
2010-06-09,34.119998931884766,35.380001068115234,32.0099983215332,34.81999969482422
2010-06-10,33.220001220703125,33.25,30.75,31.299999237060547
2010-06-11,32.27000045776367,32.279998779296875,28.59000015258789,28.799999237060547
2010-06-14,28.799999237060547,29.170000076293945,26.940000534057617,28.940000534057617
2010-06-15,28.3799991607666,28.3799991607666,26.170000076293945,26.3700008392334
2010-06-16,26.899999618530273,27.010000228881836,25.329999923706055,25.920000076293945
2010-06-17,25.510000228881836,26.510000228881836,25.1200008392334,25.149999618530273
2010-06-18,25.520000457763672,25.520000457763672,23.1200008392334,24.149999618530273
2010-06-21,23.559999465942383,26.770000457763672,23.239999771118164,25.56999969482422
2010-06-22,25.719999313354492,27.149999618530273,24.59000015258789,26.829999923706055
2010-06-23,27.059999465942383,28.59000015258789,26.25,26.56999969482422
2010-06-24,27.399999618530273,30.049999237060547,27.079999923706055,29.09000015258789
2010-06-25,29.25,30.389999389648438,28.110000610351562,28.579999923706055
2010-06-28,29.5,30.549999237060547,28.899999618530273,29.3700008392334
2010-06-29,29.3700008392334,36.060001373291016,29.3700008392334,35.02000045776367
2010-06-30,35.18000030517578,35.619998931884766,32.84000015258789,35.13999938964844
2010-07-01,35.220001220703125,38.290000915527344,34.279998779296875,34.560001373291016
2010-07-02,33.38999938964844,33.959999084472656,31.6200008392334,32.189998626708984
2010-07-06,32.189998626708984,32.790000915527344,30.239999771118164,31.649999618530273
2010-07-07,31.649999618530273,31.649999618530273,27.979999542236328,28.059999465942383
2010-07-08,28.059999465942383,28.700000762939453,27.049999237060547,27.049999237060547
2010-07-09,26.920000076293945,27.139999389648438,25.850000381469727,25.989999771118164
2010-07-12,25.989999771118164,26.399999618530273,24.239999771118164,25.5
2010-07-13,24.469999313354492,25.790000915527344,24.3700008392334,25.3700008392334
2010-07-14,25.3700008392334,26.510000228881836,25.170000076293945,25.959999084472656
2010-07-15,25.90999984741211,28.479999542236328,25.90999984741211,26.56999969482422
2010-07-16,26.559999465942383,29.1299991607666,26.559999465942383,26.8700008392334
2010-07-19,26.790000915527344,28.65999984741211,26.06999969482422,27.25
2010-07-20,27.280000686645508,28.860000610351562,24.90999984741211,25.209999084472656
2010-07-21,24.010000228881836,27.239999771118164,24.010000228881836,26.700000762939453
2010-07-22,25.209999084472656,25.84000015258789,24.280000686645508,25.219999313354492
2010-07-23,25.860000610351562,26.170000076293945,24.1299991607666,24.15999984741211
2010-07-26,25.270000457763672,25.639999389648438,24.110000610351562,24.110000610351562
2010-07-27,23.520000457763672,24.690000534057617,23.520000457763672,24.329999923706055
2010-07-28,24.450000762939453,25.290000915527344,24.209999084472656,25.030000686645508
2010-07-29,25.030000686645508,26.969999313354492,24.280000686645508,25.18000030517578
2010-07-30,26.549999237060547,26.899999618530273,24.360000610351562,24.520000457763672
2010-08-02,24.520000457763672,24.59000015258789,23.260000228881836,23.479999542236328
2010-08-03,23.479999542236328,24.649999618530273,23.479999542236328,23.610000610351562
2010-08-04,23.6200008392334,24.1299991607666,23.1299991607666,23.219999313354492
2010-08-05,23.700000762939453,24.06999969482422,23.209999084472656,23.270000457763672
2010-08-06,24.31999969482422,24.93000030517578,22.84000015258789,22.84000015258789
2010-08-09,23.219999313354492,23.8799991607666,22.899999618530273,22.969999313354492
2010-08-10,24.329999923706055,25.290000915527344,23.270000457763672,23.559999465942383
2010-08-11,23.559999465942383,27.549999237060547,23.559999465942383,26.899999618530273
2010-08-12,28.90999984741211,28.950000762939453,26.469999313354492,27.6299991607666
2010-08-13,27.6299991607666,28.270000457763672,27.420000076293945,28.06999969482422
2010-08-16,28.09000015258789,29.469999313354492,26.639999389648438,27.079999923706055
2010-08-17,27.059999465942383,27.059999465942383,24.979999542236328,25.920000076293945
2010-08-18,25.969999313354492,26.530000686645508,24.6299991607666,25.979999542236328
2010-08-19,25.809999465942383,27.530000686645508,25.68000030517578,26.899999618530273
2010-08-20,27.43000030517578,27.43000030517578,25.75,25.760000228881836
2010-08-23,25.760000228881836,26.989999771118164,25.760000228881836,26.489999771118164
2010-08-24,26.489999771118164,30.06999969482422,26.489999771118164,28.469999313354492
2010-08-25,29.489999771118164,29.979999542236328,27.18000030517578,27.770000457763672
2010-08-26,27.43000030517578,28.979999542236328,27.350000381469727,28.8799991607666
2010-08-27,28.8799991607666,30.309999465942383,26.209999084472656,26.309999465942383
2010-08-30,26.350000381469727,27.889999389648438,26.350000381469727,27.889999389648438
2010-08-31,27.959999084472656,28.670000076293945,27.420000076293945,27.450000762939453
2010-09-01,26.25,26.280000686645508,24.829999923706055,24.93000030517578
2010-09-02,25.190000534057617,25.350000381469727,23.809999465942383,23.93000030517578
2010-09-03,23.93000030517578,23.93000030517578,21.719999313354492,21.950000762939453
2010-09-07,23.420000076293945,24.260000228881836,23.219999313354492,23.989999771118164
2010-09-08,23.989999771118164,24.229999542236328,23.170000076293945,23.530000686645508
2010-09-09,22.489999771118164,23.43000030517578,22.479999542236328,23.290000915527344
2010-09-10,23.290000915527344,23.479999542236328,22.81999969482422,22.979999542236328
2010-09-13,22.56999969482422,22.56999969482422,21.899999618530273,22.31999969482422
2010-09-14,22.399999618530273,22.709999084472656,21.299999237060547,21.6299991607666
2010-09-15,22.219999313354492,22.469999313354492,21.90999984741211,22.149999618530273
2010-09-16,22.149999618530273,22.760000228881836,21.739999771118164,21.809999465942383
2010-09-17,21.610000610351562,22.520000457763672,21.600000381469727,22.260000228881836
2010-09-20,22.790000915527344,22.889999389648438,22.06999969482422,22.43000030517578
2010-09-21,22.43000030517578,23.469999313354492,22.200000762939453,23.260000228881836
2010-09-22,23.700000762939453,24.219999313354492,22.940000534057617,23.6299991607666
2010-09-23,23.6299991607666,24.670000076293945,23.219999313354492,24.260000228881836
2010-09-24,24.3799991607666,24.3799991607666,22.43000030517578,22.719999313354492
2010-09-27,23.489999771118164,23.68000030517578,22.90999984741211,23.639999389648438
2010-09-28,23.65999984741211,25.729999542236328,23.610000610351562,23.860000610351562
2010-09-29,24.18000030517578,24.690000534057617,23.950000762939453,24.479999542236328
2010-09-30,24.479999542236328,25.68000030517578,23.610000610351562,24.959999084472656
2010-10-01,24.979999542236328,25.110000610351562,23.84000015258789,23.979999542236328
2010-10-04,23.969999313354492,26.09000015258789,23.969999313354492,25.15999984741211
2010-10-05,24.34000015258789,24.34000015258789,23.1200008392334,23.43000030517578
2010-10-06,23.670000076293945,24.34000015258789,23.420000076293945,23.530000686645508
2010-10-07,23.530000686645508,23.989999771118164,23.059999465942383,23.059999465942383
2010-10-08,23.059999465942383,23.31999969482422,21.690000534057617,21.979999542236328
2010-10-11,20.920000076293945,20.920000076293945,20.15999984741211,20.399999618530273
2010-10-12,21.059999465942383,21.770000457763672,20.31999969482422,20.540000915527344
2010-10-13,20.540000915527344,20.579999923706055,19.950000762939453,20.469999313354492
2010-10-14,20.489999771118164,21.56999969482422,20.489999771118164,20.6299991607666
2010-10-15,20.639999389648438,21.600000381469727,19.989999771118164,20.440000534057617
2010-10-18,20.459999084472656,21.8700008392334,20.459999084472656,21.25
2010-10-19,21.239999771118164,22.540000915527344,20.809999465942383,21.90999984741211
2010-10-20,21.889999389648438,22.15999984741211,21.1200008392334,21.649999618530273
2010-10-21,21.290000915527344,22.290000915527344,20.719999313354492,21.18000030517578
2010-10-22,20.989999771118164,21.25,20.420000076293945,20.420000076293945
2010-10-25,20.420000076293945,21.510000228881836,20.420000076293945,21.479999542236328
2010-10-26,22.010000228881836,22.420000076293945,21.549999237060547,21.809999465942383
2010-10-27,21.809999465942383,23.270000457763672,21.56999969482422,21.56999969482422
2010-10-28,21.399999618530273,22.43000030517578,21.280000686645508,21.649999618530273
2010-10-29,21.829999923706055,22.540000915527344,21.530000686645508,22.239999771118164
2010-11-01,22.239999771118164,23.510000228881836,22.18000030517578,22.920000076293945
2010-11-02,22.43000030517578,23.059999465942383,22.270000457763672,22.8799991607666
2010-11-03,23.030000686645508,23.149999618530273,20.399999618530273,20.40999984741211
2010-11-04,20.40999984741211,20.40999984741211,19.540000915527344,19.540000915527344
2010-11-05,19.469999313354492,19.510000228881836,18.670000076293945,18.670000076293945
2010-11-08,18.670000076293945,19.700000762939453,18.6299991607666,18.700000762939453
2010-11-09,18.700000762939453,19.469999313354492,18.280000686645508,18.989999771118164
2010-11-10,19.030000686645508,19.780000686645508,19.030000686645508,19.459999084472656
2010-11-11,20.59000015258789,20.829999923706055,19.360000610351562,19.3700008392334
2010-11-12,19.989999771118164,22.670000076293945,19.90999984741211,22.549999237060547
2010-11-15,22.549999237060547,22.549999237060547,20.860000610351562,21.690000534057617
2010-11-16,22.450000762939453,23.940000534057617,22.100000381469727,23.729999542236328
2010-11-17,23.670000076293945,23.739999771118164,22.40999984741211,23.25
2010-11-18,23.25,23.25,20.110000610351562,20.260000228881836
2010-11-19,20.3799991607666,20.889999389648438,19.43000030517578,19.780000686645508
2010-11-22,21.020000457763672,21.280000686645508,19.709999084472656,19.729999542236328
2010-11-23,19.729999542236328,22.93000030517578,19.729999542236328,21.770000457763672
2010-11-24,21.81999969482422,21.81999969482422,19.889999389648438,20.850000381469727
2010-11-26,20.84000015258789,22.8799991607666,20.84000015258789,20.84000015258789
2010-11-29,20.84000015258789,25.510000228881836,20.84000015258789,23.280000686645508
2010-11-30,24.81999969482422,25.549999237060547,24.290000915527344,25.389999389648438
2010-12-01,23.280000686645508,23.280000686645508,22.239999771118164,23.09000015258789
2010-12-02,23.09000015258789,23.09000015258789,21.31999969482422,21.420000076293945
2010-12-03,21.280000686645508,21.309999465942383,19.709999084472656,19.770000457763672
2010-12-06,19.770000457763672,20.299999237060547,19.770000457763672,19.90999984741211
2010-12-07,19.920000076293945,20.260000228881836,19.079999923706055,20.15999984741211
2010-12-08,20.149999618530273,20.329999923706055,19.670000076293945,19.700000762939453
2010-12-09,19.700000762939453,19.829999923706055,19.059999465942383,19.059999465942383
2010-12-10,19.100000381469727,19.1299991607666,18.559999465942383,18.770000457763672
2010-12-13,18.770000457763672,18.770000457763672,17.729999542236328,18.260000228881836
2010-12-14,18.239999771118164,18.780000686645508,18.010000228881836,18.399999618530273
2010-12-15,18.860000610351562,19.030000686645508,18.209999084472656,18.860000610351562
2010-12-16,18.8700008392334,18.920000076293945,17.860000610351562,18.25
2010-12-17,17.940000534057617,17.969999313354492,16.399999618530273,17.309999465942383
2010-12-20,17.309999465942383,17.829999923706055,16.719999313354492,17.18000030517578
2010-12-21,17.170000076293945,17.170000076293945,16.729999542236328,16.829999923706055
2010-12-22,16.889999389648438,17.239999771118164,16.469999313354492,16.56999969482422
2010-12-23,16.93000030517578,17.639999389648438,16.889999389648438,17.43000030517578
2010-12-27,17.43000030517578,19.709999084472656,17.43000030517578,18.940000534057617
2010-12-28,18.940000534057617,19.350000381469727,18.719999313354492,18.889999389648438
2010-12-29,18.8700008392334,18.90999984741211,18.190000534057617,18.270000457763672
2010-12-30,18.270000457763672,18.829999923706055,18.270000457763672,18.65999984741211
2010-12-31,18.850000381469727,19.700000762939453,18.850000381469727,19.479999542236328
2011-01-03,19.389999389648438,19.389999389648438,18.65999984741211,19.06999969482422
2011-01-04,19.079999923706055,19.6299991607666,18.719999313354492,18.899999618530273
2011-01-05,18.920000076293945,19.190000534057617,18.34000015258789,18.350000381469727
2011-01-06,18.360000610351562,18.790000915527344,18.270000457763672,18.40999984741211
2011-01-07,18.139999389648438,19.90999984741211,18.030000686645508,18.719999313354492
2011-01-10,19.790000915527344,19.93000030517578,18.610000610351562,18.670000076293945
2011-01-11,18.270000457763672,18.649999618530273,18.0,18.06999969482422
2011-01-12,18.06999969482422,18.06999969482422,17.34000015258789,17.420000076293945
2011-01-13,17.56999969482422,17.84000015258789,17.43000030517578,17.450000762939453
2011-01-14,17.56999969482422,17.649999618530273,16.489999771118164,16.489999771118164
2011-01-18,16.489999771118164,17.8700008392334,16.31999969482422,16.420000076293945
2011-01-19,16.639999389648438,18.579999923706055,16.6299991607666,18.43000030517578
2011-01-20,18.8700008392334,20.360000610351562,18.760000228881836,19.6299991607666
2011-01-21,19.6299991607666,20.219999313354492,18.459999084472656,20.170000076293945
2011-01-24,20.190000534057617,20.790000915527344,18.739999771118164,18.829999923706055
2011-01-25,18.829999923706055,19.760000228881836,18.809999465942383,18.84000015258789
2011-01-26,18.84000015258789,18.84000015258789,17.93000030517578,17.93000030517578
2011-01-27,17.93000030517578,18.139999389648438,16.06999969482422,17.829999923706055
2011-01-28,17.829999923706055,22.079999923706055,17.399999618530273,21.65999984741211
2011-01-31,21.59000015258789,22.719999313354492,21.489999771118164,21.790000915527344
2011-02-01,21.790000915527344,21.790000915527344,19.68000030517578,19.959999084472656
2011-02-02,20.1200008392334,20.459999084472656,19.84000015258789,19.84000015258789
2011-02-03,19.84000015258789,20.479999542236328,19.030000686645508,19.09000015258789
2011-02-04,19.09000015258789,19.09000015258789,17.8700008392334,17.90999984741211
2011-02-07,17.889999389648438,18.68000030517578,17.84000015258789,18.219999313354492
2011-02-08,18.31999969482422,18.530000686645508,17.610000610351562,17.68000030517578
2011-02-09,17.68000030517578,18.299999237060547,17.65999984741211,17.719999313354492
2011-02-10,18.56999969482422,18.670000076293945,17.770000457763672,17.90999984741211
2011-02-11,17.90999984741211,18.450000762939453,17.170000076293945,17.18000030517578
2011-02-14,17.170000076293945,17.59000015258789,17.170000076293945,17.459999084472656
2011-02-15,17.5,18.190000534057617,17.5,17.979999542236328
2011-02-16,17.700000762939453,18.239999771118164,17.059999465942383,18.229999542236328
2011-02-17,18.549999237060547,18.770000457763672,18.110000610351562,18.219999313354492
2011-02-18,18.290000915527344,18.469999313354492,17.600000381469727,17.899999618530273
2011-02-22,17.899999618530273,23.780000686645508,17.899999618530273,23.389999389648438
2011-02-23,23.399999618530273,26.139999389648438,23.239999771118164,24.3700008392334
2011-02-24,24.25,25.100000381469727,23.280000686645508,23.670000076293945
2011-02-25,23.670000076293945,23.670000076293945,20.610000610351562,20.639999389648438
2011-02-28,20.860000610351562,21.350000381469727,20.190000534057617,20.549999237060547
2011-03-01,20.18000030517578,23.0,20.18000030517578,22.81999969482422
2011-03-02,22.81999969482422,22.979999542236328,21.729999542236328,22.739999771118164
2011-03-03,21.280000686645508,21.280000686645508,20.030000686645508,20.100000381469727
2011-03-04,20.149999618530273,21.360000610351562,19.8700008392334,20.469999313354492
2011-03-07,20.469999313354492,24.6299991607666,20.469999313354492,23.219999313354492
2011-03-08,23.399999618530273,23.950000762939453,22.280000686645508,22.739999771118164
2011-03-09,23.06999969482422,24.030000686645508,22.989999771118164,23.43000030517578
2011-03-10,24.639999389648438,25.6200008392334,23.649999618530273,24.270000457763672
2011-03-11,24.84000015258789,24.84000015258789,22.469999313354492,22.489999771118164
2011-03-14,22.489999771118164,24.510000228881836,22.489999771118164,23.100000381469727
2011-03-15,27.190000534057617,27.239999771118164,25.5,26.790000915527344
2011-03-16,26.790000915527344,32.459999084472656,26.790000915527344,30.700000762939453
2011-03-17,30.700000762939453,30.700000762939453,27.739999771118164,28.40999984741211
2011-03-18,27.329999923706055,27.459999084472656,26.110000610351562,26.600000381469727
2011-03-21,25.639999389648438,25.639999389648438,23.239999771118164,23.81999969482422
2011-03-22,23.81999969482422,23.81999969482422,22.25,22.350000381469727
2011-03-23,22.3700008392334,24.34000015258789,21.559999465942383,21.959999084472656
2011-03-24,21.959999084472656,21.959999084472656,20.530000686645508,20.59000015258789
2011-03-25,20.440000534057617,20.8799991607666,19.84000015258789,20.780000686645508
2011-03-28,20.780000686645508,22.299999237060547,20.780000686645508,22.229999542236328
2011-03-29,22.309999465942383,22.850000381469727,21.34000015258789,21.34000015258789
2011-03-30,21.34000015258789,21.469999313354492,20.3799991607666,20.3799991607666
2011-03-31,20.739999771118164,20.790000915527344,19.65999984741211,19.739999771118164
2011-04-01,19.739999771118164,19.739999771118164,18.420000076293945,19.40999984741211
2011-04-04,19.729999542236328,20.600000381469727,19.610000610351562,20.049999237060547
2011-04-05,20.3799991607666,20.5,19.049999237060547,19.459999084472656
2011-04-06,18.920000076293945,19.860000610351562,18.780000686645508,19.31999969482422
2011-04-07,19.450000762939453,20.110000610351562,18.989999771118164,19.34000015258789
2011-04-08,18.899999618530273,20.09000015258789,18.889999389648438,19.760000228881836
2011-04-11,19.739999771118164,19.739999771118164,18.65999984741211,19.09000015258789
2011-04-12,19.09000015258789,20.440000534057617,19.09000015258789,19.389999389648438
2011-04-13,18.68000030517578,19.299999237060547,18.399999618530273,18.5
2011-04-14,18.5,19.899999618530273,17.489999771118164,17.700000762939453
2011-04-15,17.719999313354492,18.760000228881836,16.93000030517578,17.479999542236328
2011-04-18,20.09000015258789,21.270000457763672,18.43000030517578,18.469999313354492
2011-04-19,18.469999313354492,18.65999984741211,16.15999984741211,16.229999542236328
2011-04-20,15.319999694824219,17.280000686645508,15.1899995803833,16.489999771118164
2011-04-21,15.989999771118164,16.610000610351562,15.680000305175781,15.850000381469727
2011-04-25,15.850000381469727,17.510000228881836,15.850000381469727,17.219999313354492
2011-04-26,17.079999923706055,17.780000686645508,16.59000015258789,17.780000686645508
2011-04-27,17.780000686645508,18.170000076293945,17.020000457763672,17.030000686645508
2011-04-28,17.219999313354492,17.290000915527344,15.9399995803833,16.200000762939453
2011-04-29,16.200000762939453,17.020000457763672,16.200000762939453,16.540000915527344
2011-05-02,16.540000915527344,18.5,16.540000915527344,18.1299991607666
2011-05-03,18.010000228881836,19.31999969482422,18.010000228881836,18.6200008392334
2011-05-04,18.739999771118164,19.579999923706055,18.360000610351562,18.59000015258789
2011-05-05,19.329999923706055,20.260000228881836,18.200000762939453,19.1200008392334
2011-05-06,18.219999313354492,19.920000076293945,17.360000610351562,19.260000228881836
2011-05-09,19.719999313354492,19.719999313354492,18.06999969482422,18.3799991607666
2011-05-10,18.149999618530273,18.329999923706055,17.079999923706055,17.100000381469727
2011-05-11,17.469999313354492,18.68000030517578,17.3700008392334,17.40999984741211
2011-05-12,18.3700008392334,18.959999084472656,16.969999313354492,16.989999771118164
2011-05-13,16.989999771118164,18.459999084472656,16.93000030517578,18.399999618530273
2011-05-16,18.469999313354492,19.760000228881836,18.170000076293945,19.5
2011-05-17,20.219999313354492,20.559999465942383,19.110000610351562,19.1200008392334
2011-05-18,19.1200008392334,19.299999237060547,17.549999237060547,17.649999618530273
2011-05-19,17.65999984741211,17.84000015258789,16.920000076293945,17.059999465942383
2011-05-20,17.079999923706055,18.3700008392334,16.989999771118164,18.15999984741211
2011-05-23,18.15999984741211,21.059999465942383,18.15999984741211,19.209999084472656
2011-05-24,19.219999313354492,19.559999465942383,18.8799991607666,19.399999618530273
2011-05-25,19.530000686645508,19.639999389648438,18.079999923706055,18.15999984741211
2011-05-26,18.440000534057617,18.450000762939453,17.190000534057617,17.260000228881836
2011-05-27,17.260000228881836,17.260000228881836,16.350000381469727,16.8700008392334
2011-05-31,16.8700008392334,17.18000030517578,16.299999237060547,16.440000534057617
2011-06-01,16.81999969482422,19.299999237060547,16.68000030517578,19.239999771118164
2011-06-02,19.219999313354492,19.219999313354492,18.43000030517578,18.709999084472656
2011-06-03,18.709999084472656,19.559999465942383,17.860000610351562,18.899999618530273
2011-06-06,18.899999618530273,19.729999542236328,18.700000762939453,19.579999923706055
2011-06-07,19.270000457763672,19.399999618530273,18.68000030517578,19.139999389648438
2011-06-08,19.479999542236328,19.969999313354492,19.0,19.969999313354492
2011-06-09,19.969999313354492,19.969999313354492,18.469999313354492,18.8799991607666
2011-06-10,19.170000076293945,20.229999542236328,19.1299991607666,19.850000381469727
2011-06-13,20.059999465942383,20.540000915527344,19.309999465942383,20.219999313354492
2011-06-14,20.219999313354492,20.219999313354492,18.5,18.739999771118164
2011-06-15,20.0,22.790000915527344,19.510000228881836,22.290000915527344
2011-06-16,22.079999923706055,26.229999542236328,22.020000457763672,24.469999313354492
2011-06-17,24.469999313354492,24.469999313354492,23.15999984741211,23.579999923706055
2011-06-20,24.670000076293945,24.670000076293945,22.059999465942383,22.06999969482422
2011-06-21,22.06999969482422,22.09000015258789,19.850000381469727,20.360000610351562
2011-06-22,20.540000915527344,20.559999465942383,19.290000915527344,20.200000762939453
2011-06-23,20.200000762939453,22.56999969482422,20.200000762939453,20.760000228881836
2011-06-24,20.75,22.6299991607666,20.75,22.579999923706055
2011-06-27,22.610000610351562,23.489999771118164,21.610000610351562,21.959999084472656
2011-06-28,22.020000457763672,22.020000457763672,20.649999618530273,20.709999084472656
2011-06-29,20.399999618530273,20.469999313354492,18.809999465942383,18.84000015258789
2011-06-30,17.270000457763672,18.459999084472656,16.920000076293945,17.860000610351562
2011-07-01,17.6299991607666,17.809999465942383,16.56999969482422,17.3700008392334
2011-07-05,18.1299991607666,18.170000076293945,17.700000762939453,17.760000228881836
2011-07-06,18.1299991607666,18.260000228881836,17.639999389648438,17.850000381469727
2011-07-07,17.31999969482422,17.899999618530273,17.309999465942383,17.709999084472656
2011-07-08,18.3700008392334,18.579999923706055,17.43000030517578,17.450000762939453
2011-07-11,19.290000915527344,21.110000610351562,18.280000686645508,20.219999313354492
2011-07-12,21.030000686645508,22.170000076293945,20.860000610351562,21.93000030517578
2011-07-13,21.93000030517578,21.93000030517578,20.149999618530273,21.81999969482422
2011-07-14,21.329999923706055,23.639999389648438,20.639999389648438,21.8700008392334
2011-07-15,21.760000228881836,22.690000534057617,20.8799991607666,20.950000762939453
2011-07-18,20.950000762939453,23.459999084472656,20.950000762939453,22.479999542236328
2011-07-19,22.43000030517578,22.43000030517578,20.1299991607666,20.459999084472656
2011-07-20,19.8799991607666,21.260000228881836,19.8799991607666,21.059999465942383
2011-07-21,20.600000381469727,20.959999084472656,19.079999923706055,19.709999084472656
2011-07-22,19.709999084472656,19.790000915527344,18.719999313354492,19.170000076293945
2011-07-25,19.170000076293945,21.18000030517578,19.170000076293945,20.950000762939453
2011-07-26,21.020000457763672,21.780000686645508,21.010000228881836,21.579999923706055
2011-07-27,21.579999923706055,24.959999084472656,21.579999923706055,24.700000762939453
2011-07-28,24.700000762939453,25.170000076293945,22.75,25.1200008392334
2011-07-29,25.15999984741211,27.110000610351562,24.219999313354492,26.079999923706055
2011-08-01,24.049999237060547,26.670000076293945,23.479999542236328,24.260000228881836
2011-08-02,24.860000610351562,25.920000076293945,23.5,25.690000534057617
2011-08-03,25.690000534057617,26.420000076293945,24.209999084472656,24.729999542236328
2011-08-04,25.93000030517578,32.61000061035156,25.760000228881836,31.68000030517578
2011-08-05,29.65999984741211,38.63999938964844,29.209999084472656,33.77000045776367
2011-08-08,38.369998931884766,45.720001220703125,36.290000915527344,44.7400016784668
2011-08-09,44.7400016784668,44.810001373291016,33.79999923706055,34.630001068115234
2011-08-10,34.599998474121094,42.5,34.599998474121094,41.7599983215332
2011-08-11,41.66999816894531,41.66999816894531,37.02000045776367,37.849998474121094
2011-08-12,37.790000915527344,37.790000915527344,34.04999923706055,35.220001220703125
2011-08-15,35.25,35.25,30.389999389648438,30.440000534057617
2011-08-16,30.440000534057617,32.95000076293945,30.280000686645508,31.549999237060547
2011-08-17,31.549999237060547,32.61000061035156,29.459999084472656,31.170000076293945
2011-08-18,31.149999618530273,44.09000015258789,31.149999618530273,41.61000061035156
2011-08-19,43.56999969482422,44.08000183105469,40.25,43.470001220703125
2011-08-22,40.439998626708984,44.2400016784668,40.279998779296875,42.029998779296875
2011-08-23,41.2599983215332,41.86000061035156,35.150001525878906,35.45000076293945
2011-08-24,35.45000076293945,37.5099983215332,34.43000030517578,35.650001525878906
2011-08-25,35.7400016784668,39.90999984741211,35.04999923706055,39.43000030517578
2011-08-26,40.31999969482422,41.7599983215332,34.150001525878906,34.4900016784668
2011-08-29,33.63999938964844,33.66999816894531,31.8700008392334,32.11000061035156
2011-08-30,32.40999984741211,32.810001373291016,30.989999771118164,32.02000045776367
2011-08-31,32.029998779296875,32.029998779296875,29.5,31.3700008392334
2011-09-01,31.65999984741211,31.969999313354492,29.920000076293945,31.360000610351562
2011-09-02,31.360000610351562,33.79999923706055,31.360000610351562,33.0
2011-09-06,33.040000915527344,38.5,33.040000915527344,35.86000061035156
2011-09-07,35.81999969482422,35.81999969482422,33.119998931884766,33.119998931884766
2011-09-08,33.68000030517578,34.2599983215332,32.279998779296875,33.650001525878906
2011-09-09,34.779998779296875,39.77000045776367,34.779998779296875,37.9900016784668
2011-09-12,41.34000015258789,41.90999984741211,37.939998626708984,37.970001220703125
2011-09-13,37.970001220703125,39.09000015258789,35.7400016784668,36.0
2011-09-14,35.97999954223633,36.790000915527344,32.209999084472656,33.36000061035156
2011-09-15,32.290000915527344,32.9900016784668,30.420000076293945,30.670000076293945
2011-09-16,30.799999237060547,31.010000228881836,29.360000610351562,29.360000610351562
2011-09-19,32.779998779296875,33.59000015258789,30.649999618530273,31.420000076293945
2011-09-20,30.670000076293945,31.549999237060547,29.829999923706055,31.299999237060547
2011-09-21,30.920000076293945,34.68000030517578,30.56999969482422,34.68000030517578
2011-09-22,34.68000030517578,42.27000045776367,34.68000030517578,40.25
2011-09-23,40.2400016784668,41.599998474121094,39.709999084472656,39.880001068115234
2011-09-26,39.72999954223633,42.66999816894531,39.20000076293945,39.2400016784668
2011-09-27,37.060001373291016,38.65999984741211,35.91999816894531,37.650001525878906
2011-09-28,37.650001525878906,41.20000076293945,36.77000045776367,40.7599983215332
2011-09-29,40.7599983215332,43.369998931884766,38.540000915527344,41.15999984741211
2011-09-30,41.20000076293945,44.97999954223633,41.20000076293945,44.97999954223633
2011-10-03,46.47999954223633,46.61000061035156,43.43000030517578,46.61000061035156
2011-10-04,46.61000061035156,47.22999954223633,42.11000061035156,42.470001220703125
2011-10-05,42.459999084472656,42.779998779296875,38.810001373291016,39.119998931884766
2011-10-06,39.16999816894531,39.70000076293945,37.27000045776367,37.31999969482422
2011-10-07,37.130001068115234,38.54999923706055,36.369998931884766,37.08000183105469
2011-10-10,37.08000183105469,37.08000183105469,34.47999954223633,34.47999954223633
2011-10-11,34.47999954223633,34.84000015258789,33.38999938964844,34.099998474121094
2011-10-12,34.11000061035156,34.11000061035156,31.15999984741211,32.34000015258789
2011-10-13,32.59000015258789,32.880001068115234,29.780000686645508,30.299999237060547
2011-10-14,30.309999465942383,30.309999465942383,28.059999465942383,28.690000534057617
2011-10-17,30.649999618530273,33.29999923706055,30.530000686645508,32.91999816894531
2011-10-18,32.91999816894531,34.25,30.170000076293945,30.479999542236328
2011-10-19,31.6299991607666,36.04999923706055,31.3700008392334,33.84000015258789
2011-10-20,33.84000015258789,37.189998626708984,33.77000045776367,34.779998779296875
2011-10-21,34.84000015258789,34.84000015258789,31.40999984741211,31.420000076293945
2011-10-24,31.489999771118164,31.90999984741211,28.329999923706055,28.450000762939453
2011-10-25,28.489999771118164,31.639999389648438,28.489999771118164,31.540000915527344
2011-10-26,30.5,33.650001525878906,30.209999084472656,30.469999313354492
2011-10-27,26.5,27.889999389648438,25.530000686645508,26.280000686645508
2011-10-28,26.280000686645508,26.8700008392334,24.920000076293945,25.0
2011-10-31,24.920000076293945,28.84000015258789,24.920000076293945,28.81999969482422
2011-11-01,28.899999618530273,35.630001068115234,28.899999618530273,33.4900016784668
2011-11-02,33.470001220703125,33.470001220703125,31.8799991607666,32.029998779296875
2011-11-03,32.029998779296875,33.08000183105469,29.260000228881836,29.299999237060547
2011-11-04,29.299999237060547,31.260000228881836,29.049999237060547,29.350000381469727
2011-11-07,29.360000610351562,31.209999084472656,28.799999237060547,28.829999923706055
2011-11-08,28.209999084472656,29.170000076293945,26.520000457763672,27.309999465942383
2011-11-09,29.959999084472656,35.119998931884766,29.829999923706055,34.61000061035156
2011-11-10,32.63999938964844,35.34000015258789,32.25,32.66999816894531
2011-11-11,32.66999816894531,32.66999816894531,29.239999771118164,29.350000381469727
2011-11-14,30.540000915527344,31.700000762939453,30.149999618530273,30.729999542236328
2011-11-15,30.729999542236328,31.540000915527344,29.40999984741211,30.040000915527344
2011-11-16,31.030000686645508,32.130001068115234,29.469999313354492,31.940000534057617
2011-11-17,31.940000534057617,36.15999984741211,31.770000457763672,34.34000015258789
2011-11-18,33.45000076293945,33.88999938964844,31.540000915527344,31.829999923706055
2011-11-21,34.54999923706055,35.15999984741211,32.61000061035156,32.93000030517578
2011-11-22,33.11000061035156,33.15999984741211,30.829999923706055,31.06999969482422
2011-11-23,31.06999969482422,33.09000015258789,31.06999969482422,33.06999969482422
2011-11-25,33.040000915527344,34.310001373291016,32.7599983215332,33.040000915527344
2011-11-28,32.650001525878906,32.650001525878906,31.479999542236328,31.559999465942383
2011-11-29,31.559999465942383,31.90999984741211,30.850000381469727,31.059999465942383
2011-11-30,28.829999923706055,28.860000610351562,27.719999313354492,27.770000457763672
2011-12-01,27.770000457763672,27.860000610351562,26.899999618530273,27.200000762939453
2011-12-02,26.450000762939453,27.790000915527344,26.18000030517578,27.690000534057617
2011-12-05,27.690000534057617,28.34000015258789,26.790000915527344,27.889999389648438
2011-12-06,27.90999984741211,28.239999771118164,27.719999313354492,27.940000534057617
2011-12-07,27.940000534057617,29.34000015258789,27.940000534057617,28.450000762939453
2011-12-08,28.450000762939453,30.149999618530273,28.450000762939453,30.0
2011-12-09,29.1200008392334,29.1200008392334,25.989999771118164,25.989999771118164
2011-12-12,25.989999771118164,26.600000381469727,24.530000686645508,24.559999465942383
2011-12-13,24.06999969482422,26.040000915527344,23.34000015258789,25.290000915527344
2011-12-14,25.829999923706055,27.81999969482422,25.579999923706055,26.079999923706055
2011-12-15,26.079999923706055,26.079999923706055,24.389999389648438,24.790000915527344
2011-12-16,23.899999618530273,24.309999465942383,22.6200008392334,23.479999542236328
2011-12-19,24.540000915527344,24.59000015258789,23.760000228881836,24.149999618530273
2011-12-20,22.850000381469727,22.8700008392334,22.149999618530273,22.5
2011-12-21,22.489999771118164,23.579999923706055,22.139999389648438,22.290000915527344
2011-12-22,22.299999237060547,22.299999237060547,21.469999313354492,21.889999389648438
2011-12-23,21.8700008392334,22.079999923706055,21.309999465942383,21.3700008392334
2011-12-27,23.25,23.260000228881836,22.139999389648438,22.489999771118164
2011-12-28,22.489999771118164,23.709999084472656,22.489999771118164,23.540000915527344
2011-12-29,23.540000915527344,23.829999923706055,23.030000686645508,23.06999969482422
2011-12-30,23.049999237060547,23.360000610351562,22.829999923706055,23.1299991607666
2012-01-03,23.15999984741211,23.299999237060547,22.600000381469727,23.020000457763672
2012-01-04,23.34000015258789,23.670000076293945,21.969999313354492,21.979999542236328
2012-01-05,22.31999969482422,22.739999771118164,21.209999084472656,21.399999618530273
2012-01-06,21.399999618530273,21.479999542236328,20.40999984741211,20.520000457763672
2012-01-09,20.510000228881836,21.639999389648438,20.510000228881836,21.219999313354492
2012-01-10,21.219999313354492,21.219999313354492,20.260000228881836,20.93000030517578
2012-01-11,21.1200008392334,21.399999618530273,20.969999313354492,21.18000030517578
2012-01-12,21.06999969482422,21.860000610351562,20.760000228881836,20.790000915527344
2012-01-13,20.790000915527344,22.260000228881836,20.790000915527344,21.3799991607666
2012-01-17,21.389999389648438,22.479999542236328,21.290000915527344,22.209999084472656
2012-01-18,22.489999771118164,22.700000762939453,21.190000534057617,21.290000915527344
2012-01-19,20.959999084472656,20.959999084472656,19.549999237060547,20.270000457763672
2012-01-20,20.559999465942383,20.559999465942383,18.889999389648438,18.969999313354492
2012-01-23,18.969999313354492,20.170000076293945,18.969999313354492,19.420000076293945
2012-01-24,20.190000534057617,20.350000381469727,19.739999771118164,19.739999771118164
2012-01-25,19.3700008392334,19.780000686645508,19.010000228881836,19.360000610351562
2012-01-26,19.0,20.1200008392334,18.940000534057617,19.559999465942383
2012-01-27,19.559999465942383,20.049999237060547,19.260000228881836,19.309999465942383
2012-01-30,21.079999923706055,21.260000228881836,19.75,19.75
2012-01-31,19.75,20.280000686645508,19.110000610351562,19.889999389648438
2012-02-01,19.190000534057617,19.34000015258789,18.860000610351562,19.040000915527344
2012-02-02,18.950000762939453,19.190000534057617,18.65999984741211,18.889999389648438
2012-02-03,18.059999465942383,18.31999969482422,17.709999084472656,18.209999084472656
2012-02-06,18.209999084472656,19.190000534057617,18.209999084472656,18.649999618530273
2012-02-07,18.65999984741211,19.1299991607666,18.489999771118164,18.75
2012-02-08,18.75,19.450000762939453,18.6299991607666,18.989999771118164
2012-02-09,18.989999771118164,19.139999389648438,18.700000762939453,18.899999618530273
2012-02-10,20.1200008392334,22.190000534057617,20.100000381469727,20.940000534057617
2012-02-13,19.93000030517578,20.059999465942383,19.459999084472656,19.600000381469727
2012-02-14,19.770000457763672,21.170000076293945,19.579999923706055,20.18000030517578
2012-02-15,19.719999313354492,22.510000228881836,19.719999313354492,22.350000381469727
2012-02-16,22.350000381469727,22.889999389648438,20.200000762939453,20.889999389648438
2012-02-17,20.889999389648438,21.079999923706055,19.68000030517578,19.760000228881836
2012-02-21,20.6200008392334,20.6299991607666,19.610000610351562,19.920000076293945
2012-02-22,19.920000076293945,20.440000534057617,19.5,19.719999313354492
2012-02-23,19.709999084472656,20.09000015258789,18.40999984741211,18.40999984741211
2012-02-24,18.190000534057617,18.540000915527344,17.760000228881836,18.270000457763672
2012-02-27,19.790000915527344,20.079999923706055,18.829999923706055,19.420000076293945
2012-02-28,19.420000076293945,19.889999389648438,19.299999237060547,19.549999237060547
2012-02-29,19.440000534057617,20.170000076293945,19.40999984741211,19.829999923706055
2012-03-01,19.850000381469727,19.850000381469727,18.670000076293945,18.68000030517578
2012-03-02,18.670000076293945,19.0,18.219999313354492,18.229999542236328
2012-03-05,18.229999542236328,20.15999984741211,18.229999542236328,19.56999969482422
2012-03-06,19.56999969482422,21.920000076293945,19.56999969482422,21.420000076293945
2012-03-07,21.40999984741211,21.40999984741211,20.420000076293945,20.420000076293945
2012-03-08,20.459999084472656,20.459999084472656,19.020000457763672,19.049999237060547
2012-03-09,19.049999237060547,19.049999237060547,18.049999237060547,18.110000610351562
2012-03-12,18.1200008392334,18.1200008392334,16.56999969482422,16.709999084472656
2012-03-13,16.049999237060547,16.700000762939453,15.760000228881836,16.440000534057617
2012-03-14,16.440000534057617,18.030000686645508,16.290000915527344,17.59000015258789
2012-03-15,17.59000015258789,18.139999389648438,17.209999084472656,17.25
2012-03-16,17.280000686645508,17.5,16.459999084472656,16.469999313354492
2012-03-19,17.260000228881836,17.360000610351562,16.25,16.549999237060547
2012-03-20,17.31999969482422,17.420000076293945,16.31999969482422,16.350000381469727
2012-03-21,16.350000381469727,16.540000915527344,15.960000038146973,16.229999542236328
2012-03-22,17.139999389648438,17.920000076293945,16.829999923706055,16.829999923706055
2012-03-23,16.829999923706055,17.56999969482422,16.420000076293945,16.56999969482422
2012-03-26,16.700000762939453,16.760000228881836,15.90999984741211,15.920000076293945
2012-03-27,16.190000534057617,17.020000457763672,16.15999984741211,17.020000457763672
2012-03-28,17.059999465942383,18.540000915527344,16.81999969482422,17.280000686645508
2012-03-29,18.31999969482422,18.799999237060547,17.239999771118164,17.270000457763672
2012-03-30,17.270000457763672,17.579999923706055,16.540000915527344,17.190000534057617
2012-04-02,17.18000030517578,18.209999084472656,16.360000610351562,16.700000762939453
2012-04-03,16.59000015258789,17.639999389648438,16.399999618530273,16.81999969482422
2012-04-04,18.1299991607666,19.329999923706055,17.75,17.950000762939453
2012-04-05,17.969999313354492,18.34000015258789,17.68000030517578,17.959999084472656
2012-04-09,20.31999969482422,20.399999618530273,19.3799991607666,20.18000030517578
2012-04-10,20.18000030517578,22.31999969482422,19.799999237060547,21.59000015258789
2012-04-11,20.739999771118164,21.610000610351562,20.360000610351562,21.299999237060547
2012-04-12,21.010000228881836,21.170000076293945,19.010000228881836,19.34000015258789
2012-04-13,20.18000030517578,21.440000534057617,19.969999313354492,21.440000534057617
2012-04-16,21.329999923706055,23.100000381469727,21.200000762939453,22.56999969482422
2012-04-17,22.56999969482422,22.56999969482422,20.18000030517578,20.6299991607666
2012-04-18,21.1200008392334,21.459999084472656,20.34000015258789,21.260000228881836
2012-04-19,21.15999984741211,22.209999084472656,19.989999771118164,20.989999771118164
2012-04-20,20.989999771118164,20.989999771118164,19.389999389648438,20.170000076293945
2012-04-23,22.479999542236328,22.610000610351562,21.18000030517578,21.309999465942383
2012-04-24,21.309999465942383,21.65999984741211,20.90999984741211,21.030000686645508
2012-04-25,19.030000686645508,19.1299991607666,18.280000686645508,18.469999313354492
2012-04-26,18.469999313354492,18.760000228881836,17.760000228881836,17.829999923706055
2012-04-27,17.81999969482422,17.920000076293945,17.229999542236328,17.520000457763672
2012-04-30,17.520000457763672,18.93000030517578,17.520000457763672,18.770000457763672
2012-05-01,18.90999984741211,18.989999771118164,17.700000762939453,18.65999984741211
2012-05-02,19.3799991607666,19.440000534057617,18.399999618530273,18.40999984741211
2012-05-03,18.40999984741211,19.540000915527344,18.34000015258789,19.190000534057617
2012-05-04,19.65999984741211,21.100000381469727,19.6200008392334,21.100000381469727
2012-05-07,22.1299991607666,22.1299991607666,20.670000076293945,21.059999465942383
2012-05-08,21.059999465942383,23.040000915527344,20.959999084472656,21.280000686645508
2012-05-09,22.700000762939453,23.239999771118164,21.790000915527344,21.979999542236328
2012-05-10,21.549999237060547,21.889999389648438,21.1299991607666,21.329999923706055
2012-05-11,22.079999923706055,22.110000610351562,20.729999542236328,21.790000915527344
2012-05-14,21.799999237060547,23.530000686645508,21.799999237060547,23.479999542236328
2012-05-15,23.520000457763672,23.780000686645508,22.1200008392334,23.59000015258789
2012-05-16,23.469999313354492,24.420000076293945,22.8700008392334,24.170000076293945
2012-05-17,24.170000076293945,26.56999969482422,23.850000381469727,26.5
2012-05-18,26.06999969482422,27.579999923706055,25.3799991607666,27.549999237060547
2012-05-21,27.549999237060547,27.809999465942383,24.209999084472656,24.299999237060547
2012-05-22,24.290000915527344,24.940000534057617,22.8799991607666,24.520000457763672
2012-05-23,25.59000015258789,26.059999465942383,23.75,24.06999969482422
2012-05-24,24.09000015258789,25.350000381469727,23.850000381469727,24.200000762939453
2012-05-25,24.139999389648438,24.479999542236328,23.770000457763672,23.989999771118164
2012-05-29,23.989999771118164,24.729999542236328,23.239999771118164,23.329999923706055
2012-05-30,23.329999923706055,25.690000534057617,23.329999923706055,25.350000381469727
2012-05-31,25.459999084472656,27.0,25.280000686645508,25.889999389648438
2012-06-01,25.889999389648438,28.709999084472656,25.889999389648438,28.6299991607666
2012-06-04,28.690000534057617,29.760000228881836,27.790000915527344,28.170000076293945
2012-06-05,28.209999084472656,28.209999084472656,26.260000228881836,26.389999389648438
2012-06-06,26.389999389648438,26.389999389648438,23.75,23.75
2012-06-07,22.989999771118164,23.989999771118164,22.75,23.809999465942383
2012-06-08,23.809999465942383,24.440000534057617,22.549999237060547,22.549999237060547
2012-06-11,22.540000915527344,24.639999389648438,21.860000610351562,24.600000381469727
2012-06-12,24.579999923706055,25.110000610351562,23.149999618530273,23.149999618530273
2012-06-13,24.079999923706055,25.06999969482422,23.31999969482422,24.520000457763672
2012-06-14,24.520000457763672,25.270000457763672,23.780000686645508,24.020000457763672
2012-06-15,23.8799991607666,23.989999771118164,21.860000610351562,21.860000610351562
2012-06-18,21.860000610351562,23.020000457763672,19.459999084472656,19.639999389648438
2012-06-19,19.639999389648438,19.639999389648438,18.40999984741211,19.200000762939453
2012-06-20,18.81999969482422,19.920000076293945,17.809999465942383,17.809999465942383
2012-06-21,17.90999984741211,20.8700008392334,17.760000228881836,20.780000686645508
2012-06-22,19.860000610351562,20.239999771118164,19.06999969482422,19.1200008392334
2012-06-25,21.229999542236328,22.0,21.229999542236328,21.280000686645508
2012-06-26,21.15999984741211,21.75,20.809999465942383,20.8700008392334
2012-06-27,20.8700008392334,21.149999618530273,20.309999465942383,20.68000030517578
2012-06-28,21.639999389648438,22.59000015258789,21.420000076293945,21.510000228881836
2012-06-29,19.270000457763672,19.850000381469727,18.6299991607666,18.649999618530273
2012-07-02,18.649999618530273,19.579999923706055,18.549999237060547,18.549999237060547
2012-07-03,18.559999465942383,18.559999465942383,17.139999389648438,18.559999465942383
2012-07-05,18.559999465942383,19.219999313354492,18.1200008392334,18.43000030517578
2012-07-06,18.43000030517578,19.670000076293945,18.43000030517578,18.649999618530273
2012-07-09,19.670000076293945,20.059999465942383,19.3799991607666,19.600000381469727
2012-07-10,19.25,21.139999389648438,19.100000381469727,20.670000076293945
2012-07-11,20.950000762939453,21.40999984741211,20.34000015258789,20.34000015258789
2012-07-12,20.34000015258789,22.059999465942383,20.34000015258789,20.969999313354492
2012-07-13,20.290000915527344,20.299999237060547,19.09000015258789,19.09000015258789
2012-07-16,19.790000915527344,20.209999084472656,19.229999542236328,19.540000915527344
2012-07-17,19.540000915527344,20.399999618530273,18.549999237060547,18.90999984741211
2012-07-18,19.25,19.290000915527344,17.90999984741211,18.299999237060547
2012-07-19,17.959999084472656,18.770000457763672,17.40999984741211,17.489999771118164
2012-07-20,17.489999771118164,18.639999389648438,17.489999771118164,18.200000762939453
2012-07-23,21.989999771118164,22.860000610351562,20.510000228881836,20.610000610351562
2012-07-24,20.610000610351562,23.229999542236328,20.489999771118164,22.829999923706055
2012-07-25,22.799999237060547,23.020000457763672,21.100000381469727,21.440000534057617
2012-07-26,21.530000686645508,21.530000686645508,19.829999923706055,20.110000610351562
2012-07-27,19.639999389648438,19.790000915527344,18.5,18.579999923706055
2012-07-30,19.389999389648438,20.010000228881836,19.139999389648438,19.739999771118164
2012-07-31,19.739999771118164,20.549999237060547,19.739999771118164,20.299999237060547
2012-08-01,20.299999237060547,20.6200008392334,19.610000610351562,20.190000534057617
2012-08-02,20.34000015258789,20.450000762939453,18.969999313354492,19.079999923706055
2012-08-03,17.8700008392334,17.950000762939453,17.459999084472656,17.459999084472656
2012-08-06,18.040000915527344,18.06999969482422,17.469999313354492,17.56999969482422
2012-08-07,17.56999969482422,17.6299991607666,17.1299991607666,17.40999984741211
2012-08-08,17.420000076293945,17.850000381469727,16.969999313354492,16.969999313354492
2012-08-09,16.969999313354492,17.020000457763672,16.389999389648438,16.40999984741211
2012-08-10,16.329999923706055,16.739999771118164,15.890000343322754,15.890000343322754
2012-08-13,15.829999923706055,15.829999923706055,14.34000015258789,14.479999542236328
2012-08-14,14.489999771118164,15.539999961853027,14.479999542236328,15.399999618530273
2012-08-15,15.640000343322754,15.640000343322754,14.770000457763672,14.770000457763672
2012-08-16,14.770000457763672,15.420000076293945,14.720000267028809,14.8100004196167
2012-08-17,14.829999923706055,14.850000381469727,13.789999961853027,13.789999961853027
2012-08-20,15.020000457763672,15.210000038146973,14.619999885559082,14.619999885559082
2012-08-21,14.75,15.579999923706055,14.5600004196167,15.359999656677246
2012-08-22,15.819999694824219,15.920000076293945,15.220000267028809,15.579999923706055
2012-08-23,16.030000686645508,16.920000076293945,16.030000686645508,16.68000030517578
2012-08-24,16.920000076293945,17.079999923706055,16.170000076293945,16.600000381469727
2012-08-27,16.600000381469727,17.450000762939453,16.600000381469727,17.190000534057617
2012-08-28,17.18000030517578,17.8700008392334,17.18000030517578,17.639999389648438
2012-08-29,17.75,18.18000030517578,17.6299991607666,18.110000610351562
2012-08-30,18.520000457763672,19.290000915527344,18.510000228881836,19.030000686645508
2012-08-31,18.59000015258789,19.489999771118164,17.969999313354492,18.350000381469727
2012-09-04,19.420000076293945,20.25,18.93000030517578,19.09000015258789
2012-09-05,19.09000015258789,19.579999923706055,18.790000915527344,19.020000457763672
2012-09-06,18.959999084472656,18.959999084472656,17.010000228881836,17.010000228881836
2012-09-07,17.059999465942383,17.18000030517578,15.4399995803833,15.4399995803833
2012-09-10,15.449999809265137,17.809999465942383,15.449999809265137,17.799999237060547
2012-09-11,17.799999237060547,18.030000686645508,17.469999313354492,18.010000228881836
2012-09-12,18.010000228881836,18.010000228881836,17.18000030517578,17.18000030517578
2012-09-13,17.329999923706055,17.690000534057617,15.869999885559082,16.149999618530273
2012-09-14,16.149999618530273,16.149999618530273,15.600000381469727,15.890000343322754
2012-09-17,15.670000076293945,16.200000762939453,15.670000076293945,15.789999961853027
2012-09-18,15.979999542236328,16.06999969482422,15.050000190734863,15.050000190734863
2012-09-19,15.050000190734863,15.3100004196167,14.649999618530273,14.84000015258789
2012-09-20,15.270000457763672,15.289999961853027,14.550000190734863,14.579999923706055
2012-09-21,14.579999923706055,14.579999923706055,14.069999694824219,14.4399995803833
2012-09-24,15.859999656677246,15.890000343322754,15.289999961853027,15.34000015258789
2012-09-25,15.449999809265137,16.81999969482422,15.170000076293945,16.700000762939453
2012-09-26,17.110000610351562,18.360000610351562,17.079999923706055,17.940000534057617
2012-09-27,17.8799991607666,18.0,16.450000762939453,16.450000762939453
2012-09-28,16.450000762939453,17.229999542236328,16.440000534057617,17.010000228881836
2012-10-01,17.389999389648438,18.1299991607666,16.899999618530273,17.75
2012-10-02,17.579999923706055,18.139999389648438,17.270000457763672,17.299999237060547
2012-10-03,17.290000915527344,17.469999313354492,16.65999984741211,16.760000228881836
2012-10-04,16.799999237060547,16.979999542236328,16.520000457763672,16.649999618530273
2012-10-05,16.059999465942383,16.6299991607666,15.869999885559082,16.479999542236328
2012-10-08,17.56999969482422,17.84000015258789,17.31999969482422,17.520000457763672
2012-10-09,17.520000457763672,19.25,17.520000457763672,18.8700008392334
2012-10-10,19.020000457763672,19.09000015258789,18.479999542236328,18.479999542236328
2012-10-11,18.0,18.329999923706055,17.649999618530273,18.329999923706055
2012-10-12,18.100000381469727,18.229999542236328,17.530000686645508,17.84000015258789
2012-10-15,18.309999465942383,18.700000762939453,17.3799991607666,17.549999237060547
2012-10-16,17.549999237060547,17.549999237060547,16.079999923706055,17.170000076293945
2012-10-17,17.15999984741211,18.25,16.540000915527344,16.889999389648438
2012-10-18,16.90999984741211,17.950000762939453,16.719999313354492,17.610000610351562
2012-10-19,17.579999923706055,20.100000381469727,17.56999969482422,20.049999237060547
2012-10-22,20.360000610351562,20.3799991607666,19.110000610351562,19.200000762939453
2012-10-23,19.200000762939453,21.520000457763672,19.200000762939453,20.65999984741211
2012-10-24,20.75,21.670000076293945,20.149999618530273,21.670000076293945
2012-10-25,21.329999923706055,21.329999923706055,20.110000610351562,20.280000686645508
2012-10-26,20.190000534057617,20.559999465942383,19.190000534057617,19.579999923706055
2012-10-31,19.850000381469727,20.739999771118164,19.530000686645508,20.329999923706055
2012-11-01,19.690000534057617,19.75,18.329999923706055,18.440000534057617
2012-11-02,18.030000686645508,19.950000762939453,17.899999618530273,19.950000762939453
2012-11-05,19.6299991607666,19.84000015258789,19.219999313354492,19.540000915527344
2012-11-06,19.31999969482422,19.389999389648438,18.549999237060547,19.100000381469727
2012-11-07,19.100000381469727,20.850000381469727,19.100000381469727,20.420000076293945
2012-11-08,20.209999084472656,20.639999389648438,20.0,20.139999389648438
2012-11-09,20.59000015258789,20.600000381469727,19.350000381469727,19.40999984741211
2012-11-12,19.40999984741211,19.450000762939453,18.450000762939453,18.6200008392334
2012-11-13,19.25,19.389999389648438,18.059999465942383,19.049999237060547
2012-11-14,19.049999237060547,19.700000762939453,17.809999465942383,19.5
2012-11-15,19.5,19.5,18.81999969482422,19.229999542236328
2012-11-16,19.229999542236328,19.639999389648438,16.649999618530273,18.1299991607666
2012-11-19,18.030000686645508,18.030000686645508,15.569999694824219,15.920000076293945
2012-11-20,15.869999885559082,16.8799991607666,15.850000381469727,16.18000030517578
2012-11-21,16.18000030517578,16.75,15.90999984741211,16.209999084472656
2012-11-23,16.209999084472656,16.690000534057617,15.529999732971191,16.209999084472656
2012-11-26,16.209999084472656,17.239999771118164,16.209999084472656,16.809999465942383
2012-11-27,16.760000228881836,17.030000686645508,16.15999984741211,16.899999618530273
2012-11-28,16.899999618530273,18.020000457763672,16.75,16.75
2012-11-29,16.75,16.809999465942383,16.239999771118164,16.399999618530273
2012-11-30,16.329999923706055,17.239999771118164,16.329999923706055,16.959999084472656
2012-12-03,16.760000228881836,17.90999984741211,16.760000228881836,17.690000534057617
2012-12-04,17.68000030517578,18.600000381469727,17.549999237060547,18.3700008392334
2012-12-05,18.360000610351562,19.579999923706055,18.360000610351562,18.6299991607666
2012-12-06,18.639999389648438,19.170000076293945,18.350000381469727,18.489999771118164
2012-12-07,18.15999984741211,18.93000030517578,18.049999237060547,18.350000381469727
2012-12-10,19.239999771118164,19.239999771118164,18.739999771118164,18.739999771118164
2012-12-11,18.75,18.75,17.959999084472656,17.959999084472656
2012-12-12,17.959999084472656,18.719999313354492,17.959999084472656,18.579999923706055
2012-12-13,18.700000762939453,19.670000076293945,18.489999771118164,19.469999313354492
2012-12-14,19.469999313354492,20.540000915527344,19.469999313354492,20.190000534057617
2012-12-17,20.75,20.829999923706055,19.469999313354492,19.469999313354492
2012-12-18,19.469999313354492,19.649999618530273,18.59000015258789,18.6299991607666
2012-12-19,18.809999465942383,19.65999984741211,18.809999465942383,19.270000457763672
2012-12-20,19.270000457763672,19.59000015258789,19.100000381469727,19.31999969482422
2012-12-21,19.31999969482422,21.770000457763672,19.31999969482422,20.15999984741211
2012-12-24,20.149999618530273,20.959999084472656,19.920000076293945,20.149999618530273
2012-12-26,20.8799991607666,21.469999313354492,20.700000762939453,21.18000030517578
2012-12-27,21.18000030517578,22.600000381469727,21.0,21.56999969482422
2012-12-28,22.329999923706055,23.489999771118164,21.989999771118164,23.31999969482422
2012-12-31,23.31999969482422,23.809999465942383,20.559999465942383,20.559999465942383
2013-01-02,18.100000381469727,18.360000610351562,16.950000762939453,16.950000762939453
2013-01-03,16.950000762939453,17.40999984741211,16.770000457763672,17.110000610351562
2013-01-04,17.110000610351562,17.209999084472656,15.510000228881836,15.510000228881836
2013-01-07,17.31999969482422,17.450000762939453,16.549999237060547,16.549999237060547
2013-01-08,16.549999237060547,17.190000534057617,16.43000030517578,16.43000030517578
2013-01-09,16.31999969482422,16.350000381469727,16.079999923706055,16.079999923706055
2013-01-10,16.079999923706055,16.559999465942383,15.789999961853027,16.079999923706055
2013-01-11,15.989999771118164,16.190000534057617,15.770000457763672,15.869999885559082
2013-01-14,15.770000457763672,16.709999084472656,15.770000457763672,16.1299991607666
2013-01-15,16.43000030517578,16.719999313354492,15.979999542236328,16.1200008392334
2013-01-16,15.890000343322754,15.970000267028809,15.119999885559082,15.319999694824219
2013-01-17,15.319999694824219,15.619999885559082,14.729999542236328,15.069999694824219
2013-01-18,15.180000305175781,15.180000305175781,14.069999694824219,14.170000076293945
2013-01-22,14.170000076293945,15.5600004196167,14.029999732971191,14.079999923706055
2013-01-23,14.010000228881836,14.380000114440918,13.989999771118164,14.279999732971191
2013-01-24,14.279999732971191,14.989999771118164,13.880000114440918,14.170000076293945
2013-01-25,14.260000228881836,14.34000015258789,13.779999732971191,14.0600004196167
2013-01-28,14.670000076293945,14.899999618530273,14.350000381469727,14.390000343322754
2013-01-29,14.390000343322754,14.65999984741211,14.010000228881836,14.020000457763672
2013-01-30,13.979999542236328,14.680000305175781,13.430000305175781,14.380000114440918
2013-01-31,14.380000114440918,15.0600004196167,14.180000305175781,14.829999923706055
2013-02-01,14.25,14.420000076293945,13.569999694824219,13.890000343322754
2013-02-04,13.890000343322754,15.729999542236328,13.890000343322754,15.729999542236328
2013-02-05,15.329999923706055,15.380000114440918,13.979999542236328,14.829999923706055
2013-02-06,14.829999923706055,15.020000457763672,14.020000457763672,14.020000457763672
2013-02-07,14.359999656677246,15.569999694824219,14.359999656677246,14.770000457763672
2013-02-08,14.149999618530273,14.479999542236328,13.779999732971191,14.140000343322754
2013-02-11,14.140000343322754,14.40999984741211,14.039999961853027,14.109999656677246
2013-02-12,14.260000228881836,14.359999656677246,13.0600004196167,13.0600004196167
2013-02-13,14.119999885559082,14.40999984741211,13.779999732971191,14.40999984741211
2013-02-14,14.5,14.5,13.539999961853027,13.65999984741211
2013-02-15,13.5600004196167,13.789999961853027,13.039999961853027,13.470000267028809
2013-02-19,13.470000267028809,14.15999984741211,13.350000381469727,13.420000076293945
2013-02-20,13.420000076293945,15.34000015258789,13.40999984741211,15.279999732971191
2013-02-21,14.829999923706055,17.1299991607666,14.829999923706055,16.489999771118164
2013-02-22,16.489999771118164,16.489999771118164,15.600000381469727,15.680000305175781
2013-02-25,15.0600004196167,19.850000381469727,14.960000038146973,19.350000381469727
2013-02-26,18.84000015258789,19.25,17.90999984741211,17.90999984741211
2013-02-27,17.90999984741211,18.079999923706055,15.75,16.34000015258789
2013-02-28,16.3700008392334,16.389999389648438,15.430000305175781,16.299999237060547
2013-03-01,16.799999237060547,17.280000686645508,15.630000114440918,15.640000343322754
2013-03-04,15.640000343322754,16.690000534057617,15.390000343322754,15.390000343322754
2013-03-05,15.289999961853027,15.289999961853027,14.399999618530273,14.600000381469727
2013-03-06,14.619999885559082,14.699999809265137,14.279999732971191,14.600000381469727
2013-03-07,14.539999961853027,14.640000343322754,14.109999656677246,14.229999542236328
2013-03-08,13.84000015258789,14.4399995803833,13.520000457763672,13.720000267028809
2013-03-11,13.720000267028809,13.720000267028809,12.390000343322754,12.40999984741211
2013-03-12,12.399999618530273,13.279999732971191,12.399999618530273,12.84000015258789
2013-03-13,12.970000267028809,13.3100004196167,12.510000228881836,12.649999618530273
2013-03-14,12.649999618530273,12.649999618530273,12.1899995803833,12.329999923706055
2013-03-15,12.229999542236328,12.65999984741211,11.34000015258789,12.029999732971191
2013-03-18,12.029999732971191,14.300000190734863,12.029999732971191,13.6899995803833
2013-03-19,13.470000267028809,15.359999656677246,13.199999809265137,14.449999809265137
2013-03-20,13.529999732971191,13.680000305175781,12.930000305175781,13.420000076293945
2013-03-21,13.420000076293945,14.479999542236328,13.420000076293945,14.239999771118164
2013-03-22,14.180000305175781,14.1899995803833,13.699999809265137,13.880000114440918
2013-03-25,13.850000381469727,14.869999885559082,13.270000457763672,14.350000381469727
2013-03-26,13.760000228881836,13.829999923706055,13.390000343322754,13.420000076293945
2013-03-27,14.300000190734863,14.380000114440918,13.4399995803833,13.569999694824219
2013-03-28,13.449999809265137,13.569999694824219,12.75,13.279999732971191
2013-04-01,13.279999732971191,14.640000343322754,13.279999732971191,14.479999542236328
2013-04-02,14.460000038146973,14.460000038146973,13.5,14.020000457763672
2013-04-03,14.0,15.0600004196167,13.899999618530273,14.9399995803833
2013-04-04,14.9399995803833,15.770000457763672,14.9399995803833,15.260000228881836
2013-04-05,15.25,16.770000457763672,15.25,15.520000457763672
2013-04-08,15.4399995803833,15.960000038146973,14.859999656677246,14.890000343322754
2013-04-09,14.729999542236328,15.069999694824219,14.069999694824219,14.460000038146973
2013-04-10,14.380000114440918,14.380000114440918,13.5,13.710000038146973
2013-04-11,13.680000305175781,14.279999732971191,13.680000305175781,14.09000015258789
2013-04-12,14.109999656677246,14.600000381469727,13.8100004196167,13.880000114440918
2013-04-15,13.880000114440918,17.360000610351562,13.880000114440918,17.15999984741211
2013-04-16,17.200000762939453,17.200000762939453,15.449999809265137,15.720000267028809
2013-04-17,15.59000015258789,18.770000457763672,15.59000015258789,18.200000762939453
2013-04-18,17.860000610351562,19.950000762939453,17.65999984741211,18.75
2013-04-19,18.06999969482422,18.979999542236328,16.770000457763672,17.170000076293945
2013-04-22,17.170000076293945,17.399999618530273,15.880000114440918,16.1299991607666
2013-04-23,16.1299991607666,16.1299991607666,14.550000190734863,15.720000267028809
2013-04-24,15.729999542236328,15.770000457763672,14.989999771118164,15.399999618530273
2013-04-25,15.3100004196167,15.970000267028809,13.020000457763672,15.319999694824219
2013-04-26,15.319999694824219,15.800000190734863,14.510000228881836,15.479999542236328
2013-04-29,15.449999809265137,15.520000457763672,14.770000457763672,15.319999694824219
2013-04-30,15.319999694824219,15.920000076293945,14.979999542236328,15.34000015258789
2013-05-01,15.5,16.079999923706055,14.640000343322754,16.0
2013-05-02,16.0,16.0,14.970000267028809,15.1899995803833
2013-05-03,14.489999771118164,14.9399995803833,14.489999771118164,14.65999984741211
2013-05-06,14.65999984741211,14.970000267028809,14.5600004196167,14.600000381469727
2013-05-07,14.520000457763672,15.260000228881836,14.260000228881836,14.270000457763672
2013-05-08,14.270000457763672,14.739999771118164,14.25,14.489999771118164
2013-05-09,14.6899995803833,14.729999542236328,14.149999618530273,14.489999771118164
2013-05-10,14.460000038146973,15.010000228881836,14.329999923706055,14.34000015258789
2013-05-13,14.449999809265137,14.729999542236328,14.229999542236328,14.59000015258789
2013-05-14,14.720000267028809,14.979999542236328,14.25,14.779999732971191
2013-05-15,14.779999732971191,14.779999732971191,13.850000381469727,13.880000114440918
2013-05-16,13.789999961853027,14.09000015258789,12.819999694824219,13.720000267028809
2013-05-17,13.390000343322754,13.579999923706055,13.050000190734863,13.300000190734863
2013-05-20,14.079999923706055,14.100000381469727,13.489999771118164,13.529999732971191
2013-05-21,13.739999771118164,14.470000267028809,13.699999809265137,14.40999984741211
2013-05-22,14.359999656677246,15.039999961853027,13.260000228881836,14.729999542236328
2013-05-23,15.520000457763672,15.640000343322754,14.399999618530273,14.890000343322754
2013-05-24,14.890000343322754,15.390000343322754,14.470000267028809,14.479999542236328
2013-05-28,14.479999542236328,15.180000305175781,13.489999771118164,14.989999771118164
2013-05-29,14.970000267028809,15.739999771118164,14.970000267028809,15.180000305175781
2013-05-30,15.260000228881836,15.260000228881836,14.680000305175781,14.989999771118164
2013-05-31,14.989999771118164,15.989999771118164,14.15999984741211,15.989999771118164
2013-06-03,15.979999542236328,17.709999084472656,15.65999984741211,16.790000915527344
2013-06-04,16.719999313354492,17.389999389648438,16.209999084472656,16.84000015258789
2013-06-05,16.84000015258789,17.8799991607666,16.84000015258789,17.489999771118164
2013-06-06,17.549999237060547,18.549999237060547,17.360000610351562,17.399999618530273
2013-06-07,17.399999618530273,17.399999618530273,15.649999618530273,15.880000114440918
2013-06-10,16.0,16.110000610351562,15.65999984741211,15.859999656677246
2013-06-11,17.0,17.1200008392334,16.079999923706055,16.8799991607666
2013-06-12,16.540000915527344,18.700000762939453,16.530000686645508,18.700000762939453
2013-06-13,18.700000762939453,18.829999923706055,16.920000076293945,17.1299991607666
2013-06-14,17.1200008392334,17.3700008392334,16.639999389648438,17.280000686645508
2013-06-17,16.190000534057617,17.3799991607666,16.190000534057617,16.950000762939453
2013-06-18,16.950000762939453,16.950000762939453,16.40999984741211,16.469999313354492
2013-06-19,16.43000030517578,16.770000457763672,14.4399995803833,15.119999885559082
2013-06-20,15.529999732971191,20.149999618530273,15.529999732971191,20.059999465942383
2013-06-21,19.920000076293945,20.920000076293945,19.110000610351562,19.440000534057617
2013-06-24,19.40999984741211,21.440000534057617,19.020000457763672,19.829999923706055
2013-06-25,19.829999923706055,19.829999923706055,18.31999969482422,18.799999237060547
2013-06-26,17.709999084472656,17.950000762939453,17.170000076293945,17.3799991607666
2013-06-27,17.3799991607666,17.3799991607666,16.360000610351562,16.719999313354492
2013-06-28,17.139999389648438,17.479999542236328,16.170000076293945,16.469999313354492
2013-07-01,16.469999313354492,16.540000915527344,15.289999961853027,16.15999984741211
2013-07-02,16.149999618530273,16.329999923706055,15.479999542236328,15.9399995803833
2013-07-03,15.920000076293945,16.489999771118164,15.65999984741211,15.800000190734863
2013-07-05,15.520000457763672,16.030000686645508,14.880000114440918,14.90999984741211
2013-07-08,14.970000267028809,15.1899995803833,14.699999809265137,14.770000457763672
2013-07-09,14.770000457763672,14.770000457763672,14.079999923706055,14.260000228881836
2013-07-10,14.270000457763672,14.319999694824219,13.90999984741211,13.949999809265137
2013-07-11,13.949999809265137,13.949999809265137,13.329999923706055,13.869999885559082
2013-07-12,13.800000190734863,14.4399995803833,13.710000038146973,13.960000038146973
2013-07-15,13.9399995803833,14.279999732971191,13.9399995803833,14.029999732971191
2013-07-16,14.020000457763672,14.510000228881836,13.970000267028809,14.25
2013-07-17,14.359999656677246,14.510000228881836,13.470000267028809,13.920000076293945
2013-07-18,14.1899995803833,14.220000267028809,13.029999732971191,13.470000267028809
2013-07-19,14.510000228881836,14.579999923706055,13.619999885559082,13.75
2013-07-22,14.050000190734863,14.180000305175781,13.039999961853027,13.390000343322754
2013-07-23,13.359999656677246,13.699999809265137,12.65999984741211,13.369999885559082
2013-07-24,13.130000114440918,13.640000343322754,13.130000114440918,13.270000457763672
2013-07-25,13.390000343322754,13.710000038146973,13.109999656677246,13.319999694824219
2013-07-26,13.600000381469727,13.65999984741211,12.930000305175781,12.930000305175781
2013-07-29,12.930000305175781,13.930000305175781,12.930000305175781,13.649999618530273
2013-07-30,13.600000381469727,14.1899995803833,13.5,13.869999885559082
2013-07-31,13.869999885559082,14.470000267028809,13.239999771118164,14.25
2013-08-01,14.180000305175781,14.180000305175781,13.699999809265137,13.880000114440918
2013-08-02,13.729999542236328,13.789999961853027,12.710000038146973,12.770000457763672
2013-08-05,12.770000457763672,13.270000457763672,12.770000457763672,12.829999923706055
2013-08-06,12.880000114440918,13.630000114440918,12.880000114440918,13.350000381469727
2013-08-07,13.550000190734863,14.020000457763672,13.4399995803833,13.4399995803833
2013-08-08,13.199999809265137,13.670000076293945,13.0,13.260000228881836
2013-08-09,13.3100004196167,13.779999732971191,13.180000305175781,13.630000114440918
2013-08-12,13.630000114440918,13.630000114440918,12.859999656677246,12.859999656677246
2013-08-13,13.380000114440918,13.720000267028809,12.359999656677246,12.5
2013-08-14,12.789999961853027,13.40999984741211,12.569999694824219,13.300000190734863
2013-08-15,14.460000038146973,15.130000114440918,13.6899995803833,14.899999618530273
2013-08-16,15.100000381469727,15.6899995803833,14.180000305175781,14.729999542236328
2013-08-19,14.729999542236328,15.670000076293945,14.510000228881836,15.529999732971191
2013-08-20,15.600000381469727,15.600000381469727,14.850000381469727,15.149999618530273
2013-08-21,15.149999618530273,16.440000534057617,15.0600004196167,15.989999771118164
2013-08-22,15.579999923706055,16.579999923706055,14.40999984741211,15.4399995803833
2013-08-23,15.4399995803833,15.4399995803833,14.470000267028809,14.619999885559082
2013-08-26,15.140000343322754,15.329999923706055,14.449999809265137,15.319999694824219
2013-08-27,15.319999694824219,17.719999313354492,15.319999694824219,17.6299991607666
2013-08-28,17.610000610351562,17.610000610351562,16.950000762939453,17.420000076293945
2013-08-29,17.399999618530273,17.530000686645508,16.649999618530273,17.399999618530273
2013-08-30,17.3799991607666,18.649999618530273,17.3799991607666,17.530000686645508
2013-09-03,17.520000457763672,18.530000686645508,17.420000076293945,17.889999389648438
2013-09-04,17.760000228881836,17.829999923706055,16.709999084472656,16.770000457763672
2013-09-05,16.770000457763672,16.850000381469727,16.43000030517578,16.510000228881836
2013-09-06,16.469999313354492,17.200000762939453,15.789999961853027,16.31999969482422
2013-09-09,16.520000457763672,16.520000457763672,15.319999694824219,16.15999984741211
2013-09-10,15.739999771118164,15.869999885559082,15.229999542236328,15.239999771118164
2013-09-11,15.609999656677246,15.609999656677246,14.550000190734863,14.729999542236328
2013-09-12,14.729999542236328,15.050000190734863,14.609999656677246,14.75
2013-09-13,14.579999923706055,15.020000457763672,14.579999923706055,14.699999809265137
2013-09-16,14.699999809265137,15.199999809265137,14.569999694824219,15.15999984741211
2013-09-17,15.09000015258789,15.149999618530273,14.569999694824219,14.720000267028809
2013-09-18,14.720000267028809,14.90999984741211,13.119999885559082,14.149999618530273
2013-09-19,14.170000076293945,14.170000076293945,13.369999885559082,13.770000457763672
2013-09-20,13.789999961853027,13.880000114440918,12.970000267028809,12.970000267028809
2013-09-23,14.09000015258789,14.90999984741211,14.079999923706055,14.640000343322754
2013-09-24,14.640000343322754,14.760000228881836,14.15999984741211,14.369999885559082
2013-09-25,14.369999885559082,14.930000305175781,14.369999885559082,14.65999984741211
2013-09-26,14.279999732971191,14.539999961853027,14.100000381469727,14.359999656677246
2013-09-27,14.789999961853027,15.6899995803833,14.390000343322754,15.649999618530273
2013-09-30,16.969999313354492,17.280000686645508,16.549999237060547,16.729999542236328
2013-10-01,16.729999542236328,16.739999771118164,15.770000457763672,15.970000267028809
2013-10-02,16.780000686645508,16.81999969482422,16.3700008392334,16.719999313354492
2013-10-03,16.719999313354492,19.170000076293945,16.690000534057617,18.299999237060547
2013-10-04,18.34000015258789,18.420000076293945,17.190000534057617,17.31999969482422
2013-10-07,18.969999313354492,19.860000610351562,18.6299991607666,19.84000015258789
2013-10-08,20.1299991607666,22.200000762939453,19.940000534057617,22.06999969482422
2013-10-09,22.06999969482422,23.280000686645508,20.969999313354492,21.68000030517578
2013-10-10,20.299999237060547,20.299999237060547,17.989999771118164,18.450000762939453
2013-10-11,18.440000534057617,18.440000534057617,16.850000381469727,17.190000534057617
2013-10-14,17.190000534057617,18.579999923706055,17.149999618530273,17.469999313354492
2013-10-15,17.469999313354492,19.040000915527344,17.440000534057617,18.770000457763672
2013-10-16,18.770000457763672,18.899999618530273,16.09000015258789,16.399999618530273
2013-10-17,16.3700008392334,16.3700008392334,13.3100004196167,14.489999771118164
2013-10-18,14.050000190734863,14.170000076293945,12.739999771118164,13.6899995803833
2013-10-21,14.319999694824219,14.550000190734863,13.609999656677246,14.399999618530273
2013-10-22,14.399999618530273,15.260000228881836,14.119999885559082,14.960000038146973
2013-10-23,14.960000038146973,15.84000015258789,14.960000038146973,15.329999923706055
2013-10-24,15.329999923706055,15.449999809265137,14.220000267028809,14.5
2013-10-25,14.510000228881836,15.100000381469727,13.529999732971191,14.90999984741211
2013-10-28,14.869999885559082,15.449999809265137,14.619999885559082,14.970000267028809
2013-10-29,14.039999961853027,15.079999923706055,14.039999961853027,14.829999923706055
2013-10-30,14.829999923706055,14.829999923706055,13.850000381469727,14.720000267028809
2013-10-31,14.720000267028809,15.199999809265137,14.180000305175781,14.880000114440918
2013-11-01,14.880000114440918,15.210000038146973,14.270000457763672,14.760000228881836
2013-11-04,15.0600004196167,15.220000267028809,14.15999984741211,14.369999885559082
2013-11-05,14.680000305175781,14.920000076293945,14.180000305175781,14.399999618530273
2013-11-06,14.399999618530273,14.829999923706055,13.25,14.760000228881836
2013-11-07,14.760000228881836,15.890000343322754,13.859999656677246,15.670000076293945
2013-11-08,15.670000076293945,15.670000076293945,14.289999961853027,14.670000076293945
2013-11-11,14.619999885559082,14.720000267028809,14.15999984741211,14.369999885559082
2013-11-12,14.529999732971191,14.670000076293945,13.899999618530273,14.140000343322754
2013-11-13,14.829999923706055,14.880000114440918,12.9399995803833,13.65999984741211
2013-11-14,13.65999984741211,13.899999618530273,12.989999771118164,13.260000228881836
2013-11-15,13.260000228881836,13.600000381469727,12.170000076293945,13.130000114440918
2013-11-18,13.130000114440918,14.489999771118164,13.130000114440918,14.369999885559082
2013-11-19,14.15999984741211,14.720000267028809,13.899999618530273,14.520000457763672
2013-11-20,14.520000457763672,14.630000114440918,12.869999885559082,14.4399995803833
2013-11-21,14.220000267028809,14.229999542236328,12.520000457763672,14.010000228881836
2013-11-22,14.020000457763672,14.020000457763672,12.9399995803833,13.649999618530273
2013-11-25,13.84000015258789,13.949999809265137,13.4399995803833,13.739999771118164
2013-11-26,13.739999771118164,13.779999732971191,13.100000381469727,13.600000381469727
2013-11-27,13.34000015258789,13.539999961853027,13.010000228881836,13.359999656677246
2013-11-29,13.359999656677246,13.9399995803833,13.300000190734863,13.930000305175781
2013-12-02,13.930000305175781,15.029999732971191,13.930000305175781,14.8100004196167
2013-12-03,14.8100004196167,15.220000267028809,14.579999923706055,14.930000305175781
2013-12-04,15.239999771118164,15.630000114440918,14.850000381469727,15.079999923706055
2013-12-05,15.420000076293945,16.329999923706055,15.350000381469727,16.110000610351562
2013-12-06,16.110000610351562,16.110000610351562,14.6899995803833,14.850000381469727
2013-12-09,15.260000228881836,15.260000228881836,14.489999771118164,14.800000190734863
2013-12-10,14.800000190734863,15.140000343322754,14.529999732971191,14.800000190734863
2013-12-11,14.8100004196167,15.930000305175781,14.8100004196167,15.880000114440918
2013-12-12,15.880000114440918,16.309999465942383,15.680000305175781,16.0
2013-12-13,15.829999923706055,16.31999969482422,15.649999618530273,15.979999542236328
2013-12-16,15.979999542236328,17.18000030517578,15.979999542236328,16.540000915527344
2013-12-17,16.649999618530273,17.290000915527344,16.18000030517578,16.469999313354492
2013-12-18,16.479999542236328,16.829999923706055,14.600000381469727,15.010000228881836
2013-12-19,15.010000228881836,15.239999771118164,14.319999694824219,14.920000076293945
2013-12-20,14.8100004196167,14.859999656677246,13.8100004196167,14.479999542236328
2013-12-23,14.479999542236328,14.550000190734863,13.829999923706055,14.109999656677246
2013-12-24,13.770000457763672,14.239999771118164,13.470000267028809,13.90999984741211
2013-12-26,13.90999984741211,14.069999694824219,13.289999961853027,13.930000305175781
2013-12-27,13.9399995803833,14.569999694824219,13.4399995803833,14.510000228881836
2013-12-30,14.510000228881836,15.170000076293945,13.949999809265137,15.15999984741211
2013-12-31,15.15999984741211,15.529999732971191,14.520000457763672,15.4399995803833
2014-01-02,16.010000228881836,16.309999465942383,15.630000114440918,15.880000114440918
2014-01-03,15.970000267028809,16.15999984741211,15.630000114440918,15.850000381469727
2014-01-06,15.850000381469727,16.489999771118164,15.449999809265137,15.819999694824219
2014-01-07,14.90999984741211,15.5,14.5600004196167,15.100000381469727
2014-01-08,15.260000228881836,15.319999694824219,14.399999618530273,14.880000114440918
2014-01-09,14.8100004196167,15.270000457763672,14.670000076293945,15.100000381469727
2014-01-10,15.100000381469727,15.100000381469727,14.09000015258789,14.09000015258789
2014-01-13,13.350000381469727,15.220000267028809,13.350000381469727,15.050000190734863
2014-01-14,14.779999732971191,14.779999732971191,13.3100004196167,13.520000457763672
2014-01-15,13.520000457763672,13.729999542236328,13.239999771118164,13.630000114440918
2014-01-16,13.84000015258789,14.25,13.470000267028809,14.109999656677246
2014-01-17,14.109999656677246,14.579999923706055,12.739999771118164,14.199999809265137
2014-01-21,14.180000305175781,15.0600004196167,14.180000305175781,14.34000015258789
2014-01-22,14.34000015258789,14.520000457763672,14.220000267028809,14.430000305175781
2014-01-23,14.4399995803833,15.9399995803833,14.170000076293945,15.329999923706055
2014-01-24,15.329999923706055,18.84000015258789,15.329999923706055,18.84000015258789
2014-01-27,18.489999771118164,20.450000762939453,17.700000762939453,18.8700008392334
2014-01-28,18.479999542236328,19.170000076293945,17.290000915527344,17.649999618530273
2014-01-29,18.690000534057617,19.309999465942383,17.09000015258789,18.690000534057617
2014-01-30,17.799999237060547,18.670000076293945,16.760000228881836,18.649999618530273
2014-01-31,18.1299991607666,19.239999771118164,17.75,18.969999313354492
2014-02-03,19.09000015258789,21.889999389648438,18.290000915527344,21.440000534057617
2014-02-04,21.459999084472656,21.459999084472656,19.709999084472656,20.100000381469727
2014-02-05,20.530000686645508,22.18000030517578,19.469999313354492,21.149999618530273
2014-02-06,21.149999618530273,21.149999618530273,18.6299991607666,19.479999542236328
2014-02-07,18.190000534057617,18.399999618530273,16.559999465942383,16.709999084472656
2014-02-10,16.709999084472656,17.360000610351562,16.290000915527344,16.530000686645508
2014-02-11,16.540000915527344,16.6299991607666,15.359999656677246,15.84000015258789
2014-02-12,15.84000015258789,16.06999969482422,15.550000190734863,15.930000305175781
2014-02-13,16.479999542236328,16.489999771118164,15.359999656677246,15.489999771118164
2014-02-14,15.489999771118164,15.819999694824219,14.369999885559082,14.800000190734863
2014-02-18,14.289999961853027,15.619999885559082,14.289999961853027,15.229999542236328
2014-02-19,15.640000343322754,16.559999465942383,14.819999694824219,16.31999969482422
2014-02-20,16.3799991607666,16.760000228881836,15.260000228881836,15.90999984741211
2014-02-21,15.600000381469727,16.06999969482422,14.300000190734863,15.8100004196167
2014-02-24,16.09000015258789,16.100000381469727,15.010000228881836,15.239999771118164
2014-02-25,15.239999771118164,15.6899995803833,14.239999771118164,15.149999618530273
2014-02-26,15.149999618530273,15.539999961853027,14.140000343322754,15.289999961853027
2014-02-27,15.3100004196167,15.579999923706055,14.640000343322754,14.789999961853027
2014-02-28,14.789999961853027,15.579999923706055,13.600000381469727,15.010000228881836
2014-03-03,16.25,17.5,15.600000381469727,16.850000381469727
2014-03-04,16.0,16.0,15.15999984741211,15.40999984741211
2014-03-05,15.40999984741211,15.449999809265137,14.869999885559082,15.220000267028809
2014-03-06,15.220000267028809,15.220000267028809,14.470000267028809,14.9399995803833
2014-03-07,14.529999732971191,15.65999984741211,14.510000228881836,15.229999542236328
2014-03-10,15.779999732971191,16.110000610351562,15.369999885559082,15.520000457763672
2014-03-11,15.520000457763672,15.970000267028809,14.760000228881836,15.779999732971191
2014-03-12,15.760000228881836,16.639999389648438,15.369999885559082,15.539999961853027
2014-03-13,15.539999961853027,17.75,14.729999542236328,17.469999313354492
2014-03-14,18.010000228881836,19.43000030517578,16.510000228881836,18.889999389648438
2014-03-17,18.889999389648438,18.889999389648438,16.559999465942383,17.469999313354492
2014-03-18,19.600000381469727,19.600000381469727,15.729999542236328,15.930000305175781
2014-03-19,15.930000305175781,16.440000534057617,14.5,16.229999542236328
2014-03-20,16.790000915527344,17.059999465942383,16.149999618530273,16.18000030517578
2014-03-21,16.18000030517578,17.3700008392334,15.699999809265137,17.350000381469727
2014-03-24,17.360000610351562,19.06999969482422,17.270000457763672,18.1200008392334
2014-03-25,18.1200008392334,18.1200008392334,15.970000267028809,17.1200008392334
2014-03-26,16.809999465942383,18.170000076293945,16.440000534057617,18.139999389648438
2014-03-27,18.110000610351562,18.850000381469727,17.610000610351562,18.489999771118164
2014-03-28,18.489999771118164,18.489999771118164,16.989999771118164,18.09000015258789
2014-03-31,18.010000228881836,18.200000762939453,17.649999618530273,18.1200008392334
2014-04-01,18.1200008392334,18.1200008392334,16.229999542236328,16.739999771118164
2014-04-02,16.510000228881836,16.790000915527344,16.270000457763672,16.3700008392334
2014-04-03,16.3700008392334,17.139999389648438,16.18000030517578,16.959999084472656
2014-04-04,16.329999923706055,19.389999389648438,16.329999923706055,18.790000915527344
2014-04-07,18.790000915527344,20.639999389648438,18.790000915527344,20.049999237060547
2014-04-08,20.049999237060547,20.59000015258789,18.959999084472656,19.110000610351562
2014-04-09,18.700000762939453,18.809999465942383,17.270000457763672,17.719999313354492
2014-04-10,17.719999313354492,20.799999237060547,17.440000534057617,20.59000015258789
2014-04-11,21.6200008392334,23.18000030517578,19.809999465942383,22.649999618530273
2014-04-14,22.649999618530273,22.770000457763672,21.670000076293945,21.770000457763672
2014-04-15,21.700000762939453,23.540000915527344,20.559999465942383,21.90999984741211
2014-04-16,23.18000030517578,23.209999084472656,19.68000030517578,20.40999984741211
2014-04-17,20.25,20.530000686645508,19.1200008392334,19.389999389648438
2014-04-21,19.790000915527344,19.989999771118164,18.489999771118164,18.530000686645508
2014-04-22,18.530000686645508,18.530000686645508,17.1299991607666,17.18000030517578
2014-04-23,17.139999389648438,17.790000915527344,16.84000015258789,16.899999618530273
2014-04-24,16.520000457763672,17.969999313354492,14.819999694824219,17.170000076293945
2014-04-25,17.170000076293945,18.950000762939453,17.170000076293945,18.59000015258789
2014-04-28,18.850000381469727,20.270000457763672,18.1299991607666,18.739999771118164
2014-04-29,18.610000610351562,18.920000076293945,17.459999084472656,18.329999923706055
2014-04-30,18.329999923706055,18.959999084472656,17.290000915527344,17.68000030517578
2014-05-01,17.68000030517578,17.770000457763672,16.610000610351562,17.149999618530273
2014-05-02,16.780000686645508,17.6200008392334,16.770000457763672,17.030000686645508
2014-05-05,17.959999084472656,18.15999984741211,16.34000015258789,16.780000686645508
2014-05-06,16.780000686645508,17.309999465942383,16.639999389648438,17.09000015258789
2014-05-07,17.079999923706055,18.350000381469727,17.049999237060547,17.399999618530273
2014-05-08,17.399999618530273,18.079999923706055,16.239999771118164,17.420000076293945
2014-05-09,17.469999313354492,17.93000030517578,16.350000381469727,16.520000457763672
2014-05-12,16.15999984741211,16.3700008392334,14.970000267028809,15.489999771118164
2014-05-13,15.489999771118164,15.760000228881836,14.8100004196167,15.369999885559082
2014-05-14,15.569999694824219,15.649999618530273,14.899999618530273,15.15999984741211
2014-05-15,15.15999984741211,16.729999542236328,15.020000457763672,16.059999465942383
2014-05-16,16.059999465942383,16.350000381469727,14.75,15.25
2014-05-19,15.25,16.079999923706055,14.829999923706055,15.100000381469727
2014-05-20,15.109999656677246,15.770000457763672,14.9399995803833,15.34000015258789
2014-05-21,15.430000305175781,15.430000305175781,13.9399995803833,14.5
2014-05-22,14.5,14.600000381469727,13.859999656677246,14.199999809265137
2014-05-23,14.210000038146973,14.3100004196167,13.350000381469727,13.449999809265137
2014-05-27,14.039999961853027,14.149999618530273,13.699999809265137,13.720000267028809
2014-05-28,13.789999961853027,14.180000305175781,13.770000457763672,14.039999961853027
2014-05-29,14.020000457763672,14.170000076293945,13.739999771118164,13.84000015258789
2014-05-30,13.920000076293945,14.140000343322754,13.630000114440918,13.770000457763672
2014-06-02,14.239999771118164,14.720000267028809,14.210000038146973,14.329999923706055
2014-06-03,14.680000305175781,14.720000267028809,13.880000114440918,14.350000381469727
2014-06-04,14.649999618530273,14.6899995803833,13.930000305175781,14.210000038146973
2014-06-05,14.279999732971191,14.399999618530273,13.539999961853027,13.65999984741211
2014-06-06,13.65999984741211,13.65999984741211,13.210000038146973,13.210000038146973
2014-06-09,13.770000457763672,14.010000228881836,13.4399995803833,13.789999961853027
2014-06-10,13.930000305175781,14.6899995803833,13.5600004196167,13.569999694824219
2014-06-11,13.859999656677246,13.880000114440918,12.6899995803833,13.369999885559082
2014-06-12,13.369999885559082,14.220000267028809,13.369999885559082,13.850000381469727
2014-06-13,13.859999656677246,14.170000076293945,13.390000343322754,13.609999656677246
2014-06-16,13.989999771118164,14.130000114440918,13.6899995803833,13.699999809265137
2014-06-17,13.890000343322754,13.979999542236328,13.359999656677246,13.510000228881836
2014-06-18,13.399999618530273,14.260000228881836,12.5600004196167,12.649999618530273
2014-06-19,12.649999618530273,12.869999885559082,11.739999771118164,12.510000228881836
2014-06-20,12.510000228881836,12.680000305175781,11.420000076293945,12.270000457763672
2014-06-23,12.930000305175781,13.050000190734863,11.880000114440918,12.300000190734863
2014-06-24,12.359999656677246,12.710000038146973,11.949999809265137,12.609999656677246
2014-06-25,12.609999656677246,12.899999618530273,12.359999656677246,12.539999961853027
2014-06-26,12.539999961853027,13.25,12.1899995803833,12.199999809265137
2014-06-27,12.199999809265137,12.420000076293945,11.949999809265137,12.029999732971191
2014-06-30,12.029999732971191,12.600000381469727,12.029999732971191,12.210000038146973
2014-07-01,12.210000038146973,12.210000038146973,11.829999923706055,11.979999542236328
2014-07-02,12.069999694824219,12.069999694824219,11.550000190734863,11.59000015258789
2014-07-03,11.600000381469727,11.600000381469727,11.350000381469727,11.359999656677246
2014-07-07,12.079999923706055,12.890000343322754,12.039999961853027,12.4399995803833
2014-07-08,12.4399995803833,14.470000267028809,12.4399995803833,13.739999771118164
2014-07-09,13.739999771118164,13.960000038146973,13.170000076293945,13.220000267028809
2014-07-10,13.220000267028809,14.859999656677246,13.220000267028809,14.130000114440918
2014-07-11,13.869999885559082,14.25,13.619999885559082,13.65999984741211
2014-07-14,13.880000114440918,13.920000076293945,13.210000038146973,13.59000015258789
2014-07-15,13.59000015258789,14.960000038146973,13.279999732971191,14.329999923706055
2014-07-16,13.430000305175781,13.699999809265137,13.100000381469727,13.380000114440918
2014-07-17,13.949999809265137,16.25,13.40999984741211,15.850000381469727
2014-07-18,15.850000381469727,15.850000381469727,13.380000114440918,13.399999618530273
2014-07-21,13.399999618530273,14.729999542236328,13.399999618530273,14.170000076293945
2014-07-22,13.630000114440918,13.739999771118164,12.880000114440918,13.260000228881836
2014-07-23,13.300000190734863,13.300000190734863,12.65999984741211,12.90999984741211
2014-07-24,12.9399995803833,13.34000015258789,12.25,13.079999923706055
2014-07-25,13.079999923706055,13.779999732971191,12.960000038146973,13.359999656677246
2014-07-28,13.399999618530273,14.550000190734863,13.399999618530273,13.84000015258789
2014-07-29,13.90999984741211,14.329999923706055,12.880000114440918,14.199999809265137
2014-07-30,14.199999809265137,14.539999961853027,13.460000038146973,13.930000305175781
2014-07-31,14.800000190734863,17.229999542236328,14.699999809265137,16.81999969482422
2014-08-01,16.81999969482422,18.020000457763672,16.030000686645508,17.260000228881836
2014-08-04,17.6200008392334,17.649999618530273,15.760000228881836,16.079999923706055
2014-08-05,16.40999984741211,17.600000381469727,16.18000030517578,17.020000457763672
2014-08-06,17.040000915527344,18.06999969482422,16.649999618530273,17.06999969482422
2014-08-07,17.06999969482422,17.940000534057617,16.469999313354492,17.3700008392334
2014-08-08,17.420000076293945,17.93000030517578,16.690000534057617,17.020000457763672
2014-08-11,16.3799991607666,16.3799991607666,15.229999542236328,15.270000457763672
2014-08-12,15.59000015258789,15.770000457763672,15.029999732971191,15.130000114440918
2014-08-13,15.130000114440918,15.130000114440918,13.779999732971191,13.8100004196167
2014-08-14,13.59000015258789,13.779999732971191,12.789999961853027,12.949999809265137
2014-08-15,12.930000305175781,14.210000038146973,12.010000228881836,13.369999885559082
2014-08-18,13.369999885559082,13.369999885559082,12.710000038146973,12.850000381469727
2014-08-19,12.84000015258789,12.859999656677246,12.470000267028809,12.65999984741211
2014-08-20,12.859999656677246,12.9399995803833,11.930000305175781,12.65999984741211
2014-08-21,12.779999732971191,12.850000381469727,12.460000038146973,12.5
2014-08-22,12.5600004196167,13.319999694824219,12.210000038146973,12.229999542236328
2014-08-25,12.489999771118164,12.640000343322754,12.350000381469727,12.449999809265137
2014-08-26,12.34000015258789,12.640000343322754,12.289999961853027,12.34000015258789
2014-08-27,12.449999809265137,12.609999656677246,12.239999771118164,12.34000015258789
2014-08-28,12.34000015258789,12.960000038146973,12.34000015258789,12.649999618530273
2014-08-29,12.630000114440918,12.960000038146973,12.390000343322754,12.710000038146973
2014-09-02,12.710000038146973,13.630000114440918,12.710000038146973,12.979999542236328
2014-09-03,13.010000228881836,13.779999732971191,12.819999694824219,13.5600004196167
2014-09-04,13.550000190734863,14.15999984741211,13.149999618530273,13.779999732971191
2014-09-05,13.739999771118164,14.3100004196167,13.140000343322754,13.239999771118164
2014-09-08,13.239999771118164,14.15999984741211,13.239999771118164,13.65999984741211
2014-09-09,13.680000305175781,14.710000038146973,13.380000114440918,14.529999732971191
2014-09-10,14.760000228881836,15.300000190734863,13.989999771118164,14.119999885559082
2014-09-11,14.579999923706055,14.829999923706055,14.010000228881836,14.029999732971191
2014-09-12,14.15999984741211,15.079999923706055,14.15999984741211,14.670000076293945
2014-09-15,14.920000076293945,16.6200008392334,14.920000076293945,16.190000534057617
2014-09-16,16.989999771118164,17.049999237060547,14.819999694824219,14.920000076293945
2014-09-17,15.0,15.5600004196167,13.579999923706055,13.850000381469727
2014-09-18,13.850000381469727,13.890000343322754,12.789999961853027,13.510000228881836
2014-09-19,13.510000228881836,14.069999694824219,13.069999694824219,13.800000190734863
2014-09-22,14.59000015258789,15.920000076293945,14.59000015258789,15.510000228881836
2014-09-23,15.510000228881836,16.520000457763672,15.510000228881836,16.459999084472656
2014-09-24,16.469999313354492,16.65999984741211,15.020000457763672,15.25
2014-09-25,15.619999885559082,18.719999313354492,15.579999923706055,18.1200008392334
2014-09-26,18.1200008392334,18.219999313354492,16.670000076293945,16.850000381469727
2014-09-29,16.860000610351562,19.100000381469727,16.860000610351562,18.030000686645508
2014-09-30,17.739999771118164,18.65999984741211,17.510000228881836,18.260000228881836
2014-10-01,18.260000228881836,20.110000610351562,18.260000228881836,19.209999084472656
2014-10-02,19.389999389648438,20.59000015258789,18.450000762939453,18.6299991607666
2014-10-03,17.969999313354492,18.200000762939453,17.139999389648438,17.540000915527344
2014-10-06,17.760000228881836,18.489999771118164,17.459999084472656,17.979999542236328
2014-10-07,17.979999542236328,19.399999618530273,17.979999542236328,19.170000076293945
2014-10-08,19.610000610351562,19.81999969482422,17.100000381469727,17.260000228881836
2014-10-09,17.260000228881836,20.190000534057617,17.260000228881836,19.770000457763672
2014-10-10,19.809999465942383,22.709999084472656,19.809999465942383,22.6200008392334
2014-10-13,23.520000457763672,25.760000228881836,22.950000762939453,25.719999313354492
2014-10-14,25.719999313354492,25.719999313354492,23.540000915527344,25.0
2014-10-15,27.709999084472656,31.170000076293945,25.68000030517578,27.049999237060547
2014-10-16,27.049999237060547,30.579999923706055,25.700000762939453,26.729999542236328
2014-10-17,24.100000381469727,24.190000534057617,22.040000915527344,23.1299991607666
2014-10-20,23.690000534057617,23.770000457763672,20.31999969482422,20.31999969482422
2014-10-21,19.170000076293945,19.8799991607666,18.219999313354492,18.219999313354492
2014-10-22,18.190000534057617,20.31999969482422,18.030000686645508,19.959999084472656
2014-10-23,18.770000457763672,19.239999771118164,17.959999084472656,18.780000686645508
2014-10-24,18.780000686645508,19.420000076293945,17.899999618530273,17.93000030517578
2014-10-27,18.93000030517578,19.59000015258789,17.899999618530273,17.940000534057617
2014-10-28,17.940000534057617,17.940000534057617,16.489999771118164,16.600000381469727
2014-10-29,16.579999923706055,17.65999984741211,16.479999542236328,16.780000686645508
2014-10-30,17.040000915527344,17.34000015258789,15.6899995803833,16.610000610351562
2014-10-31,16.610000610351562,16.610000610351562,15.3100004196167,15.8100004196167
2014-11-03,15.739999771118164,16.530000686645508,15.649999618530273,16.420000076293945
2014-11-04,16.709999084472656,17.18000030517578,15.989999771118164,16.579999923706055
2014-11-05,16.579999923706055,16.75,16.040000915527344,16.34000015258789
2014-11-06,16.3799991607666,16.639999389648438,15.680000305175781,15.680000305175781
2014-11-07,15.0600004196167,16.030000686645508,14.6899995803833,14.710000038146973
2014-11-10,14.710000038146973,15.119999885559082,14.25,14.300000190734863
2014-11-11,14.3100004196167,14.729999542236328,14.170000076293945,14.319999694824219
2014-11-12,14.319999694824219,14.989999771118164,14.319999694824219,14.329999923706055
2014-11-13,14.329999923706055,14.760000228881836,14.0600004196167,14.550000190734863
2014-11-14,14.550000190734863,15.4399995803833,13.970000267028809,15.15999984741211
2014-11-17,15.15999984741211,15.869999885559082,15.15999984741211,15.529999732971191
2014-11-18,15.529999732971191,15.979999542236328,14.300000190734863,15.380000114440918
2014-11-19,15.829999923706055,16.25,14.970000267028809,15.710000038146973
2014-11-20,15.710000038146973,16.270000457763672,14.720000267028809,14.869999885559082
2014-11-21,14.869999885559082,15.079999923706055,13.479999542236328,14.710000038146973
2014-11-24,14.720000267028809,15.079999923706055,14.130000114440918,14.25
2014-11-25,14.300000190734863,14.40999984741211,14.029999732971191,14.119999885559082
2014-11-26,14.149999618530273,14.199999809265137,13.619999885559082,13.640000343322754
2014-11-28,13.640000343322754,15.010000228881836,13.640000343322754,14.739999771118164
2014-12-01,14.739999771118164,17.09000015258789,14.739999771118164,16.56999969482422
2014-12-02,16.59000015258789,16.799999237060547,15.649999618530273,15.65999984741211
2014-12-03,15.630000114440918,16.100000381469727,15.079999923706055,15.079999923706055
2014-12-04,15.3100004196167,15.529999732971191,14.930000305175781,14.979999542236328
2014-12-05,14.979999542236328,15.149999618530273,14.300000190734863,14.369999885559082
2014-12-08,14.420000076293945,16.399999618530273,14.420000076293945,16.030000686645508
2014-12-09,17.809999465942383,18.459999084472656,15.859999656677246,16.43000030517578
2014-12-10,16.43000030517578,20.09000015258789,16.43000030517578,19.469999313354492
2014-12-11,18.889999389648438,20.56999969482422,17.479999542236328,20.399999618530273
2014-12-12,21.270000457763672,22.90999984741211,19.75,22.510000228881836
2014-12-15,21.5,23.5,20.799999237060547,22.079999923706055
2014-12-16,23.700000762939453,24.079999923706055,20.610000610351562,24.059999465942383
2014-12-17,23.75,23.940000534057617,20.34000015258789,20.860000610351562
2014-12-18,20.829999923706055,20.829999923706055,17.15999984741211,17.229999542236328
2014-12-19,18.399999618530273,18.59000015258789,16.049999237060547,16.889999389648438
2014-12-22,17.299999237060547,17.670000076293945,16.40999984741211,16.559999465942383
2014-12-23,16.559999465942383,17.270000457763672,16.459999084472656,16.809999465942383
2014-12-24,16.760000228881836,16.760000228881836,15.720000267028809,16.469999313354492
2014-12-26,16.469999313354492,16.920000076293945,16.1200008392334,16.270000457763672
2014-12-29,16.34000015258789,17.290000915527344,16.34000015258789,16.799999237060547
2014-12-30,17.510000228881836,17.510000228881836,16.969999313354492,16.969999313354492
2014-12-31,16.969999313354492,20.100000381469727,16.780000686645508,19.639999389648438
2015-01-02,19.729999542236328,20.700000762939453,18.399999618530273,19.200000762939453
2015-01-05,20.25,21.6299991607666,20.06999969482422,20.719999313354492
2015-01-06,20.790000915527344,23.09000015258789,20.600000381469727,21.850000381469727
2015-01-07,21.399999618530273,21.43000030517578,19.850000381469727,20.15999984741211
2015-01-08,20.15999984741211,20.15999984741211,17.81999969482422,18.149999618530273
2015-01-09,18.149999618530273,19.479999542236328,17.59000015258789,18.399999618530273
2015-01-12,18.290000915527344,20.780000686645508,18.290000915527344,19.8700008392334
2015-01-13,19.190000534057617,21.670000076293945,18.290000915527344,20.709999084472656
2015-01-14,22.780000686645508,23.020000457763672,21.34000015258789,21.40999984741211
2015-01-15,21.719999313354492,23.700000762939453,21.43000030517578,22.719999313354492
2015-01-16,22.719999313354492,23.170000076293945,21.219999313354492,21.219999313354492
2015-01-20,21.43000030517578,22.1200008392334,20.540000915527344,20.690000534057617
2015-01-21,20.690000534057617,21.399999618530273,19.940000534057617,20.020000457763672
2015-01-22,19.40999984741211,20.329999923706055,16.799999237060547,17.079999923706055
2015-01-23,17.3700008392334,17.90999984741211,16.389999389648438,17.059999465942383
2015-01-26,17.059999465942383,18.209999084472656,16.899999618530273,16.969999313354492
2015-01-27,18.5,20.110000610351562,18.5,19.219999313354492
2015-01-28,19.209999084472656,21.389999389648438,17.93000030517578,21.389999389648438
2015-01-29,21.139999389648438,22.260000228881836,19.200000762939453,19.479999542236328
2015-01-30,19.479999542236328,22.0,19.170000076293945,21.59000015258789
2015-02-02,21.40999984741211,23.399999618530273,20.790000915527344,20.790000915527344
2015-02-03,20.790000915527344,20.790000915527344,18.709999084472656,18.809999465942383
2015-02-04,18.809999465942383,19.510000228881836,18.15999984741211,19.15999984741211
2015-02-05,19.239999771118164,19.239999771118164,18.010000228881836,18.18000030517578
2015-02-06,17.950000762939453,19.350000381469727,17.3700008392334,18.40999984741211
2015-02-09,18.40999984741211,19.729999542236328,18.40999984741211,19.1200008392334
2015-02-10,18.6200008392334,18.6200008392334,17.139999389648438,17.459999084472656
2015-02-11,17.459999084472656,17.950000762939453,16.950000762939453,17.389999389648438
2015-02-12,17.399999618530273,17.399999618530273,16.079999923706055,16.100000381469727
2015-02-13,16.09000015258789,16.09000015258789,14.890000343322754,15.149999618530273
2015-02-17,16.219999313354492,16.239999771118164,15.850000381469727,15.960000038146973
2015-02-18,16.299999237060547,16.43000030517578,15.800000190734863,15.899999618530273
2015-02-19,15.899999618530273,16.020000457763672,15.420000076293945,15.4399995803833
2015-02-20,15.430000305175781,15.9399995803833,14.430000305175781,14.670000076293945
2015-02-23,14.670000076293945,15.5,14.670000076293945,14.869999885559082
2015-02-24,14.869999885559082,15.3100004196167,14.220000267028809,14.260000228881836
2015-02-25,14.260000228881836,14.479999542236328,13.75,14.380000114440918
2015-02-26,14.210000038146973,14.630000114440918,14.109999656677246,14.329999923706055
2015-02-27,14.270000457763672,14.859999656677246,14.270000457763672,14.619999885559082
2015-03-02,14.609999656677246,15.050000190734863,14.039999961853027,14.270000457763672
2015-03-03,14.569999694824219,15.539999961853027,14.550000190734863,14.979999542236328
2015-03-04,15.569999694824219,15.649999618530273,15.430000305175781,15.59000015258789
2015-03-05,15.380000114440918,15.649999618530273,15.039999961853027,15.220000267028809
2015-03-06,15.430000305175781,17.06999969482422,15.149999618530273,16.75
2015-03-09,16.75,17.309999465942383,16.3799991607666,16.440000534057617
2015-03-10,17.360000610351562,18.139999389648438,17.360000610351562,18.020000457763672
2015-03-11,18.020000457763672,18.540000915527344,17.989999771118164,18.420000076293945
2015-03-12,18.56999969482422,18.56999969482422,17.049999237060547,17.149999618530273
2015-03-13,17.149999618530273,18.020000457763672,16.43000030517578,17.549999237060547
2015-03-16,17.290000915527344,17.40999984741211,16.34000015258789,16.90999984741211
2015-03-17,16.90999984741211,17.18000030517578,16.469999313354492,16.600000381469727
2015-03-18,16.600000381469727,17.3700008392334,14.449999809265137,14.989999771118164
2015-03-19,14.989999771118164,15.449999809265137,14.680000305175781,14.710000038146973
2015-03-20,14.720000267028809,14.720000267028809,11.149999618530273,13.819999694824219
2015-03-23,14.5600004196167,14.6899995803833,14.170000076293945,14.4399995803833
2015-03-24,14.4399995803833,14.649999618530273,13.729999542236328,14.619999885559082
2015-03-25,14.619999885559082,17.389999389648438,14.619999885559082,17.329999923706055
2015-03-26,18.440000534057617,19.06999969482422,16.8799991607666,17.5
2015-03-27,17.5,17.649999618530273,16.719999313354492,16.889999389648438
2015-03-30,16.889999389648438,16.889999389648438,15.640000343322754,16.059999465942383
2015-03-31,16.059999465942383,17.290000915527344,16.059999465942383,17.290000915527344
2015-04-01,17.360000610351562,18.639999389648438,17.219999313354492,17.350000381469727
2015-04-02,17.350000381469727,17.760000228881836,16.489999771118164,16.719999313354492
2015-04-06,16.719999313354492,18.190000534057617,16.3799991607666,16.579999923706055
2015-04-07,16.469999313354492,16.56999969482422,15.970000267028809,16.389999389648438
2015-04-08,16.389999389648438,16.389999389648438,15.449999809265137,15.449999809265137
2015-04-09,15.539999961853027,15.9399995803833,14.699999809265137,14.699999809265137
2015-04-10,14.699999809265137,14.84000015258789,14.079999923706055,14.100000381469727
2015-04-13,14.09000015258789,15.510000228881836,13.899999618530273,15.449999809265137
2015-04-14,15.529999732971191,16.479999542236328,15.329999923706055,15.460000038146973
2015-04-15,15.270000457763672,15.390000343322754,14.569999694824219,14.630000114440918
2015-04-16,14.859999656677246,15.0600004196167,14.449999809265137,14.5
2015-04-17,15.40999984741211,16.790000915527344,15.359999656677246,16.030000686645508
2015-04-20,16.030000686645508,16.1200008392334,14.640000343322754,14.859999656677246
2015-04-21,14.380000114440918,14.979999542236328,14.270000457763672,14.930000305175781
2015-04-22,14.930000305175781,15.4399995803833,14.430000305175781,14.680000305175781
2015-04-23,14.609999656677246,14.9399995803833,13.949999809265137,14.220000267028809
2015-04-24,14.220000267028809,14.229999542236328,13.510000228881836,14.199999809265137
2015-04-27,14.529999732971191,15.279999732971191,14.479999542236328,15.180000305175781
2015-04-28,15.180000305175781,16.280000686645508,14.880000114440918,14.880000114440918
2015-04-29,15.640000343322754,16.239999771118164,14.989999771118164,15.470000267028809
2015-04-30,16.1299991607666,17.299999237060547,15.460000038146973,16.510000228881836
2015-05-01,16.31999969482422,16.31999969482422,14.819999694824219,15.069999694824219
2015-05-04,15.25,15.300000190734863,14.800000190734863,15.149999618530273
2015-05-05,15.609999656677246,16.8799991607666,15.5,16.65999984741211
2015-05-06,16.65999984741211,18.510000228881836,16.309999465942383,17.790000915527344
2015-05-07,18.149999618530273,18.149999618530273,17.25,17.3700008392334
2015-05-08,16.059999465942383,16.059999465942383,15.220000267028809,15.380000114440918
2015-05-11,15.380000114440918,15.5600004196167,15.069999694824219,15.5600004196167
2015-05-12,15.5600004196167,17.170000076293945,15.5600004196167,15.960000038146973
2015-05-13,15.65999984741211,15.75,15.119999885559082,15.619999885559082
2015-05-14,15.619999885559082,15.619999885559082,13.859999656677246,14.3100004196167
2015-05-15,14.3100004196167,14.670000076293945,13.779999732971191,13.890000343322754
2015-05-18,13.890000343322754,14.649999618530273,13.789999961853027,13.949999809265137
2015-05-19,13.949999809265137,14.170000076293945,13.84000015258789,14.149999618530273
2015-05-20,14.220000267028809,14.5600004196167,13.479999542236328,14.0
2015-05-21,14.0,14.369999885559082,13.170000076293945,13.380000114440918
2015-05-22,13.390000343322754,13.5,13.079999923706055,13.229999542236328
2015-05-26,13.220000267028809,15.5600004196167,13.220000267028809,15.149999618530273
2015-05-27,15.130000114440918,15.1899995803833,13.829999923706055,13.960000038146973
2015-05-28,14.079999923706055,14.619999885559082,14.069999694824219,14.220000267028809
2015-05-29,14.489999771118164,15.199999809265137,14.279999732971191,14.75
2015-06-01,14.920000076293945,15.850000381469727,14.789999961853027,14.979999542236328
2015-06-02,14.979999542236328,15.949999809265137,14.510000228881836,15.460000038146973
2015-06-03,14.970000267028809,15.3100004196167,14.8100004196167,15.029999732971191
2015-06-04,15.029999732971191,16.309999465942383,15.029999732971191,15.789999961853027
2015-06-05,15.789999961853027,16.989999771118164,15.670000076293945,15.770000457763672
2015-06-08,16.25,17.079999923706055,16.239999771118164,16.940000534057617
2015-06-09,16.940000534057617,17.479999542236328,16.399999618530273,16.489999771118164
2015-06-10,16.350000381469727,16.399999618530273,14.920000076293945,15.069999694824219
2015-06-11,14.9399995803833,14.9399995803833,14.510000228881836,14.640000343322754
2015-06-12,15.119999885559082,15.489999771118164,14.930000305175781,15.15999984741211
2015-06-15,15.15999984741211,16.8799991607666,15.15999984741211,16.34000015258789
2015-06-16,16.34000015258789,16.639999389648438,15.930000305175781,16.0
2015-06-17,15.9399995803833,16.219999313354492,15.170000076293945,15.40999984741211
2015-06-18,14.84000015258789,15.029999732971191,13.630000114440918,13.880000114440918
2015-06-19,13.920000076293945,14.609999656677246,13.84000015258789,14.609999656677246
2015-06-22,14.609999656677246,14.609999656677246,13.619999885559082,13.829999923706055
2015-06-23,13.819999694824219,13.890000343322754,13.460000038146973,13.520000457763672
2015-06-24,13.779999732971191,14.239999771118164,13.420000076293945,14.239999771118164
2015-06-25,14.239999771118164,14.880000114440918,13.859999656677246,14.850000381469727
2015-06-26,14.84000015258789,15.829999923706055,14.819999694824219,15.329999923706055
2015-06-29,15.3100004196167,19.93000030517578,15.3100004196167,19.809999465942383
2015-06-30,19.809999465942383,19.90999984741211,18.799999237060547,19.34000015258789
2015-07-01,18.190000534057617,18.25,17.1299991607666,17.559999465942383
2015-07-02,17.559999465942383,17.940000534057617,16.989999771118164,17.65999984741211
2015-07-06,18.850000381469727,19.43000030517578,17.719999313354492,17.90999984741211
2015-07-07,18.149999618530273,19.860000610351562,17.290000915527344,17.34000015258789
2015-07-08,18.3799991607666,20.1200008392334,18.360000610351562,20.06999969482422
2015-07-09,18.489999771118164,20.389999389648438,18.40999984741211,20.31999969482422
2015-07-10,20.31999969482422,20.31999969482422,17.75,17.920000076293945
2015-07-13,17.920000076293945,17.920000076293945,14.90999984741211,15.020000457763672
2015-07-14,15.010000228881836,15.140000343322754,14.010000228881836,14.270000457763672
2015-07-15,14.350000381469727,14.710000038146973,13.880000114440918,14.170000076293945
2015-07-16,13.609999656677246,13.6899995803833,12.550000190734863,12.59000015258789
2015-07-17,12.069999694824219,13.069999694824219,12.0600004196167,12.930000305175781
2015-07-20,12.930000305175781,14.050000190734863,12.930000305175781,14.029999732971191
2015-07-21,14.020000457763672,14.739999771118164,14.020000457763672,14.489999771118164
2015-07-22,15.359999656677246,15.359999656677246,13.770000457763672,14.170000076293945
2015-07-23,14.25,14.920000076293945,13.84000015258789,14.15999984741211
2015-07-24,14.15999984741211,16.290000915527344,14.15999984741211,15.850000381469727
2015-07-27,16.75,17.84000015258789,16.75,17.489999771118164
2015-07-28,17.15999984741211,17.75,15.449999809265137,15.510000228881836
2015-07-29,15.510000228881836,15.899999618530273,14.800000190734863,14.960000038146973
2015-07-30,14.960000038146973,15.960000038146973,14.380000114440918,14.4399995803833
2015-07-31,14.4399995803833,14.8100004196167,14.210000038146973,14.59000015258789
2015-08-03,14.600000381469727,16.059999465942383,14.600000381469727,15.180000305175781
2015-08-04,15.180000305175781,15.819999694824219,15.140000343322754,15.670000076293945
2015-08-05,15.020000457763672,15.289999961853027,14.40999984741211,15.130000114440918
2015-08-06,15.130000114440918,17.219999313354492,14.989999771118164,16.899999618530273
2015-08-07,16.6200008392334,17.799999237060547,16.360000610351562,16.899999618530273
2015-08-10,16.899999618530273,16.899999618530273,15.65999984741211,15.869999885559082
2015-08-11,16.5,18.139999389648438,16.309999465942383,17.450000762939453
2015-08-12,17.920000076293945,19.829999923706055,17.239999771118164,17.239999771118164
2015-08-13,17.510000228881836,17.739999771118164,16.3700008392334,16.950000762939453
2015-08-14,16.950000762939453,17.65999984741211,16.350000381469727,16.40999984741211
2015-08-17,16.40999984741211,17.649999618530273,15.529999732971191,15.550000190734863
2015-08-18,15.5600004196167,16.34000015258789,15.5600004196167,16.0
2015-08-19,16.0,17.93000030517578,16.0,17.360000610351562
2015-08-20,18.579999923706055,21.649999618530273,17.93000030517578,21.610000610351562
2015-08-21,21.610000610351562,30.200000762939453,21.610000610351562,30.200000762939453
2015-08-24,30.25,46.720001220703125,25.920000076293945,42.95000076293945
2015-08-25,42.95000076293945,42.95000076293945,30.790000915527344,38.31999969482422
2015-08-26,38.31999969482422,38.31999969482422,30.700000762939453,31.3700008392334
2015-08-27,31.489999771118164,31.489999771118164,27.469999313354492,28.459999084472656
2015-08-28,28.989999771118164,30.5,28.1299991607666,28.75
2015-08-31,29.600000381469727,30.6299991607666,28.860000610351562,29.920000076293945
2015-09-01,29.920000076293945,34.20000076293945,29.920000076293945,32.95000076293945
2015-09-02,32.91999816894531,32.91999816894531,28.399999618530273,28.40999984741211
2015-09-03,28.280000686645508,28.579999923706055,26.540000915527344,28.100000381469727
2015-09-04,28.100000381469727,30.350000381469727,28.100000381469727,28.920000076293945
2015-09-08,27.790000915527344,28.06999969482422,26.3799991607666,26.559999465942383
2015-09-09,25.510000228881836,27.799999237060547,25.149999618530273,27.510000228881836
2015-09-10,28.309999465942383,28.309999465942383,26.43000030517578,26.440000534057617
2015-09-11,27.18000030517578,27.219999313354492,25.020000457763672,25.020000457763672
2015-09-14,25.020000457763672,26.260000228881836,25.020000457763672,25.440000534057617
2015-09-15,25.479999542236328,25.65999984741211,23.639999389648438,24.020000457763672
2015-09-16,24.030000686645508,24.34000015258789,22.56999969482422,22.579999923706055
2015-09-17,22.520000457763672,23.520000457763672,20.18000030517578,22.6299991607666
2015-09-18,24.329999923706055,24.469999313354492,22.15999984741211,23.600000381469727
2015-09-21,24.0,24.149999618530273,22.18000030517578,22.5
2015-09-22,22.5,25.860000610351562,22.5,24.579999923706055
2015-09-23,24.65999984741211,24.889999389648438,23.610000610351562,23.780000686645508
2015-09-24,25.190000534057617,26.209999084472656,24.389999389648438,24.719999313354492
2015-09-25,24.719999313354492,26.030000686645508,23.079999923706055,25.15999984741211
2015-09-28,26.770000457763672,29.700000762939453,26.59000015258789,28.989999771118164
2015-09-29,28.709999084472656,29.8799991607666,27.989999771118164,28.940000534057617
2015-09-30,27.299999237060547,27.65999984741211,26.549999237060547,26.81999969482422
2015-10-01,26.81999969482422,27.3799991607666,25.579999923706055,25.579999923706055
2015-10-02,26.899999618530273,27.5,23.700000762939453,23.709999084472656
2015-10-05,23.709999084472656,23.709999084472656,22.3799991607666,22.81999969482422
2015-10-06,22.920000076293945,23.399999618530273,22.40999984741211,22.649999618530273
2015-10-07,22.270000457763672,23.190000534057617,21.719999313354492,21.780000686645508
2015-10-08,22.219999313354492,22.770000457763672,20.530000686645508,20.90999984741211
2015-10-09,20.34000015258789,21.510000228881836,20.34000015258789,20.5
2015-10-12,20.5,20.93000030517578,18.940000534057617,19.010000228881836
2015-10-13,18.989999771118164,20.200000762939453,18.770000457763672,20.149999618530273
2015-10-14,20.139999389648438,21.139999389648438,19.610000610351562,20.709999084472656
2015-10-15,20.709999084472656,20.709999084472656,17.989999771118164,18.06999969482422
2015-10-16,18.079999923706055,18.65999984741211,17.149999618530273,17.200000762939453
2015-10-19,17.149999618530273,18.469999313354492,16.799999237060547,16.860000610351562
2015-10-20,16.860000610351562,18.450000762939453,16.860000610351562,17.950000762939453
2015-10-21,17.43000030517578,19.040000915527344,17.309999465942383,18.979999542236328
2015-10-22,17.90999984741211,18.290000915527344,15.5600004196167,15.630000114440918
2015-10-23,14.399999618530273,17.100000381469727,14.399999618530273,16.600000381469727
2015-10-26,16.600000381469727,17.8799991607666,16.600000381469727,17.75
2015-10-27,18.110000610351562,18.280000686645508,17.729999542236328,17.920000076293945
2015-10-28,17.920000076293945,17.920000076293945,16.639999389648438,16.940000534057617
2015-10-29,17.399999618530273,17.81999969482422,17.100000381469727,17.170000076293945
2015-10-30,17.100000381469727,17.530000686645508,16.850000381469727,17.299999237060547
2015-11-02,17.299999237060547,17.889999389648438,16.549999237060547,16.559999465942383
2015-11-03,16.90999984741211,17.040000915527344,16.190000534057617,16.770000457763672
2015-11-04,16.770000457763672,17.65999984741211,16.280000686645508,17.219999313354492
2015-11-05,17.209999084472656,18.399999618530273,17.010000228881836,17.200000762939453
2015-11-06,17.290000915527344,17.850000381469727,16.360000610351562,16.360000610351562
2015-11-09,17.549999237060547,18.729999542236328,17.31999969482422,18.030000686645508
2015-11-10,18.610000610351562,18.709999084472656,17.299999237060547,17.31999969482422
2015-11-11,17.31999969482422,17.81999969482422,16.729999542236328,17.719999313354492
2015-11-12,18.18000030517578,19.100000381469727,17.780000686645508,18.920000076293945
2015-11-13,19.34000015258789,21.469999313354492,19.229999542236328,21.239999771118164
2015-11-16,21.6200008392334,21.700000762939453,18.6299991607666,18.790000915527344
2015-11-17,18.579999923706055,19.889999389648438,18.010000228881836,19.34000015258789
2015-11-18,18.829999923706055,19.309999465942383,17.56999969482422,17.760000228881836
2015-11-19,17.760000228881836,18.100000381469727,17.399999618530273,17.940000534057617
2015-11-20,17.940000534057617,17.940000534057617,16.950000762939453,17.030000686645508
2015-11-23,17.770000457763672,17.829999923706055,17.110000610351562,17.309999465942383
2015-11-24,18.239999771118164,18.8700008392334,17.34000015258789,17.479999542236328
2015-11-25,17.479999542236328,17.579999923706055,16.90999984741211,16.979999542236328
2015-11-27,17.260000228881836,17.8700008392334,17.059999465942383,17.1299991607666
2015-11-30,17.65999984741211,18.6299991607666,17.65999984741211,18.100000381469727
2015-12-01,18.100000381469727,18.1200008392334,17.110000610351562,17.149999618530273
2015-12-02,17.1299991607666,18.3700008392334,16.8700008392334,17.829999923706055
2015-12-03,17.829999923706055,20.760000228881836,17.6299991607666,19.719999313354492
2015-12-04,19.719999313354492,19.719999313354492,16.6200008392334,16.65999984741211
2015-12-07,16.649999618530273,18.649999618530273,16.649999618530273,17.600000381469727
2015-12-08,19.190000534057617,19.34000015258789,18.040000915527344,18.84000015258789
2015-12-09,18.84000015258789,21.350000381469727,18.170000076293945,20.450000762939453
2015-12-10,20.170000076293945,20.559999465942383,19.31999969482422,20.110000610351562
2015-12-11,20.110000610351562,24.969999313354492,20.110000610351562,24.3799991607666
2015-12-14,25.100000381469727,26.959999084472656,22.649999618530273,23.110000610351562
2015-12-15,22.229999542236328,22.229999542236328,20.899999618530273,21.510000228881836
2015-12-16,20.799999237060547,21.469999313354492,18.18000030517578,18.790000915527344
2015-12-17,17.739999771118164,20.329999923706055,17.59000015258789,20.280000686645508
2015-12-18,20.59000015258789,21.729999542236328,20.139999389648438,21.5
2015-12-21,20.850000381469727,21.520000457763672,20.219999313354492,20.219999313354492
2015-12-22,20.219999313354492,20.219999313354492,18.3799991607666,18.3799991607666
2015-12-23,17.760000228881836,18.149999618530273,17.459999084472656,17.68000030517578
2015-12-24,17.68000030517578,17.920000076293945,17.3799991607666,17.809999465942383
2015-12-28,17.809999465942383,20.020000457763672,17.809999465942383,18.8700008392334
2015-12-29,18.049999237060547,18.15999984741211,17.700000762939453,17.84000015258789
2015-12-30,17.84000015258789,18.969999313354492,17.84000015258789,18.8799991607666
2015-12-31,19.170000076293945,19.940000534057617,18.850000381469727,19.6299991607666
2016-01-04,19.6299991607666,24.639999389648438,19.6299991607666,22.420000076293945
2016-01-05,22.440000534057617,23.219999313354492,21.5,21.559999465942383
2016-01-06,21.559999465942383,23.920000076293945,21.559999465942383,22.479999542236328
2016-01-07,22.5,27.350000381469727,22.5,26.770000457763672
2016-01-08,26.8799991607666,28.350000381469727,24.329999923706055,28.329999923706055
2016-01-11,28.34000015258789,29.459999084472656,24.979999542236328,26.40999984741211
2016-01-12,26.489999771118164,26.489999771118164,22.93000030517578,24.15999984741211
2016-01-13,23.510000228881836,27.8799991607666,23.139999389648438,27.110000610351562
2016-01-14,26.59000015258789,28.559999465942383,25.040000915527344,25.959999084472656
2016-01-15,31.219999313354492,32.75,28.520000457763672,29.1299991607666
2016-01-19,29.139999389648438,31.1200008392334,27.93000030517578,29.31999969482422
2016-01-20,31.799999237060547,35.400001525878906,29.6200008392334,30.84000015258789
2016-01-21,30.110000610351562,32.060001373291016,28.360000610351562,30.229999542236328
2016-01-22,30.229999542236328,30.229999542236328,25.670000076293945,25.739999771118164
2016-01-25,26.690000534057617,27.649999618530273,25.450000762939453,27.540000915527344
2016-01-26,27.200000762939453,27.760000228881836,26.100000381469727,26.420000076293945
2016-01-27,26.420000076293945,27.950000762939453,25.3799991607666,27.270000457763672
2016-01-28,26.389999389648438,27.989999771118164,25.829999923706055,26.31999969482422
2016-01-29,25.700000762939453,25.729999542236328,23.469999313354492,23.639999389648438
2016-02-01,23.639999389648438,25.1200008392334,22.530000686645508,23.059999465942383
2016-02-02,23.079999923706055,25.450000762939453,23.079999923706055,25.079999923706055
2016-02-03,24.790000915527344,27.6200008392334,24.75,25.049999237060547
2016-02-04,25.049999237060547,26.450000762939453,24.75,25.350000381469727
2016-02-05,25.299999237060547,28.790000915527344,25.299999237060547,27.649999618530273
2016-02-08,27.649999618530273,32.93000030517578,27.649999618530273,31.459999084472656
2016-02-09,33.43000030517578,33.43000030517578,30.950000762939453,31.90999984741211
2016-02-10,31.010000228881836,31.450000762939453,29.75,31.260000228881836
2016-02-11,31.260000228881836,34.08000183105469,31.260000228881836,31.8700008392334
2016-02-12,31.06999969482422,31.6299991607666,29.200000762939453,29.739999771118164
2016-02-16,29.739999771118164,29.739999771118164,28.280000686645508,28.670000076293945
2016-02-17,28.639999389648438,28.639999389648438,26.719999313354492,27.190000534057617
2016-02-18,27.1299991607666,27.3799991607666,26.079999923706055,26.600000381469727
2016-02-19,26.610000610351562,27.479999542236328,24.899999618530273,24.90999984741211
2016-02-22,24.90999984741211,24.920000076293945,23.100000381469727,23.809999465942383
2016-02-23,24.309999465942383,25.450000762939453,23.93000030517578,25.299999237060547
2016-02-24,26.75,27.0,23.950000762939453,24.0
2016-02-25,24.0,25.59000015258789,22.6200008392334,22.6200008392334
2016-02-26,22.600000381469727,23.1200008392334,21.8799991607666,23.079999923706055
2016-02-29,23.719999313354492,23.790000915527344,22.34000015258789,23.549999237060547
2016-03-01,23.549999237060547,23.549999237060547,20.709999084472656,20.770000457763672
2016-03-02,20.93000030517578,21.90999984741211,20.530000686645508,20.600000381469727
2016-03-03,20.709999084472656,21.399999618530273,20.350000381469727,20.75
2016-03-04,20.75,21.719999313354492,20.309999465942383,20.809999465942383
2016-03-07,20.809999465942383,22.440000534057617,20.809999465942383,21.610000610351562
2016-03-08,21.6200008392334,23.059999465942383,21.6200008392334,22.719999313354492
2016-03-09,22.56999969482422,23.18000030517578,21.860000610351562,21.889999389648438
2016-03-10,21.450000762939453,23.270000457763672,20.549999237060547,21.489999771118164
2016-03-11,19.8799991607666,20.510000228881836,19.5,19.649999618530273
2016-03-14,20.459999084472656,20.549999237060547,19.209999084472656,19.56999969482422
2016-03-15,20.31999969482422,20.3799991607666,19.3700008392334,19.459999084472656
2016-03-16,19.459999084472656,19.459999084472656,17.3700008392334,17.799999237060547
2016-03-17,18.1200008392334,18.18000030517578,16.959999084472656,17.649999618530273
2016-03-18,17.709999084472656,17.860000610351562,16.780000686645508,17.200000762939453
2016-03-21,17.170000076293945,18.15999984741211,17.170000076293945,17.170000076293945
2016-03-22,17.149999618530273,18.100000381469727,16.760000228881836,16.979999542236328
2016-03-23,16.979999542236328,17.989999771118164,16.979999542236328,17.75
2016-03-24,18.8799991607666,18.93000030517578,17.270000457763672,17.309999465942383
2016-03-28,17.309999465942383,19.030000686645508,17.309999465942383,18.389999389648438
2016-03-29,18.40999984741211,18.950000762939453,16.780000686645508,16.899999618530273
2016-03-30,16.899999618530273,16.899999618530273,15.949999809265137,16.530000686645508
2016-03-31,16.760000228881836,17.110000610351562,16.459999084472656,16.850000381469727
2016-04-01,17.969999313354492,17.969999313354492,15.819999694824219,15.84000015258789
2016-04-04,15.84000015258789,17.299999237060547,15.84000015258789,16.850000381469727
2016-04-05,18.190000534057617,18.459999084472656,17.559999465942383,18.020000457763672
2016-04-06,18.020000457763672,18.34000015258789,16.5,16.639999389648438
2016-04-07,16.6200008392334,19.15999984741211,16.6200008392334,18.6200008392334
2016-04-08,18.6299991607666,18.969999313354492,17.59000015258789,18.479999542236328
2016-04-11,18.459999084472656,18.65999984741211,16.920000076293945,18.59000015258789
2016-04-12,18.469999313354492,19.299999237060547,17.06999969482422,17.479999542236328
2016-04-13,16.940000534057617,17.0,16.049999237060547,16.260000228881836
2016-04-14,16.260000228881836,17.06999969482422,16.239999771118164,16.600000381469727
2016-04-15,16.639999389648438,17.030000686645508,16.010000228881836,16.049999237060547
2016-04-18,16.049999237060547,17.399999618530273,15.6899995803833,16.040000915527344
2016-04-19,15.510000228881836,17.260000228881836,15.510000228881836,16.43000030517578
2016-04-20,16.43000030517578,16.739999771118164,15.329999923706055,16.309999465942383
2016-04-21,16.610000610351562,17.09000015258789,15.779999732971191,16.56999969482422
2016-04-22,16.68000030517578,18.100000381469727,16.56999969482422,16.610000610351562
2016-04-25,17.760000228881836,18.030000686645508,17.18000030517578,17.209999084472656
2016-04-26,17.209999084472656,17.81999969482422,16.860000610351562,17.260000228881836
2016-04-27,17.25,18.520000457763672,17.030000686645508,17.059999465942383
2016-04-28,17.040000915527344,18.889999389648438,16.68000030517578,18.06999969482422
2016-04-29,18.110000610351562,20.360000610351562,18.110000610351562,19.299999237060547
2016-05-02,19.31999969482422,19.90999984741211,17.989999771118164,18.280000686645508
2016-05-03,19.389999389648438,19.780000686645508,18.3700008392334,19.020000457763672
2016-05-04,19.020000457763672,20.049999237060547,19.020000457763672,19.31999969482422
2016-05-05,19.100000381469727,19.530000686645508,18.68000030517578,19.139999389648438
2016-05-06,19.139999389648438,19.420000076293945,17.440000534057617,17.540000915527344
2016-05-09,18.270000457763672,18.270000457763672,16.989999771118164,17.3799991607666
2016-05-10,17.3799991607666,17.3799991607666,16.059999465942383,16.270000457763672
2016-05-11,16.270000457763672,17.15999984741211,15.90999984741211,17.15999984741211
2016-05-12,16.649999618530273,18.229999542236328,16.540000915527344,17.260000228881836
2016-05-13,17.450000762939453,17.6200008392334,16.329999923706055,17.100000381469727
2016-05-16,17.100000381469727,17.670000076293945,15.90999984741211,16.3700008392334
2016-05-17,16.639999389648438,18.079999923706055,16.40999984741211,17.600000381469727
2016-05-18,17.75,18.06999969482422,16.610000610351562,17.40999984741211
2016-05-19,17.40999984741211,19.18000030517578,17.40999984741211,17.8799991607666
2016-05-20,17.540000915527344,17.540000915527344,16.350000381469727,16.399999618530273
2016-05-23,16.399999618530273,17.309999465942383,16.399999618530273,16.850000381469727
2016-05-24,16.270000457763672,16.31999969482422,15.279999732971191,15.319999694824219
2016-05-25,15.319999694824219,15.319999694824219,14.510000228881836,15.010000228881836
2016-05-26,15.069999694824219,15.319999694824219,14.640000343322754,14.710000038146973
2016-05-27,14.890000343322754,15.0600004196167,14.4399995803833,14.550000190734863
2016-05-31,14.550000190734863,15.869999885559082,14.550000190734863,15.25
2016-06-01,15.770000457763672,15.859999656677246,15.109999656677246,15.390000343322754
2016-06-02,15.390000343322754,16.18000030517578,15.010000228881836,15.149999618530273
2016-06-03,15.5600004196167,16.229999542236328,14.789999961853027,15.029999732971191
2016-06-06,15.029999732971191,15.729999542236328,15.010000228881836,15.25
2016-06-07,15.239999771118164,15.34000015258789,14.770000457763672,15.260000228881836
2016-06-08,15.260000228881836,15.609999656677246,15.069999694824219,15.270000457763672
2016-06-09,15.289999961853027,15.970000267028809,15.289999961853027,15.680000305175781
2016-06-10,16.760000228881836,18.0,16.760000228881836,17.639999389648438
2016-06-13,17.639999389648438,20.809999465942383,17.639999389648438,20.610000610351562
2016-06-14,20.610000610351562,22.040000915527344,20.260000228881836,20.43000030517578
2016-06-15,20.469999313354492,20.469999313354492,19.09000015258789,20.190000534057617
2016-06-16,20.200000762939453,22.479999542236328,19.65999984741211,19.829999923706055
2016-06-17,19.829999923706055,20.889999389648438,19.829999923706055,20.25
2016-06-20,20.219999313354492,20.219999313354492,17.690000534057617,19.309999465942383
2016-06-21,19.309999465942383,20.1299991607666,18.799999237060547,19.59000015258789
2016-06-22,19.59000015258789,21.690000534057617,19.059999465942383,21.639999389648438
2016-06-23,18.940000534057617,19.56999969482422,18.200000762939453,18.209999084472656
2016-06-24,18.209999084472656,25.200000762939453,18.209999084472656,24.8799991607666
2016-06-27,24.860000610351562,27.100000381469727,23.950000762939453,24.389999389648438
2016-06-28,22.200000762939453,22.34000015258789,20.09000015258789,20.110000610351562
2016-06-29,20.110000610351562,20.110000610351562,18.290000915527344,18.469999313354492
2016-06-30,18.450000762939453,18.65999984741211,17.40999984741211,17.579999923706055
2016-07-01,17.540000915527344,17.540000915527344,16.649999618530273,16.829999923706055
2016-07-05,16.700000762939453,18.709999084472656,16.700000762939453,17.920000076293945
2016-07-06,18.510000228881836,19.34000015258789,17.469999313354492,17.489999771118164
2016-07-07,17.350000381469727,17.989999771118164,16.989999771118164,17.280000686645508
2016-07-08,17.280000686645508,17.280000686645508,15.5,15.739999771118164
2016-07-11,14.720000267028809,15.350000381469727,14.470000267028809,15.109999656677246
2016-07-12,15.109999656677246,15.4399995803833,13.899999618530273,15.09000015258789
2016-07-13,14.989999771118164,15.819999694824219,14.989999771118164,15.239999771118164
2016-07-14,15.449999809265137,15.609999656677246,14.3100004196167,14.65999984741211
2016-07-15,14.460000038146973,14.819999694824219,14.100000381469727,14.289999961853027
2016-07-18,14.739999771118164,14.880000114440918,14.300000190734863,14.710000038146973
2016-07-19,14.710000038146973,15.25,14.029999732971191,14.569999694824219
2016-07-20,14.270000457763672,14.4399995803833,13.829999923706055,14.270000457763672
2016-07-21,14.069999694824219,15.279999732971191,14.069999694824219,14.979999542236328
2016-07-22,14.979999542236328,15.09000015258789,14.359999656677246,14.59000015258789
2016-07-25,15.050000190734863,16.15999984741211,15.050000190734863,15.600000381469727
2016-07-26,15.649999618530273,16.350000381469727,15.3100004196167,15.930000305175781
2016-07-27,15.930000305175781,15.960000038146973,14.710000038146973,15.140000343322754
2016-07-28,15.140000343322754,15.789999961853027,13.949999809265137,14.84000015258789
2016-07-29,14.680000305175781,14.890000343322754,13.899999618530273,13.970000267028809
2016-08-01,13.970000267028809,15.029999732971191,13.970000267028809,14.520000457763672
2016-08-02,14.510000228881836,16.18000030517578,14.510000228881836,15.40999984741211
2016-08-03,15.40999984741211,15.949999809265137,15.0,15.180000305175781
2016-08-04,15.15999984741211,15.25,14.380000114440918,14.470000267028809
2016-08-05,13.859999656677246,13.869999885559082,13.479999542236328,13.770000457763672
2016-08-08,14.319999694824219,14.430000305175781,13.989999771118164,14.0600004196167
2016-08-09,14.0600004196167,14.380000114440918,13.649999618530273,14.1899995803833
2016-08-10,14.180000305175781,14.949999809265137,13.710000038146973,14.550000190734863
2016-08-11,14.229999542236328,14.5600004196167,14.039999961853027,14.3100004196167
2016-08-12,14.3100004196167,14.630000114440918,13.90999984741211,13.989999771118164
2016-08-15,13.970000267028809,14.079999923706055,13.600000381469727,14.010000228881836
2016-08-16,14.0,14.979999542236328,14.0,14.920000076293945
2016-08-17,14.890000343322754,16.020000457763672,14.619999885559082,14.760000228881836
2016-08-18,14.760000228881836,15.039999961853027,14.109999656677246,14.149999618530273
2016-08-19,14.149999618530273,14.890000343322754,13.369999885559082,13.420000076293945
2016-08-22,13.380000114440918,14.930000305175781,13.380000114440918,14.0
2016-08-23,13.989999771118164,14.270000457763672,13.199999809265137,14.210000038146973
2016-08-24,14.210000038146973,15.770000457763672,14.210000038146973,15.260000228881836
2016-08-25,15.260000228881836,15.920000076293945,15.149999618530273,15.359999656677246
2016-08-26,15.40999984741211,16.280000686645508,14.130000114440918,15.15999984741211
2016-08-29,15.15999984741211,15.859999656677246,14.819999694824219,15.0
2016-08-30,15.0,15.729999542236328,14.880000114440918,15.109999656677246
2016-08-31,15.109999656677246,16.1299991607666,15.109999656677246,15.34000015258789
2016-09-01,15.34000015258789,16.299999237060547,15.149999618530273,15.390000343322754
2016-09-02,14.369999885559082,14.989999771118164,14.079999923706055,14.319999694824219
2016-09-06,14.319999694824219,15.289999961853027,14.029999732971191,14.319999694824219
2016-09-07,14.369999885559082,14.670000076293945,13.770000457763672,13.890000343322754
2016-09-08,14.270000457763672,14.800000190734863,14.020000457763672,14.479999542236328
2016-09-09,15.510000228881836,18.139999389648438,15.109999656677246,17.959999084472656
2016-09-12,18.1200008392334,18.399999618530273,15.0,15.3100004196167
2016-09-13,15.970000267028809,19.200000762939453,15.569999694824219,17.950000762939453
2016-09-14,17.950000762939453,18.40999984741211,16.549999237060547,18.299999237060547
2016-09-15,18.139999389648438,18.139999389648438,16.010000228881836,16.389999389648438
2016-09-16,16.59000015258789,17.43000030517578,14.90999984741211,15.140000343322754
2016-09-19,15.40999984741211,16.520000457763672,15.1899995803833,16.110000610351562
2016-09-20,16.09000015258789,16.739999771118164,15.4399995803833,16.549999237060547
2016-09-21,16.530000686645508,17.09000015258789,14.680000305175781,14.979999542236328
2016-09-22,14.210000038146973,14.34000015258789,13.390000343322754,13.65999984741211
2016-09-23,13.65999984741211,14.34000015258789,13.619999885559082,13.979999542236328
2016-09-26,15.829999923706055,16.649999618530273,15.800000190734863,16.440000534057617
2016-09-27,16.420000076293945,16.760000228881836,14.949999809265137,15.09000015258789
2016-09-28,15.09000015258789,15.779999732971191,14.890000343322754,15.029999732971191
2016-09-29,15.029999732971191,17.229999542236328,15.029999732971191,16.229999542236328
2016-09-30,16.209999084472656,16.299999237060547,14.890000343322754,15.449999809265137
2016-10-03,16.399999618530273,16.739999771118164,15.800000190734863,15.859999656677246
2016-10-04,15.779999732971191,17.020000457763672,15.399999618530273,16.25
2016-10-05,16.040000915527344,16.079999923706055,15.5600004196167,15.859999656677246
2016-10-06,15.859999656677246,16.479999542236328,15.640000343322754,15.699999809265137
2016-10-07,15.680000305175781,16.65999984741211,15.430000305175781,15.65999984741211
2016-10-10,15.65999984741211,15.800000190734863,15.329999923706055,15.5
2016-10-11,15.380000114440918,17.959999084472656,15.380000114440918,17.020000457763672
2016-10-12,17.18000030517578,17.770000457763672,16.670000076293945,17.229999542236328
2016-10-13,18.600000381469727,19.100000381469727,17.56999969482422,17.649999618530273
2016-10-14,17.649999618530273,17.729999542236328,16.709999084472656,17.399999618530273
2016-10-17,17.969999313354492,18.3799991607666,17.459999084472656,17.579999923706055
2016-10-18,16.809999465942383,17.3799991607666,16.56999969482422,16.969999313354492
2016-10-19,16.969999313354492,16.979999542236328,16.170000076293945,16.40999984741211
2016-10-20,16.399999618530273,16.920000076293945,15.609999656677246,15.630000114440918
2016-10-21,16.260000228881836,16.540000915527344,15.229999542236328,15.369999885559082
2016-10-24,15.369999885559082,15.369999885559082,14.779999732971191,14.930000305175781
2016-10-25,15.130000114440918,16.139999389648438,15.130000114440918,15.880000114440918
2016-10-26,15.880000114440918,16.920000076293945,15.6899995803833,16.510000228881836
2016-10-27,16.5,17.889999389648438,15.960000038146973,17.329999923706055
2016-10-28,17.889999389648438,19.290000915527344,16.8799991607666,18.229999542236328
2016-10-31,18.239999771118164,19.540000915527344,18.239999771118164,19.31999969482422
2016-11-01,19.309999465942383,22.350000381469727,19.200000762939453,20.65999984741211
2016-11-02,20.65999984741211,21.860000610351562,20.579999923706055,21.239999771118164
2016-11-03,21.25,22.739999771118164,20.739999771118164,22.360000610351562
2016-11-04,22.489999771118164,23.350000381469727,21.420000076293945,23.030000686645508
2016-11-07,23.030000686645508,23.030000686645508,19.290000915527344,19.65999984741211
2016-11-08,20.389999389648438,21.1299991607666,19.049999237060547,20.200000762939453
2016-11-09,20.200000762939453,20.200000762939453,16.850000381469727,17.149999618530273
2016-11-10,16.510000228881836,20.780000686645508,16.030000686645508,19.06999969482422
2016-11-11,19.06999969482422,20.450000762939453,18.260000228881836,18.950000762939453
2016-11-14,18.940000534057617,21.040000915527344,18.860000610351562,19.700000762939453
2016-11-15,18.739999771118164,19.020000457763672,17.31999969482422,17.600000381469727
2016-11-16,17.600000381469727,18.43000030517578,17.09000015258789,17.299999237060547
2016-11-17,17.280000686645508,17.280000686645508,16.0,16.020000457763672
2016-11-18,15.960000038146973,16.219999313354492,15.510000228881836,15.510000228881836
2016-11-21,16.010000228881836,16.010000228881836,14.59000015258789,14.739999771118164
2016-11-22,14.579999923706055,14.90999984741211,14.260000228881836,14.279999732971191
2016-11-23,14.619999885559082,15.350000381469727,14.220000267028809,14.260000228881836
2016-11-25,14.260000228881836,14.890000343322754,14.210000038146973,14.390000343322754
2016-11-28,14.390000343322754,15.479999542236328,14.390000343322754,15.119999885559082
2016-11-29,15.079999923706055,15.579999923706055,14.600000381469727,14.9399995803833
2016-11-30,14.9399995803833,15.329999923706055,14.720000267028809,15.130000114440918
2016-12-01,15.5600004196167,17.510000228881836,15.359999656677246,17.18000030517578
2016-12-02,17.18000030517578,17.43000030517578,16.65999984741211,16.989999771118164
2016-12-05,16.989999771118164,17.010000228881836,15.859999656677246,15.869999885559082
2016-12-06,15.869999885559082,16.020000457763672,15.130000114440918,15.260000228881836
2016-12-07,15.239999771118164,15.710000038146973,14.609999656677246,15.199999809265137
2016-12-08,14.829999923706055,15.609999656677246,14.720000267028809,14.819999694824219
2016-12-09,14.90999984741211,14.979999542236328,14.270000457763672,14.270000457763672
2016-12-12,14.270000457763672,14.270000457763672,13.380000114440918,13.869999885559082
2016-12-13,13.989999771118164,15.430000305175781,13.520000457763672,14.329999923706055
2016-12-14,14.329999923706055,14.789999961853027,13.399999618530273,14.529999732971191
2016-12-15,15.380000114440918,15.380000114440918,13.720000267028809,14.210000038146973
2016-12-16,14.239999771118164,14.350000381469727,13.029999732971191,13.229999542236328
2016-12-19,13.710000038146973,13.979999542236328,12.890000343322754,13.109999656677246
2016-12-20,13.220000267028809,13.3100004196167,13.0600004196167,13.079999923706055
2016-12-21,12.920000076293945,13.430000305175781,12.920000076293945,13.260000228881836
2016-12-22,13.260000228881836,13.65999984741211,13.260000228881836,13.420000076293945
2016-12-23,13.75,13.75,13.239999771118164,13.239999771118164
2016-12-27,13.239999771118164,14.329999923706055,13.239999771118164,14.239999771118164
2016-12-28,14.239999771118164,15.420000076293945,14.149999618530273,15.399999618530273
2016-12-29,15.609999656677246,15.90999984741211,15.4399995803833,15.5600004196167
2016-12-30,15.670000076293945,16.899999618530273,15.619999885559082,16.68000030517578
2017-01-03,17.1200008392334,17.260000228881836,16.010000228881836,16.059999465942383
2017-01-04,16.059999465942383,16.059999465942383,15.130000114440918,15.180000305175781
2017-01-05,15.170000076293945,15.390000343322754,14.529999732971191,14.630000114440918
2017-01-06,14.720000267028809,14.869999885559082,13.850000381469727,13.850000381469727
2017-01-09,14.510000228881836,14.6899995803833,14.140000343322754,14.220000267028809
2017-01-10,14.220000267028809,14.420000076293945,14.050000190734863,14.130000114440918
2017-01-11,14.130000114440918,14.859999656677246,13.930000305175781,13.9399995803833
2017-01-12,14.479999542236328,14.960000038146973,13.739999771118164,13.859999656677246
2017-01-13,13.739999771118164,13.8100004196167,13.279999732971191,13.34000015258789
2017-01-17,14.300000190734863,14.399999618530273,13.770000457763672,13.880000114440918
2017-01-18,13.880000114440918,14.100000381469727,13.489999771118164,13.510000228881836
2017-01-19,13.630000114440918,14.279999732971191,13.489999771118164,14.0600004196167
2017-01-20,14.0600004196167,14.0600004196167,13.029999732971191,13.039999961853027
2017-01-23,13.039999961853027,14.170000076293945,13.039999961853027,13.489999771118164
2017-01-24,13.489999771118164,13.529999732971191,12.630000114440918,12.640000343322754
2017-01-25,12.640000343322754,12.880000114440918,12.550000190734863,12.649999618530273
2017-01-26,12.65999984741211,13.239999771118164,12.25,12.640000343322754
2017-01-27,12.699999809265137,12.789999961853027,12.180000305175781,12.300000190734863
2017-01-30,12.300000190734863,14.430000305175781,12.300000190734863,13.710000038146973
2017-01-31,13.729999542236328,14.970000267028809,13.729999542236328,14.289999961853027
2017-02-01,13.470000267028809,14.079999923706055,13.09000015258789,13.09000015258789
2017-02-02,13.09000015258789,13.920000076293945,13.09000015258789,13.630000114440918
2017-02-03,13.649999618530273,13.649999618530273,12.489999771118164,12.779999732971191
2017-02-06,12.729999542236328,13.489999771118164,12.729999542236328,13.010000228881836
2017-02-07,13.010000228881836,13.300000190734863,12.609999656677246,13.029999732971191
2017-02-08,13.0,13.3100004196167,12.670000076293945,12.920000076293945
2017-02-09,12.989999771118164,13.029999732971191,12.3100004196167,12.649999618530273
2017-02-10,12.649999618530273,12.649999618530273,11.850000381469727,12.3100004196167
2017-02-13,12.649999618530273,12.649999618530273,11.850000381469727,12.3100004196167
2017-02-14,12.649999618530273,12.649999618530273,11.850000381469727,12.3100004196167
2017-02-15,12.3100004196167,12.3100004196167,12.3100004196167,12.3100004196167
2017-02-16,12.3100004196167,12.3100004196167,12.3100004196167,12.3100004196167
2017-02-17,12.3100004196167,12.3100004196167,12.3100004196167,12.3100004196167
2017-02-21,12.3100004196167,12.3100004196167,12.3100004196167,12.3100004196167
2017-02-22,12.949999809265137,12.949999809265137,12.079999923706055,12.5600004196167
2017-02-23,12.5600004196167,13.710000038146973,12.420000076293945,13.289999961853027
2017-02-24,13.300000190734863,13.9399995803833,12.699999809265137,12.75
2017-02-27,12.75,13.649999618530273,12.75,13.1899995803833
2017-02-28,13.390000343322754,13.760000228881836,13.069999694824219,13.600000381469727
2017-03-01,12.970000267028809,13.359999656677246,12.550000190734863,12.899999618530273
2017-03-02,13.079999923706055,13.09000015258789,12.359999656677246,12.710000038146973
2017-03-03,12.710000038146973,12.84000015258789,11.710000038146973,11.770000457763672
2017-03-06,11.770000457763672,12.539999961853027,11.770000457763672,12.1899995803833
2017-03-07,12.319999694824219,12.40999984741211,11.890000343322754,12.130000114440918
2017-03-08,11.789999961853027,12.829999923706055,11.729999542236328,12.25
2017-03-09,12.180000305175781,12.6899995803833,12.100000381469727,12.470000267028809
2017-03-10,12.300000190734863,12.350000381469727,11.729999542236328,11.899999618530273
2017-03-13,11.899999618530273,11.899999618530273,10.699999809265137,11.1899995803833
2017-03-14,11.130000114440918,12.239999771118164,11.130000114440918,11.699999809265137
2017-03-15,11.729999542236328,11.930000305175781,9.75,11.279999732971191
2017-03-16,11.149999618530273,11.609999656677246,10.819999694824219,10.960000038146973
2017-03-17,10.960000038146973,10.970000267028809,10.020000457763672,10.569999694824219
2017-03-20,10.579999923706055,11.40999984741211,10.3100004196167,10.3100004196167
2017-03-21,10.3100004196167,12.90999984741211,10.210000038146973,12.5
2017-03-22,12.510000228881836,13.1899995803833,12.0,12.779999732971191
2017-03-23,12.699999809265137,13.869999885559082,12.550000190734863,13.699999809265137
2017-03-24,12.9399995803833,14.260000228881836,12.399999618530273,12.65999984741211
2017-03-27,12.65999984741211,14.550000190734863,12.65999984741211,12.779999732971191
2017-03-28,12.710000038146973,12.9399995803833,11.720000267028809,12.119999885559082
2017-03-29,12.119999885559082,12.1899995803833,11.449999809265137,11.529999732971191
2017-03-30,11.529999732971191,12.109999656677246,11.399999618530273,11.539999961853027
2017-03-31,11.539999961853027,11.9399995803833,11.520000457763672,11.75
2017-04-03,11.75,13.0600004196167,11.75,12.369999885559082
2017-04-04,12.390000343322754,12.779999732971191,12.149999618530273,12.149999618530273
2017-04-05,12.149999618530273,13.170000076293945,11.75,13.140000343322754
2017-04-06,13.029999732971191,13.149999618530273,12.5,12.729999542236328
2017-04-07,13.289999961853027,14.100000381469727,13.020000457763672,13.489999771118164
2017-04-10,13.779999732971191,14.40999984741211,13.65999984741211,14.220000267028809
2017-04-11,14.220000267028809,15.680000305175781,14.15999984741211,15.130000114440918
2017-04-12,15.130000114440918,15.720000267028809,15.119999885559082,15.5600004196167
2017-04-13,15.789999961853027,16.079999923706055,14.800000190734863,15.899999618530273
2017-04-17,16.6200008392334,16.6200008392334,15.210000038146973,15.239999771118164
2017-04-18,15.239999771118164,16.25,15.170000076293945,15.470000267028809
2017-04-19,14.949999809265137,15.59000015258789,14.420000076293945,15.470000267028809
2017-04-20,15.470000267028809,15.479999542236328,14.270000457763672,14.460000038146973
2017-04-21,14.460000038146973,15.510000228881836,14.079999923706055,14.869999885559082
2017-04-24,12.430000305175781,13.470000267028809,11.720000267028809,12.0600004196167
2017-04-25,11.489999771118164,12.329999923706055,11.489999771118164,12.010000228881836
2017-04-26,11.869999885559082,12.8100004196167,11.550000190734863,11.949999809265137
2017-04-27,11.760000228881836,12.319999694824219,11.109999656677246,11.109999656677246
2017-04-28,11.609999656677246,12.130000114440918,11.029999732971191,11.529999732971191
2017-05-01,11.529999732971191,12.5600004196167,11.170000076293945,12.199999809265137
2017-05-02,12.199999809265137,12.949999809265137,11.859999656677246,12.949999809265137
2017-05-03,12.949999809265137,13.119999885559082,11.920000076293945,11.979999542236328
2017-05-04,12.239999771118164,12.489999771118164,11.890000343322754,12.180000305175781
2017-05-05,12.180000305175781,12.489999771118164,11.920000076293945,12.3100004196167
2017-05-08,11.970000267028809,12.1899995803833,11.739999771118164,11.859999656677246
2017-05-09,11.90999984741211,13.0,11.739999771118164,12.670000076293945
2017-05-10,12.670000076293945,12.760000228881836,12.199999809265137,12.34000015258789
2017-05-11,12.489999771118164,13.720000267028809,12.3100004196167,12.760000228881836
2017-05-12,12.760000228881836,12.9399995803833,12.020000457763672,12.300000190734863
2017-05-15,12.6899995803833,12.720000267028809,11.890000343322754,12.029999732971191
2017-05-16,12.029999732971191,12.0600004196167,11.359999656677246,11.59000015258789
2017-05-17,12.180000305175781,16.510000228881836,12.039999961853027,16.459999084472656
2017-05-18,16.350000381469727,16.84000015258789,15.199999809265137,15.65999984741211
2017-05-19,14.579999923706055,15.079999923706055,13.329999923706055,13.859999656677246
2017-05-22,13.859999656677246,14.010000228881836,12.880000114440918,12.880000114440918
2017-05-23,12.880000114440918,13.3100004196167,12.380000114440918,12.75
2017-05-24,12.760000228881836,12.899999618530273,12.25,12.369999885559082
2017-05-25,12.369999885559082,12.84000015258789,11.989999771118164,12.579999923706055
2017-05-26,12.380000114440918,12.539999961853027,12.039999961853027,12.260000228881836
2017-05-30,12.960000038146973,13.15999984741211,12.760000228881836,12.899999618530273
2017-05-31,12.720000267028809,13.380000114440918,12.670000076293945,12.9399995803833
2017-06-01,12.949999809265137,13.010000228881836,12.529999732971191,12.6899995803833
2017-06-02,12.710000038146973,13.100000381469727,12.550000190734863,12.90999984741211
2017-06-05,13.270000457763672,13.359999656677246,13.0600004196167,13.199999809265137
2017-06-06,13.350000381469727,13.979999542236328,13.319999694824219,13.960000038146973
2017-06-07,13.960000038146973,14.619999885559082,13.859999656677246,14.050000190734863
2017-06-08,13.949999809265137,14.369999885559082,13.649999618530273,13.65999984741211
2017-06-09,13.65999984741211,18.68000030517578,13.229999542236328,18.1299991607666
2017-06-12,18.1299991607666,21.030000686645508,16.979999542236328,16.979999542236328
2017-06-13,16.049999237060547,16.110000610351562,14.640000343322754,15.100000381469727
2017-06-14,14.979999542236328,16.940000534057617,14.770000457763672,16.010000228881836
2017-06-15,16.010000228881836,17.969999313354492,15.890000343322754,16.200000762939453
2017-06-16,16.209999084472656,16.81999969482422,16.030000686645508,16.299999237060547
2017-06-19,15.90999984741211,15.90999984741211,14.489999771118164,14.600000381469727
2017-06-20,14.5600004196167,15.359999656677246,14.199999809265137,15.289999961853027
2017-06-21,15.289999961853027,15.539999961853027,14.760000228881836,14.760000228881836
2017-06-22,14.760000228881836,15.1899995803833,14.630000114440918,14.800000190734863
2017-06-23,14.779999732971191,15.119999885559082,14.319999694824219,14.470000267028809
2017-06-26,14.4399995803833,15.460000038146973,14.210000038146973,15.4399995803833
2017-06-27,15.930000305175781,17.329999923706055,15.569999694824219,17.260000228881836
2017-06-28,17.260000228881836,18.010000228881836,16.010000228881836,16.049999237060547
2017-06-29,16.049999237060547,20.670000076293945,16.049999237060547,18.43000030517578
2017-06-30,18.43000030517578,19.110000610351562,17.360000610351562,17.610000610351562
2017-07-03,17.450000762939453,18.920000076293945,17.31999969482422,18.739999771118164
2017-07-05,18.739999771118164,18.860000610351562,17.139999389648438,17.260000228881836
2017-07-06,17.260000228881836,18.90999984741211,17.260000228881836,18.0
2017-07-07,18.010000228881836,18.010000228881836,16.700000762939453,16.809999465942383
2017-07-10,16.799999237060547,17.3799991607666,16.3700008392334,16.700000762939453
2017-07-11,16.940000534057617,17.3700008392334,16.420000076293945,16.420000076293945
2017-07-12,16.420000076293945,16.420000076293945,15.050000190734863,15.100000381469727
2017-07-13,15.100000381469727,15.479999542236328,14.619999885559082,14.619999885559082
2017-07-14,14.619999885559082,14.619999885559082,13.510000228881836,13.800000190734863
2017-07-17,13.789999961853027,14.640000343322754,13.789999961853027,14.5
2017-07-18,14.510000228881836,14.899999618530273,13.899999618530273,13.899999618530273
2017-07-19,13.899999618530273,14.010000228881836,13.369999885559082,13.949999809265137
2017-07-20,13.949999809265137,14.869999885559082,13.75,14.359999656677246
2017-07-21,14.369999885559082,14.779999732971191,13.029999732971191,14.359999656677246
2017-07-24,14.399999618530273,15.020000457763672,14.399999618530273,14.59000015258789
2017-07-25,14.59000015258789,14.90999984741211,13.789999961853027,13.819999694824219
2017-07-26,13.819999694824219,14.050000190734863,13.5600004196167,13.890000343322754
2017-07-27,13.890000343322754,17.100000381469727,13.140000343322754,15.890000343322754
2017-07-28,15.829999923706055,16.969999313354492,15.65999984741211,15.90999984741211
2017-07-31,15.90999984741211,16.979999542236328,15.739999771118164,15.869999885559082
2017-08-01,15.859999656677246,16.1299991607666,14.789999961853027,14.829999923706055
2017-08-02,14.8100004196167,16.34000015258789,14.180000305175781,14.609999656677246
2017-08-03,14.609999656677246,15.319999694824219,14.289999961853027,14.6899995803833
2017-08-04,14.869999885559082,14.890000343322754,14.050000190734863,14.09000015258789
2017-08-07,14.09000015258789,14.550000190734863,13.960000038146973,14.210000038146973
2017-08-08,14.40999984741211,15.489999771118164,13.859999656677246,15.229999542236328
2017-08-09,15.229999542236328,16.270000457763672,15.229999542236328,15.430000305175781
2017-08-10,16.649999618530273,19.31999969482422,16.270000457763672,19.059999465942383
2017-08-11,19.059999465942383,19.059999465942383,17.530000686645508,17.770000457763672
2017-08-14,16.93000030517578,16.940000534057617,14.729999542236328,15.0600004196167
2017-08-15,15.180000305175781,15.300000190734863,14.199999809265137,14.359999656677246
2017-08-16,14.359999656677246,14.699999809265137,13.890000343322754,14.220000267028809
2017-08-17,15.119999885559082,18.6299991607666,14.710000038146973,18.600000381469727
2017-08-18,18.600000381469727,19.06999969482422,16.670000076293945,17.850000381469727
2017-08-21,18.09000015258789,18.649999618530273,17.079999923706055,17.3700008392334
2017-08-22,17.3700008392334,17.3700008392334,14.9399995803833,15.210000038146973
2017-08-23,15.970000267028809,16.309999465942383,15.399999618530273,15.800000190734863
2017-08-24,15.800000190734863,16.790000915527344,15.579999923706055,15.970000267028809
2017-08-25,15.960000038146973,15.989999771118164,15.170000076293945,15.520000457763672
2017-08-28,15.520000457763672,16.200000762939453,15.170000076293945,15.180000305175781
2017-08-29,15.180000305175781,16.75,15.180000305175781,15.979999542236328
2017-08-30,15.970000267028809,16.3799991607666,15.039999961853027,15.119999885559082
2017-08-31,15.109999656677246,15.109999656677246,14.229999542236328,14.329999923706055
2017-09-01,14.270000457763672,14.470000267028809,13.979999542236328,14.100000381469727
2017-09-05,14.100000381469727,17.40999984741211,14.100000381469727,16.1299991607666
2017-09-06,15.970000267028809,16.489999771118164,15.4399995803833,15.5600004196167
2017-09-07,15.5600004196167,15.770000457763672,15.140000343322754,15.399999618530273
2017-09-08,15.609999656677246,16.3700008392334,15.380000114440918,16.06999969482422
2017-09-11,15.15999984741211,15.220000267028809,13.65999984741211,14.069999694824219
2017-09-12,14.069999694824219,14.09000015258789,13.34000015258789,13.369999885559082
2017-09-13,14.15999984741211,14.300000190734863,12.770000457763672,12.800000190734863
2017-09-14,13.6899995803833,13.819999694824219,12.59000015258789,13.399999618530273
2017-09-15,13.399999618530273,13.760000228881836,12.210000038146973,12.510000228881836
2017-09-18,13.220000267028809,13.989999771118164,12.579999923706055,13.609999656677246
2017-09-19,13.630000114440918,14.0,13.260000228881836,13.300000190734863
2017-09-20,13.300000190734863,14.779999732971191,13.300000190734863,13.420000076293945
2017-09-21,13.420000076293945,14.390000343322754,13.420000076293945,13.710000038146973
2017-09-22,13.699999809265137,14.289999961853027,13.699999809265137,13.8100004196167
2017-09-25,13.8100004196167,16.399999618530273,13.8100004196167,15.649999618530273
2017-09-26,15.640000343322754,15.930000305175781,14.859999656677246,15.279999732971191
2017-09-27,14.930000305175781,15.510000228881836,14.710000038146973,15.319999694824219
2017-09-28,15.319999694824219,15.920000076293945,14.979999542236328,14.979999542236328
2017-09-29,14.979999542236328,14.979999542236328,13.800000190734863,13.850000381469727
2017-10-02,14.220000267028809,14.289999961853027,13.739999771118164,13.880000114440918
2017-10-03,13.880000114440918,14.239999771118164,13.609999656677246,13.619999885559082
2017-10-04,13.619999885559082,13.970000267028809,13.390000343322754,13.449999809265137
2017-10-05,13.279999732971191,13.520000457763672,12.859999656677246,12.880000114440918
2017-10-06,13.289999961853027,13.680000305175781,13.09000015258789,13.329999923706055
2017-10-09,13.329999923706055,14.180000305175781,13.329999923706055,14.039999961853027
2017-10-10,14.130000114440918,14.619999885559082,13.920000076293945,14.289999961853027
2017-10-11,14.289999961853027,14.600000381469727,14.09000015258789,14.09000015258789
2017-10-12,14.359999656677246,14.65999984741211,14.0600004196167,14.329999923706055
2017-10-13,14.329999923706055,14.329999923706055,13.819999694824219,13.970000267028809
2017-10-16,13.970000267028809,14.90999984741211,13.970000267028809,14.489999771118164
2017-10-17,14.84000015258789,14.9399995803833,14.399999618530273,14.399999618530273
2017-10-18,14.399999618530273,14.5600004196167,14.050000190734863,14.319999694824219
2017-10-19,15.279999732971191,15.970000267028809,14.619999885559082,14.640000343322754
2017-10-20,14.640000343322754,14.680000305175781,14.149999618530273,14.319999694824219
2017-10-23,15.039999961853027,15.789999961853027,14.739999771118164,15.739999771118164
2017-10-24,15.680000305175781,16.1200008392334,15.149999618530273,15.510000228881836
2017-10-25,15.510000228881836,17.030000686645508,15.420000076293945,16.309999465942383
2017-10-26,16.56999969482422,16.959999084472656,15.819999694824219,15.819999694824219
2017-10-27,15.390000343322754,15.420000076293945,14.15999984741211,14.300000190734863
2017-10-30,14.300000190734863,15.449999809265137,14.300000190734863,15.050000190734863
2017-10-31,15.050000190734863,15.289999961853027,14.829999923706055,15.0600004196167
2017-11-01,15.0600004196167,15.520000457763672,14.789999961853027,14.949999809265137
2017-11-02,15.15999984741211,15.270000457763672,14.649999618530273,14.699999809265137
2017-11-03,14.699999809265137,14.729999542236328,13.770000457763672,13.899999618530273
2017-11-06,14.510000228881836,14.510000228881836,13.850000381469727,13.899999618530273
2017-11-07,14.109999656677246,14.210000038146973,13.789999961853027,14.119999885559082
2017-11-08,14.119999885559082,14.449999809265137,13.960000038146973,14.0600004196167
2017-11-09,14.9399995803833,16.25,14.800000190734863,15.039999961853027
2017-11-10,15.039999961853027,15.65999984741211,14.930000305175781,15.029999732971191
2017-11-13,16.010000228881836,16.010000228881836,14.680000305175781,14.84000015258789
2017-11-14,14.84000015258789,16.25,14.84000015258789,15.0
2017-11-15,16.15999984741211,16.90999984741211,15.649999618530273,16.09000015258789
2017-11-16,16.079999923706055,16.079999923706055,14.069999694824219,14.3100004196167
2017-11-17,14.329999923706055,14.510000228881836,13.640000343322754,13.789999961853027
2017-11-20,13.789999961853027,14.430000305175781,13.720000267028809,13.819999694824219
2017-11-21,13.75,13.75,12.779999732971191,12.779999732971191
2017-11-22,12.84000015258789,12.90999984741211,12.670000076293945,12.739999771118164
2017-11-24,13.1899995803833,13.1899995803833,12.34000015258789,12.380000114440918
2017-11-27,13.239999771118164,13.270000457763672,12.920000076293945,13.039999961853027
2017-11-28,13.210000038146973,13.670000076293945,13.039999961853027,13.40999984741211
2017-11-29,13.5,16.729999542236328,13.5,16.3799991607666
2017-11-30,15.829999923706055,16.639999389648438,15.529999732971191,15.930000305175781
2017-12-01,15.930000305175781,20.68000030517578,15.829999923706055,16.56999969482422
2017-12-04,16.149999618530273,18.079999923706055,15.920000076293945,18.030000686645508
2017-12-05,18.020000457763672,18.469999313354492,16.40999984741211,17.1200008392334
2017-12-06,17.139999389648438,17.790000915527344,16.520000457763672,16.709999084472656
2017-12-07,16.709999084472656,16.899999618530273,15.859999656677246,15.859999656677246
2017-12-08,15.859999656677246,15.859999656677246,14.420000076293945,14.420000076293945
2017-12-11,13.90999984741211,13.90999984741211,11.819999694824219,12.59000015258789
2017-12-12,12.960000038146973,13.850000381469727,12.069999694824219,12.859999656677246
2017-12-13,12.880000114440918,12.899999618530273,12.0,12.739999771118164
2017-12-14,12.739999771118164,13.260000228881836,12.069999694824219,12.390000343322754
2017-12-15,12.380000114440918,12.989999771118164,11.670000076293945,11.880000114440918
2017-12-18,11.859999656677246,12.649999618530273,11.859999656677246,12.529999732971191
2017-12-19,12.529999732971191,13.0600004196167,12.40999984741211,12.819999694824219
2017-12-20,13.119999885559082,13.380000114440918,12.720000267028809,12.779999732971191
2017-12-21,13.140000343322754,13.140000343322754,12.25,12.649999618530273
2017-12-22,13.119999885559082,13.140000343322754,12.479999542236328,12.539999961853027
2017-12-26,14.329999923706055,14.350000381469727,13.5600004196167,13.640000343322754
2017-12-27,14.0600004196167,14.4399995803833,13.75,14.289999961853027
2017-12-28,14.289999961853027,14.65999984741211,14.119999885559082,14.619999885559082
2017-12-29,14.760000228881836,15.890000343322754,14.720000267028809,15.680000305175781
2018-01-02,16.149999618530273,16.270000457763672,14.869999885559082,14.930000305175781
2018-01-03,14.930000305175781,14.949999809265137,13.850000381469727,14.15999984741211
2018-01-04,14.0600004196167,14.5600004196167,13.720000267028809,13.970000267028809
2018-01-05,13.859999656677246,14.100000381469727,13.460000038146973,13.479999542236328
2018-01-08,13.930000305175781,14.34000015258789,13.75,13.84000015258789
2018-01-09,13.84000015258789,14.630000114440918,13.84000015258789,14.630000114440918
2018-01-10,14.630000114440918,15.65999984741211,14.630000114440918,15.279999732971191
2018-01-11,15.279999732971191,15.640000343322754,14.739999771118164,14.770000457763672
2018-01-12,15.399999618530273,15.529999732971191,14.529999732971191,14.569999694824219
2018-01-16,14.569999694824219,17.170000076293945,14.569999694824219,16.34000015258789
2018-01-17,16.329999923706055,16.719999313354492,15.930000305175781,16.200000762939453
2018-01-18,16.200000762939453,17.1200008392334,16.190000534057617,16.950000762939453
2018-01-19,16.969999313354492,17.09000015258789,15.970000267028809,16.149999618530273
2018-01-22,17.0,17.020000457763672,16.190000534057617,16.290000915527344
2018-01-23,16.290000915527344,17.31999969482422,16.290000915527344,16.75
2018-01-24,16.780000686645508,18.709999084472656,16.780000686645508,17.899999618530273
2018-01-25,17.899999618530273,18.559999465942383,17.809999465942383,18.25
2018-01-26,18.1200008392334,18.219999313354492,17.520000457763672,17.520000457763672
2018-01-29,18.260000228881836,19.56999969482422,18.18000030517578,19.219999313354492
2018-01-30,20.3700008392334,20.709999084472656,19.399999618530273,20.350000381469727
2018-01-31,20.34000015258789,20.34000015258789,19.06999969482422,19.649999618530273
2018-02-01,19.600000381469727,20.239999771118164,17.610000610351562,19.149999618530273
2018-02-02,19.110000610351562,20.829999923706055,18.34000015258789,20.65999984741211
2018-02-05,20.670000076293945,33.11000061035156,19.549999237060547,33.02000045776367
2018-02-06,33.02000045776367,38.18000030517578,22.8700008392334,26.700000762939453
2018-02-07,27.1299991607666,27.1299991607666,19.940000534057617,24.729999542236328
2018-02-08,24.93000030517578,35.4900016784668,23.040000915527344,33.88999938964844
2018-02-09,31.8799991607666,37.75,28.760000228881836,29.6200008392334
2018-02-12,28.600000381469727,31.190000534057617,24.1299991607666,24.940000534057617
2018-02-13,24.940000534057617,26.100000381469727,23.450000762939453,23.709999084472656
2018-02-14,23.670000076293945,24.06999969482422,19.84000015258789,20.8700008392334
2018-02-15,20.860000610351562,22.059999465942383,19.18000030517578,20.850000381469727
2018-02-16,20.5,21.31999969482422,18.8700008392334,20.459999084472656
2018-02-20,20.459999084472656,22.510000228881836,20.459999084472656,21.670000076293945
2018-02-21,21.6299991607666,22.739999771118164,18.93000030517578,22.489999771118164
2018-02-22,22.0,22.5,20.610000610351562,20.90999984741211
2018-02-23,20.90999984741211,21.139999389648438,17.59000015258789,18.15999984741211
2018-02-26,18.149999618530273,19.459999084472656,18.1200008392334,18.1200008392334
2018-02-27,18.110000610351562,21.1200008392334,18.110000610351562,20.489999771118164
2018-02-28,20.530000686645508,22.8799991607666,18.899999618530273,22.010000228881836
2018-03-01,22.010000228881836,27.280000686645508,21.8799991607666,24.739999771118164
2018-03-02,24.760000228881836,28.280000686645508,20.68000030517578,21.530000686645508
2018-03-05,22.729999542236328,23.40999984741211,20.270000457763672,20.600000381469727
2018-03-06,20.079999923706055,21.479999542236328,19.299999237060547,20.600000381469727
2018-03-07,20.600000381469727,22.1200008392334,20.1200008392334,20.43000030517578
2018-03-08,19.93000030517578,20.489999771118164,19.1200008392334,19.260000228881836
2018-03-09,19.260000228881836,19.260000228881836,17.139999389648438,17.299999237060547
2018-03-12,16.719999313354492,17.889999389648438,16.459999084472656,17.559999465942383
2018-03-13,17.559999465942383,19.549999237060547,17.079999923706055,19.239999771118164
2018-03-14,18.950000762939453,19.959999084472656,18.149999618530273,19.520000457763672
2018-03-15,19.520000457763672,19.809999465942383,18.40999984741211,18.450000762939453
2018-03-16,18.799999237060547,18.829999923706055,17.149999618530273,17.639999389648438
2018-03-19,20.020000457763672,24.309999465942383,19.670000076293945,22.059999465942383
2018-03-20,22.059999465942383,23.510000228881836,21.760000228881836,22.1299991607666
2018-03-21,22.110000610351562,23.15999984741211,19.760000228881836,22.059999465942383
2018-03-22,25.040000915527344,26.829999923706055,23.969999313354492,26.6299991607666
2018-03-23,26.6299991607666,29.84000015258789,24.709999084472656,28.350000381469727
2018-03-26,28.309999465942383,29.149999618530273,24.850000381469727,25.149999618530273
2018-03-27,24.209999084472656,30.75,24.049999237060547,29.010000228881836
2018-03-28,29.010000228881836,33.630001068115234,29.010000228881836,30.190000534057617
2018-03-29,30.190000534057617,30.329999923706055,25.790000915527344,26.68000030517578
2018-04-02,28.68000030517578,31.600000381469727,28.020000457763672,29.920000076293945
2018-04-03,29.920000076293945,30.719999313354492,27.280000686645508,28.049999237060547
2018-04-04,30.809999465942383,30.809999465942383,25.81999969482422,26.290000915527344
2018-04-05,26.239999771118164,26.239999771118164,24.84000015258789,25.030000686645508
2018-04-06,26.43000030517578,28.68000030517578,25.40999984741211,27.43000030517578
2018-04-09,27.43000030517578,27.65999984741211,25.40999984741211,26.950000762939453
2018-04-10,26.950000762939453,26.979999542236328,24.93000030517578,25.149999618530273
2018-04-11,25.139999389648438,25.65999984741211,24.200000762939453,24.690000534057617
2018-04-12,24.34000015258789,24.3799991607666,22.719999313354492,22.899999618530273
2018-04-13,22.899999618530273,22.969999313354492,21.709999084472656,22.059999465942383
2018-04-16,22.06999969482422,22.440000534057617,20.350000381469727,20.450000762939453
2018-04-17,20.34000015258789,20.34000015258789,19.25,19.43000030517578
2018-04-18,19.43000030517578,20.34000015258789,19.3700008392334,19.3799991607666
2018-04-19,20.309999465942383,21.079999923706055,19.399999618530273,20.15999984741211
2018-04-20,20.469999313354492,22.3799991607666,20.420000076293945,21.6299991607666
2018-04-23,22.110000610351562,23.15999984741211,21.280000686645508,22.1200008392334
2018-04-24,22.040000915527344,25.25,21.719999313354492,23.6200008392334
2018-04-25,23.6200008392334,25.600000381469727,22.479999542236328,23.06999969482422
2018-04-26,23.06999969482422,23.06999969482422,20.360000610351562,20.360000610351562
2018-04-27,20.350000381469727,22.43000030517578,20.350000381469727,20.520000457763672
2018-04-30,20.760000228881836,21.68000030517578,20.459999084472656,21.059999465942383
2018-05-01,21.020000457763672,21.549999237060547,19.68000030517578,19.709999084472656
2018-05-02,20.100000381469727,20.520000457763672,18.84000015258789,19.760000228881836
2018-05-03,20.440000534057617,21.8700008392334,19.649999618530273,19.649999618530273
2018-05-04,19.649999618530273,20.6299991607666,18.350000381469727,18.40999984741211
2018-05-07,18.600000381469727,19.229999542236328,18.329999923706055,18.709999084472656
2018-05-08,18.709999084472656,19.25,18.469999313354492,18.479999542236328
2018-05-09,18.420000076293945,19.1200008392334,17.600000381469727,17.6200008392334
2018-05-10,17.6299991607666,17.790000915527344,16.299999237060547,16.3799991607666
2018-05-11,16.3799991607666,17.010000228881836,15.979999542236328,16.190000534057617
2018-05-14,16.610000610351562,16.68000030517578,15.960000038146973,16.079999923706055
2018-05-15,16.079999923706055,18.239999771118164,16.079999923706055,17.510000228881836
2018-05-16,17.459999084472656,17.950000762939453,16.709999084472656,16.709999084472656
2018-05-17,17.59000015258789,17.68000030517578,16.260000228881836,17.190000534057617
2018-05-18,17.190000534057617,17.530000686645508,16.739999771118164,16.8700008392334
2018-05-21,16.809999465942383,17.530000686645508,16.690000534057617,16.920000076293945
2018-05-22,16.229999542236328,17.229999542236328,16.219999313354492,16.920000076293945
2018-05-23,17.8799991607666,18.06999969482422,16.270000457763672,16.270000457763672
2018-05-24,16.270000457763672,17.639999389648438,15.819999694824219,15.819999694824219
2018-05-25,15.829999923706055,16.610000610351562,15.789999961853027,16.059999465942383
2018-05-29,17.6299991607666,19.399999618530273,17.469999313354492,18.420000076293945
2018-05-30,18.420000076293945,18.420000076293945,16.959999084472656,17.06999969482422
2018-05-31,17.06999969482422,17.860000610351562,16.530000686645508,16.780000686645508
2018-06-01,16.479999542236328,16.489999771118164,15.0,15.109999656677246
2018-06-04,15.109999656677246,15.979999542236328,15.109999656677246,15.489999771118164
2018-06-05,15.5,16.049999237060547,15.149999618530273,15.329999923706055
2018-06-06,15.319999694824219,15.75,14.930000305175781,15.510000228881836
2018-06-07,15.529999732971191,16.8799991607666,15.529999732971191,16.450000762939453
2018-06-08,16.40999984741211,19.940000534057617,16.299999237060547,16.510000228881836
2018-06-11,16.510000228881836,17.25,15.979999542236328,16.450000762939453
2018-06-12,16.43000030517578,16.43000030517578,15.180000305175781,15.699999809265137
2018-06-13,15.699999809265137,17.149999618530273,15.449999809265137,16.31999969482422
2018-06-14,16.329999923706055,16.329999923706055,15.489999771118164,15.9399995803833
2018-06-15,16.110000610351562,17.360000610351562,15.069999694824219,15.420000076293945
2018-06-18,15.420000076293945,17.920000076293945,15.420000076293945,16.81999969482422
2018-06-19,18.709999084472656,19.239999771118164,17.290000915527344,17.290000915527344
2018-06-20,17.290000915527344,17.360000610351562,16.729999542236328,16.889999389648438
2018-06-21,16.889999389648438,19.06999969482422,16.889999389648438,18.889999389648438
2018-06-22,18.90999984741211,19.200000762939453,17.829999923706055,18.3799991607666
2018-06-25,20.40999984741211,24.170000076293945,20.09000015258789,21.940000534057617
2018-06-26,21.940000534057617,22.09000015258789,20.219999313354492,20.510000228881836
2018-06-27,20.09000015258789,23.170000076293945,19.65999984741211,22.75
2018-06-28,22.75,23.6200008392334,21.309999465942383,21.760000228881836
2018-06-29,20.90999984741211,21.65999984741211,20.09000015258789,20.8799991607666
2018-07-02,22.700000762939453,23.209999084472656,20.790000915527344,20.809999465942383
2018-07-03,20.809999465942383,21.81999969482422,20.530000686645508,21.790000915527344
2018-07-05,21.100000381469727,21.790000915527344,20.350000381469727,20.350000381469727
2018-07-06,20.350000381469727,20.600000381469727,18.43000030517578,18.719999313354492
2018-07-09,18.790000915527344,19.030000686645508,17.90999984741211,17.90999984741211
2018-07-10,18.1200008392334,18.510000228881836,17.8700008392334,17.899999618530273
2018-07-11,17.899999618530273,19.059999465942383,17.899999618530273,18.270000457763672
2018-07-12,18.299999237060547,18.299999237060547,17.0,17.1200008392334
2018-07-13,17.110000610351562,17.469999313354492,16.809999465942383,16.8799991607666
2018-07-16,17.31999969482422,17.719999313354492,17.09000015258789,17.719999313354492
2018-07-17,18.1299991607666,18.18000030517578,16.520000457763672,16.709999084472656
2018-07-18,16.65999984741211,17.260000228881836,16.479999542236328,16.530000686645508
2018-07-19,17.030000686645508,17.530000686645508,16.8700008392334,17.350000381469727
2018-07-20,17.200000762939453,17.420000076293945,16.899999618530273,17.110000610351562
2018-07-23,17.110000610351562,18.31999969482422,16.299999237060547,16.489999771118164
2018-07-24,16.479999542236328,17.540000915527344,15.789999961853027,17.1299991607666
2018-07-25,17.1299991607666,17.81999969482422,15.989999771118164,16.670000076293945
2018-07-26,16.639999389648438,17.780000686645508,16.34000015258789,16.8700008392334
2018-07-27,16.84000015258789,19.799999237060547,16.760000228881836,18.719999313354492
2018-07-30,19.309999465942383,21.170000076293945,19.229999542236328,20.440000534057617
2018-07-31,20.440000534057617,20.549999237060547,19.09000015258789,19.170000076293945
2018-08-01,19.190000534057617,19.389999389648438,18.190000534057617,18.489999771118164
2018-08-02,19.170000076293945,19.3799991607666,16.309999465942383,16.309999465942383
2018-08-03,16.100000381469727,16.559999465942383,15.8100004196167,15.8100004196167
2018-08-06,16.43000030517578,16.510000228881836,15.470000267028809,15.470000267028809
2018-08-07,15.3100004196167,15.380000114440918,14.720000267028809,14.760000228881836
2018-08-08,14.760000228881836,15.289999961853027,14.65999984741211,14.829999923706055
2018-08-09,15.029999732971191,15.119999885559082,14.579999923706055,14.90999984741211
2018-08-10,15.890000343322754,16.850000381469727,15.729999542236328,16.219999313354492
2018-08-13,16.219999313354492,16.969999313354492,15.260000228881836,16.520000457763672
2018-08-14,16.3700008392334,16.760000228881836,15.140000343322754,15.15999984741211
2018-08-15,16.719999313354492,19.100000381469727,16.450000762939453,17.190000534057617
2018-08-16,16.530000686645508,16.829999923706055,15.65999984741211,16.43000030517578
2018-08-17,16.989999771118164,17.360000610351562,15.6899995803833,15.859999656677246
2018-08-20,16.610000610351562,16.90999984741211,16.100000381469727,16.290000915527344
2018-08-21,16.290000915527344,16.290000915527344,15.550000190734863,16.219999313354492
2018-08-22,16.239999771118164,16.68000030517578,15.5,15.640000343322754
2018-08-23,15.979999542236328,16.270000457763672,15.369999885559082,15.789999961853027
2018-08-24,15.619999885559082,15.800000190734863,15.149999618530273,15.15999984741211
2018-08-27,15.430000305175781,15.9399995803833,15.420000076293945,15.600000381469727
2018-08-28,15.489999771118164,15.789999961853027,15.239999771118164,15.420000076293945
2018-08-29,15.359999656677246,15.600000381469727,15.130000114440918,15.270000457763672
2018-08-30,15.270000457763672,16.229999542236328,15.170000076293945,16.020000457763672
2018-08-31,16.209999084472656,16.690000534057617,15.989999771118164,16.040000915527344
2018-09-04,17.670000076293945,18.18000030517578,17.100000381469727,17.100000381469727
2018-09-05,17.489999771118164,19.06999969482422,17.489999771118164,18.649999618530273
2018-09-06,18.649999618530273,20.520000457763672,18.56999969482422,19.170000076293945
2018-09-07,19.190000534057617,20.510000228881836,18.950000762939453,19.760000228881836
2018-09-10,19.649999618530273,20.280000686645508,18.93000030517578,19.040000915527344
2018-09-11,19.040000915527344,20.020000457763672,17.719999313354492,17.829999923706055
2018-09-12,17.81999969482422,19.170000076293945,17.309999465942383,17.469999313354492
2018-09-13,16.75,17.200000762939453,16.40999984741211,16.450000762939453
2018-09-14,16.450000762939453,16.799999237060547,16.049999237060547,16.1200008392334
2018-09-17,16.520000457763672,18.540000915527344,16.5,18.5
2018-09-18,18.09000015258789,18.309999465942383,16.979999542236328,17.350000381469727
2018-09-19,17.299999237060547,18.229999542236328,16.8700008392334,16.899999618530273
2018-09-20,16.899999618530273,16.899999618530273,16.030000686645508,16.200000762939453
2018-09-21,16.200000762939453,16.84000015258789,15.609999656677246,16.84000015258789
2018-09-24,16.739999771118164,19.049999237060547,16.739999771118164,17.25
2018-09-25,17.389999389648438,17.8799991607666,17.06999969482422,17.06999969482422
2018-09-26,16.90999984741211,17.670000076293945,16.290000915527344,17.399999618530273
2018-09-27,16.8799991607666,17.1299991607666,16.579999923706055,16.75
2018-09-28,17.200000762939453,17.670000076293945,16.530000686645508,16.579999923706055
2018-10-01,16.860000610351562,17.510000228881836,16.489999771118164,17.09000015258789
2018-10-02,17.459999084472656,17.850000381469727,16.799999237060547,17.549999237060547
2018-10-03,17.329999923706055,17.809999465942383,16.979999542236328,17.5
2018-10-04,18.280000686645508,21.709999084472656,18.280000686645508,20.1200008392334
2018-10-05,20.309999465942383,23.860000610351562,19.350000381469727,21.5
2018-10-08,21.5,24.700000762939453,21.5,22.190000534057617
2018-10-09,22.190000534057617,22.709999084472656,20.8799991607666,21.6200008392334
2018-10-10,21.6299991607666,27.6299991607666,21.6299991607666,27.530000686645508
2018-10-11,28.020000457763672,29.959999084472656,25.68000030517578,27.760000228881836
2018-10-12,25.1299991607666,27.59000015258789,24.3799991607666,24.690000534057617
2018-10-15,26.239999771118164,27.68000030517578,24.860000610351562,26.809999465942383
2018-10-16,25.209999084472656,25.40999984741211,22.389999389648438,22.510000228881836
2018-10-17,22.510000228881836,25.1200008392334,22.510000228881836,22.93000030517578
2018-10-18,23.93000030517578,27.139999389648438,23.899999618530273,26.079999923706055
2018-10-19,26.079999923706055,26.270000457763672,23.8799991607666,25.770000457763672
2018-10-22,25.389999389648438,26.6299991607666,24.56999969482422,25.15999984741211
2018-10-23,28.540000915527344,29.270000457763672,24.90999984741211,25.260000228881836
2018-10-24,25.260000228881836,32.18000030517578,25.260000228881836,30.25
2018-10-25,29.239999771118164,29.979999542236328,27.229999542236328,29.540000915527344
2018-10-26,30.770000457763672,33.38999938964844,28.56999969482422,29.8700008392334
2018-10-29,29.8700008392334,35.29999923706055,27.829999923706055,31.75
2018-10-30,32.83000183105469,33.04999923706055,30.530000686645508,30.729999542236328
2018-10-31,28.780000686645508,29.1200008392334,27.200000762939453,29.1200008392334
2018-11-01,28.280000686645508,28.950000762939453,26.09000015258789,26.1200008392334
2018-11-02,26.1200008392334,28.649999618530273,24.690000534057617,26.649999618530273
2018-11-05,27.6200008392334,28.950000762939453,27.040000915527344,27.260000228881836
2018-11-06,27.56999969482422,27.579999923706055,26.110000610351562,26.170000076293945
2018-11-07,24.739999771118164,24.8700008392334,22.329999923706055,22.389999389648438
2018-11-08,22.809999465942383,23.239999771118164,22.290000915527344,22.860000610351562
2018-11-09,23.790000915527344,25.200000762939453,23.68000030517578,24.270000457763672
2018-11-12,25.770000457763672,28.6299991607666,25.579999923706055,28.110000610351562
2018-11-13,27.190000534057617,28.43000030517578,26.3799991607666,27.68000030517578
2018-11-14,26.709999084472656,29.350000381469727,26.700000762939453,28.3700008392334
2018-11-15,28.260000228881836,29.09000015258789,25.90999984741211,26.049999237060547
2018-11-16,27.43000030517578,27.65999984741211,24.3799991607666,24.3799991607666
2018-11-19,25.979999542236328,28.559999465942383,25.920000076293945,27.440000534057617
2018-11-20,29.489999771118164,30.889999389648438,27.899999618530273,28.770000457763672
2018-11-21,27.600000381469727,28.239999771118164,26.329999923706055,26.959999084472656
2018-11-23,27.940000534057617,27.979999542236328,27.260000228881836,27.93000030517578
2018-11-26,27.93000030517578,27.93000030517578,25.790000915527344,26.020000457763672
2018-11-27,26.040000915527344,26.649999618530273,24.59000015258789,24.729999542236328
2018-11-28,24.309999465942383,24.889999389648438,23.59000015258789,24.110000610351562
2018-11-29,24.25,25.290000915527344,24.110000610351562,24.329999923706055
2018-11-30,24.329999923706055,25.270000457763672,23.899999618530273,24.020000457763672
2018-12-03,21.270000457763672,22.420000076293945,21.270000457763672,21.700000762939453
2018-12-04,22.170000076293945,25.690000534057617,21.6299991607666,25.3799991607666
2018-12-06,28.100000381469727,28.639999389648438,25.700000762939453,25.969999313354492
2018-12-07,25.969999313354492,28.81999969482422,24.889999389648438,28.030000686645508
2018-12-10,28.790000915527344,30.06999969482422,27.100000381469727,27.200000762939453
2018-12-11,26.100000381469727,27.65999984741211,25.780000686645508,26.770000457763672
2018-12-12,25.739999771118164,26.739999771118164,24.90999984741211,26.299999237060547
2018-12-13,25.979999542236328,26.540000915527344,25.420000076293945,25.799999237060547
2018-12-14,25.799999237060547,27.93000030517578,25.799999237060547,27.6200008392334
2018-12-17,28.59000015258789,31.049999237060547,27.829999923706055,30.06999969482422
2018-12-18,29.709999084472656,29.920000076293945,27.920000076293945,29.309999465942383
2018-12-19,29.6200008392334,30.979999542236328,27.760000228881836,29.43000030517578
2018-12-20,29.690000534057617,32.720001220703125,28.760000228881836,31.0
2018-12-21,31.729999542236328,34.56999969482422,30.219999313354492,33.869998931884766
2018-12-24,35.63999938964844,38.70000076293945,35.36000061035156,38.68000030517578
2018-12-26,37.599998474121094,38.58000183105469,33.11000061035156,33.70000076293945
2018-12-27,35.689998626708984,38.54999923706055,34.150001525878906,34.369998931884766
2018-12-28,34.369998931884766,35.06999969482422,32.689998626708984,34.20000076293945
2018-12-31,33.83000183105469,33.91999816894531,31.440000534057617,31.440000534057617
2019-01-02,34.0099983215332,34.0099983215332,30.09000015258789,30.09000015258789
2019-01-03,31.43000030517578,32.939998626708984,31.010000228881836,32.18000030517578
2019-01-04,30.6200008392334,30.989999771118164,28.229999542236328,28.56999969482422
2019-01-07,29.469999313354492,29.549999237060547,28.239999771118164,28.530000686645508
2019-01-08,27.84000015258789,29.420000076293945,27.579999923706055,27.65999984741211
2019-01-09,27.40999984741211,27.770000457763672,26.219999313354492,26.420000076293945
2019-01-10,26.420000076293945,27.649999618530273,25.700000762939453,25.90999984741211
2019-01-11,26.559999465942383,26.65999984741211,24.719999313354492,24.780000686645508
2019-01-14,26.690000534057617,27.170000076293945,25.079999923706055,25.739999771118164
2019-01-15,25.440000534057617,25.540000915527344,23.489999771118164,23.65999984741211
2019-01-16,23.65999984741211,24.139999389648438,23.09000015258789,24.06999969482422
2019-01-17,24.299999237060547,24.420000076293945,22.6200008392334,23.34000015258789
2019-01-18,22.540000915527344,23.059999465942383,21.479999542236328,21.889999389648438
2019-01-22,23.65999984741211,26.030000686645508,23.600000381469727,25.020000457763672
2019-01-23,25.020000457763672,26.600000381469727,24.079999923706055,24.5
2019-01-24,24.350000381469727,24.760000228881836,22.989999771118164,23.489999771118164
2019-01-25,23.489999771118164,23.489999771118164,21.700000762939453,21.780000686645508
2019-01-28,21.780000686645508,24.68000030517578,21.780000686645508,23.43000030517578
2019-01-29,23.43000030517578,24.3799991607666,23.34000015258789,23.860000610351562
2019-01-30,23.850000381469727,23.850000381469727,20.649999618530273,21.18000030517578
2019-01-31,21.079999923706055,21.209999084472656,19.6200008392334,20.239999771118164
2019-02-01,20.239999771118164,20.690000534057617,19.530000686645508,19.799999237060547
2019-02-04,19.799999237060547,20.600000381469727,19.34000015258789,19.68000030517578
2019-02-05,19.40999984741211,19.799999237060547,19.040000915527344,19.469999313354492
2019-02-06,19.469999313354492,20.229999542236328,19.260000228881836,19.739999771118164
2019-02-07,19.75,21.959999084472656,19.75,20.920000076293945
2019-02-08,20.920000076293945,22.190000534057617,19.790000915527344,20.040000915527344
2019-02-11,20.040000915527344,20.799999237060547,19.920000076293945,20.06999969482422
2019-02-12,20.059999465942383,20.059999465942383,18.559999465942383,18.690000534057617
2019-02-13,18.690000534057617,19.31999969482422,18.479999542236328,19.0
2019-02-14,19.0,20.65999984741211,18.68000030517578,19.020000457763672
2019-02-15,19.049999237060547,19.049999237060547,17.68000030517578,17.700000762939453
2019-02-19,17.690000534057617,19.06999969482422,17.690000534057617,18.100000381469727
2019-02-20,18.100000381469727,18.739999771118164,17.600000381469727,18.020000457763672
2019-02-21,18.010000228881836,19.170000076293945,17.850000381469727,18.190000534057617
2019-02-22,17.889999389648438,18.010000228881836,16.8700008392334,16.950000762939453
2019-02-25,16.809999465942383,17.8799991607666,16.670000076293945,17.809999465942383
2019-02-26,17.809999465942383,18.389999389648438,17.6200008392334,18.110000610351562
2019-02-27,18.149999618530273,19.31999969482422,17.56999969482422,17.600000381469727
2019-02-28,17.59000015258789,18.270000457763672,17.149999618530273,17.170000076293945
2019-03-01,16.780000686645508,17.25,16.049999237060547,16.1200008392334
2019-03-04,16.1200008392334,19.299999237060547,16.1200008392334,17.360000610351562
2019-03-05,17.3799991607666,18.09000015258789,16.850000381469727,17.059999465942383
2019-03-06,17.059999465942383,18.540000915527344,17.059999465942383,18.229999542236328
2019-03-07,18.239999771118164,20.18000030517578,18.239999771118164,19.59000015258789
2019-03-08,19.6200008392334,21.200000762939453,19.1200008392334,19.1200008392334
2019-03-11,19.149999618530273,19.149999618530273,16.34000015258789,16.360000610351562
2019-03-12,16.360000610351562,16.6200008392334,15.619999885559082,15.760000228881836
2019-03-13,15.600000381469727,15.779999732971191,15.300000190734863,15.380000114440918
2019-03-14,15.380000114440918,15.800000190734863,15.270000457763672,15.649999618530273
2019-03-15,15.649999618530273,15.649999618530273,14.550000190734863,15.119999885559082
2019-03-18,15.149999618530273,16.81999969482422,15.149999618530273,16.18000030517578
2019-03-19,16.170000076293945,17.06999969482422,15.9399995803833,16.729999542236328
2019-03-20,16.729999542236328,17.299999237060547,16.139999389648438,16.639999389648438
2019-03-21,17.059999465942383,17.190000534057617,16.280000686645508,16.59000015258789
2019-03-22,16.59000015258789,20.420000076293945,16.59000015258789,19.829999923706055
2019-03-25,19.84000015258789,21.6299991607666,19.440000534057617,19.440000534057617
2019-03-26,19.43000030517578,19.43000030517578,18.229999542236328,18.6299991607666
2019-03-27,18.6299991607666,20.09000015258789,18.3799991607666,18.739999771118164
2019-03-28,18.760000228881836,19.100000381469727,17.959999084472656,17.989999771118164
2019-03-29,18.0,18.0,16.579999923706055,16.6200008392334
2019-04-01,16.5,17.139999389648438,16.239999771118164,16.309999465942383
2019-04-02,16.309999465942383,16.559999465942383,16.09000015258789,16.329999923706055
2019-04-03,16.309999465942383,17.06999969482422,16.170000076293945,16.6200008392334
2019-04-04,16.600000381469727,17.43000030517578,16.540000915527344,16.790000915527344
2019-04-05,16.59000015258789,16.68000030517578,16.170000076293945,16.170000076293945
2019-04-08,16.170000076293945,17.309999465942383,16.170000076293945,16.81999969482422
2019-04-09,17.190000534057617,17.81999969482422,17.18000030517578,17.649999618530273
2019-04-10,17.649999618530273,17.780000686645508,16.75,16.760000228881836
2019-04-11,16.75,17.030000686645508,16.56999969482422,16.65999984741211
2019-04-12,16.420000076293945,16.489999771118164,15.529999732971191,15.630000114440918
2019-04-15,16.100000381469727,17.079999923706055,15.850000381469727,15.930000305175781
2019-04-16,15.930000305175781,16.030000686645508,15.4399995803833,15.880000114440918
2019-04-17,15.829999923706055,16.5,15.40999984741211,15.859999656677246
2019-04-18,15.779999732971191,16.100000381469727,15.140000343322754,15.149999618530273
2019-04-22,16.75,16.75,15.65999984741211,15.739999771118164
2019-04-23,15.84000015258789,16.3700008392334,15.510000228881836,16.149999618530273
2019-04-24,16.399999618530273,17.190000534057617,16.34000015258789,16.670000076293945
2019-04-25,16.670000076293945,18.049999237060547,16.139999389648438,16.489999771118164
2019-04-26,16.6200008392334,16.920000076293945,15.579999923706055,15.789999961853027
2019-04-29,15.789999961853027,16.739999771118164,15.789999961853027,16.440000534057617
2019-04-30,16.40999984741211,17.690000534057617,16.40999984741211,16.600000381469727
2019-05-01,16.270000457763672,17.959999084472656,16.170000076293945,17.93000030517578
2019-05-02,17.84000015258789,19.030000686645508,17.309999465942383,17.6200008392334
2019-05-03,17.6200008392334,17.6200008392334,15.949999809265137,15.979999542236328
2019-05-06,15.979999542236328,19.829999923706055,15.979999542236328,18.700000762939453
2019-05-07,19.899999618530273,24.860000610351562,19.81999969482422,22.860000610351562
2019-05-08,22.860000610351562,23.969999313354492,21.530000686645508,22.520000457763672
2019-05-09,24.670000076293945,26.469999313354492,21.81999969482422,22.030000686645508
2019-05-10,22.139999389648438,23.34000015258789,18.540000915527344,19.100000381469727
2019-05-13,23.260000228881836,25.40999984741211,23.09000015258789,25.25
2019-05-14,23.700000762939453,23.739999771118164,21.170000076293945,22.229999542236328
2019-05-15,23.309999465942383,23.3799991607666,19.780000686645508,19.920000076293945
2019-05-16,19.920000076293945,19.989999771118164,17.860000610351562,18.399999618530273
2019-05-17,19.579999923706055,19.8700008392334,17.6299991607666,19.389999389648438
2019-05-20,21.479999542236328,22.350000381469727,20.8799991607666,21.639999389648438
2019-05-21,20.690000534057617,20.719999313354492,19.329999923706055,19.579999923706055
2019-05-22,19.940000534057617,20.1299991607666,19.25,19.84000015258789
2019-05-23,21.200000762939453,23.059999465942383,21.190000534057617,21.309999465942383
2019-05-24,20.450000762939453,21.31999969482422,20.06999969482422,20.6299991607666
2019-05-28,21.190000534057617,21.959999084472656,20.690000534057617,21.829999923706055
2019-05-29,22.760000228881836,23.229999542236328,21.979999542236328,22.229999542236328
2019-05-30,21.6200008392334,22.600000381469727,20.829999923706055,21.68000030517578
2019-05-31,23.06999969482422,23.43000030517578,22.1299991607666,23.229999542236328
2019-06-03,23.549999237060547,25.010000228881836,22.93000030517578,24.219999313354492
2019-06-04,23.290000915527344,23.559999465942383,21.489999771118164,21.489999771118164
2019-06-05,21.329999923706055,22.3700008392334,20.799999237060547,20.8700008392334
2019-06-06,20.8700008392334,21.100000381469727,19.889999389648438,20.31999969482422
2019-06-07,20.190000534057617,20.219999313354492,19.40999984741211,19.93000030517578
2019-06-10,19.93000030517578,20.579999923706055,19.530000686645508,19.979999542236328
2019-06-11,19.3700008392334,20.549999237060547,19.280000686645508,20.219999313354492
2019-06-12,20.549999237060547,21.079999923706055,20.43000030517578,20.579999923706055
2019-06-13,20.229999542236328,20.530000686645508,19.899999618530273,20.030000686645508
2019-06-14,20.670000076293945,20.84000015258789,19.809999465942383,19.850000381469727
2019-06-17,19.850000381469727,20.3799991607666,19.75,20.040000915527344
2019-06-18,19.65999984741211,19.950000762939453,19.350000381469727,19.510000228881836
2019-06-19,19.5,20.170000076293945,18.43000030517578,18.799999237060547
2019-06-20,18.329999923706055,20.420000076293945,18.209999084472656,18.709999084472656
2019-06-21,19.020000457763672,19.270000457763672,18.450000762939453,19.18000030517578
2019-06-24,19.760000228881836,19.780000686645508,19.3799991607666,19.459999084472656
2019-06-25,19.459999084472656,21.209999084472656,19.459999084472656,20.770000457763672
2019-06-26,20.360000610351562,21.040000915527344,20.079999923706055,20.459999084472656
2019-06-27,20.280000686645508,20.729999542236328,19.770000457763672,20.06999969482422
2019-06-28,20.06999969482422,20.709999084472656,19.700000762939453,19.760000228881836
2019-07-01,17.729999542236328,18.110000610351562,17.450000762939453,17.639999389648438
2019-07-02,17.68000030517578,17.809999465942383,16.260000228881836,16.290000915527344
2019-07-03,16.350000381469727,16.579999923706055,16.010000228881836,16.149999618530273
2019-07-05,16.149999618530273,17.719999313354492,16.149999618530273,16.469999313354492
2019-07-08,17.809999465942383,18.1299991607666,17.600000381469727,17.770000457763672
2019-07-09,18.059999465942383,18.440000534057617,17.270000457763672,17.420000076293945
2019-07-10,17.049999237060547,17.049999237060547,16.360000610351562,16.43000030517578
2019-07-11,16.40999984741211,16.8799991607666,16.09000015258789,16.639999389648438
2019-07-12,16.639999389648438,16.68000030517578,16.040000915527344,16.25
2019-07-15,16.479999542236328,16.700000762939453,16.149999618530273,16.219999313354492
2019-07-16,16.469999313354492,16.850000381469727,15.859999656677246,16.65999984741211
2019-07-17,16.670000076293945,18.030000686645508,16.549999237060547,18.0
2019-07-18,18.209999084472656,18.290000915527344,16.84000015258789,17.010000228881836
2019-07-19,16.739999771118164,17.709999084472656,16.6200008392334,17.690000534057617
2019-07-22,17.899999618530273,18.010000228881836,17.0,17.06999969482422
2019-07-23,16.780000686645508,17.06999969482422,16.059999465942383,16.06999969482422
2019-07-24,16.06999969482422,16.6299991607666,15.119999885559082,15.40999984741211
2019-07-25,15.989999771118164,17.06999969482422,15.760000228881836,16.020000457763672
2019-07-26,16.020000457763672,16.1200008392334,15.180000305175781,15.420000076293945
2019-07-29,16.1299991607666,16.850000381469727,16.1200008392334,16.350000381469727
2019-07-30,17.290000915527344,17.690000534057617,16.959999084472656,17.530000686645508
2019-07-31,17.360000610351562,19.270000457763672,16.700000762939453,18.780000686645508
2019-08-01,18.489999771118164,22.25,17.389999389648438,21.059999465942383
2019-08-02,21.729999542236328,23.540000915527344,21.18000030517578,21.3700008392334
2019-08-05,25.040000915527344,28.299999237060547,24.649999618530273,27.559999465942383
2019-08-06,27.559999465942383,27.559999465942383,23.8799991607666,24.270000457763672
2019-08-07,24.290000915527344,27.010000228881836,23.219999313354492,23.469999313354492
2019-08-08,23.459999084472656,23.459999084472656,20.719999313354492,21.139999389648438
2019-08-09,21.950000762939453,23.75,21.360000610351562,21.770000457763672
2019-08-12,21.770000457763672,25.6200008392334,21.770000457763672,25.18000030517578
2019-08-13,25.209999084472656,25.3799991607666,21.610000610351562,21.81999969482422
2019-08-14,25.190000534057617,26.549999237060547,24.190000534057617,26.3799991607666
2019-08-15,25.93000030517578,27.270000457763672,24.65999984741211,24.790000915527344
2019-08-16,23.549999237060547,23.549999237060547,21.399999618530273,21.510000228881836
2019-08-19,21.510000228881836,21.510000228881836,20.040000915527344,20.43000030517578
2019-08-20,20.389999389648438,21.81999969482422,20.06999969482422,21.270000457763672
2019-08-21,19.65999984741211,20.15999984741211,19.350000381469727,19.809999465942383
2019-08-22,19.790000915527344,21.809999465942383,19.56999969482422,20.829999923706055
2019-08-23,20.829999923706055,24.65999984741211,20.229999542236328,23.65999984741211
2019-08-26,23.68000030517578,24.739999771118164,22.989999771118164,23.239999771118164
2019-08-27,22.600000381469727,25.06999969482422,22.469999313354492,24.110000610351562
2019-08-28,24.84000015258789,26.200000762939453,22.799999237060547,23.1200008392334
2019-08-29,21.75,22.530000686645508,21.06999969482422,21.25
2019-08-30,20.81999969482422,22.579999923706055,20.81999969482422,22.389999389648438
2019-09-03,23.860000610351562,24.309999465942383,23.040000915527344,23.3700008392334
2019-09-04,22.040000915527344,22.440000534057617,21.290000915527344,21.440000534057617
2019-09-05,20.510000228881836,21.010000228881836,19.549999237060547,19.90999984741211
2019-09-06,19.90999984741211,20.110000610351562,18.56999969482422,18.81999969482422
2019-09-09,19.219999313354492,20.049999237060547,18.969999313354492,19.420000076293945
2019-09-10,20.020000457763672,20.729999542236328,19.459999084472656,19.56999969482422
2019-09-11,19.579999923706055,19.799999237060547,18.149999618530273,18.600000381469727
2019-09-12,18.600000381469727,19.34000015258789,17.389999389648438,17.8799991607666
2019-09-13,18.06999969482422,18.489999771118164,17.579999923706055,18.1299991607666
2019-09-16,19.350000381469727,19.610000610351562,18.700000762939453,19.040000915527344
2019-09-17,19.040000915527344,19.469999313354492,18.489999771118164,18.579999923706055
2019-09-18,18.600000381469727,19.920000076293945,17.8799991607666,18.040000915527344
2019-09-19,18.040000915527344,18.040000915527344,17.030000686645508,17.549999237060547
2019-09-20,17.540000915527344,19.459999084472656,16.93000030517578,19.110000610351562
2019-09-23,19.110000610351562,20.110000610351562,18.469999313354492,18.639999389648438
2019-09-24,18.459999084472656,21.09000015258789,18.459999084472656,20.450000762939453
2019-09-25,20.450000762939453,22.110000610351562,18.68000030517578,19.139999389648438
2019-09-26,19.440000534057617,20.260000228881836,19.030000686645508,19.40999984741211
2019-09-27,19.280000686645508,22.329999923706055,18.8799991607666,20.889999389648438
2019-09-30,20.889999389648438,21.190000534057617,19.940000534057617,20.030000686645508
2019-10-01,19.809999465942383,22.190000534057617,19.440000534057617,21.950000762939453
2019-10-02,23.020000457763672,24.399999618530273,22.950000762939453,23.709999084472656
2019-10-03,23.579999923706055,25.270000457763672,22.280000686645508,22.329999923706055
2019-10-04,22.329999923706055,22.329999923706055,20.149999618530273,20.239999771118164
2019-10-07,20.25,21.829999923706055,20.25,21.6299991607666
2019-10-08,22.760000228881836,23.59000015258789,21.670000076293945,23.399999618530273
2019-10-09,22.6299991607666,23.0,21.469999313354492,21.8799991607666
2019-10-10,22.389999389648438,22.389999389648438,20.950000762939453,21.0
2019-10-11,20.040000915527344,21.6200008392334,18.969999313354492,19.440000534057617
2019-10-14,19.899999618530273,20.030000686645508,18.510000228881836,18.610000610351562
2019-10-15,18.610000610351562,18.610000610351562,17.040000915527344,17.18000030517578
2019-10-16,17.940000534057617,18.110000610351562,17.43000030517578,17.579999923706055
2019-10-17,17.579999923706055,17.989999771118164,17.25,17.389999389648438
2019-10-18,17.649999618530273,18.889999389648438,17.360000610351562,17.81999969482422
2019-10-21,18.170000076293945,18.399999618530273,17.3799991607666,17.389999389648438
2019-10-22,17.219999313354492,18.459999084472656,17.110000610351562,18.34000015258789
2019-10-23,18.34000015258789,18.559999465942383,17.309999465942383,17.780000686645508
2019-10-24,17.780000686645508,18.079999923706055,16.3700008392334,17.350000381469727
2019-10-25,17.3799991607666,17.399999618530273,16.170000076293945,16.170000076293945
2019-10-28,16.170000076293945,17.389999389648438,16.170000076293945,16.809999465942383
2019-10-29,17.020000457763672,17.8700008392334,16.850000381469727,17.469999313354492
2019-10-30,17.469999313354492,18.1299991607666,16.360000610351562,16.709999084472656
2019-10-31,17.15999984741211,18.229999542236328,17.15999984741211,17.360000610351562
2019-11-01,17.020000457763672,17.040000915527344,16.1299991607666,16.270000457763672
2019-11-04,16.270000457763672,17.139999389648438,16.270000457763672,16.559999465942383
2019-11-05,16.809999465942383,17.1200008392334,16.6299991607666,17.079999923706055
2019-11-06,17.280000686645508,17.459999084472656,16.399999618530273,16.450000762939453
2019-11-07,16.450000762939453,16.760000228881836,16.200000762939453,16.65999984741211
2019-11-08,16.760000228881836,17.350000381469727,16.110000610351562,16.170000076293945
2019-11-11,16.920000076293945,16.979999542236328,15.930000305175781,16.040000915527344
2019-11-12,16.139999389648438,16.399999618530273,15.739999771118164,15.859999656677246
2019-11-13,16.489999771118164,16.690000534057617,15.989999771118164,16.239999771118164
2019-11-14,16.239999771118164,16.719999313354492,15.739999771118164,15.850000381469727
2019-11-15,15.460000038146973,15.649999618530273,14.550000190734863,14.569999694824219
2019-11-18,15.569999694824219,15.789999961853027,14.819999694824219,14.9399995803833
2019-11-19,14.890000343322754,15.489999771118164,14.819999694824219,15.25
2019-11-20,15.720000267028809,17.270000457763672,15.34000015258789,15.609999656677246
2019-11-21,15.930000305175781,16.690000534057617,15.930000305175781,16.06999969482422
2019-11-22,15.90999984741211,16.81999969482422,15.520000457763672,15.600000381469727
2019-11-25,15.739999771118164,15.739999771118164,15.029999732971191,15.079999923706055
2019-11-26,15.149999618530273,15.270000457763672,14.630000114440918,14.779999732971191
2019-11-27,14.9399995803833,14.970000267028809,14.529999732971191,14.859999656677246
2019-11-29,15.619999885559082,15.930000305175781,15.550000190734863,15.84000015258789
2019-12-02,16.700000762939453,18.790000915527344,16.700000762939453,18.06999969482422
2019-12-03,18.06999969482422,21.18000030517578,18.06999969482422,19.15999984741211
2019-12-04,18.43000030517578,18.579999923706055,17.719999313354492,18.329999923706055
2019-12-05,18.1200008392334,18.899999618530273,17.889999389648438,17.969999313354492
2019-12-06,16.989999771118164,17.059999465942383,16.280000686645508,16.440000534057617
2019-12-09,17.18000030517578,18.219999313354492,16.8799991607666,18.149999618530273
2019-12-10,18.149999618530273,18.75,17.600000381469727,18.020000457763672
2019-12-11,17.989999771118164,18.229999542236328,17.3799991607666,17.40999984741211
2019-12-12,17.860000610351562,18.020000457763672,16.200000762939453,16.549999237060547
2019-12-13,16.549999237060547,16.950000762939453,14.979999542236328,15.09000015258789
2019-12-16,14.34000015258789,14.34000015258789,13.579999923706055,14.020000457763672
2019-12-17,14.020000457763672,14.510000228881836,13.739999771118164,14.420000076293945
2019-12-18,14.319999694824219,14.84000015258789,14.130000114440918,14.75
2019-12-19,14.75,14.890000343322754,14.329999923706055,14.420000076293945
2019-12-20,14.260000228881836,14.779999732971191,14.020000457763672,14.470000267028809
2019-12-23,14.470000267028809,15.180000305175781,14.470000267028809,15.15999984741211
2019-12-24,15.15999984741211,15.5,14.890000343322754,15.140000343322754
2019-12-26,15.140000343322754,15.579999923706055,14.90999984741211,15.069999694824219
2019-12-27,15.069999694824219,16.8799991607666,15.069999694824219,16.360000610351562
2019-12-30,16.3700008392334,18.510000228881836,16.3700008392334,17.899999618530273
2019-12-31,17.90999984741211,18.510000228881836,16.780000686645508,16.889999389648438
2020-01-02,16.899999618530273,17.06999969482422,15.770000457763672,16.0
2020-01-03,17.469999313354492,17.549999237060547,16.209999084472656,16.950000762939453
2020-01-06,16.950000762939453,18.3799991607666,16.93000030517578,17.190000534057617
2020-01-07,17.25,17.8799991607666,16.860000610351562,17.149999618530273
2020-01-08,17.149999618530273,17.469999313354492,16.110000610351562,16.93000030517578
2020-01-09,16.209999084472656,16.940000534057617,16.030000686645508,16.040000915527344
2020-01-10,16.040000915527344,16.600000381469727,15.859999656677246,16.479999542236328
2020-01-13,16.469999313354492,17.260000228881836,15.260000228881836,15.569999694824219
2020-01-14,15.819999694824219,16.649999618530273,15.029999732971191,15.829999923706055
2020-01-15,15.829999923706055,16.170000076293945,15.539999961853027,15.539999961853027
2020-01-16,15.539999961853027,15.539999961853027,14.710000038146973,14.949999809265137
2020-01-17,14.84000015258789,15.430000305175781,14.699999809265137,14.970000267028809
2020-01-21,14.970000267028809,17.0,14.970000267028809,16.219999313354492
2020-01-22,16.229999542236328,16.610000610351562,15.5,16.489999771118164
2020-01-23,16.8799991607666,17.559999465942383,16.110000610351562,16.229999542236328
2020-01-24,16.229999542236328,19.209999084472656,15.970000267028809,18.06999969482422
2020-01-27,21.43000030517578,21.8700008392334,20.3700008392334,21.459999084472656
2020-01-28,21.459999084472656,21.459999084472656,18.889999389648438,19.610000610351562
2020-01-29,19.6200008392334,20.520000457763672,18.6299991607666,19.56999969482422
2020-01-30,19.399999618530273,21.5,17.510000228881836,17.75
2020-01-31,19.540000915527344,22.440000534057617,19.540000915527344,21.329999923706055
2020-02-03,21.329999923706055,21.329999923706055,19.719999313354492,20.399999618530273
2020-02-04,20.350000381469727,20.350000381469727,18.030000686645508,18.450000762939453
2020-02-05,18.5,19.209999084472656,17.850000381469727,18.520000457763672
2020-02-06,18.84000015258789,19.030000686645508,18.25,18.40999984741211
2020-02-07,18.40999984741211,19.950000762939453,18.40999984741211,19.420000076293945
2020-02-10,20.40999984741211,20.420000076293945,19.190000534057617,19.309999465942383
2020-02-11,19.309999465942383,19.84000015258789,18.68000030517578,19.65999984741211
2020-02-12,19.670000076293945,19.670000076293945,17.969999313354492,18.040000915527344
2020-02-13,18.030000686645508,19.489999771118164,17.969999313354492,18.459999084472656
2020-02-14,18.450000762939453,18.809999465942383,17.950000762939453,17.950000762939453
2020-02-18,17.959999084472656,20.020000457763672,17.959999084472656,19.1200008392334
2020-02-19,19.1299991607666,19.1299991607666,18.059999465942383,18.579999923706055
2020-02-20,18.56999969482422,21.889999389648438,18.56999969482422,20.329999923706055
2020-02-21,21.079999923706055,23.639999389648438,20.700000762939453,22.459999084472656
2020-02-24,22.459999084472656,31.290000915527344,22.459999084472656,29.229999542236328
2020-02-25,29.18000030517578,32.47999954223633,26.209999084472656,31.030000686645508
2020-02-26,30.989999771118164,32.0,27.600000381469727,30.3799991607666
2020-02-27,30.3799991607666,41.029998779296875,30.3799991607666,41.0
2020-02-28,40.90999984741211,49.15999984741211,40.90999984741211,43.130001068115234
2020-03-02,39.790000915527344,41.31999969482422,33.400001525878906,35.099998474121094
2020-03-03,35.099998474121094,41.83000183105469,30.329999923706055,39.33000183105469
2020-03-04,39.33000183105469,39.33000183105469,32.5,33.540000915527344
2020-03-05,37.63999938964844,44.54999923706055,36.04999923706055,41.400001525878906
2020-03-06,48.470001220703125,50.88999938964844,43.5099983215332,43.970001220703125
2020-03-09,44.15999984741211,57.290000915527344,44.15999984741211,53.68000030517578
2020-03-10,53.68000030517578,54.709999084472656,46.470001220703125,47.43000030517578
2020-03-11,47.13999938964844,53.52000045776367,47.13999938964844,50.70000076293945
2020-03-12,50.720001220703125,68.1500015258789,50.650001525878906,67.83000183105469
2020-03-13,67.94999694824219,68.66000366210938,50.349998474121094,51.84000015258789
2020-03-16,51.0099983215332,82.47000122070312,51.0099983215332,80.08000183105469
2020-03-17,75.48999786376953,79.83999633789062,67.44000244140625,71.55000305175781
2020-03-18,71.55000305175781,84.66999816894531,69.05999755859375,74.22000122070312
2020-03-19,74.08000183105469,79.94999694824219,65.87000274658203,69.12000274658203
2020-03-20,68.44000244140625,68.44000244140625,54.939998626708984,63.849998474121094
2020-03-23,63.849998474121094,67.27999877929688,57.369998931884766,58.36000061035156
2020-03-24,58.41999816894531,58.41999816894531,49.040000915527344,56.95000076293945
2020-03-25,57.2400016784668,62.63999938964844,57.2400016784668,60.9900016784668
2020-03-26,60.93000030517578,60.93000030517578,55.79999923706055,57.599998474121094
2020-03-27,57.599998474121094,62.52000045776367,57.599998474121094,61.380001068115234
2020-03-30,61.52000045776367,61.52000045776367,54.779998779296875,55.040000915527344
2020-03-31,55.02000045776367,55.02000045776367,50.15999984741211,51.290000915527344
2020-04-01,51.2599983215332,55.689998626708984,51.099998474121094,54.290000915527344
2020-04-02,54.040000915527344,54.040000915527344,48.18000030517578,48.90999984741211
2020-04-03,48.689998626708984,48.689998626708984,44.7400016784668,44.869998931884766
2020-04-06,44.869998931884766,44.869998931884766,40.779998779296875,42.93000030517578
2020-04-07,42.91999816894531,45.529998779296875,42.33000183105469,44.689998626708984
2020-04-08,44.689998626708984,44.880001068115234,41.91999816894531,42.34000015258789
2020-04-09,42.369998931884766,43.5,41.119998931884766,41.36000061035156
2020-04-13,41.36000061035156,44.720001220703125,41.18000030517578,41.34000015258789
2020-04-14,41.2599983215332,41.2599983215332,37.7599983215332,38.33000183105469
2020-04-15,38.349998474121094,42.220001220703125,38.349998474121094,40.849998474121094
2020-04-16,40.84000015258789,42.77000045776367,39.2599983215332,40.36000061035156
2020-04-17,40.34000015258789,40.400001525878906,38.15999984741211,38.369998931884766
2020-04-20,38.38999938964844,43.880001068115234,38.36000061035156,43.849998474121094
2020-04-21,43.93000030517578,47.880001068115234,43.93000030517578,45.369998931884766
2020-04-22,45.310001373291016,45.310001373291016,41.83000183105469,42.369998931884766
2020-04-23,40.9900016784668,42.209999084472656,39.95000076293945,41.65999984741211
2020-04-24,41.65999984741211,41.65999984741211,36.279998779296875,36.5
2020-04-27,36.5099983215332,36.5099983215332,34.77000045776367,35.2599983215332
2020-04-28,35.2599983215332,37.40999984741211,34.2599983215332,36.61000061035156
2020-04-29,36.61000061035156,36.66999816894531,32.81999969482422,32.849998474121094
2020-04-30,32.90999984741211,38.119998931884766,32.90999984741211,35.279998779296875
2020-05-01,35.279998779296875,39.459999084472656,35.279998779296875,37.7599983215332
2020-05-04,37.790000915527344,40.130001068115234,36.59000015258789,36.86000061035156
2020-05-05,36.83000183105469,36.86000061035156,33.41999816894531,35.369998931884766
2020-05-06,35.36000061035156,35.81999969482422,33.86000061035156,35.599998474121094
2020-05-07,35.599998474121094,35.599998474121094,32.869998931884766,33.58000183105469
2020-05-08,33.529998779296875,33.619998931884766,30.469999313354492,30.639999389648438
2020-05-11,30.709999084472656,31.790000915527344,28.520000457763672,28.81999969482422
2020-05-12,28.81999969482422,33.29999923706055,26.90999984741211,33.29999923706055
2020-05-13,33.29999923706055,38.540000915527344,31.709999084472656,36.119998931884766
2020-05-14,36.06999969482422,39.83000183105469,33.22999954223633,33.790000915527344
2020-05-15,34.959999084472656,36.45000076293945,31.940000534057617,33.4900016784668
2020-05-18,33.4900016784668,33.4900016784668,29.170000076293945,30.219999313354492
2020-05-19,29.940000534057617,31.049999237060547,29.110000610351562,30.739999771118164
2020-05-20,30.770000457763672,30.770000457763672,28.520000457763672,29.1200008392334
2020-05-21,29.079999923706055,31.549999237060547,28.579999923706055,30.729999542236328
2020-05-22,30.729999542236328,31.34000015258789,29.09000015258789,29.360000610351562
2020-05-26,29.110000610351562,29.68000030517578,28.579999923706055,29.420000076293945
2020-05-27,29.3700008392334,32.810001373291016,28.920000076293945,29.520000457763672
2020-05-28,29.459999084472656,30.889999389648438,28.899999618530273,29.68000030517578
2020-05-29,30.329999923706055,31.15999984741211,27.75,27.959999084472656
2020-06-01,30.459999084472656,30.770000457763672,28.760000228881836,28.989999771118164
2020-06-02,28.989999771118164,29.850000381469727,27.459999084472656,27.68000030517578
2020-06-03,27.700000762939453,28.1299991607666,26.68000030517578,27.450000762939453
2020-06-04,27.209999084472656,27.93000030517578,26.579999923706055,27.43000030517578
2020-06-05,27.43000030517578,27.43000030517578,25.260000228881836,25.530000686645508
2020-06-08,25.530000686645508,27.3700008392334,25.530000686645508,26.799999237060547
2020-06-09,26.799999237060547,28.780000686645508,26.649999618530273,28.700000762939453
2020-06-10,27.190000534057617,29.860000610351562,27.190000534057617,29.31999969482422
2020-06-11,32.34000015258789,37.79999923706055,30.200000762939453,36.810001373291016
2020-06-12,33.59000015258789,40.61000061035156,33.189998626708984,35.4900016784668
2020-06-15,35.4900016784668,39.88999938964844,32.58000183105469,33.66999816894531
2020-06-16,30.520000457763672,34.630001068115234,30.520000457763672,32.689998626708984
2020-06-17,31.690000534057617,33.560001373291016,31.690000534057617,32.90999984741211
2020-06-18,32.90999984741211,33.939998626708984,31.09000015258789,31.56999969482422
2020-06-19,31.610000610351562,32.900001525878906,29.739999771118164,32.540000915527344
2020-06-22,32.11000061035156,33.400001525878906,31.100000381469727,31.3799991607666
2020-06-23,31.3799991607666,31.5,29.639999389648438,31.229999542236328
2020-06-24,31.200000762939453,35.5,31.200000762939453,33.58000183105469
2020-06-25,33.560001373291016,36.0099983215332,31.510000228881836,31.809999465942383
2020-06-26,31.809999465942383,35.380001068115234,30.899999618530273,33.810001373291016
2020-06-29,33.849998474121094,36.040000915527344,32.20000076293945,32.29999923706055
2020-06-30,32.290000915527344,32.939998626708984,30.229999542236328,30.75
2020-07-01,30.81999969482422,31.540000915527344,29.149999618530273,29.510000228881836
2020-07-02,29.5,29.5,24.959999084472656,28.600000381469727
2020-07-06,28.610000610351562,30.43000030517578,28.610000610351562,30.200000762939453
2020-07-07,30.219999313354492,32.099998474121094,29.760000228881836,31.719999313354492
2020-07-08,31.709999084472656,32.439998626708984,30.530000686645508,31.049999237060547
2020-07-09,31.030000686645508,34.22999954223633,30.829999923706055,32.68000030517578
2020-07-10,32.56999969482422,34.5,31.790000915527344,32.02000045776367
2020-07-13,31.34000015258789,38.029998779296875,31.290000915527344,37.599998474121094
2020-07-14,37.599998474121094,41.16999816894531,37.0,37.61000061035156
2020-07-15,37.66999816894531,38.849998474121094,35.29999923706055,35.84000015258789
2020-07-16,35.88999938964844,38.459999084472656,33.18000030517578,34.41999816894531
2020-07-17,34.5099983215332,34.5099983215332,30.170000076293945,30.770000457763672
2020-07-20,30.780000686645508,31.739999771118164,29.709999084472656,30.90999984741211
2020-07-21,30.940000534057617,32.61000061035156,29.969999313354492,30.90999984741211
2020-07-22,30.899999618530273,32.56999969482422,30.200000762939453,30.459999084472656
2020-07-23,30.440000534057617,33.380001068115234,29.8700008392334,32.75
2020-07-24,32.77000045776367,35.72999954223633,31.450000762939453,32.61000061035156
2020-07-27,32.689998626708984,33.40999984741211,31.15999984741211,31.549999237060547
2020-07-28,31.56999969482422,33.11000061035156,30.920000076293945,31.829999923706055
2020-07-29,31.860000610351562,31.860000610351562,30.1299991607666,30.1299991607666
2020-07-30,31.06999969482422,33.0,30.06999969482422,30.200000762939453
2020-07-31,28.010000228881836,31.239999771118164,27.829999923706055,27.93000030517578
2020-08-03,27.899999618530273,30.350000381469727,27.799999237060547,29.270000457763672
2020-08-04,29.270000457763672,30.25,28.260000228881836,29.1200008392334
2020-08-05,28.31999969482422,29.299999237060547,28.020000457763672,28.5
2020-08-06,28.5,29.530000686645508,27.940000534057617,28.530000686645508
2020-08-07,28.479999542236328,30.860000610351562,28.270000457763672,29.760000228881836
2020-08-10,29.93000030517578,31.770000457763672,29.559999465942383,29.860000610351562
2020-08-11,29.860000610351562,32.310001373291016,28.790000915527344,31.8700008392334
2020-08-12,31.90999984741211,31.90999984741211,29.229999542236328,30.15999984741211
2020-08-13,30.15999984741211,30.84000015258789,28.809999465942383,29.84000015258789
2020-08-14,29.829999923706055,30.530000686645508,28.940000534057617,29.149999618530273
2020-08-17,29.1200008392334,29.469999313354492,27.65999984741211,27.729999542236328
2020-08-18,27.690000534057617,28.40999984741211,26.540000915527344,26.899999618530273
2020-08-19,26.899999618530273,30.6299991607666,26.899999618530273,28.8799991607666
2020-08-20,28.90999984741211,30.209999084472656,27.989999771118164,28.440000534057617
2020-08-21,28.40999984741211,29.5,28.170000076293945,28.6200008392334
2020-08-24,28.639999389648438,31.5,28.1200008392334,29.829999923706055
2020-08-25,29.809999465942383,30.65999984741211,29.049999237060547,29.110000610351562
2020-08-26,28.90999984741211,32.130001068115234,28.84000015258789,32.099998474121094
2020-08-27,32.099998474121094,35.09000015258789,30.920000076293945,33.31999969482422
2020-08-28,32.84000015258789,35.099998474121094,32.45000076293945,32.79999923706055
2020-08-31,32.79999923706055,35.540000915527344,32.79999923706055,34.54999923706055
2020-09-01,34.400001525878906,35.63999938964844,32.93000030517578,34.66999816894531
2020-09-02,34.66999816894531,37.25,34.08000183105469,36.79999923706055
2020-09-03,36.790000915527344,44.34000015258789,36.630001068115234,42.09000015258789
2020-09-04,41.709999084472656,47.630001068115234,39.790000915527344,41.7400016784668
2020-09-08,41.7400016784668,46.470001220703125,39.56999969482422,41.02000045776367
2020-09-09,41.130001068115234,41.130001068115234,36.58000183105469,38.25
2020-09-10,36.7400016784668,38.72999954223633,36.33000183105469,37.91999816894531
2020-09-11,38.11000061035156,38.4900016784668,34.86000061035156,35.27000045776367
2020-09-14,35.31999969482422,35.31999969482422,33.18000030517578,33.560001373291016
2020-09-15,32.91999816894531,34.7599983215332,32.54999923706055,33.790000915527344
2020-09-16,33.790000915527344,35.849998474121094,33.790000915527344,35.47999954223633
2020-09-17,35.529998779296875,38.11000061035156,35.5099983215332,36.27000045776367
2020-09-18,36.290000915527344,38.150001525878906,35.0,36.040000915527344
2020-09-21,36.029998779296875,40.0099983215332,36.029998779296875,36.43000030517578
2020-09-22,36.439998626708984,37.27000045776367,35.060001373291016,35.2400016784668
2020-09-23,35.290000915527344,37.81999969482422,34.220001220703125,37.25
2020-09-24,37.25,38.45000076293945,36.70000076293945,36.9900016784668
2020-09-25,36.9900016784668,37.849998474121094,34.560001373291016,34.93000030517578
2020-09-28,34.91999816894531,35.84000015258789,34.4900016784668,34.65999984741211
2020-09-29,34.58000183105469,36.4900016784668,34.58000183105469,35.25
2020-09-30,35.25,35.439998626708984,34.06999969482422,35.41999816894531
2020-10-01,35.400001525878906,36.36000061035156,34.22999954223633,34.9900016784668
2020-10-02,36.88999938964844,37.18000030517578,35.68000030517578,36.439998626708984
2020-10-05,36.439998626708984,37.060001373291016,35.36000061035156,35.66999816894531
2020-10-06,35.66999816894531,37.119998931884766,34.83000183105469,36.66999816894531
2020-10-07,35.9900016784668,36.13999938964844,35.16999816894531,35.61000061035156
2020-10-08,35.61000061035156,35.61000061035156,34.310001373291016,34.43000030517578
2020-10-09,34.41999816894531,34.41999816894531,32.34000015258789,32.599998474121094
2020-10-12,32.58000183105469,34.7400016784668,32.099998474121094,33.439998626708984
2020-10-13,33.29999923706055,35.189998626708984,33.29999923706055,34.47999954223633
2020-10-14,34.4900016784668,35.33000183105469,33.66999816894531,34.040000915527344
2020-10-15,35.189998626708984,35.70000076293945,34.34000015258789,34.540000915527344
2020-10-16,34.540000915527344,35.189998626708984,33.099998474121094,35.02000045776367
2020-10-19,35.02000045776367,36.52000045776367,35.02000045776367,36.13999938964844
2020-10-20,36.15999984741211,36.470001220703125,34.61000061035156,35.25
2020-10-21,35.2400016784668,35.79999923706055,34.45000076293945,35.08000183105469
2020-10-22,35.060001373291016,36.13999938964844,33.95000076293945,34.279998779296875
2020-10-23,34.290000915527344,34.63999938964844,33.400001525878906,33.45000076293945
2020-10-26,33.459999084472656,38.79999923706055,33.459999084472656,37.40999984741211
2020-10-27,37.43000030517578,37.63999938964844,36.040000915527344,36.560001373291016
2020-10-28,36.540000915527344,43.45000076293945,36.540000915527344,43.38999938964844
2020-10-29,43.41999816894531,43.41999816894531,39.119998931884766,40.08000183105469
2020-10-30,40.689998626708984,43.0099983215332,39.939998626708984,41.29999923706055
2020-11-02,41.29999923706055,42.91999816894531,39.95000076293945,40.900001525878906
2020-11-03,40.869998931884766,40.880001068115234,37.619998931884766,38.380001068115234
2020-11-04,38.36000061035156,38.36000061035156,31.709999084472656,33.36000061035156
2020-11-05,33.36000061035156,34.150001525878906,31.809999465942383,32.81999969482422
2020-11-06,32.7400016784668,33.56999969482422,30.010000228881836,30.010000228881836
2020-11-09,30.059999465942383,31.329999923706055,28.75,31.31999969482422
2020-11-10,31.639999389648438,33.58000183105469,31.079999923706055,32.529998779296875
2020-11-11,32.529998779296875,32.529998779296875,30.100000381469727,30.290000915527344
2020-11-12,30.270000457763672,32.619998931884766,30.149999618530273,30.90999984741211
2020-11-13,30.8700008392334,30.8700008392334,29.030000686645508,29.030000686645508
2020-11-16,29.979999542236328,30.040000915527344,27.290000915527344,27.3700008392334
2020-11-17,27.8700008392334,29.020000457763672,27.079999923706055,27.309999465942383
2020-11-18,27.229999542236328,27.530000686645508,26.049999237060547,27.469999313354492
2020-11-19,27.450000762939453,28.049999237060547,26.6200008392334,26.809999465942383
2020-11-20,26.799999237060547,27.299999237060547,25.969999313354492,26.90999984741211
2020-11-23,27.170000076293945,28.34000015258789,26.329999923706055,26.639999389648438
2020-11-24,26.579999923706055,27.200000762939453,25.8700008392334,25.989999771118164
2020-11-25,25.989999771118164,26.469999313354492,25.5,25.690000534057617
2020-11-27,25.719999313354492,26.93000030517578,25.719999313354492,26.1200008392334
2020-11-30,27.209999084472656,28.75,26.610000610351562,26.68000030517578
2020-12-01,26.670000076293945,27.600000381469727,26.5,27.40999984741211
2020-12-02,27.40999984741211,28.0,27.25,27.549999237060547
2020-12-03,27.530000686645508,27.809999465942383,26.959999084472656,27.389999389648438
2020-12-04,27.399999618530273,27.440000534057617,26.719999313354492,27.020000457763672
2020-12-07,27.010000228881836,28.100000381469727,26.940000534057617,27.200000762939453
2020-12-08,27.309999465942383,27.600000381469727,26.06999969482422,26.079999923706055
2020-12-09,26.079999923706055,29.780000686645508,25.459999084472656,29.31999969482422
2020-12-10,29.329999923706055,30.260000228881836,28.239999771118164,29.149999618530273
2020-12-11,29.15999984741211,31.31999969482422,28.90999984741211,29.0
2020-12-14,28.600000381469727,29.469999313354492,27.829999923706055,29.440000534057617
2020-12-15,29.469999313354492,29.469999313354492,27.639999389648438,28.100000381469727
2020-12-16,28.100000381469727,28.649999618530273,27.31999969482422,27.850000381469727
2020-12-17,27.8700008392334,27.8700008392334,26.920000076293945,27.040000915527344
2020-12-18,27.170000076293945,28.68000030517578,26.8799991607666,26.90999984741211
2020-12-21,30.170000076293945,32.290000915527344,27.920000076293945,28.350000381469727
2020-12-22,28.350000381469727,30.0,27.829999923706055,27.940000534057617
2020-12-23,27.6299991607666,27.8799991607666,26.3799991607666,27.329999923706055
2020-12-24,27.329999923706055,27.329999923706055,25.940000534057617,25.940000534057617
2020-12-28,26.770000457763672,26.84000015258789,25.639999389648438,25.90999984741211
2020-12-29,25.75,27.59000015258789,25.479999542236328,26.81999969482422
2020-12-30,26.829999923706055,27.06999969482422,26.260000228881836,26.290000915527344
2020-12-31,26.280000686645508,27.200000762939453,26.030000686645508,26.93000030517578
2021-01-04,27.639999389648438,32.650001525878906,27.6200008392334,30.1299991607666
2021-01-05,30.1200008392334,30.850000381469727,28.350000381469727,28.420000076293945
2021-01-06,28.479999542236328,30.209999084472656,25.950000762939453,29.270000457763672
2021-01-07,29.25,29.25,26.34000015258789,26.989999771118164
2021-01-08,27.030000686645508,28.540000915527344,26.489999771118164,27.93000030517578
2021-01-11,29.600000381469727,29.93000030517578,28.020000457763672,28.920000076293945
2021-01-12,28.190000534057617,29.809999465942383,27.790000915527344,28.329999923706055
2021-01-13,28.270000457763672,28.540000915527344,26.829999923706055,27.360000610351562
2021-01-14,27.31999969482422,28.549999237060547,26.649999618530273,28.549999237060547
2021-01-15,28.6299991607666,31.110000610351562,28.06999969482422,29.170000076293945
2021-01-19,28.149999618530273,29.219999313354492,27.59000015258789,27.709999084472656
2021-01-20,26.260000228881836,27.399999618530273,26.229999542236328,26.790000915527344
2021-01-21,26.270000457763672,27.959999084472656,26.229999542236328,27.010000228881836
2021-01-22,27.760000228881836,28.420000076293945,27.299999237060547,28.06999969482422
2021-01-25,28.170000076293945,31.450000762939453,28.049999237060547,28.729999542236328
2021-01-26,28.559999465942383,29.790000915527344,28.510000228881836,29.200000762939453
2021-01-27,32.220001220703125,39.61000061035156,31.0,39.61000061035156
2021-01-28,39.61000061035156,39.61000061035156,32.09000015258789,35.04999923706055
2021-01-29,35.02000045776367,40.529998779296875,34.06999969482422,37.439998626708984
2021-02-01,33.97999954223633,37.02000045776367,32.810001373291016,34.2400016784668
2021-02-02,32.0,32.0,29.15999984741211,29.489999771118164
2021-02-03,28.030000686645508,29.93000030517578,28.030000686645508,29.030000686645508
2021-02-04,29.049999237060547,29.049999237060547,26.81999969482422,27.09000015258789
2021-02-05,27.09000015258789,27.579999923706055,25.34000015258789,25.459999084472656
2021-02-08,26.229999542236328,26.65999984741211,25.979999542236328,26.18000030517578
2021-02-09,26.15999984741211,27.06999969482422,25.959999084472656,26.600000381469727
2021-02-10,26.600000381469727,28.889999389648438,26.299999237060547,27.40999984741211
2021-02-11,27.40999984741211,28.75,26.579999923706055,27.06999969482422
2021-02-12,27.110000610351562,27.75,25.610000610351562,26.360000610351562
2021-02-16,26.969999313354492,30.079999923706055,26.600000381469727,28.520000457763672
2021-02-17,28.520000457763672,30.799999237060547,27.739999771118164,28.260000228881836
2021-02-18,28.25,30.6299991607666,27.040000915527344,27.59000015258789
2021-02-19,27.729999542236328,28.579999923706055,25.799999237060547,27.739999771118164
2021-02-22,27.670000076293945,31.020000457763672,27.670000076293945,31.020000457763672
2021-02-23,30.950000762939453,35.93000030517578,29.479999542236328,30.6200008392334
2021-02-24,32.279998779296875,33.13999938964844,28.670000076293945,28.670000076293945
2021-02-25,28.670000076293945,37.16999816894531,28.670000076293945,36.15999984741211
2021-02-26,35.93000030517578,37.060001373291016,31.579999923706055,34.060001373291016
2021-03-01,33.84000015258789,33.84000015258789,28.65999984741211,28.670000076293945
2021-03-02,28.65999984741211,30.56999969482422,28.540000915527344,30.110000610351562
2021-03-03,30.110000610351562,34.79999923706055,30.110000610351562,33.91999816894531
2021-03-04,33.91999816894531,37.86000061035156,32.20000076293945,34.83000183105469
2021-03-05,34.83000183105469,37.34000015258789,31.389999389648438,31.889999389648438
2021-03-08,31.860000610351562,34.79999923706055,31.860000610351562,33.869998931884766
2021-03-09,33.869998931884766,33.869998931884766,30.950000762939453,32.150001525878906
2021-03-10,32.16999816894531,32.38999938964844,30.56999969482422,31.520000457763672
2021-03-11,31.510000228881836,31.510000228881836,29.719999313354492,30.040000915527344
2021-03-12,30.059999465942383,32.25,30.030000686645508,30.100000381469727
2021-03-15,30.719999313354492,30.989999771118164,28.520000457763672,28.719999313354492
2021-03-16,27.110000610351562,29.8700008392334,27.110000610351562,29.270000457763672
2021-03-17,30.530000686645508,31.290000915527344,27.979999542236328,27.979999542236328
2021-03-18,27.979999542236328,32.20000076293945,27.979999542236328,30.610000610351562
2021-03-19,30.639999389648438,32.63999938964844,29.059999465942383,29.649999618530273
2021-03-22,29.799999237060547,29.799999237060547,26.700000762939453,26.700000762939453
2021-03-23,26.700000762939453,28.34000015258789,26.329999923706055,27.829999923706055
2021-03-24,27.860000610351562,29.299999237060547,26.979999542236328,28.969999313354492
2021-03-25,29.770000457763672,30.579999923706055,27.610000610351562,27.6299991607666
2021-03-26,27.65999984741211,28.700000762939453,25.270000457763672,25.639999389648438
2021-03-29,26.959999084472656,28.290000915527344,26.56999969482422,26.940000534057617
2021-03-30,26.940000534057617,28.799999237060547,26.34000015258789,26.389999389648438
2021-03-31,26.389999389648438,26.489999771118164,24.700000762939453,24.889999389648438
2021-04-01,24.850000381469727,24.850000381469727,23.15999984741211,23.209999084472656
2021-04-05,23.200000762939453,24.690000534057617,23.200000762939453,23.93000030517578
2021-04-06,23.93000030517578,24.399999618530273,23.510000228881836,23.860000610351562
2021-04-07,23.8700008392334,24.059999465942383,23.389999389648438,23.43000030517578
2021-04-08,23.440000534057617,24.239999771118164,23.059999465942383,23.489999771118164
2021-04-09,23.489999771118164,24.1299991607666,23.020000457763672,23.229999542236328
2021-04-12,23.25,23.729999542236328,22.290000915527344,22.489999771118164
2021-04-13,22.489999771118164,22.690000534057617,21.979999542236328,22.110000610351562
2021-04-14,22.459999084472656,23.309999465942383,22.209999084472656,22.639999389648438
2021-04-15,22.68000030517578,22.780000686645508,21.290000915527344,21.68000030517578
2021-04-16,21.68000030517578,22.049999237060547,20.209999084472656,20.510000228881836
2021-04-19,20.510000228881836,23.93000030517578,20.510000228881836,22.81999969482422
2021-04-20,22.81999969482422,25.399999618530273,22.81999969482422,24.3700008392334
2021-04-21,24.360000610351562,25.34000015258789,22.549999237060547,22.81999969482422
2021-04-22,22.809999465942383,24.850000381469727,22.06999969482422,24.0
2021-04-23,23.969999313354492,23.969999313354492,21.989999771118164,22.31999969482422
2021-04-26,22.34000015258789,23.59000015258789,22.309999465942383,22.56999969482422
2021-04-27,22.56999969482422,23.299999237060547,21.829999923706055,22.709999084472656
2021-04-28,22.709999084472656,23.299999237060547,22.09000015258789,22.360000610351562
2021-04-29,22.3700008392334,23.84000015258789,22.149999618530273,22.420000076293945
2021-04-30,22.440000534057617,23.670000076293945,22.440000534057617,22.899999618530273
2021-05-03,22.889999389648438,23.780000686645508,22.649999618530273,23.34000015258789
2021-05-04,23.34000015258789,27.469999313354492,23.34000015258789,25.700000762939453
2021-05-05,25.700000762939453,26.15999984741211,24.010000228881836,25.65999984741211
2021-05-06,25.6299991607666,27.200000762939453,24.65999984741211,24.829999923706055
2021-05-07,24.81999969482422,24.90999984741211,22.709999084472656,22.790000915527344
2021-05-10,22.729999542236328,26.6200008392334,22.729999542236328,26.59000015258789
2021-05-11,26.610000610351562,30.260000228881836,26.610000610351562,27.860000610351562
2021-05-12,27.860000610351562,32.720001220703125,27.860000610351562,31.8700008392334
2021-05-13,31.90999984741211,31.90999984741211,28.020000457763672,29.020000457763672
2021-05-14,29.020000457763672,29.020000457763672,24.739999771118164,24.989999771118164
2021-05-17,26.530000686645508,27.209999084472656,25.479999542236328,25.59000015258789
2021-05-18,25.709999084472656,26.420000076293945,24.729999542236328,26.139999389648438
2021-05-19,28.6299991607666,29.530000686645508,25.989999771118164,26.65999984741211
2021-05-20,25.809999465942383,25.850000381469727,24.079999923706055,24.239999771118164
2021-05-21,24.329999923706055,24.540000915527344,23.450000762939453,24.299999237060547
2021-05-24,24.3700008392334,24.489999771118164,22.399999618530273,22.760000228881836
2021-05-25,22.360000610351562,23.959999084472656,22.329999923706055,23.399999618530273
2021-05-26,23.309999465942383,23.559999465942383,22.309999465942383,22.350000381469727
2021-05-27,22.3700008392334,22.6200008392334,21.3700008392334,22.1200008392334
2021-05-28,22.079999923706055,22.079999923706055,20.860000610351562,21.440000534057617
2021-06-01,22.3700008392334,23.3799991607666,22.34000015258789,22.68000030517578
2021-06-02,22.68000030517578,22.68000030517578,21.68000030517578,22.010000228881836
2021-06-03,22.799999237060547,23.68000030517578,22.139999389648438,23.25
2021-06-04,23.34000015258789,23.34000015258789,21.170000076293945,21.219999313354492
2021-06-07,22.290000915527344,22.479999542236328,21.3700008392334,21.3700008392334
2021-06-08,21.3700008392334,22.510000228881836,21.059999465942383,21.579999923706055
2021-06-09,21.329999923706055,22.229999542236328,21.290000915527344,22.010000228881836
2021-06-10,21.190000534057617,21.329999923706055,19.90999984741211,19.979999542236328
2021-06-11,19.979999542236328,20.040000915527344,19.079999923706055,19.15999984741211
2021-06-14,19.559999465942383,20.34000015258789,19.530000686645508,20.059999465942383
2021-06-15,20.309999465942383,21.209999084472656,20.260000228881836,20.93000030517578
2021-06-16,20.790000915527344,22.709999084472656,20.440000534057617,21.459999084472656
2021-06-17,21.579999923706055,22.030000686645508,19.860000610351562,20.350000381469727
2021-06-18,22.040000915527344,23.040000915527344,21.399999618530273,22.43000030517578
2021-06-21,22.940000534057617,23.729999542236328,20.770000457763672,20.780000686645508
2021-06-22,20.760000228881836,21.09000015258789,19.850000381469727,20.0
2021-06-23,19.989999771118164,20.239999771118164,19.510000228881836,19.81999969482422
2021-06-24,19.81999969482422,19.81999969482422,19.030000686645508,19.600000381469727
2021-06-25,19.600000381469727,19.719999313354492,19.0,19.309999465942383
2021-06-28,19.6200008392334,20.149999618530273,19.489999771118164,19.579999923706055
2021-06-29,19.579999923706055,20.170000076293945,19.34000015258789,20.09000015258789
2021-06-30,20.09000015258789,20.809999465942383,20.040000915527344,20.139999389648438
2021-07-01,20.1200008392334,20.18000030517578,19.729999542236328,20.06999969482422
2021-07-02,19.59000015258789,19.59000015258789,18.729999542236328,19.280000686645508
2021-07-06,20.3799991607666,21.8700008392334,20.280000686645508,21.0
2021-07-07,21.0,22.940000534057617,20.530000686645508,21.110000610351562
2021-07-08,21.100000381469727,24.0,21.100000381469727,23.600000381469727
2021-07-09,22.43000030517578,22.43000030517578,21.1299991607666,21.229999542236328
2021-07-12,20.559999465942383,20.68000030517578,19.170000076293945,19.68000030517578
2021-07-13,20.190000534057617,21.110000610351562,19.3799991607666,20.8700008392334
2021-07-14,20.34000015258789,20.75,19.520000457763672,19.989999771118164
2021-07-15,19.989999771118164,21.329999923706055,19.809999465942383,20.110000610351562
2021-07-16,19.5,21.139999389648438,19.479999542236328,21.059999465942383
2021-07-19,23.950000762939453,25.100000381469727,22.969999313354492,23.440000534057617
2021-07-20,23.399999618530273,23.940000534057617,21.3700008392334,21.68000030517578
2021-07-21,21.350000381469727,21.420000076293945,20.200000762939453,20.399999618530273
2021-07-22,20.399999618530273,20.729999542236328,19.75,19.780000686645508
2021-07-23,19.8799991607666,19.90999984741211,18.770000457763672,19.059999465942383
2021-07-26,20.6200008392334,20.889999389648438,19.920000076293945,20.3700008392334
2021-07-27,21.049999237060547,23.850000381469727,20.739999771118164,22.84000015258789
2021-07-28,21.940000534057617,22.649999618530273,20.450000762939453,20.959999084472656
2021-07-29,20.540000915527344,20.65999984741211,20.030000686645508,20.549999237060547
2021-07-30,20.549999237060547,21.540000915527344,20.549999237060547,20.809999465942383
2021-08-02,21.079999923706055,21.8700008392334,20.809999465942383,21.489999771118164
2021-08-03,21.489999771118164,22.3700008392334,20.389999389648438,20.520000457763672
2021-08-04,20.520000457763672,21.309999465942383,20.360000610351562,20.68000030517578
2021-08-05,20.68000030517578,20.809999465942383,20.0,20.190000534057617
2021-08-06,20.18000030517578,20.200000762939453,19.40999984741211,19.610000610351562
2021-08-09,20.31999969482422,20.739999771118164,19.270000457763672,19.690000534057617
2021-08-10,19.549999237060547,20.780000686645508,19.260000228881836,20.3799991607666
2021-08-11,20.3799991607666,20.469999313354492,19.190000534057617,20.1299991607666
2021-08-12,20.450000762939453,20.899999618530273,19.34000015258789,19.399999618530273
2021-08-13,19.389999389648438,19.489999771118164,18.40999984741211,18.520000457763672
2021-08-16,19.489999771118164,20.549999237060547,18.90999984741211,19.049999237060547
2021-08-17,20.760000228881836,22.59000015258789,20.059999465942383,21.170000076293945
2021-08-18,21.170000076293945,24.399999618530273,20.950000762939453,24.350000381469727
2021-08-19,25.329999923706055,25.360000610351562,22.93000030517578,23.520000457763672
2021-08-20,23.520000457763672,23.59000015258789,20.540000915527344,20.969999313354492
2021-08-23,21.350000381469727,21.350000381469727,19.68000030517578,19.799999237060547
2021-08-24,19.799999237060547,20.270000457763672,19.540000915527344,19.860000610351562
2021-08-25,19.8700008392334,20.1299991607666,19.420000076293945,19.600000381469727
2021-08-26,19.690000534057617,21.540000915527344,19.690000534057617,21.3700008392334
2021-08-27,21.360000610351562,21.360000610351562,18.489999771118164,18.540000915527344
2021-08-30,19.09000015258789,19.329999923706055,18.690000534057617,19.079999923706055
2021-08-31,19.079999923706055,19.969999313354492,19.030000686645508,19.479999542236328
2021-09-01,19.479999542236328,20.100000381469727,19.100000381469727,19.84000015258789
2021-09-02,19.81999969482422,20.530000686645508,19.59000015258789,20.030000686645508
2021-09-03,19.899999618530273,20.469999313354492,19.469999313354492,19.75
2021-09-07,19.799999237060547,21.309999465942383,19.799999237060547,20.959999084472656
2021-09-08,20.959999084472656,22.110000610351562,20.6299991607666,20.809999465942383
2021-09-09,20.68000030517578,21.540000915527344,20.100000381469727,21.450000762939453
2021-09-10,21.450000762939453,23.280000686645508,19.760000228881836,22.75
2021-09-13,21.399999618530273,23.170000076293945,21.030000686645508,21.600000381469727
2021-09-14,21.600000381469727,22.65999984741211,20.3799991607666,21.68000030517578
2021-09-15,21.68000030517578,22.530000686645508,19.8799991607666,20.1200008392334
2021-09-16,20.1200008392334,21.860000610351562,19.65999984741211,20.170000076293945
2021-09-17,20.200000762939453,22.690000534057617,20.200000762939453,22.270000457763672
2021-09-20,26.530000686645508,30.239999771118164,24.709999084472656,27.229999542236328
2021-09-21,27.229999542236328,27.440000534057617,24.530000686645508,26.420000076293945
2021-09-22,26.389999389648438,26.389999389648438,22.559999465942383,22.969999313354492
2021-09-23,23.020000457763672,23.020000457763672,21.049999237060547,21.219999313354492
2021-09-24,21.219999313354492,22.850000381469727,20.170000076293945,20.93000030517578
2021-09-27,22.690000534057617,23.559999465942383,21.260000228881836,21.829999923706055
2021-09-28,21.829999923706055,27.450000762939453,21.829999923706055,27.350000381469727
2021-09-29,27.260000228881836,27.59000015258789,25.350000381469727,26.709999084472656
2021-09-30,26.700000762939453,27.90999984741211,25.100000381469727,26.649999618530273
2021-10-01,26.559999465942383,27.170000076293945,24.6299991607666,24.8700008392334
2021-10-04,24.829999923706055,28.829999923706055,24.829999923706055,27.719999313354492
2021-10-05,27.719999313354492,27.719999313354492,24.920000076293945,25.450000762939453
2021-10-06,25.459999084472656,28.049999237060547,24.700000762939453,24.8700008392334
2021-10-07,24.8700008392334,24.8700008392334,22.8799991607666,23.219999313354492
2021-10-08,23.219999313354492,23.59000015258789,22.59000015258789,23.15999984741211
2021-10-11,23.709999084472656,23.829999923706055,21.510000228881836,23.489999771118164
2021-10-12,23.489999771118164,23.899999618530273,22.280000686645508,23.40999984741211
2021-10-13,23.389999389648438,23.389999389648438,21.079999923706055,21.229999542236328
2021-10-14,21.229999542236328,21.229999542236328,18.84000015258789,19.09000015258789
2021-10-15,19.079999923706055,19.239999771118164,18.010000228881836,18.510000228881836
2021-10-18,18.5,20.34000015258789,18.5,18.829999923706055
2021-10-19,18.829999923706055,19.020000457763672,18.209999084472656,18.309999465942383
2021-10-20,18.309999465942383,18.809999465942383,18.049999237060547,18.729999542236328
2021-10-21,18.739999771118164,19.360000610351562,18.299999237060547,18.6299991607666
2021-10-22,18.670000076293945,19.700000762939453,18.1200008392334,19.1200008392334
2021-10-25,19.670000076293945,20.299999237060547,18.43000030517578,18.799999237060547
2021-10-26,18.799999237060547,20.049999237060547,18.459999084472656,19.3799991607666
2021-10-27,19.360000610351562,20.270000457763672,19.049999237060547,20.1200008392334
2021-10-28,20.110000610351562,20.139999389648438,19.209999084472656,19.75
2021-10-29,19.75,20.610000610351562,19.469999313354492,19.639999389648438
2021-11-01,20.459999084472656,20.940000534057617,19.610000610351562,19.729999542236328
2021-11-02,19.729999542236328,20.0,19.540000915527344,19.729999542236328
2021-11-03,19.719999313354492,20.329999923706055,19.040000915527344,19.43000030517578
2021-11-04,19.399999618530273,20.549999237060547,19.0,20.260000228881836
2021-11-05,20.260000228881836,21.850000381469727,20.260000228881836,21.56999969482422
2021-11-08,21.950000762939453,22.31999969482422,21.610000610351562,21.8799991607666
2021-11-09,21.8799991607666,23.280000686645508,21.719999313354492,22.690000534057617
2021-11-10,22.690000534057617,24.219999313354492,22.030000686645508,23.270000457763672
2021-11-11,23.260000228881836,23.260000228881836,21.8700008392334,22.3700008392334
2021-11-12,22.3799991607666,22.459999084472656,21.31999969482422,21.420000076293945
2021-11-15,21.739999771118164,22.760000228881836,21.56999969482422,21.709999084472656
2021-11-16,21.709999084472656,22.110000610351562,20.739999771118164,21.280000686645508
2021-11-17,21.280000686645508,21.8700008392334,20.8700008392334,21.559999465942383
2021-11-18,21.56999969482422,22.299999237060547,21.09000015258789,21.389999389648438
2021-11-19,21.389999389648438,22.100000381469727,21.010000228881836,21.75
2021-11-22,21.979999542236328,23.8799991607666,21.610000610351562,23.5
2021-11-23,23.5,26.059999465942383,23.5,24.43000030517578
2021-11-24,24.43000030517578,26.229999542236328,23.639999389648438,23.81999969482422
2021-11-26,23.81999969482422,29.469999313354492,23.81999969482422,28.450000762939453
2021-11-29,25.739999771118164,26.81999969482422,24.3700008392334,24.6299991607666
2021-11-30,24.6299991607666,28.969999313354492,24.6299991607666,27.389999389648438
2021-12-01,27.40999984741211,31.780000686645508,24.639999389648438,30.950000762939453
2021-12-02,30.959999084472656,31.940000534057617,28.860000610351562,29.780000686645508
2021-12-03,29.809999465942383,36.63999938964844,28.25,33.40999984741211
2021-12-06,32.4900016784668,34.81999969482422,30.059999465942383,30.170000076293945
2021-12-07,30.170000076293945,30.170000076293945,25.459999084472656,25.790000915527344
2021-12-08,25.799999237060547,26.440000534057617,24.520000457763672,24.81999969482422
2021-12-09,24.809999465942383,26.700000762939453,24.709999084472656,26.420000076293945
2021-12-10,26.399999618530273,26.399999618530273,23.940000534057617,23.950000762939453
2021-12-13,23.010000228881836,24.3700008392334,22.84000015258789,24.040000915527344
2021-12-14,24.040000915527344,27.290000915527344,24.040000915527344,25.309999465942383
2021-12-15,25.309999465942383,27.799999237060547,23.190000534057617,23.420000076293945
2021-12-16,23.399999618530273,27.43000030517578,23.110000610351562,25.239999771118164
2021-12-17,25.239999771118164,28.25,25.170000076293945,26.549999237060547
2021-12-20,26.610000610351562,31.040000915527344,26.610000610351562,27.8799991607666
2021-12-21,27.8799991607666,27.959999084472656,24.920000076293945,24.959999084472656
2021-12-22,24.959999084472656,25.239999771118164,22.149999618530273,22.149999618530273
2021-12-23,22.15999984741211,22.43000030517578,20.920000076293945,21.31999969482422
2021-12-27,22.1299991607666,22.84000015258789,21.56999969482422,21.719999313354492
2021-12-28,21.719999313354492,22.469999313354492,21.510000228881836,21.540000915527344
2021-12-29,21.549999237060547,22.600000381469727,21.100000381469727,21.280000686645508
2021-12-30,21.270000457763672,21.770000457763672,20.979999542236328,21.3799991607666
2021-12-31,21.3799991607666,21.829999923706055,21.030000686645508,21.200000762939453
2022-01-03,21.200000762939453,22.3700008392334,20.959999084472656,21.170000076293945
2022-01-04,21.18000030517578,23.389999389648438,21.18000030517578,22.31999969482422
2022-01-05,22.329999923706055,26.559999465942383,22.329999923706055,25.979999542236328
2022-01-06,25.950000762939453,28.3700008392334,25.520000457763672,25.809999465942383
2022-01-07,25.829999923706055,27.709999084472656,25.139999389648438,25.649999618530273
2022-01-10,28.200000762939453,30.489999771118164,25.489999771118164,25.829999923706055
2022-01-11,25.829999923706055,27.229999542236328,23.940000534057617,24.280000686645508
2022-01-12,24.290000915527344,24.940000534057617,23.1299991607666,23.440000534057617
2022-01-13,23.479999542236328,27.420000076293945,22.979999542236328,27.049999237060547
2022-01-14,27.049999237060547,28.34000015258789,25.309999465942383,25.719999313354492
2022-01-18,28.760000228881836,30.030000686645508,28.170000076293945,29.360000610351562
2022-01-19,29.360000610351562,29.729999542236328,27.600000381469727,29.020000457763672
2022-01-20,29.049999237060547,30.6200008392334,26.959999084472656,30.610000610351562
2022-01-21,30.56999969482422,34.68000030517578,29.729999542236328,34.060001373291016
2022-01-24,38.13999938964844,44.04999923706055,35.130001068115234,35.54999923706055
2022-01-25,35.54999923706055,41.38999938964844,35.540000915527344,38.20000076293945
2022-01-26,38.27000045776367,39.0099983215332,33.540000915527344,38.099998474121094
2022-01-27,38.11000061035156,38.150001525878906,34.63999938964844,36.63999938964844
2022-01-28,36.66999816894531,38.13999938964844,32.470001220703125,33.310001373291016
2022-01-31,33.290000915527344,34.380001068115234,29.850000381469727,30.15999984741211
2022-02-01,30.15999984741211,31.09000015258789,27.700000762939453,28.0
2022-02-02,27.979999542236328,29.780000686645508,27.270000457763672,29.579999923706055
2022-02-03,29.459999084472656,33.54999923706055,29.459999084472656,31.239999771118164
2022-02-04,31.260000228881836,33.04999923706055,29.299999237060547,30.31999969482422
2022-02-07,31.309999465942383,31.329999923706055,29.010000228881836,30.020000457763672
2022-02-08,30.020000457763672,31.350000381469727,28.219999313354492,28.329999923706055
2022-02-09,28.360000610351562,28.360000610351562,26.6200008392334,26.8700008392334
2022-02-10,26.8700008392334,30.739999771118164,26.84000015258789,30.06999969482422
2022-02-11,30.049999237060547,36.349998474121094,29.530000686645508,34.15999984741211
2022-02-14,34.900001525878906,36.63999938964844,33.31999969482422,34.06999969482422
2022-02-15,34.06999969482422,34.06999969482422,30.81999969482422,31.15999984741211
2022-02-16,31.15999984741211,32.7599983215332,29.149999618530273,29.450000762939453
2022-02-17,29.450000762939453,33.5,29.450000762939453,33.209999084472656
2022-02-18,33.150001525878906,34.83000183105469,32.04999923706055,33.04999923706055
2022-02-22,33.04999923706055,35.45000076293945,32.849998474121094,33.130001068115234
2022-02-23,33.130001068115234,35.4900016784668,32.0099983215332,35.27000045776367
2022-02-24,35.27000045776367,39.9900016784668,33.150001525878906,34.02000045776367
2022-02-25,34.04999923706055,34.369998931884766,30.75,31.190000534057617
2022-02-28,34.29999923706055,35.13999938964844,31.760000228881836,32.720001220703125
2022-03-01,32.720001220703125,36.77000045776367,32.720001220703125,35.220001220703125
2022-03-02,35.27000045776367,35.709999084472656,32.31999969482422,33.04999923706055
2022-03-03,33.02000045776367,34.7599983215332,32.310001373291016,33.34000015258789
2022-03-04,33.33000183105469,37.2599983215332,33.33000183105469,34.88999938964844
2022-03-07,34.88999938964844,38.79999923706055,34.880001068115234,38.72999954223633
2022-03-08,38.70000076293945,39.619998931884766,35.560001373291016,38.02000045776367
2022-03-09,38.06999969482422,38.06999969482422,34.599998474121094,35.34000015258789
2022-03-10,35.33000183105469,36.72999954223633,34.22999954223633,34.22999954223633
2022-03-11,34.220001220703125,35.04999923706055,33.16999816894531,34.849998474121094
2022-03-14,35.83000183105469,37.70000076293945,34.66999816894531,36.54999923706055
2022-03-15,36.54999923706055,37.029998779296875,34.529998779296875,34.650001525878906
2022-03-16,34.68000030517578,34.68000030517578,30.6299991607666,30.809999465942383
2022-03-17,30.809999465942383,31.639999389648438,28.950000762939453,29.510000228881836
2022-03-18,29.440000534057617,30.209999084472656,27.459999084472656,27.760000228881836
2022-03-21,28.969999313354492,29.959999084472656,28.219999313354492,28.65999984741211
2022-03-22,28.65999984741211,28.8700008392334,27.420000076293945,27.709999084472656
2022-03-23,27.719999313354492,29.260000228881836,27.719999313354492,28.84000015258789
2022-03-24,28.829999923706055,29.469999313354492,27.6200008392334,27.889999389648438
2022-03-25,27.899999618530273,29.399999618530273,27.0,27.34000015258789
2022-03-28,28.260000228881836,28.670000076293945,26.530000686645508,26.530000686645508
2022-03-29,26.530000686645508,26.920000076293945,25.520000457763672,25.8700008392334
2022-03-30,25.8700008392334,27.329999923706055,25.809999465942383,26.399999618530273
2022-03-31,26.3799991607666,27.540000915527344,26.239999771118164,26.989999771118164
2022-04-01,26.959999084472656,27.31999969482422,25.739999771118164,25.90999984741211
2022-04-04,26.6299991607666,26.75,24.829999923706055,24.93000030517578
2022-04-05,24.93000030517578,27.799999237060547,24.93000030517578,27.399999618530273
2022-04-06,27.40999984741211,30.760000228881836,27.40999984741211,28.90999984741211
2022-04-07,28.920000076293945,30.329999923706055,28.059999465942383,28.479999542236328
2022-04-08,28.489999771118164,29.90999984741211,27.389999389648438,28.059999465942383
2022-04-11,29.3799991607666,30.850000381469727,28.84000015258789,30.75
2022-04-12,30.75,31.06999969482422,28.280000686645508,30.3799991607666
2022-04-13,30.3700008392334,30.75,26.520000457763672,26.850000381469727
2022-04-14,26.860000610351562,28.969999313354492,26.260000228881836,28.860000610351562
2022-04-18,30.469999313354492,30.90999984741211,29.15999984741211,29.530000686645508
2022-04-19,29.530000686645508,30.5,27.81999969482422,29.100000381469727
2022-04-20,29.1200008392334,29.81999969482422,28.030000686645508,28.469999313354492
2022-04-21,28.520000457763672,31.920000076293945,27.56999969482422,31.3700008392334
2022-04-22,31.350000381469727,35.43000030517578,31.350000381469727,35.38999938964844
2022-04-25,36.68000030517578,37.52000045776367,33.540000915527344,33.83000183105469
2022-04-26,33.83000183105469,40.0,33.83000183105469,38.93000030517578
2022-04-27,39.16999816894531,39.16999816894531,35.7599983215332,36.90999984741211
2022-04-28,36.90999984741211,37.41999816894531,34.11000061035156,35.4900016784668
2022-04-29,35.2599983215332,39.45000076293945,34.099998474121094,38.25
2022-05-02,39.56999969482422,40.810001373291016,37.560001373291016,37.810001373291016
2022-05-03,37.810001373291016,38.290000915527344,35.7599983215332,36.0
2022-05-04,35.9900016784668,36.83000183105469,31.6200008392334,31.979999542236328
2022-05-05,32.0,39.20000076293945,32.0,37.189998626708984
2022-05-06,37.209999084472656,41.0099983215332,36.40999984741211,37.400001525878906
2022-05-09,40.150001525878906,41.90999984741211,39.2400016784668,41.43000030517578
2022-05-10,41.43000030517578,41.90999984741211,38.93000030517578,40.08000183105469
2022-05-11,40.099998474121094,41.63999938964844,38.02000045776367,40.66999816894531
2022-05-12,40.65999984741211,44.02000045776367,40.65999984741211,41.36000061035156
2022-05-13,41.31999969482422,41.31999969482422,37.040000915527344,37.61000061035156
2022-05-16,39.2599983215332,39.81999969482422,36.689998626708984,37.439998626708984
2022-05-17,37.439998626708984,37.439998626708984,33.72999954223633,33.880001068115234
2022-05-18,33.880001068115234,39.099998474121094,33.880001068115234,38.810001373291016
2022-05-19,38.81999969482422,39.83000183105469,35.97999954223633,36.150001525878906
2022-05-20,36.119998931884766,39.77000045776367,34.619998931884766,36.18000030517578
2022-05-23,36.97999954223633,37.619998931884766,34.970001220703125,35.18000030517578
2022-05-24,35.18000030517578,38.970001220703125,35.18000030517578,36.16999816894531
2022-05-25,36.15999984741211,37.310001373291016,34.83000183105469,35.380001068115234
2022-05-26,35.43000030517578,35.47999954223633,33.34000015258789,33.630001068115234
2022-05-27,33.65999984741211,33.65999984741211,31.770000457763672,32.0
2022-05-31,33.88999938964844,34.91999816894531,32.400001525878906,33.0099983215332
2022-06-01,33.0099983215332,34.279998779296875,31.950000762939453,32.599998474121094
2022-06-02,32.59000015258789,33.560001373291016,30.809999465942383,31.440000534057617
2022-06-03,31.440000534057617,32.77000045776367,31.440000534057617,31.75
2022-06-06,31.469999313354492,32.869998931884766,31.329999923706055,32.15999984741211
2022-06-07,33.04999923706055,33.34000015258789,30.389999389648438,31.030000686645508
2022-06-08,31.559999465942383,31.709999084472656,30.299999237060547,30.690000534057617
2022-06-09,31.329999923706055,32.869998931884766,30.610000610351562,32.72999954223633
2022-06-10,34.459999084472656,35.52000045776367,33.45000076293945,33.970001220703125
2022-06-13,38.279998779296875,41.119998931884766,37.540000915527344,40.36000061035156
2022-06-14,39.939998626708984,40.63999938964844,38.119998931884766,38.5099983215332
2022-06-15,38.040000915527344,38.040000915527344,19.809999465942383,35.349998474121094
2022-06-16,37.779998779296875,40.529998779296875,37.11000061035156,38.66999816894531
2022-06-17,38.4900016784668,38.75,32.59000015258789,36.65999984741211
2022-06-21,36.68000030517578,36.72999954223633,35.2599983215332,36.060001373291016
2022-06-22,37.16999816894531,37.16999816894531,35.25,35.939998626708984
2022-06-23,35.790000915527344,36.45000076293945,34.65999984741211,35.29999923706055
2022-06-24,34.959999084472656,35.040000915527344,33.040000915527344,33.77000045776367
2022-06-27,34.060001373291016,35.20000076293945,33.470001220703125,33.560001373291016
2022-06-28,33.56999969482422,35.779998779296875,32.91999816894531,35.43000030517578
2022-06-29,35.220001220703125,36.029998779296875,34.56999969482422,35.33000183105469
2022-06-30,36.43000030517578,37.459999084472656,35.650001525878906,36.209999084472656
2022-07-01,36.06999969482422,36.619998931884766,34.11000061035156,34.27000045776367
2022-07-05,37.470001220703125,37.88999938964844,34.5099983215332,34.86000061035156
2022-07-06,35.06999969482422,35.61000061035156,33.34000015258789,33.75
2022-07-07,34.04999923706055,34.20000076293945,32.20000076293945,32.810001373291016
2022-07-08,33.11000061035156,33.18000030517578,30.68000030517578,31.18000030517578
2022-07-11,33.52000045776367,33.650001525878906,32.540000915527344,32.93000030517578
2022-07-12,33.310001373291016,34.45000076293945,32.75,33.970001220703125
2022-07-13,35.20000076293945,35.720001220703125,33.099998474121094,33.66999816894531
2022-07-14,34.4900016784668,34.90999984741211,32.380001068115234,32.63999938964844
2022-07-15,31.739999771118164,32.150001525878906,30.329999923706055,30.389999389648438
2022-07-18,31.09000015258789,32.18000030517578,30.469999313354492,31.579999923706055
2022-07-19,30.719999313354492,31.239999771118164,30.280000686645508,30.65999984741211
2022-07-20,30.790000915527344,31.06999969482422,30.079999923706055,30.579999923706055
2022-07-21,30.639999389648438,31.31999969482422,28.8700008392334,29.309999465942383
2022-07-22,29.290000915527344,29.899999618530273,28.229999542236328,29.190000534057617
2022-07-25,30.520000457763672,30.93000030517578,29.329999923706055,29.420000076293945
2022-07-26,30.260000228881836,31.8700008392334,30.260000228881836,30.90999984741211
2022-07-27,30.469999313354492,30.65999984741211,26.040000915527344,29.59000015258789
2022-07-28,29.479999542236328,30.260000228881836,27.829999923706055,28.479999542236328
2022-07-29,28.010000228881836,28.139999389648438,26.8700008392334,27.25
2022-08-01,28.549999237060547,28.969999313354492,27.950000762939453,28.75
2022-08-02,29.81999969482422,30.549999237060547,28.5,30.0
2022-08-03,29.139999389648438,29.360000610351562,27.770000457763672,27.979999542236328
2022-08-04,28.459999084472656,28.969999313354492,27.809999465942383,27.809999465942383
2022-08-05,28.84000015258789,28.8700008392334,26.81999969482422,27.1299991607666
2022-08-08,27.940000534057617,28.219999313354492,26.969999313354492,27.649999618530273
2022-08-09,28.43000030517578,28.809999465942383,28.059999465942383,28.40999984741211
2022-08-10,27.030000686645508,27.229999542236328,25.469999313354492,25.719999313354492
2022-08-11,25.770000457763672,26.8700008392334,25.579999923706055,26.1299991607666
2022-08-12,25.93000030517578,26.239999771118164,24.90999984741211,25.18000030517578
2022-08-15,26.3799991607666,26.5,25.309999465942383,25.399999618530273
2022-08-16,25.709999084472656,25.93000030517578,25.1299991607666,25.549999237060547
2022-08-17,26.389999389648438,26.8700008392334,25.700000762939453,26.329999923706055
2022-08-18,26.579999923706055,26.829999923706055,25.309999465942383,25.520000457763672
2022-08-19,26.649999618530273,27.219999313354492,26.020000457763672,26.739999771118164
2022-08-22,29.260000228881836,30.219999313354492,29.049999237060547,29.649999618530273
2022-08-23,29.829999923706055,29.969999313354492,29.049999237060547,29.690000534057617
2022-08-24,29.84000015258789,30.149999618530273,28.65999984741211,28.959999084472656
2022-08-25,28.940000534057617,29.389999389648438,27.969999313354492,28.079999923706055
2022-08-26,28.34000015258789,31.770000457763672,24.8799991607666,31.719999313354492
2022-08-29,33.15999984741211,33.22999954223633,31.719999313354492,32.29999923706055
2022-08-30,31.950000762939453,33.560001373291016,31.90999984741211,32.119998931884766
2022-08-31,32.0,32.40999984741211,31.34000015258789,32.189998626708984
2022-09-01,32.91999816894531,33.810001373291016,32.08000183105469,32.2599983215332
2022-09-02,31.030000686645508,33.0099983215332,30.170000076293945,32.31999969482422
2022-09-06,32.7599983215332,34.470001220703125,32.75,33.59000015258789
2022-09-07,33.4900016784668,33.4900016784668,31.3799991607666,31.559999465942383
2022-09-08,32.22999954223633,32.380001068115234,29.799999237060547,30.479999542236328
2022-09-09,29.950000762939453,30.110000610351562,28.979999542236328,29.229999542236328
2022-09-12,29.790000915527344,30.18000030517578,29.540000915527344,29.809999465942383
2022-09-13,30.950000762939453,33.95000076293945,30.520000457763672,33.18000030517578
2022-09-14,33.15999984741211,33.63999938964844,32.34000015258789,32.56999969482422
2022-09-15,33.08000183105469,33.349998474121094,31.780000686645508,32.650001525878906
2022-09-16,34.16999816894531,34.81999969482422,32.7599983215332,32.83000183105469
2022-09-19,34.5099983215332,34.5099983215332,31.969999313354492,32.36000061035156
2022-09-20,33.34000015258789,34.04999923706055,32.720001220703125,33.29999923706055
2022-09-21,33.470001220703125,34.130001068115234,15.699999809265137,33.869998931884766
2022-09-22,33.560001373291016,34.16999816894531,32.47999954223633,32.91999816894531
2022-09-23,34.15999984741211,36.65999984741211,33.02000045776367,34.880001068115234
2022-09-26,36.47999954223633,37.119998931884766,34.88999938964844,36.93000030517578
2022-09-27,35.97999954223633,38.61000061035156,35.33000183105469,37.150001525878906
2022-09-28,37.560001373291016,38.310001373291016,33.22999954223633,35.5099983215332
2022-09-29,36.619998931884766,38.25,36.56999969482422,36.90999984741211
2022-09-30,37.66999816894531,38.13999938964844,35.25,36.61000061035156
2022-10-03,37.04999923706055,37.47999954223633,35.5,35.560001373291016
2022-10-04,34.86000061035156,34.959999084472656,33.95000076293945,34.41999816894531
2022-10-05,35.22999954223633,35.54999923706055,34.06999969482422,34.33000183105469
2022-10-06,34.59000015258789,35.959999084472656,34.470001220703125,35.84000015258789
2022-10-07,36.189998626708984,37.40999984741211,36.119998931884766,36.86000061035156
2022-10-10,38.25,39.77000045776367,38.040000915527344,38.56999969482422
2022-10-11,39.45000076293945,39.869998931884766,34.83000183105469,39.380001068115234
2022-10-12,39.849998474121094,40.20000076293945,39.11000061035156,39.5099983215332
2022-10-13,39.099998474121094,39.45000076293945,25.520000457763672,38.27000045776367
2022-10-14,37.869998931884766,39.119998931884766,35.0,37.75
2022-10-17,37.790000915527344,37.939998626708984,37.029998779296875,37.06999969482422
2022-10-18,36.630001068115234,37.2400016784668,36.09000015258789,36.11000061035156
2022-10-19,36.810001373291016,37.400001525878906,35.630001068115234,36.369998931884766
2022-10-20,36.47999954223633,36.72999954223633,34.220001220703125,35.77000045776367
2022-10-21,35.970001220703125,36.439998626708984,33.83000183105469,35.25
2022-10-24,36.130001068115234,36.66999816894531,24.3700008392334,35.5
2022-10-25,35.369998931884766,35.619998931884766,16.049999237060547,34.13999938964844
2022-10-26,34.45000076293945,34.45000076293945,28.209999084472656,33.279998779296875
2022-10-27,33.560001373291016,33.9900016784668,18.209999084472656,33.81999969482422
2022-10-28,33.220001220703125,33.2599983215332,16.809999465942383,31.860000610351562
2022-10-31,33.22999954223633,33.689998626708984,31.15999984741211,31.15999984741211
2022-11-01,31.6299991607666,32.15999984741211,31.079999923706055,31.989999771118164
2022-11-02,32.529998779296875,32.81999969482422,9.9399995803833,32.099998474121094
2022-11-03,33.119998931884766,33.189998626708984,31.68000030517578,31.790000915527344
2022-11-04,31.1299991607666,31.729999542236328,30.329999923706055,30.860000610351562
2022-11-07,31.829999923706055,32.18000030517578,28.780000686645508,30.84000015258789
2022-11-08,30.920000076293945,32.72999954223633,30.649999618530273,31.530000686645508
2022-11-09,31.860000610351562,32.619998931884766,31.40999984741211,32.4900016784668
2022-11-10,29.290000915527344,30.3799991607666,29.010000228881836,30.350000381469727
2022-11-11,30.459999084472656,30.68000030517578,28.3799991607666,28.969999313354492
2022-11-14,30.690000534057617,30.729999542236328,29.360000610351562,30.020000457763672
2022-11-15,29.639999389648438,32.209999084472656,29.3700008392334,30.299999237060547
2022-11-16,30.610000610351562,30.719999313354492,29.670000076293945,30.049999237060547
2022-11-17,31.030000686645508,31.200000762939453,29.510000228881836,30.020000457763672
2022-11-18,29.600000381469727,30.030000686645508,29.010000228881836,29.25
2022-11-21,30.229999542236328,30.329999923706055,28.649999618530273,29.0
2022-11-22,28.959999084472656,29.010000228881836,27.270000457763672,27.790000915527344
2022-11-23,28.059999465942383,28.200000762939453,26.200000762939453,26.65999984741211
2022-11-25,27.18000030517578,27.540000915527344,26.760000228881836,26.790000915527344
2022-11-28,28.489999771118164,28.6299991607666,27.889999389648438,28.309999465942383
2022-11-29,28.3700008392334,29.079999923706055,27.760000228881836,28.360000610351562
2022-11-30,28.68000030517578,28.950000762939453,26.170000076293945,26.459999084472656
2022-12-01,26.81999969482422,27.329999923706055,25.489999771118164,26.09000015258789
2022-12-02,26.440000534057617,26.649999618530273,24.25,24.780000686645508
2022-12-05,26.09000015258789,26.610000610351562,25.479999542236328,26.15999984741211
2022-12-06,26.06999969482422,28.059999465942383,25.920000076293945,27.530000686645508
2022-12-07,28.06999969482422,28.6299991607666,27.850000381469727,28.110000610351562
2022-12-08,28.25,28.829999923706055,27.540000915527344,27.59000015258789
2022-12-09,28.280000686645508,28.540000915527344,27.450000762939453,27.940000534057617
2022-12-12,29.700000762939453,30.219999313354492,29.59000015258789,30.059999465942383
2022-12-13,27.760000228881836,28.469999313354492,26.239999771118164,26.90999984741211
2022-12-14,27.549999237060547,27.8700008392334,11.920000076293945,25.75
2022-12-15,26.290000915527344,28.450000762939453,26.139999389648438,27.34000015258789
2022-12-16,27.8799991607666,27.920000076293945,22.799999237060547,27.329999923706055
2022-12-19,27.639999389648438,27.780000686645508,26.649999618530273,27.40999984741211
2022-12-20,27.790000915527344,28.0,26.260000228881836,26.649999618530273
2022-12-21,26.020000457763672,26.229999542236328,25.139999389648438,25.149999618530273
2022-12-22,25.760000228881836,29.559999465942383,25.75,27.350000381469727
2022-12-23,27.530000686645508,28.329999923706055,26.1200008392334,26.329999923706055
2022-12-27,28.1200008392334,28.809999465942383,27.75,27.780000686645508
2022-12-28,28.110000610351562,28.65999984741211,27.309999465942383,28.3799991607666
2022-12-29,28.110000610351562,28.280000686645508,27.010000228881836,27.360000610351562
2022-12-30,28.200000762939453,28.639999389648438,27.15999984741211,27.600000381469727
2023-01-03,29.059999465942383,30.079999923706055,28.690000534057617,29.110000610351562
2023-01-04,29.0,29.549999237060547,5.849999904632568,28.360000610351562
2023-01-05,28.670000076293945,29.459999084472656,28.3799991607666,28.809999465942383
2023-01-06,28.450000762939453,28.790000915527344,26.469999313354492,26.959999084472656
2023-01-09,27.549999237060547,28.0,27.25,27.860000610351562
2023-01-10,28.18000030517578,28.290000915527344,26.75,26.940000534057617
2023-01-11,27.15999984741211,27.469999313354492,26.8700008392334,27.34000015258789
2023-01-12,25.8700008392334,26.399999618530273,24.540000915527344,24.760000228881836
2023-01-13,25.190000534057617,25.190000534057617,23.139999389648438,23.81999969482422
2023-01-17,25.450000762939453,25.75,24.420000076293945,24.75
2023-01-18,24.510000228881836,25.790000915527344,24.260000228881836,25.510000228881836
2023-01-19,25.920000076293945,26.299999237060547,24.770000457763672,25.280000686645508
2023-01-20,25.100000381469727,25.309999465942383,24.040000915527344,24.540000915527344
2023-01-23,25.010000228881836,25.18000030517578,24.450000762939453,24.610000610351562
2023-01-24,24.969999313354492,25.479999542236328,24.079999923706055,24.549999237060547
2023-01-25,24.75,26.770000457763672,24.190000534057617,24.540000915527344
2023-01-26,24.469999313354492,25.049999237060547,24.420000076293945,25.010000228881836
2023-01-27,24.940000534057617,24.940000534057617,23.93000030517578,24.56999969482422
2023-01-30,25.899999618530273,26.559999465942383,25.739999771118164,26.25
2023-01-31,26.360000610351562,26.670000076293945,25.3799991607666,25.790000915527344
2023-02-01,26.110000610351562,26.280000686645508,23.079999923706055,24.040000915527344
2023-02-02,24.059999465942383,25.860000610351562,23.299999237060547,25.059999465942383
2023-02-03,24.309999465942383,25.739999771118164,21.950000762939453,25.399999618530273
2023-02-06,26.479999542236328,26.670000076293945,25.600000381469727,25.889999389648438
2023-02-07,26.15999984741211,26.350000381469727,20.969999313354492,25.459999084472656
2023-02-08,25.729999542236328,26.780000686645508,19.739999771118164,26.450000762939453
2023-02-09,26.1299991607666,28.440000534057617,26.09000015258789,27.639999389648438
2023-02-10,28.139999389648438,28.479999542236328,26.84000015258789,27.09000015258789
2023-02-13,28.280000686645508,28.350000381469727,26.889999389648438,27.260000228881836
2023-02-14,25.84000015258789,26.170000076293945,24.440000534057617,25.059999465942383
2023-02-15,25.1299991607666,25.209999084472656,23.639999389648438,24.09000015258789
2023-02-16,25.530000686645508,26.1299991607666,24.079999923706055,26.059999465942383
2023-02-17,26.8700008392334,27.1200008392334,25.56999969482422,25.81999969482422
2023-02-21,28.489999771118164,29.209999084472656,27.969999313354492,28.56999969482422
2023-02-22,28.979999542236328,29.09000015258789,27.59000015258789,28.020000457763672
2023-02-23,27.389999389648438,28.260000228881836,26.40999984741211,26.829999923706055
2023-02-24,27.979999542236328,28.559999465942383,27.020000457763672,27.18000030517578
2023-02-27,27.079999923706055,27.200000762939453,26.43000030517578,26.649999618530273
2023-02-28,26.940000534057617,27.079999923706055,25.75,26.399999618530273
2023-03-01,26.440000534057617,27.06999969482422,25.56999969482422,26.479999542236328
2023-03-02,27.030000686645508,27.1200008392334,25.25,25.700000762939453
2023-03-03,25.440000534057617,25.440000534057617,23.940000534057617,24.360000610351562
2023-03-06,24.760000228881836,24.790000915527344,23.81999969482422,24.25
2023-03-07,24.389999389648438,25.020000457763672,23.81999969482422,24.649999618530273
2023-03-08,24.799999237060547,25.079999923706055,23.860000610351562,24.079999923706055
2023-03-09,24.329999923706055,27.260000228881836,23.959999084472656,26.549999237060547
2023-03-10,26.350000381469727,31.200000762939453,26.09000015258789,27.940000534057617
2023-03-13,31.709999084472656,32.599998474121094,27.8799991607666,29.389999389648438
2023-03-14,26.889999389648438,27.850000381469727,16.850000381469727,26.719999313354492
2023-03-15,28.850000381469727,31.3799991607666,27.719999313354492,28.690000534057617
2023-03-16,29.469999313354492,29.719999313354492,26.229999542236328,26.6200008392334
2023-03-17,27.110000610351562,29.489999771118164,26.389999389648438,28.350000381469727
2023-03-20,29.229999542236328,29.649999618530273,27.219999313354492,27.549999237060547
2023-03-21,26.219999313354492,26.5,25.309999465942383,25.68000030517578
2023-03-22,25.530000686645508,26.670000076293945,24.1299991607666,26.600000381469727
2023-03-23,25.350000381469727,28.139999389648438,24.469999313354492,26.559999465942383
2023-03-24,27.34000015258789,28.59000015258789,23.959999084472656,25.780000686645508
2023-03-27,25.850000381469727,26.110000610351562,24.68000030517578,25.06999969482422
2023-03-28,25.6299991607666,25.850000381469727,24.469999313354492,24.5
2023-03-29,23.860000610351562,24.260000228881836,23.360000610351562,23.989999771118164
2023-03-30,23.809999465942383,24.780000686645508,23.56999969482422,23.989999771118164
2023-03-31,23.959999084472656,24.079999923706055,23.059999465942383,23.600000381469727
2023-04-03,24.959999084472656,24.959999084472656,23.440000534057617,23.670000076293945
2023-04-04,23.93000030517578,25.030000686645508,23.700000762939453,24.280000686645508
2023-04-05,24.889999389648438,25.479999542236328,24.25,24.6200008392334
2023-04-06,25.239999771118164,25.5,23.5,23.860000610351562
2023-04-10,25.5,25.700000762939453,24.309999465942383,24.559999465942383
2023-04-11,24.899999618530273,24.969999313354492,24.18000030517578,24.709999084472656
2023-04-12,24.540000915527344,25.100000381469727,23.68000030517578,24.489999771118164
2023-04-13,23.969999313354492,24.229999542236328,22.790000915527344,23.280000686645508
2023-04-14,23.5,23.530000686645508,19.489999771118164,22.219999313354492
2023-04-17,23.049999237060547,23.100000381469727,21.399999618530273,21.90999984741211
2023-04-18,21.860000610351562,22.219999313354492,20.940000534057617,21.40999984741211
2023-04-19,21.75,21.889999389648438,20.81999969482422,21.239999771118164
2023-04-20,22.1299991607666,22.260000228881836,20.8799991607666,21.770000457763672
2023-04-21,21.920000076293945,22.270000457763672,21.059999465942383,21.290000915527344
2023-04-24,22.290000915527344,22.329999923706055,21.219999313354492,21.520000457763672
2023-04-25,22.43000030517578,24.049999237060547,19.81999969482422,22.969999313354492
2023-04-26,23.200000762939453,23.520000457763672,22.25,22.770000457763672
2023-04-27,21.93000030517578,21.950000762939453,20.579999923706055,21.049999237060547
2023-04-28,21.079999923706055,21.139999389648438,19.969999313354492,20.1200008392334
2023-05-01,20.770000457763672,20.780000686645508,19.729999542236328,20.190000534057617
2023-05-02,20.59000015258789,23.219999313354492,20.40999984741211,21.6299991607666
2023-05-03,21.75,22.43000030517578,12.1899995803833,22.030000686645508
2023-05-04,22.850000381469727,24.1200008392334,22.440000534057617,23.139999389648438
2023-05-05,21.56999969482422,21.56999969482422,19.899999618530273,20.360000610351562
2023-05-08,21.139999389648438,21.260000228881836,19.8700008392334,20.309999465942383
2023-05-09,21.020000457763672,21.110000610351562,20.350000381469727,20.850000381469727
2023-05-10,19.760000228881836,21.100000381469727,19.260000228881836,19.760000228881836
2023-05-11,20.350000381469727,20.84000015258789,18.850000381469727,19.399999618530273
2023-05-12,19.200000762939453,20.459999084472656,18.489999771118164,19.530000686645508
2023-05-15,20.3799991607666,20.709999084472656,19.100000381469727,19.549999237060547
2023-05-16,19.93000030517578,20.280000686645508,19.239999771118164,19.84000015258789
2023-05-17,19.43000030517578,19.950000762939453,18.350000381469727,19.15999984741211
2023-05-18,19.1200008392334,19.559999465942383,18.739999771118164,19.31999969482422
2023-05-19,19.25,20.309999465942383,19.25,19.68000030517578
2023-05-22,20.0,20.350000381469727,19.360000610351562,19.969999313354492
2023-05-23,20.389999389648438,21.56999969482422,19.760000228881836,20.989999771118164
2023-05-24,22.100000381469727,22.899999618530273,21.540000915527344,22.399999618530273
2023-05-25,22.020000457763672,22.780000686645508,21.299999237060547,21.690000534057617
2023-05-26,21.65999984741211,22.6200008392334,20.829999923706055,22.209999084472656
2023-05-30,21.889999389648438,23.190000534057617,21.729999542236328,22.420000076293945
2023-05-31,22.579999923706055,22.850000381469727,21.1299991607666,22.1200008392334
2023-06-01,21.65999984741211,21.799999237060547,19.950000762939453,20.459999084472656
2023-06-02,20.200000762939453,20.290000915527344,19.260000228881836,19.290000915527344
2023-06-05,19.920000076293945,20.209999084472656,18.979999542236328,19.420000076293945
2023-06-06,18.8700008392334,19.639999389648438,18.049999237060547,18.540000915527344
2023-06-07,18.579999923706055,19.420000076293945,18.329999923706055,19.209999084472656
2023-06-08,19.31999969482422,19.579999923706055,18.139999389648438,18.65999984741211
2023-06-09,18.729999542236328,19.1200008392334,18.18000030517578,18.889999389648438
2023-06-12,19.610000610351562,20.5,19.479999542236328,20.459999084472656
2023-06-13,20.09000015258789,20.559999465942383,19.3700008392334,20.059999465942383
2023-06-14,20.020000457763672,20.690000534057617,19.25,19.719999313354492
2023-06-15,19.950000762939453,20.540000915527344,19.65999984741211,20.280000686645508
2023-06-16,20.399999618530273,20.719999313354492,19.25,19.549999237060547
2023-06-20,20.540000915527344,20.6299991607666,19.469999313354492,19.950000762939453
2023-06-21,20.0,20.020000457763672,18.6299991607666,19.290000915527344
2023-06-22,19.90999984741211,20.06999969482422,18.360000610351562,18.81999969482422
2023-06-23,19.56999969482422,19.860000610351562,18.610000610351562,19.290000915527344
2023-06-26,20.600000381469727,20.6200008392334,13.670000076293945,20.3700008392334
2023-06-27,20.469999313354492,20.59000015258789,19.649999618530273,20.079999923706055
2023-06-28,20.399999618530273,20.420000076293945,19.549999237060547,20.020000457763672
2023-06-29,20.1299991607666,20.579999923706055,19.469999313354492,19.979999542236328
2023-06-30,20.0,20.139999389648438,19.0,19.549999237060547
2023-07-03,20.170000076293945,20.170000076293945,19.399999618530273,19.8700008392334
2023-07-05,19.8700008392334,20.549999237060547,19.520000457763672,19.90999984741211
2023-07-06,20.670000076293945,21.860000610351562,20.440000534057617,21.110000610351562
2023-07-07,20.780000686645508,21.1200008392334,19.790000915527344,20.600000381469727
2023-07-10,21.149999618530273,21.510000228881836,20.600000381469727,21.079999923706055
2023-07-11,21.110000610351562,21.209999084472656,20.40999984741211,20.899999618530273
2023-07-12,20.360000610351562,20.440000534057617,18.90999984741211,19.479999542236328
2023-07-13,19.360000610351562,19.860000610351562,18.790000915527344,19.780000686645508
2023-07-14,19.889999389648438,20.200000762939453,18.8700008392334,19.649999618530273
2023-07-17,20.06999969482422,20.229999542236328,19.030000686645508,19.43000030517578
2023-07-18,19.270000457763672,19.530000686645508,18.760000228881836,19.290000915527344
2023-07-19,19.270000457763672,19.799999237060547,19.059999465942383,19.68000030517578
2023-07-20,20.09000015258789,20.729999542236328,19.40999984741211,20.200000762939453
2023-07-21,20.190000534057617,20.299999237060547,18.989999771118164,19.610000610351562
2023-07-24,20.209999084472656,20.399999618530273,19.469999313354492,19.829999923706055
2023-07-25,20.1200008392334,20.149999618530273,14.859999656677246,19.709999084472656
2023-07-26,19.8700008392334,19.90999984741211,18.40999984741211,18.989999771118164
2023-07-27,18.610000610351562,20.530000686645508,18.149999618530273,19.829999923706055
2023-07-28,19.280000686645508,19.56999969482422,18.420000076293945,18.920000076293945
2023-07-31,19.200000762939453,19.780000686645508,18.8799991607666,19.31999969482422
2023-08-01,19.799999237060547,19.850000381469727,19.020000457763672,19.670000076293945
2023-08-02,20.770000457763672,22.549999237060547,20.760000228881836,22.1299991607666
2023-08-03,22.65999984741211,23.309999465942383,21.729999542236328,22.079999923706055
2023-08-04,21.520000457763672,22.200000762939453,19.979999542236328,22.020000457763672
2023-08-07,21.600000381469727,22.139999389648438,20.690000534057617,20.81999969482422
2023-08-08,21.540000915527344,22.81999969482422,20.8700008392334,21.06999969482422
2023-08-09,20.969999313354492,22.09000015258789,20.799999237060547,21.5
2023-08-10,20.93000030517578,21.6200008392334,18.309999465942383,21.030000686645508
2023-08-11,21.65999984741211,21.920000076293945,20.329999923706055,20.450000762939453
2023-08-14,21.899999618530273,21.940000534057617,19.739999771118164,20.200000762939453
2023-08-15,20.81999969482422,21.520000457763672,20.200000762939453,21.3700008392334
2023-08-16,21.34000015258789,22.1299991607666,20.860000610351562,22.079999923706055
2023-08-17,21.790000915527344,23.1200008392334,21.6299991607666,22.709999084472656
2023-08-18,23.329999923706055,23.540000915527344,21.31999969482422,22.010000228881836
2023-08-21,22.540000915527344,22.600000381469727,21.5,21.889999389648438
2023-08-22,21.760000228881836,22.299999237060547,21.610000610351562,21.81999969482422
2023-08-23,21.739999771118164,21.799999237060547,20.889999389648438,21.360000610351562
2023-08-24,20.850000381469727,22.6299991607666,20.84000015258789,22.579999923706055
2023-08-25,22.200000762939453,22.920000076293945,19.190000534057617,20.8799991607666
2023-08-28,21.31999969482422,21.469999313354492,19.979999542236328,20.389999389648438
2023-08-29,20.520000457763672,20.559999465942383,15.699999809265137,19.329999923706055
2023-08-30,19.3799991607666,19.649999618530273,18.360000610351562,19.06999969482422
2023-08-31,19.040000915527344,19.219999313354492,17.959999084472656,18.739999771118164
2023-09-01,18.530000686645508,18.93000030517578,17.90999984741211,18.40999984741211
2023-09-05,19.81999969482422,19.860000610351562,18.610000610351562,19.399999618530273
2023-09-06,19.65999984741211,20.360000610351562,18.93000030517578,19.790000915527344
2023-09-07,21.030000686645508,21.350000381469727,19.549999237060547,19.950000762939453
2023-09-08,19.989999771118164,19.989999771118164,18.899999618530273,19.149999618530273
2023-09-11,19.489999771118164,19.56999969482422,18.459999084472656,18.84000015258789
2023-09-12,19.209999084472656,19.309999465942383,18.690000534057617,19.209999084472656
2023-09-13,18.969999313354492,18.989999771118164,17.940000534057617,18.06999969482422
2023-09-14,18.239999771118164,18.299999237060547,17.010000228881836,17.25
2023-09-15,17.559999465942383,19.030000686645508,17.440000534057617,18.690000534057617
2023-09-18,19.860000610351562,19.8799991607666,18.43000030517578,18.959999084472656
2023-09-19,19.59000015258789,20.110000610351562,18.600000381469727,19.209999084472656
2023-09-20,19.290000915527344,20.520000457763672,18.399999618530273,20.459999084472656
2023-09-21,21.06999969482422,22.479999542236328,21.06999969482422,22.479999542236328
2023-09-22,21.739999771118164,22.020000457763672,20.719999313354492,22.010000228881836
2023-09-25,22.719999313354492,22.889999389648438,21.56999969482422,21.649999618530273
2023-09-26,22.229999542236328,23.469999313354492,22.09000015258789,22.8700008392334
2023-09-27,22.360000610351562,23.540000915527344,22.25,22.34000015258789
2023-09-28,22.950000762939453,23.079999923706055,21.229999542236328,21.530000686645508
2023-09-29,20.81999969482422,21.700000762939453,20.18000030517578,21.280000686645508
2023-10-02,22.18000030517578,22.309999465942383,21.200000762939453,21.510000228881836
2023-10-03,22.420000076293945,24.3700008392334,22.209999084472656,23.770000457763672
2023-10-04,23.6200008392334,23.8799991607666,22.510000228881836,22.68000030517578
2023-10-05,22.780000686645508,23.899999618530273,22.5,22.760000228881836
2023-10-06,23.350000381469727,23.68000030517578,21.309999465942383,21.40999984741211
2023-10-09,22.850000381469727,23.1200008392334,21.75,21.81999969482422
2023-10-10,21.850000381469727,21.8799991607666,20.829999923706055,21.1299991607666
2023-10-11,20.670000076293945,21.489999771118164,20.15999984741211,20.15999984741211
2023-10-12,20.219999313354492,22.06999969482422,19.540000915527344,20.6299991607666
2023-10-13,20.739999771118164,24.260000228881836,20.530000686645508,22.75
2023-10-16,22.530000686645508,22.600000381469727,20.889999389648438,21.389999389648438
2023-10-17,22.639999389648438,23.149999618530273,21.420000076293945,21.959999084472656
2023-10-18,22.719999313354492,24.149999618530273,22.420000076293945,23.440000534057617
2023-10-19,23.1200008392334,24.889999389648438,22.34000015258789,24.739999771118164
2023-10-20,24.540000915527344,25.420000076293945,23.860000610351562,25.309999465942383
2023-10-23,25.459999084472656,25.889999389648438,23.260000228881836,23.969999313354492
2023-10-24,23.479999542236328,23.68000030517578,20.719999313354492,22.34000015258789
2023-10-25,22.709999084472656,24.84000015258789,22.709999084472656,24.34000015258789
2023-10-26,24.719999313354492,26.100000381469727,24.510000228881836,24.850000381469727
2023-10-27,24.25,25.139999389648438,23.549999237060547,24.440000534057617
2023-10-30,24.3799991607666,24.56999969482422,23.329999923706055,23.610000610351562
2023-10-31,23.649999618530273,24.049999237060547,22.229999542236328,22.459999084472656
2023-11-01,22.239999771118164,22.299999237060547,20.43000030517578,20.68000030517578
2023-11-02,20.06999969482422,20.110000610351562,19.15999984741211,19.540000915527344
2023-11-03,19.149999618530273,19.209999084472656,18.31999969482422,18.6200008392334
2023-11-06,19.329999923706055,19.399999618530273,18.549999237060547,18.649999618530273
2023-11-07,18.65999984741211,18.979999542236328,18.059999465942383,18.450000762939453
2023-11-08,18.459999084472656,18.920000076293945,17.739999771118164,18.15999984741211
2023-11-09,18.190000534057617,19.260000228881836,18.020000457763672,19.010000228881836
2023-11-10,18.770000457763672,18.84000015258789,17.549999237060547,17.950000762939453
2023-11-13,19.1299991607666,19.18000030517578,18.170000076293945,18.81999969482422
2023-11-14,18.149999618530273,18.200000762939453,17.270000457763672,17.889999389648438
2023-11-15,17.950000762939453,18.239999771118164,17.059999465942383,18.09000015258789
2023-11-16,18.010000228881836,18.309999465942383,17.049999237060547,17.829999923706055
2023-11-17,17.850000381469727,17.8700008392334,16.889999389648438,17.40999984741211
2023-11-20,17.799999237060547,17.799999237060547,16.639999389648438,17.139999389648438
2023-11-21,17.43000030517578,17.559999465942383,16.760000228881836,17.549999237060547
2023-11-22,16.90999984741211,17.139999389648438,16.1200008392334,16.65999984741211
2023-11-24,17.030000686645508,17.049999237060547,16.1200008392334,16.1200008392334
2023-11-27,16.770000457763672,16.899999618530273,15.899999618530273,16.440000534057617
2023-11-28,16.520000457763672,16.600000381469727,15.670000076293945,16.149999618530273
2023-11-29,16.139999389648438,16.579999923706055,15.579999923706055,16.520000457763672
2023-11-30,16.639999389648438,17.0,16.100000381469727,16.719999313354492
2023-12-01,16.93000030517578,16.969999313354492,15.880000114440918,16.209999084472656
2023-12-04,17.100000381469727,17.6299991607666,16.709999084472656,17.209999084472656
2023-12-05,17.360000610351562,17.530000686645508,16.75,16.989999771118164
2023-12-06,16.979999542236328,17.18000030517578,16.489999771118164,17.030000686645508
2023-12-07,17.139999389648438,17.3799991607666,16.770000457763672,17.079999923706055
2023-12-08,16.829999923706055,16.93000030517578,15.6899995803833,15.9399995803833
2023-12-11,16.799999237060547,16.829999923706055,13.5600004196167,16.270000457763672
2023-12-12,16.290000915527344,16.34000015258789,15.09000015258789,15.380000114440918
2023-12-13,15.670000076293945,15.869999885559082,14.170000076293945,15.350000381469727
2023-12-14,15.279999732971191,15.800000190734863,14.890000343322754,15.420000076293945
2023-12-15,15.319999694824219,15.819999694824219,14.609999656677246,15.470000267028809
2023-12-18,15.890000343322754,16.020000457763672,15.050000190734863,15.869999885559082
2023-12-19,15.670000076293945,15.880000114440918,15.050000190734863,15.800000190734863
2023-12-20,15.84000015258789,17.15999984741211,15.65999984741211,16.979999542236328
2023-12-21,16.709999084472656,17.8700008392334,16.440000534057617,17.18000030517578
2023-12-22,17.139999389648438,17.290000915527344,16.25,16.6200008392334
2023-12-26,17.559999465942383,17.59000015258789,16.600000381469727,17.0
2023-12-27,16.920000076293945,16.950000762939453,16.020000457763672,16.219999313354492
2023-12-28,16.34000015258789,16.520000457763672,15.890000343322754,16.360000610351562
2023-12-29,16.5,16.8700008392334,15.8100004196167,16.200000762939453
2024-01-02,17.6200008392334,18.360000610351562,17.25,17.59000015258789
2024-01-03,18.15999984741211,18.469999313354492,17.399999618530273,18.020000457763672
2024-01-04,18.229999542236328,18.25,17.469999313354492,17.889999389648438
2024-01-05,17.510000228881836,17.530000686645508,17.0,17.1299991607666
2024-01-08,17.600000381469727,17.709999084472656,16.809999465942383,16.860000610351562
2024-01-09,17.170000076293945,17.229999542236328,16.520000457763672,16.549999237060547
2024-01-10,16.649999618530273,16.68000030517578,16.31999969482422,16.600000381469727
2024-01-11,16.520000457763672,17.190000534057617,16.219999313354492,16.399999618530273
2024-01-12,16.6200008392334,16.93000030517578,16.139999389648438,16.540000915527344
2024-01-16,17.8700008392334,18.329999923706055,17.40999984741211,17.8700008392334
2024-01-17,18.93000030517578,19.40999984741211,18.209999084472656,18.700000762939453
2024-01-18,18.219999313354492,18.440000534057617,17.559999465942383,17.950000762939453
2024-01-19,17.81999969482422,18.010000228881836,17.18000030517578,17.399999618530273
2024-01-22,18.049999237060547,18.1299991607666,16.979999542236328,17.200000762939453
2024-01-23,17.270000457763672,17.3700008392334,16.229999542236328,16.549999237060547
2024-01-24,16.389999389648438,17.0,16.09000015258789,16.959999084472656
2024-01-25,17.110000610351562,17.420000076293945,15.859999656677246,17.260000228881836
2024-01-26,17.530000686645508,17.549999237060547,16.780000686645508,17.030000686645508
2024-01-29,17.729999542236328,17.739999771118164,17.15999984741211,17.389999389648438
2024-01-30,17.530000686645508,17.93000030517578,11.34000015258789,17.56999969482422
2024-01-31,17.579999923706055,18.40999984741211,17.389999389648438,18.25
2024-02-01,18.190000534057617,18.239999771118164,11.199999809265137,17.329999923706055
2024-02-02,17.670000076293945,17.799999237060547,17.110000610351562,17.219999313354492
2024-02-05,17.850000381469727,18.030000686645508,17.239999771118164,17.56999969482422
2024-02-06,17.610000610351562,17.8700008392334,17.040000915527344,17.309999465942383
2024-02-07,17.290000915527344,17.34000015258789,16.93000030517578,16.940000534057617
2024-02-08,17.290000915527344,17.299999237060547,11.829999923706055,16.959999084472656
2024-02-09,17.149999618530273,17.149999618530273,16.700000762939453,16.860000610351562
2024-02-12,17.59000015258789,18.969999313354492,17.459999084472656,18.09000015258789
2024-02-13,18.969999313354492,20.59000015258789,18.709999084472656,19.489999771118164
2024-02-14,18.84000015258789,19.1299991607666,18.100000381469727,18.260000228881836
2024-02-15,18.25,18.56999969482422,17.56999969482422,17.850000381469727
2024-02-16,18.190000534057617,18.639999389648438,17.899999618530273,18.600000381469727
2024-02-20,19.520000457763672,20.25,19.40999984741211,19.780000686645508
2024-02-21,20.149999618530273,20.209999084472656,19.530000686645508,19.600000381469727
2024-02-22,18.3700008392334,18.520000457763672,18.100000381469727,18.389999389648438
2024-02-23,18.270000457763672,18.40999984741211,17.700000762939453,17.700000762939453
2024-02-26,18.209999084472656,18.290000915527344,17.700000762939453,17.829999923706055
2024-02-27,17.850000381469727,18.010000228881836,17.239999771118164,17.579999923706055
2024-02-28,17.81999969482422,17.8799991607666,17.5,17.860000610351562
2024-02-29,17.479999542236328,17.799999237060547,16.1299991607666,17.209999084472656
2024-03-01,17.209999084472656,17.459999084472656,16.959999084472656,17.200000762939453
2024-03-04,17.6200008392334,17.639999389648438,17.31999969482422,17.600000381469727
2024-03-05,18.059999465942383,19.020000457763672,17.969999313354492,18.459999084472656
2024-03-06,17.989999771118164,18.719999313354492,17.979999542236328,18.540000915527344
2024-03-07,18.3799991607666,18.81999969482422,18.350000381469727,18.610000610351562
2024-03-08,18.389999389648438,19.639999389648438,18.229999542236328,19.040000915527344
2024-03-11,20.049999237060547,20.309999465942383,19.34000015258789,19.3700008392334
2024-03-12,18.899999618530273,19.18000030517578,7.119999885559082,18.1299991607666
2024-03-13,18.329999923706055,18.40999984741211,17.760000228881836,17.90999984741211
2024-03-14,17.93000030517578,18.940000534057617,17.93000030517578,18.610000610351562
2024-03-15,19.059999465942383,19.989999771118164,18.799999237060547,19.25
2024-03-18,19.639999389648438,19.850000381469727,19.229999542236328,19.399999618530273
2024-03-19,19.649999618530273,19.770000457763672,18.729999542236328,18.780000686645508
2024-03-20,19.100000381469727,19.15999984741211,15.359999656677246,17.549999237060547
2024-03-21,17.229999542236328,17.6299991607666,16.600000381469727,17.3799991607666
2024-03-22,17.469999313354492,17.479999542236328,16.850000381469727,17.040000915527344
2024-03-25,17.649999618530273,17.670000076293945,17.100000381469727,17.229999542236328
2024-03-26,17.329999923706055,17.329999923706055,16.780000686645508,17.100000381469727
2024-03-27,17.0,17.399999618530273,16.600000381469727,16.610000610351562
2024-03-28,16.790000915527344,16.889999389648438,16.489999771118164,16.65999984741211
2024-04-01,17.59000015258789,18.049999237060547,17.440000534057617,17.559999465942383
2024-04-02,18.489999771118164,18.979999542236328,18.059999465942383,18.18000030517578
2024-04-03,18.760000228881836,18.780000686645508,17.93000030517578,18.040000915527344
2024-04-04,17.739999771118164,20.100000381469727,17.6200008392334,19.950000762939453
2024-04-05,19.59000015258789,19.799999237060547,16.34000015258789,19.229999542236328
2024-04-08,19.450000762939453,19.760000228881836,18.770000457763672,18.770000457763672
2024-04-09,18.760000228881836,19.889999389648438,18.559999465942383,18.559999465942383
2024-04-10,19.25,19.5,17.239999771118164,18.989999771118164
2024-04-11,19.239999771118164,19.770000457763672,18.399999618530273,18.399999618530273
2024-04-12,19.780000686645508,21.6299991607666,19.34000015258789,20.389999389648438
2024-04-15,20.25,22.860000610351562,20.020000457763672,22.84000015258789
2024-04-16,22.889999389648438,23.209999084472656,21.389999389648438,22.010000228881836
2024-04-17,21.860000610351562,22.81999969482422,21.399999618530273,22.209999084472656
2024-04-18,21.729999542236328,22.360000610351562,20.889999389648438,21.639999389648438
2024-04-19,22.56999969482422,23.34000015258789,21.780000686645508,22.950000762939453
2024-04-22,22.239999771118164,22.329999923706055,20.899999618530273,21.110000610351562
2024-04-23,20.920000076293945,20.920000076293945,19.780000686645508,19.84000015258789
2024-04-24,20.270000457763672,20.65999984741211,20.06999969482422,20.43000030517578
2024-04-25,21.139999389648438,21.610000610351562,20.280000686645508,20.3700008392334
2024-04-26,19.950000762939453,20.010000228881836,19.190000534057617,19.329999923706055
2024-04-29,19.290000915527344,19.799999237060547,19.219999313354492,19.219999313354492
2024-04-30,19.459999084472656,20.229999542236328,18.43000030517578,18.43000030517578
2024-05-01,20.149999618530273,20.229999542236328,15.010000228881836,19.43000030517578
2024-05-02,19.270000457763672,20.010000228881836,18.6299991607666,18.729999542236328
2024-05-03,17.950000762939453,18.030000686645508,17.389999389648438,17.399999618530273
2024-05-06,17.850000381469727,17.889999389648438,17.399999618530273,17.420000076293945
2024-05-07,17.43000030517578,17.520000457763672,16.90999984741211,16.90999984741211
2024-05-08,17.280000686645508,17.290000915527344,16.690000534057617,16.799999237060547
2024-05-09,16.850000381469727,17.0,16.610000610351562,16.670000076293945
2024-05-10,16.799999237060547,16.8799991607666,16.3799991607666,16.459999084472656
2024-05-13,17.299999237060547,17.549999237060547,17.299999237060547,17.399999618530273
2024-05-14,17.56999969482422,17.639999389648438,16.959999084472656,17.290000915527344
2024-05-15,16.790000915527344,16.829999923706055,16.059999465942383,16.34000015258789
2024-05-16,16.329999923706055,16.440000534057617,15.899999618530273,16.260000228881836
2024-05-17,16.299999237060547,16.31999969482422,15.770000457763672,15.850000381469727
2024-05-20,16.270000457763672,16.31999969482422,15.920000076293945,15.920000076293945
2024-05-21,16.1299991607666,16.1299991607666,15.479999542236328,15.510000228881836
2024-05-22,15.869999885559082,16.690000534057617,15.210000038146973,16.399999618530273
2024-05-23,15.130000114440918,17.030000686645508,14.670000076293945,16.459999084472656
2024-05-24,16.219999313354492,16.280000686645508,15.479999542236328,15.65999984741211
2024-05-28,16.31999969482422,17.100000381469727,15.930000305175781,16.56999969482422
2024-05-29,17.610000610351562,17.809999465942383,16.860000610351562,17.489999771118164
2024-05-30,17.510000228881836,18.059999465942383,16.59000015258789,17.770000457763672
2024-05-31,17.309999465942383,18.59000015258789,16.100000381469727,16.700000762939453
2024-06-03,16.829999923706055,17.979999542236328,16.290000915527344,16.889999389648438
2024-06-04,17.25,17.549999237060547,16.780000686645508,16.860000610351562
2024-06-05,16.600000381469727,16.8700008392334,16.34000015258789,16.6299991607666
2024-06-06,16.579999923706055,16.75,16.399999618530273,16.43000030517578
2024-06-07,16.700000762939453,16.709999084472656,15.829999923706055,15.880000114440918
2024-06-10,16.579999923706055,16.59000015258789,15.850000381469727,16.0
2024-06-11,16.31999969482422,16.6299991607666,15.8100004196167,15.829999923706055
2024-06-12,15.470000267028809,15.470000267028809,6.480000019073486,13.59000015258789
2024-06-13,14.619999885559082,15.670000076293945,14.619999885559082,15.100000381469727
2024-06-14,15.930000305175781,16.219999313354492,15.399999618530273,16.049999237060547
2024-06-17,16.889999389648438,17.100000381469727,16.540000915527344,16.829999923706055
2024-06-18,16.940000534057617,17.229999542236328,16.399999618530273,16.700000762939453
2024-06-20,16.979999542236328,17.920000076293945,16.739999771118164,17.260000228881836
2024-06-21,17.530000686645508,17.6299991607666,16.59000015258789,16.950000762939453
2024-06-24,17.760000228881836,17.770000457763672,16.969999313354492,17.239999771118164
2024-06-25,17.200000762939453,17.219999313354492,16.639999389648438,16.700000762939453
2024-06-26,16.989999771118164,17.040000915527344,16.229999542236328,16.5
2024-06-27,16.520000457763672,16.6200008392334,16.25,16.290000915527344
2024-06-28,16.469999313354492,16.489999771118164,15.90999984741211,16.239999771118164
2024-07-01,16.959999084472656,17.309999465942383,16.059999465942383,16.079999923706055
2024-07-02,16.639999389648438,16.639999389648438,15.880000114440918,16.06999969482422
2024-07-03,16.299999237060547,16.420000076293945,15.890000343322754,16.280000686645508
2024-07-05,16.5,16.850000381469727,16.459999084472656,16.760000228881836
2024-07-08,17.34000015258789,17.40999984741211,16.850000381469727,17.030000686645508
2024-07-09,17.219999313354492,17.280000686645508,16.770000457763672,17.020000457763672
2024-07-10,17.06999969482422,17.34000015258789,16.920000076293945,17.280000686645508
2024-07-11,17.209999084472656,18.1299991607666,17.1299991607666,17.920000076293945
2024-07-12,17.93000030517578,17.93000030517578,17.15999984741211,17.260000228881836
2024-07-15,18.170000076293945,18.520000457763672,18.010000228881836,18.350000381469727
2024-07-16,18.399999618530273,18.639999389648438,18.25,18.350000381469727
2024-07-17,19.34000015258789,20.700000762939453,19.190000534057617,20.459999084472656
2024-07-18,20.239999771118164,21.739999771118164,19.920000076293945,21.260000228881836
2024-07-19,21.639999389648438,22.200000762939453,21.1299991607666,21.510000228881836
2024-07-22,21.25,21.260000228881836,19.889999389648438,19.969999313354492
2024-07-23,20.219999313354492,20.299999237060547,18.530000686645508,20.020000457763672
2024-07-24,20.68000030517578,23.299999237060547,20.639999389648438,23.059999465942383
2024-07-25,23.399999618530273,24.709999084472656,22.3700008392334,24.110000610351562
2024-07-26,23.420000076293945,23.459999084472656,22.170000076293945,22.40999984741211
2024-07-29,23.190000534057617,23.399999618530273,22.549999237060547,22.829999923706055
2024-07-30,22.90999984741211,24.579999923706055,22.690000534057617,23.940000534057617
2024-07-31,22.739999771118164,22.93000030517578,22.06999969482422,22.290000915527344
2024-08-01,22.290000915527344,25.559999465942383,21.600000381469727,24.709999084472656
2024-08-02,26.40999984741211,31.260000228881836,26.3799991607666,27.709999084472656
2024-08-05,27.709999084472656,40.119998931884766,21.829999923706055,35.099998474121094
2024-08-06,32.310001373291016,33.0099983215332,27.31999969482422,29.200000762939453
2024-08-07,26.889999389648438,29.540000915527344,26.149999618530273,29.020000457763672
2024-08-08,27.450000762939453,28.329999923706055,26.719999313354492,26.8799991607666
2024-08-09,27.489999771118164,27.670000076293945,24.860000610351562,24.940000534057617
2024-08-12,25.239999771118164,25.739999771118164,24.229999542236328,24.93000030517578
2024-08-13,24.489999771118164,24.520000457763672,23.229999542236328,23.260000228881836
2024-08-14,23.0,23.079999923706055,21.1299991607666,21.190000534057617
2024-08-15,20.56999969482422,20.65999984741211,19.889999389648438,20.280000686645508
2024-08-16,20.860000610351562,20.860000610351562,19.899999618530273,19.940000534057617
2024-08-19,21.209999084472656,21.229999542236328,19.760000228881836,19.93000030517578
2024-08-20,20.43000030517578,21.360000610351562,20.190000534057617,21.110000610351562
2024-08-21,21.56999969482422,22.190000534057617,21.170000076293945,21.219999313354492
2024-08-22,21.0,23.219999313354492,21.0,22.829999923706055
2024-08-23,22.06999969482422,22.469999313354492,20.899999618530273,21.110000610351562
2024-08-26,21.34000015258789,22.420000076293945,21.25,21.56999969482422
2024-08-27,22.010000228881836,22.31999969482422,20.84000015258789,20.90999984741211
2024-08-28,21.280000686645508,23.149999618530273,21.219999313354492,22.579999923706055
2024-08-29,20.799999237060547,21.309999465942383,19.790000915527344,20.579999923706055
2024-08-30,20.329999923706055,20.520000457763672,19.239999771118164,19.290000915527344
2024-09-03,21.059999465942383,24.68000030517578,20.989999771118164,23.59000015258789
2024-09-04,25.18000030517578,25.25,22.90999984741211,24.200000762939453
2024-09-05,24.110000610351562,24.649999618530273,22.6200008392334,23.540000915527344
2024-09-06,23.299999237060547,26.389999389648438,23.06999969482422,25.639999389648438
2024-09-09,24.850000381469727,25.1200008392334,23.729999542236328,23.920000076293945
2024-09-10,23.809999465942383,25.079999923706055,23.520000457763672,23.6200008392334
2024-09-11,23.360000610351562,25.239999771118164,22.079999923706055,22.15999984741211
2024-09-12,22.649999618530273,23.06999969482422,21.540000915527344,21.729999542236328
2024-09-13,22.049999237060547,22.06999969482422,21.0,21.280000686645508
2024-09-16,22.6299991607666,23.229999542236328,22.34000015258789,22.510000228881836
2024-09-17,22.3700008392334,23.329999923706055,22.1299991607666,22.690000534057617
2024-09-18,23.399999618530273,23.719999313354492,21.270000457763672,22.709999084472656
2024-09-19,20.809999465942383,21.649999618530273,20.780000686645508,21.09000015258789
2024-09-20,21.079999923706055,21.100000381469727,19.979999542236328,20.350000381469727
2024-09-23,20.59000015258789,20.65999984741211,19.459999084472656,19.540000915527344
2024-09-24,19.549999237060547,20.100000381469727,19.049999237060547,19.25
2024-09-25,19.510000228881836,19.520000457763672,19.06999969482422,19.06999969482422
2024-09-26,19.1299991607666,20.049999237060547,19.06999969482422,19.290000915527344
2024-09-27,19.360000610351562,20.059999465942383,19.110000610351562,20.040000915527344
2024-09-30,20.969999313354492,21.09000015258789,20.020000457763672,20.190000534057617
2024-10-01,20.5,23.020000457763672,20.489999771118164,21.670000076293945
2024-10-02,22.219999313354492,22.8799991607666,21.170000076293945,21.350000381469727
2024-10-03,22.34000015258789,23.1200008392334,21.610000610351562,22.479999542236328
2024-10-04,21.8799991607666,22.700000762939453,21.34000015258789,21.639999389648438
2024-10-07,23.690000534057617,24.81999969482422,23.270000457763672,24.34000015258789
2024-10-08,24.0,24.059999465942383,23.389999389648438,23.6200008392334
2024-10-09,23.889999389648438,23.93000030517578,23.209999084472656,23.420000076293945
2024-10-10,23.81999969482422,23.979999542236328,23.450000762939453,23.600000381469727
2024-10-11,24.020000457763672,24.020000457763672,23.030000686645508,23.290000915527344
2024-10-14,23.989999771118164,23.989999771118164,23.25,23.31999969482422
2024-10-15,23.479999542236328,24.850000381469727,23.229999542236328,24.540000915527344
2024-10-16,24.799999237060547,25.350000381469727,23.559999465942383,23.639999389648438
2024-10-17,23.270000457763672,23.899999618530273,22.610000610351562,22.850000381469727
2024-10-18,22.770000457763672,22.860000610351562,21.56999969482422,21.760000228881836
2024-10-21,22.440000534057617,22.829999923706055,21.959999084472656,21.959999084472656
2024-10-22,22.75,22.84000015258789,21.850000381469727,22.030000686645508
2024-10-23,22.43000030517578,24.059999465942383,22.25,22.920000076293945
2024-10-24,22.799999237060547,23.5,22.34000015258789,22.469999313354492
2024-10-25,22.040000915527344,23.530000686645508,21.780000686645508,23.239999771118164
2024-10-28,22.780000686645508,23.030000686645508,22.479999542236328,22.93000030517578
2024-10-29,23.190000534057617,23.59000015258789,22.290000915527344,22.440000534057617
2024-10-30,22.979999542236328,23.360000610351562,22.350000381469727,23.09000015258789
2024-10-31,23.989999771118164,25.149999618530273,23.780000686645508,24.860000610351562
2024-11-01,24.360000610351562,24.360000610351562,23.280000686645508,23.739999771118164
2024-11-04,24.520000457763672,24.950000762939453,23.690000534057617,23.8799991607666
2024-11-05,23.81999969482422,23.81999969482422,22.450000762939453,22.5
2024-11-06,19.06999969482422,19.93000030517578,18.739999771118164,18.860000610351562
2024-11-07,18.56999969482422,18.649999618530273,18.239999771118164,18.350000381469727
2024-11-08,18.309999465942383,18.3700008392334,17.649999618530273,17.8799991607666
2024-11-11,18.700000762939453,18.959999084472656,18.209999084472656,18.3700008392334
2024-11-12,18.690000534057617,18.690000534057617,18.110000610351562,18.1200008392334
2024-11-13,18.18000030517578,18.190000534057617,17.1299991607666,17.5
2024-11-14,17.670000076293945,17.799999237060547,16.979999542236328,17.700000762939453
2024-11-15,18.420000076293945,20.889999389648438,18.219999313354492,19.829999923706055
2024-11-18,20.790000915527344,20.850000381469727,19.5,19.770000457763672
2024-11-19,21.09000015258789,21.1299991607666,19.579999923706055,19.989999771118164
2024-11-20,20.420000076293945,22.389999389648438,20.309999465942383,20.850000381469727
2024-11-21,19.549999237060547,21.3700008392334,19.34000015258789,20.209999084472656
2024-11-22,19.979999542236328,20.049999237060547,18.540000915527344,18.56999969482422
2024-11-25,18.3799991607666,18.68000030517578,17.56999969482422,17.59000015258789
2024-11-26,17.559999465942383,17.559999465942383,16.719999313354492,16.799999237060547
2024-11-27,17.049999237060547,17.670000076293945,16.65999984741211,16.68000030517578
2024-11-29,16.84000015258789,16.940000534057617,16.06999969482422,16.06999969482422
2024-12-02,16.56999969482422,16.639999389648438,16.06999969482422,16.1200008392334
2024-12-03,16.469999313354492,16.5,15.619999885559082,15.760000228881836
2024-12-04,15.699999809265137,15.979999542236328,15.539999961853027,15.6899995803833
2024-12-05,15.789999961853027,15.789999961853027,15.479999542236328,15.6899995803833
2024-12-06,15.430000305175781,15.430000305175781,15.050000190734863,15.149999618530273
2024-12-09,15.989999771118164,16.600000381469727,15.819999694824219,16.549999237060547
2024-12-10,16.68000030517578,16.90999984741211,16.280000686645508,16.540000915527344
2024-12-11,16.1299991607666,16.31999969482422,15.729999542236328,15.880000114440918
2024-12-12,16.100000381469727,16.440000534057617,15.899999618530273,16.360000610351562
2024-12-13,16.100000381469727,16.700000762939453,15.829999923706055,16.610000610351562
2024-12-16,17.389999389648438,18.440000534057617,17.299999237060547,18.440000534057617
2024-12-17,18.760000228881836,19.56999969482422,18.309999465942383,19.440000534057617
2024-12-18,18.799999237060547,28.15999984741211,18.639999389648438,27.6299991607666
2024-12-19,23.670000076293945,26.34000015258789,22.979999542236328,26.329999923706055
2024-12-20,26.139999389648438,26.139999389648438,20.889999389648438,21.489999771118164
2024-12-23,20.989999771118164,21.8799991607666,19.030000686645508,19.030000686645508
2024-12-24,18.899999618530273,18.899999618530273,16.920000076293945,17.030000686645508
2024-12-26,17.920000076293945,18.360000610351562,17.239999771118164,17.530000686645508
2024-12-27,18.5,20.290000915527344,18.489999771118164,18.540000915527344
2024-12-30,20.31999969482422,20.829999923706055,19.059999465942383,19.790000915527344
2024-12-31,19.56999969482422,20.200000762939453,19.229999542236328,19.920000076293945
2025-01-02,20.079999923706055,21.510000228881836,19.860000610351562,20.5
2025-01-03,20.360000610351562,20.399999618530273,19.030000686645508,19.1200008392334
2025-01-06,19.420000076293945,19.65999984741211,19.0,19.0
2025-01-07,19.1299991607666,21.3799991607666,19.049999237060547,20.729999542236328
2025-01-08,21.610000610351562,22.06999969482422,20.469999313354492,20.690000534057617
2025-01-10,21.850000381469727,22.760000228881836,21.260000228881836,21.729999542236328
2025-01-13,23.360000610351562,23.450000762939453,21.739999771118164,21.799999237060547
2025-01-14,21.790000915527344,22.209999084472656,21.149999618530273,21.450000762939453
2025-01-15,20.190000534057617,20.190000534057617,19.1200008392334,19.290000915527344
2025-01-16,19.450000762939453,19.739999771118164,18.850000381469727,19.610000610351562
2025-01-17,18.950000762939453,19.260000228881836,18.68000030517578,18.959999084472656
2025-01-21,19.520000457763672,19.799999237060547,18.18000030517578,18.639999389648438
2025-01-22,18.670000076293945,18.719999313354492,18.34000015258789,18.68000030517578
2025-01-23,18.8700008392334,18.8700008392334,18.18000030517578,18.3799991607666
2025-01-24,18.5,18.68000030517578,18.079999923706055,18.219999313354492
2025-01-27,22.170000076293945,22.3799991607666,20.760000228881836,21.610000610351562
2025-01-28,21.3799991607666,21.8700008392334,20.15999984741211,20.309999465942383
2025-01-29,20.440000534057617,21.520000457763672,20.329999923706055,20.600000381469727
2025-01-30,19.829999923706055,20.34000015258789,19.15999984741211,19.799999237060547
2025-01-31,19.31999969482422,20.40999984741211,18.889999389648438,20.110000610351562
2025-02-03,22.229999542236328,22.780000686645508,20.790000915527344,21.280000686645508
2025-02-04,20.989999771118164,20.989999771118164,19.969999313354492,20.030000686645508
2025-02-05,20.049999237060547,20.309999465942383,19.170000076293945,19.18000030517578
2025-02-06,19.270000457763672,19.290000915527344,18.520000457763672,18.579999923706055
2025-02-07,18.219999313354492,19.549999237060547,18.030000686645508,19.18000030517578
2025-02-10,18.959999084472656,19.260000228881836,18.709999084472656,18.84000015258789
2025-02-11,19.149999618530273,19.15999984741211,18.559999465942383,18.770000457763672
2025-02-12,19.3799991607666,19.489999771118164,18.6200008392334,18.690000534057617
2025-02-13,18.809999465942383,19.09000015258789,18.31999969482422,18.40999984741211
2025-02-14,18.670000076293945,18.709999084472656,18.020000457763672,18.030000686645508
2025-02-18,19.729999542236328,20.079999923706055,18.780000686645508,19.229999542236328
2025-02-19,19.93000030517578,19.979999542236328,18.459999084472656,19.0
2025-02-20,19.06999969482422,20.139999389648438,18.729999542236328,18.899999618530273
2025-02-21,18.729999542236328,21.549999237060547,18.709999084472656,20.959999084472656
2025-02-24,20.719999313354492,22.520000457763672,20.18000030517578,21.459999084472656
2025-02-25,21.729999542236328,23.489999771118164,21.520000457763672,21.979999542236328
2025-02-26,22.09000015258789,22.790000915527344,20.81999969482422,21.940000534057617
2025-02-27,21.0,24.229999542236328,20.860000610351562,24.09000015258789
2025-02-28,24.489999771118164,25.049999237060547,22.3700008392334,22.65999984741211
2025-03-03,22.8799991607666,25.8700008392334,22.440000534057617,24.959999084472656
2025-03-04,26.479999542236328,27.469999313354492,24.06999969482422,25.219999313354492
2025-03-05,25.75,26.440000534057617,23.799999237060547,24.260000228881836
2025-03-06,25.520000457763672,26.709999084472656,24.889999389648438,26.229999542236328
2025-03-07,26.600000381469727,27.889999389648438,25.290000915527344,25.549999237060547
2025-03-10,27.780000686645508,29.5,27.690000534057617,28.84000015258789
2025-03-11,29.09000015258789,29.799999237060547,28.139999389648438,28.700000762939453
2025-03-12,27.6299991607666,28.31999969482422,26.510000228881836,26.81999969482422
2025-03-13,27.290000915527344,28.329999923706055,26.700000762939453,27.579999923706055
2025-03-14,27.940000534057617,27.940000534057617,25.489999771118164,25.790000915527344
2025-03-17,26.6299991607666,26.6299991607666,24.56999969482422,25.040000915527344
2025-03-18,25.850000381469727,26.959999084472656,25.59000015258789,25.850000381469727
2025-03-19,25.350000381469727,25.639999389648438,23.040000915527344,23.6200008392334
2025-03-20,24.760000228881836,24.799999237060547,22.829999923706055,23.3799991607666
2025-03-21,24.3700008392334,24.68000030517578,22.709999084472656,22.920000076293945
2025-03-24,22.579999923706055,22.579999923706055,21.200000762939453,21.270000457763672
2025-03-25,21.139999389648438,21.280000686645508,20.559999465942383,20.56999969482422
2025-03-26,20.829999923706055,22.739999771118164,20.600000381469727,22.040000915527344
2025-03-27,22.549999237060547,23.219999313354492,21.700000762939453,22.40999984741211
2025-03-28,23.110000610351562,25.399999618530273,22.90999984741211,25.059999465942383
2025-03-31,27.329999923706055,28.15999984741211,24.959999084472656,25.3700008392334
2025-04-01,26.030000686645508,26.739999771118164,24.760000228881836,24.799999237060547
2025-04-02,26.3799991607666,26.389999389648438,23.649999618530273,23.649999618530273
2025-04-03,28.18000030517578,30.579999923706055,27.579999923706055,30.56999969482422
2025-04-04,33.77000045776367,38.06999969482422,33.560001373291016,37.650001525878906
2025-04-07,38.400001525878906,40.04999923706055,33.43000030517578,38.63999938964844
2025-04-08,35.2599983215332,40.560001373291016,33.7599983215332,39.560001373291016
2025-04-09,50.81999969482422,52.16999816894531,26.959999084472656,34.79999923706055
2025-04-10,38.130001068115234,51.869998931884766,37.56999969482422,43.25
2025-04-11,45.459999084472656,47.52000045776367,39.06999969482422,39.95000076293945
2025-04-14,34.16999816894531,38.33000183105469,32.91999816894531,34.33000183105469
2025-04-15,33.439998626708984,33.5,31.459999084472656,32.709999084472656
2025-04-16,35.029998779296875,37.43000030517578,32.279998779296875,35.380001068115234
2025-04-17,34.2599983215332,35.27000045776367,32.810001373291016,32.83000183105469
2025-04-21,35.630001068115234,38.41999816894531,35.470001220703125,36.869998931884766
2025-04-22,35.2400016784668,35.630001068115234,33.650001525878906,33.97999954223633
2025-04-23,31.219999313354492,33.22999954223633,30.520000457763672,31.829999923706055
2025-04-24,31.299999237060547,31.34000015258789,29.799999237060547,29.959999084472656
2025-04-25,30.299999237060547,30.579999923706055,28.1299991607666,28.3700008392334
2025-04-28,28.920000076293945,30.34000015258789,28.190000534057617,28.540000915527344
2025-04-29,29.18000030517578,29.200000762939453,26.93000030517578,27.600000381469727
2025-04-30,29.829999923706055,31.420000076293945,22.549999237060547,27.799999237060547
2025-05-01,27.489999771118164,28.049999237060547,26.65999984741211,27.690000534057617
2025-05-02,26.110000610351562,26.510000228881836,25.520000457763672,25.729999542236328
2025-05-05,27.1299991607666,27.350000381469727,25.90999984741211,26.540000915527344
2025-05-06,27.729999542236328,27.860000610351562,26.530000686645508,27.110000610351562
2025-05-07,27.760000228881836,28.420000076293945,26.270000457763672,26.489999771118164
2025-05-08,25.959999084472656,26.68000030517578,25.09000015258789,25.969999313354492
2025-05-09,25.790000915527344,26.350000381469727,25.149999618530273,25.5
2025-05-12,23.649999618530273,23.68000030517578,22.040000915527344,22.280000686645508
2025-05-13,21.700000762939453,22.329999923706055,21.280000686645508,22.280000686645508
2025-05-14,22.450000762939453,22.889999389648438,22.260000228881836,22.65999984741211
2025-05-15,22.940000534057617,23.0,21.850000381469727,21.889999389648438
2025-05-16,21.81999969482422,21.829999923706055,21.0,21.200000762939453
2025-05-19,23.290000915527344,23.31999969482422,21.8799991607666,21.950000762939453
2025-05-20,22.100000381469727,22.600000381469727,21.549999237060547,22.06999969482422
2025-05-21,22.739999771118164,24.6200008392334,21.799999237060547,24.200000762939453
2025-05-22,24.239999771118164,24.610000610351562,22.799999237060547,23.6299991607666
2025-05-23,26.81999969482422,26.989999771118164,24.469999313354492,25.290000915527344
2025-05-27,23.860000610351562,24.34000015258789,22.309999465942383,22.31999969482422
2025-05-28,22.649999618530273,22.989999771118164,22.170000076293945,22.760000228881836
2025-05-29,21.770000457763672,22.950000762939453,21.520000457763672,21.799999237060547
2025-05-30,22.020000457763672,22.549999237060547,20.729999542236328,20.8700008392334
2025-06-02,20.329999923706055,20.5,19.43000030517578,19.43000030517578
2025-06-03,19.139999389648438,19.309999465942383,18.739999771118164,18.739999771118164
2025-06-04,18.950000762939453,19.260000228881836,18.81999969482422,19.010000228881836
2025-06-05,20.25,21.829999923706055,19.93000030517578,21.479999542236328
2025-06-06,20.6299991607666,20.6299991607666,19.739999771118164,19.809999465942383
2025-06-09,20.719999313354492,20.860000610351562,19.850000381469727,20.170000076293945
2025-06-10,20.049999237060547,20.559999465942383,19.610000610351562,19.81999969482422
2025-06-11,19.31999969482422,20.940000534057617,19.219999313354492,20.3799991607666
2025-06-12,20.860000610351562,21.170000076293945,20.299999237060547,20.690000534057617
2025-06-13,22.40999984741211,23.399999618530273,21.280000686645508,22.40999984741211
2025-06-16,21.600000381469727,21.600000381469727,20.639999389648438,21.09000015258789
2025-06-17,21.860000610351562,23.520000457763672,21.389999389648438,23.309999465942383
2025-06-18,22.950000762939453,23.350000381469727,21.469999313354492,22.139999389648438
2025-06-20,21.309999465942383,22.889999389648438,20.760000228881836,22.229999542236328
2025-06-23,22.530000686645508,23.40999984741211,21.100000381469727,21.149999618530273
2025-06-24,19.899999618530273,20.010000228881836,19.40999984741211,19.459999084472656
2025-06-25,19.190000534057617,19.579999923706055,18.93000030517578,19.0
2025-06-26,18.950000762939453,19.170000076293945,18.670000076293945,18.989999771118164
2025-06-27,18.850000381469727,19.649999618530273,18.790000915527344,18.889999389648438
2025-06-30,19.799999237060547,20.010000228881836,19.350000381469727,19.559999465942383
2025-07-01,20.110000610351562,20.149999618530273,19.540000915527344,19.8799991607666
2025-07-02,20.260000228881836,20.31999969482422,19.59000015258789,19.739999771118164
2025-07-03,19.260000228881836,19.770000457763672,19.229999542236328,19.469999313354492
2025-07-07,20.610000610351562,21.219999313354492,20.450000762939453,20.68000030517578
2025-07-08,20.139999389648438,20.260000228881836,19.360000610351562,19.530000686645508
2025-07-09,18.860000610351562,19.389999389648438,18.559999465942383,18.709999084472656
2025-07-10,18.729999542236328,19.329999923706055,18.6299991607666,18.760000228881836
2025-07-11,19.450000762939453,19.709999084472656,18.760000228881836,19.040000915527344
2025-07-14,19.860000610351562,20.260000228881836,19.6299991607666,19.780000686645508
2025-07-15,19.389999389648438,19.850000381469727,19.209999084472656,19.739999771118164
2025-07-16,19.5,21.540000915527344,19.190000534057617,19.540000915527344
2025-07-17,19.600000381469727,19.700000762939453,18.389999389648438,18.670000076293945
2025-07-18,18.670000076293945,19.149999618530273,18.34000015258789,18.610000610351562
2025-07-21,19.010000228881836,19.010000228881836,18.40999984741211,18.709999084472656
2025-07-22,18.8700008392334,19.780000686645508,18.690000534057617,18.950000762939453
2025-07-23,18.770000457763672,18.889999389648438,17.049999237060547,17.940000534057617
2025-07-24,17.739999771118164,17.93000030517578,17.520000457763672,17.719999313354492
2025-07-25,17.799999237060547,17.799999237060547,17.15999984741211,17.15999984741211
2025-07-28,17.540000915527344,17.780000686645508,17.260000228881836,17.270000457763672
2025-07-29,17.059999465942383,18.389999389648438,17.059999465942383,18.209999084472656
2025-07-30,18.329999923706055,19.399999618530273,17.270000457763672,17.31999969482422
2025-07-31,17.420000076293945,19.469999313354492,17.15999984741211,19.229999542236328
2025-08-01,20.790000915527344,22.969999313354492,20.59000015258789,21.540000915527344
2025-08-04,20.190000534057617,20.190000534057617,19.229999542236328,19.239999771118164
2025-08-05,19.6299991607666,20.520000457763672,19.170000076293945,19.8700008392334
2025-08-06,19.780000686645508,19.950000762939453,18.639999389648438,18.770000457763672
2025-08-07,18.3700008392334,19.65999984741211,18.270000457763672,18.81999969482422
2025-08-08,18.479999542236328,18.59000015258789,17.290000915527344,17.290000915527344
2025-08-11,17.860000610351562,18.350000381469727,17.6200008392334,18.170000076293945
2025-08-12,17.610000610351562,17.940000534057617,16.690000534057617,16.84000015258789
2025-08-13,16.520000457763672,17.049999237060547,16.489999771118164,16.729999542236328
2025-08-14,17.34000015258789,17.40999984741211,16.860000610351562,17.079999923706055
2025-08-15,17.270000457763672,17.56999969482422,16.899999618530273,17.5
2025-08-18,18.360000610351562,18.40999984741211,17.420000076293945,17.75
2025-08-19,17.860000610351562,19.600000381469727,17.81999969482422,19.389999389648438
2025-08-20,19.809999465942383,21.719999313354492,19.579999923706055,20.0
2025-08-21,20.850000381469727,21.459999084472656,20.059999465942383,20.549999237060547
2025-08-22,20.850000381469727,20.850000381469727,18.020000457763672,18.059999465942383
2025-08-25,18.809999465942383,19.020000457763672,17.829999923706055,18.420000076293945
2025-08-26,18.81999969482422,18.989999771118164,18.190000534057617,18.190000534057617
2025-08-27,18.719999313354492,19.06999969482422,18.489999771118164,18.690000534057617
2025-08-28,17.8700008392334,18.139999389648438,17.34000015258789,17.6200008392334
2025-08-29,18.06999969482422,19.440000534057617,17.90999984741211,19.110000610351562
2025-09-02,22.760000228881836,22.969999313354492,20.329999923706055,20.360000610351562
2025-09-03,20.40999984741211,20.520000457763672,19.6299991607666,19.690000534057617
2025-09-04,19.709999084472656,19.81999969482422,18.729999542236328,18.790000915527344
2025-09-05,18.270000457763672,20.18000030517578,18.200000762939453,18.440000534057617
2025-09-08,18.6200008392334,18.770000457763672,18.209999084472656,18.350000381469727
2025-09-09,18.600000381469727,19.020000457763672,18.09000015258789,18.219999313354492
2025-09-10,18.1200008392334,18.760000228881836,17.729999542236328,18.6200008392334
2025-09-11,18.229999542236328,18.530000686645508,17.93000030517578,18.229999542236328
2025-09-12,18.139999389648438,18.309999465942383,17.649999618530273,18.18000030517578
2025-09-15,18.540000915527344,19.299999237060547,18.5,19.1200008392334
2025-09-16,19.15999984741211,19.709999084472656,19.139999389648438,19.56999969482422
2025-09-17,19.600000381469727,20.420000076293945,18.579999923706055,19.020000457763672
2025-09-18,18.40999984741211,18.940000534057617,18.299999237060547,18.860000610351562
2025-09-19,18.709999084472656,19.25,18.549999237060547,18.739999771118164
2025-09-22,19.420000076293945,19.459999084472656,19.09000015258789,19.420000076293945
2025-09-23,19.5,20.530000686645508,19.43000030517578,20.1299991607666
2025-09-24,20.1200008392334,20.809999465942383,19.93000030517578,19.93000030517578
2025-09-25,20.950000762939453,21.540000915527344,20.06999969482422,20.540000915527344
2025-09-26,20.639999389648438,20.829999923706055,19.329999923706055,19.329999923706055
2025-09-29,20.079999923706055,20.110000610351562,19.75,19.8700008392334
2025-09-30,20.1299991607666,20.34000015258789,19.81999969482422,20.0
2025-10-01,20.479999542236328,20.639999389648438,19.709999084472656,19.8700008392334
2025-10-02,19.639999389648438,20.3799991607666,19.579999923706055,20.010000228881836
2025-10-03,20.030000686645508,20.670000076293945,19.729999542236328,20.079999923706055
2025-10-06,20.3799991607666,20.719999313354492,20.209999084472656,20.399999618530273
2025-10-07,20.3799991607666,21.440000534057617,20.329999923706055,20.81999969482422
2025-10-08,20.610000610351562,20.739999771118164,19.940000534057617,20.020000457763672
2025-10-09,20.079999923706055,20.899999618530273,19.979999542236328,20.040000915527344
2025-10-10,20.040000915527344,25.829999923706055,19.770000457763672,25.229999542236328
2025-10-13,23.989999771118164,24.280000686645508,22.540000915527344,22.799999237060547
2025-10-14,25.290000915527344,26.360000610351562,22.75,24.280000686645508
2025-10-15,23.049999237060547,25.84000015258789,22.600000381469727,24.420000076293945
2025-10-16,24.100000381469727,28.459999084472656,24.020000457763672,28.260000228881836
2025-10-17,27.770000457763672,28.459999084472656,24.959999084472656,24.969999313354492
2025-10-20,24.84000015258789,24.84000015258789,22.6299991607666,22.639999389648438
2025-10-21,23.15999984741211,23.440000534057617,21.75,22.59000015258789
2025-10-22,23.1299991607666,25.579999923706055,22.610000610351562,23.299999237060547
2025-10-23,23.469999313354492,23.540000915527344,21.489999771118164,21.719999313354492
2025-10-24,20.940000534057617,21.059999465942383,20.280000686645508,20.610000610351562
2025-10-27,20.030000686645508,20.6299991607666,20.010000228881836,20.5
2025-10-28,20.600000381469727,21.329999923706055,20.450000762939453,21.309999465942383
2025-10-29,21.530000686645508,22.489999771118164,21.520000457763672,21.760000228881836
2025-10-30,21.600000381469727,22.219999313354492,21.020000457763672,21.65999984741211
2025-10-31,20.8799991607666,22.809999465942383,20.829999923706055,21.989999771118164
2025-11-03,21.889999389648438,23.079999923706055,21.450000762939453,21.729999542236328
2025-11-04,23.450000762939453,23.799999237060547,22.239999771118164,23.299999237060547
2025-11-05,23.530000686645508,23.729999542236328,21.690000534057617,22.600000381469727
2025-11-06,22.920000076293945,25.059999465942383,22.760000228881836,24.639999389648438
2025-11-07,26.040000915527344,27.559999465942383,24.5,24.579999923706055
2025-11-10,23.399999618530273,23.459999084472656,22.520000457763672,22.6200008392334
2025-11-11,22.90999984741211,23.1200008392334,22.450000762939453,22.670000076293945
2025-11-12,22.729999542236328,23.959999084472656,22.670000076293945,23.059999465942383
2025-11-13,23.889999389648438,27.229999542236328,23.760000228881836,25.8799991607666
2025-11-14,28.979999542236328,29.75,25.360000610351562,26.149999618530273
2025-11-17,27.799999237060547,29.34000015258789,26.200000762939453,28.15999984741211
2025-11-18,29.829999923706055,32.130001068115234,29.040000915527344,30.510000228881836
2025-11-19,30.280000686645508,30.75,27.56999969482422,29.299999237060547
2025-11-20,24.6200008392334,33.459999084472656,24.239999771118164,32.720001220703125
2025-11-21,31.09000015258789,33.5099983215332,28.020000457763672,28.950000762939453
2025-11-24,28.280000686645508,28.280000686645508,25.440000534057617,25.56999969482422
2025-11-25,25.850000381469727,27.260000228881836,23.489999771118164,23.670000076293945
2025-11-26,22.93000030517578,23.219999313354492,22.020000457763672,22.260000228881836
2025-11-28,21.84000015258789,22.329999923706055,21.139999389648438,21.170000076293945
2025-12-01,22.670000076293945,22.8700008392334,21.530000686645508,22.059999465942383
2025-12-02,21.799999237060547,22.15999984741211,21.170000076293945,21.280000686645508
2025-12-03,21.979999542236328,22.049999237060547,20.520000457763672,20.649999618530273
2025-12-04,20.729999542236328,21.139999389648438,20.18000030517578,20.190000534057617
2025-12-05,19.8700008392334,20.40999984741211,19.549999237060547,19.6200008392334
2025-12-08,20.56999969482422,21.25,20.520000457763672,20.75
2025-12-09,21.229999542236328,21.389999389648438,20.450000762939453,20.760000228881836
2025-12-10,21.229999542236328,21.549999237060547,19.459999084472656,19.670000076293945
2025-12-11,20.40999984741211,20.940000534057617,18.399999618530273,18.399999618530273
2025-12-12,19.440000534057617,22.139999389648438,19.010000228881836,20.6200008392334
2025-12-15,20.530000686645508,22.110000610351562,20.3799991607666,20.709999084472656
2025-12-16,21.270000457763672,21.6200008392334,19.81999969482422,20.190000534057617
2025-12-17,20.040000915527344,22.450000762939453,19.829999923706055,21.780000686645508
2025-12-18,20.280000686645508,21.25,19.8799991607666,20.719999313354492
2025-12-19,19.760000228881836,19.790000915527344,18.510000228881836,18.520000457763672
2025-12-22,18.709999084472656,18.90999984741211,17.75,17.850000381469727
2025-12-23,17.899999618530273,18.049999237060547,17.09000015258789,17.469999313354492
2025-12-24,17.68000030517578,17.68000030517578,17.110000610351562,17.200000762939453
2025-12-26,17.860000610351562,18.139999389648438,17.290000915527344,17.3799991607666
2025-12-29,19.139999389648438,19.190000534057617,18.170000076293945,18.389999389648438
2025-12-30,18.790000915527344,19.0,18.270000457763672,18.950000762939453
2025-12-31,19.239999771118164,19.65999984741211,18.809999465942383,19.559999465942383
2026-01-02,19.030000686645508,20.860000610351562,18.950000762939453,19.75
2026-01-05,19.899999618530273,20.200000762939453,19.75,20.010000228881836
2026-01-06,19.989999771118164,20.110000610351562,19.440000534057617,19.530000686645508
2026-01-07,19.75,20.040000915527344,19.350000381469727,20.030000686645508
2026-01-08,20.420000076293945,20.770000457763672,20.0,20.149999618530273
2026-01-09,20.329999923706055,20.399999618530273,19.010000228881836,19.059999465942383
2026-01-12,20.450000762939453,20.450000762939453,19.299999237060547,19.530000686645508
2026-01-13,19.350000381469727,21.0,19.229999542236328,20.049999237060547
2026-01-14,21.170000076293945,22.709999084472656,20.780000686645508,20.959999084472656
2026-01-15,19.68000030517578,20.31999969482422,19.34000015258789,20.200000762939453
2026-01-16,19.299999237060547,20.90999984741211,19.299999237060547,20.290000915527344
2026-01-20,23.84000015258789,24.81999969482422,22.649999618530273,24.260000228881836
2026-01-21,23.43000030517578,23.959999084472656,20.489999771118164,21.190000534057617
2026-01-22,20.329999923706055,20.84000015258789,19.739999771118164,20.079999923706055
2026-01-23,20.31999969482422,20.6299991607666,19.530000686645508,20.3700008392334
2026-01-26,21.18000030517578,21.18000030517578,19.860000610351562,20.43000030517578
2026-01-27,20.190000534057617,20.59000015258789,19.90999984741211,20.549999237060547
2026-01-28,20.6299991607666,21.559999465942383,20.3700008392334,20.3700008392334
2026-01-29,21.079999923706055,24.559999465942383,20.959999084472656,21.440000534057617
2026-01-30,22.049999237060547,23.420000076293945,21.329999923706055,22.520000457763672
2026-02-02,23.260000228881836,23.329999923706055,20.850000381469727,21.229999542236328
2026-02-03,21.209999084472656,25.770000457763672,21.200000762939453,23.450000762939453
2026-02-04,24.25,28.260000228881836,23.809999465942383,26.010000228881836
2026-02-05,28.899999618530273,30.079999923706055,27.34000015258789,29.190000534057617
2026-02-06,27.739999771118164,27.770000457763672,23.829999923706055,24.299999237060547
2026-02-09,26.079999923706055,26.18000030517578,22.75,23.420000076293945
2026-02-10,23.540000915527344,23.959999084472656,22.6299991607666,23.459999084472656
2026-02-11,22.219999313354492,24.860000610351562,22.170000076293945,23.260000228881836
2026-02-12,22.940000534057617,27.520000457763672,22.6299991607666,26.8700008392334
2026-02-13,27.5,28.770000457763672,24.709999084472656,26.3700008392334
2026-02-17,27.940000534057617,28.989999771118164,25.389999389648438,25.979999542236328
2026-02-18,25.899999618530273,26.0,23.329999923706055,24.959999084472656
2026-02-19,25.739999771118164,26.399999618530273,24.950000762939453,25.639999389648438
2026-02-20,26.739999771118164,26.760000228881836,23.799999237060547,24.229999542236328
2026-02-23,25.25,27.639999389648438,25.139999389648438,26.360000610351562
2026-02-24,26.5,27.260000228881836,24.15999984741211,24.81999969482422
2026-02-25,23.989999771118164,23.989999771118164,22.920000076293945,22.940000534057617
2026-02-26,23.219999313354492,25.829999923706055,23.049999237060547,23.610000610351562
2026-02-27,25.799999237060547,26.420000076293945,24.239999771118164,24.520000457763672
2026-03-02,26.829999923706055,26.829999923706055,24.489999771118164,25.399999618530273
2026-03-03,25.399999618530273,31.469999313354492,25.399999618530273,27.510000228881836
2026-03-04,25.709999084472656,26.75,24.049999237060547,24.8700008392334
2026-03-05,25.829999923706055,28.690000534057617,24.65999984741211,26.0
2026-03-06,30.209999084472656,31.989999771118164,27.899999618530273,31.440000534057617
2026-03-09,32.88999938964844,33.81999969482422,27.219999313354492,27.690000534057617
2026-03-10,26.84000015258789,27.920000076293945,24.899999618530273,27.329999923706055
2026-03-11,26.579999923706055,27.950000762939453,26.059999465942383,26.81999969482422
2026-03-12,28.420000076293945,29.920000076293945,27.93000030517578,29.829999923706055
2026-03-13,28.540000915527344,30.559999465942383,27.31999969482422,29.8700008392334
2026-03-16,27.809999465942383,27.809999465942383,25.6200008392334,26.31999969482422
2026-03-17,25.459999084472656,25.579999923706055,24.299999237060547,24.65999984741211
2026-03-18,25.469999313354492,27.75,25.06999969482422,27.719999313354492
2026-03-19,29.84000015258789,29.989999771118164,26.360000610351562,26.899999618530273
2026-03-20,28.040000915527344,31.649999618530273,27.649999618530273,29.200000762939453
2026-03-23,27.450000762939453,29.010000228881836,25.799999237060547,27.979999542236328
2026-03-24,29.049999237060547,29.760000228881836,27.600000381469727,28.739999771118164
2026-03-25,27.239999771118164,28.59000015258789,26.729999542236328,27.649999618530273
2026-03-26,29.68000030517578,31.280000686645508,28.59000015258789,29.860000610351562
2026-03-27,31.889999389648438,33.849998474121094,31.25,33.540000915527344
2026-03-30,32.33000183105469,33.91999816894531,32.0099983215332,33.2599983215332
2026-03-31,30.90999984741211,30.959999084472656,28.020000457763672,28.239999771118164
2026-04-01,27.56999969482422,28.309999465942383,26.3700008392334,27.559999465942383
2026-04-02,30.25,30.790000915527344,26.920000076293945,27.040000915527344
2026-04-06,27.790000915527344,28.18000030517578,26.920000076293945,27.389999389648438
2026-04-07,28.540000915527344,30.979999542236328,28.43000030517578,28.43000030517578
2026-04-08,23.350000381469727,25.940000534057617,22.920000076293945,25.239999771118164
2026-04-09,25.049999237060547,25.239999771118164,23.239999771118164,23.5
2026-04-10,23.139999389648438,23.899999618530273,22.780000686645508,23.09000015258789
2026-04-13,24.329999923706055,24.469999313354492,22.1200008392334,22.190000534057617
2026-04-14,21.559999465942383,22.170000076293945,21.100000381469727,21.799999237060547
2026-04-15,21.440000534057617,22.399999618530273,21.260000228881836,22.25
2026-04-16,22.56999969482422,23.350000381469727,21.610000610351562,22.18000030517578
2026-04-17,21.809999465942383,22.270000457763672,21.34000015258789,21.56999969482422
2026-04-20,23.290000915527344,23.8799991607666,22.860000610351562,22.93000030517578
2026-04-21,23.649999618530273,25.190000534057617,23.100000381469727,23.799999237060547
2026-04-22,23.350000381469727,24.1200008392334,23.25,23.579999923706055
2026-04-23,24.399999618530273,25.809999465942383,23.270000457763672,23.31999969482422
2026-04-24,23.510000228881836,24.360000610351562,23.049999237060547,23.3799991607666
2026-04-27,24.1299991607666,24.399999618530273,23.040000915527344,23.079999923706055
2026-04-28,24.329999923706055,24.329999923706055,23.18000030517578,23.239999771118164
2026-04-29,23.979999542236328,24.18000030517578,22.899999618530273,23.760000228881836
2026-04-30,23.190000534057617,23.479999542236328,21.399999618530273,21.790000915527344
2026-05-01,21.649999618530273,22.350000381469727,20.969999313354492,21.920000076293945
2026-05-04,23.09000015258789,23.850000381469727,22.290000915527344,23.040000915527344
2026-05-05,22.479999542236328,23.43000030517578,22.299999237060547,22.459999084472656
2026-05-06,23.049999237060547,23.770000457763672,22.920000076293945,23.579999923706055
2026-05-07,23.610000610351562,23.950000762939453,22.809999465942383,23.149999618530273
2026-05-08,23.219999313354492,24.969999313354492,23.18000030517578,23.760000228881836
2026-05-11,24.979999542236328,25.209999084472656,24.440000534057617,24.739999771118164
2026-05-12,24.610000610351562,25.40999984741211,24.1200008392334,24.1299991607666
2026-05-13,24.690000534057617,25.219999313354492,24.280000686645508,24.59000015258789
2026-05-14,24.799999237060547,25.09000015258789,24.079999923706055,24.079999923706055
2026-05-15,25.850000381469727,25.8799991607666,24.729999542236328,25.329999923706055
2026-05-18,25.329999923706055,25.690000534057617,24.010000228881836,24.209999084472656
2026-05-19,24.6299991607666,25.079999923706055,23.959999084472656,24.09000015258789
2026-05-20,24.209999084472656,24.670000076293945,23.459999084472656,23.709999084472656
2026-05-21,23.75,23.799999237060547,22.690000534057617,22.739999771118164
2026-05-22,22.739999771118164,23.280000686645508,22.350000381469727,22.81999969482422
2026-05-26,23.209999084472656,24.209999084472656,23.209999084472656,23.899999618530273
2026-05-27,24.049999237060547,24.31999969482422,23.389999389648438,23.389999389648438
2026-05-28,23.440000534057617,23.56999969482422,22.709999084472656,22.920000076293945
2026-05-29,22.989999771118164,23.440000534057617,22.25,22.579999923706055
2026-06-01,23.739999771118164,23.889999389648438,23.18000030517578,23.18000030517578
2026-06-02,23.780000686645508,23.860000610351562,23.09000015258789,23.270000457763672
2026-06-03,23.790000915527344,24.440000534057617,23.56999969482422,23.84000015258789
2026-06-04,24.709999084472656,24.709999084472656,23.1200008392334,23.219999313354492
2026-06-05,24.049999237060547,30.850000381469727,23.790000915527344,30.469999313354492
2026-06-08,25.65999984741211,27.790000915527344,25.65999984741211,27.1200008392334
2026-06-09,26.290000915527344,34.369998931884766,26.270000457763672,29.780000686645508
2026-06-10,30.790000915527344,33.13999938964844,29.81999969482422,32.68000030517578
2026-06-11,31.309999465942383,32.83000183105469,30.280000686645508,30.440000534057617
2026-06-12,30.25,30.690000534057617,27.229999542236328,27.270000457763672
2026-06-15,25.6299991607666,26.649999618530273,25.549999237060547,25.920000076293945
2026-06-16,25.709999084472656,26.950000762939453,25.0,26.950000762939453
2026-06-17,26.5,29.149999618530273,26.329999923706055,28.559999465942383
2026-06-18,26.280000686645508,27.34000015258789,26.170000076293945,26.309999465942383
2026-06-22,27.110000610351562,28.399999618530273,26.530000686645508,27.670000076293945
2026-06-23,32.41999816894531,33.099998474121094,30.559999465942383,32.369998931884766
2026-06-24,31.709999084472656,33.2400016784668,30.010000228881836,30.18000030517578
2026-06-25,29.100000381469727,33.09000015258789,29.100000381469727,30.90999984741211
2026-06-26,32.849998474121094,33.40999984741211,30.290000915527344,30.81999969482422
2026-06-29,30.729999542236328,31.959999084472656,28.790000915527344,29.3700008392334
2026-06-30,29.010000228881836,29.09000015258789,26.850000381469727,27.110000610351562
2026-07-01,27.850000381469727,28.65999984741211,27.110000610351562,27.690000534057617
2026-07-02,27.139999389648438,29.6200008392334,26.1299991607666,27.979999542236328
2026-07-06,28.040000915527344,28.31999969482422,26.700000762939453,26.809999465942383
2026-07-07,27.34000015258789,29.09000015258789,27.1200008392334,27.920000076293945
2026-07-08,28.8700008392334,30.229999542236328,27.56999969482422,27.860000610351562
2026-07-09,27.40999984741211,27.8700008392334,26.729999542236328,26.90999984741211
2026-07-10,27.020000457763672,27.020000457763672,24.65999984741211,24.889999389648438
