wk,film,family,src,post,label,avail_utc,mod_utc,kind,lo,hi,ctx
2025-10-17,Black Phone 2,OPEN,D,1236590286,MONDAY AM,2025-10-20T19:00:00+00:00,,text2,27.3,,till franchise best opening of $27.3M
2025-10-17,Black Phone 2,OPEN,D,1236590286,SUNDAY AM,2025-10-19T19:00:00+00:00,,chart,26.5,,3-day $26.5M
2025-10-17,Black Phone 2,OPEN,D,1236590286,SUNDAY AM,2025-10-19T19:00:00+00:00,,chart,24.4,,3-day of $24.4M
2025-10-17,Black Phone 2,OPEN,D,1236590286,SUNDAY AM,2025-10-19T19:00:00+00:00,,chart,24.4,,3-day $24.4M
2025-10-17,Black Phone 2,OPEN,D,1236590286,SUNDAY AM,2025-10-19T19:00:00+00:00,,chart,24.4,,3-day $24.4M
2025-10-17,Black Phone 2,OPEN,D,1236590286,FRIDAY MIDDAY UPDATE,2025-10-18T00:00:00+00:00,,text,23.0,,"ack Phone 2 , which is shaping up for a $23 million start"
2025-10-17,Black Phone 2,OPEN,D,1236590286,FRIDAY MIDDAY UPDATE,2025-10-18T00:00:00+00:00,,text2,23.0,," Phone 2 , which is shaping up for a $23 m"
2025-10-17,Black Phone 2,OPEN,D,1236590286,FRIDAY MIDDAY UPDATE,2025-10-18T00:00:00+00:00,,text2,2.5,, opened in the same weekend a year ago with $2.5M
2025-10-17,Black Phone 2,OPEN,D,1236590286,FRIDAY MIDDAY UPDATE,2025-10-18T00:00:00+00:00,,text2,2.5,, opened in the same weekend a year ago with $2.5M
2025-10-17,Black Phone 2,OPEN,D,1236590286,FRIDAY MIDDAY UPDATE,2025-10-18T00:00:00+00:00,,text2,23.0,,M in previews and a three-day total of $23M
2025-10-17,Black Phone 2,OPEN,V,1236552821,Box Office: ‘Black Phone 2’ Targets Debut Above $20 Million as Sluggis,2025-10-15T17:55:53+00:00,2025-10-19T16:43:00+00:00,text2,23.0,,"ber, is targeting a debut of $23 m"
2025-10-17,Black Phone 2,OPEN,V,1236555897,"Box Office: ‘Black Phone 2’ Grabs $10.7 Million Opening Day, ‘Good For",2025-10-18T15:05:08+00:00,2025-10-18T19:39:23+00:00,text2,24.4,,"n locations for its opening weekend, projecting a three-day total of $24.4 m"
2025-10-17,Black Phone 2,OPEN,V,1236555897,"Box Office: ‘Black Phone 2’ Grabs $10.7 Million Opening Day, ‘Good For",2025-10-18T15:05:08+00:00,2025-10-18T19:39:23+00:00,text2,23.6,,"Black Phone,"" which debuted to $23.6 m"
2025-10-17,Good Fortune,OPEN,D,1236590286,SUNDAY AM,2025-10-19T19:00:00+00:00,,chart,6.2,,3-day $6.2M
2025-10-17,Good Fortune,OPEN,D,1236590286,SUNDAY AM,2025-10-19T19:00:00+00:00,,chart,5.7,6.1,3-day $5.7M-$6.1M
2025-10-17,Good Fortune,OPEN,D,1236590286,FRIDAY MIDDAY UPDATE,2025-10-18T00:00:00+00:00,,text2,10.0,,nd Seth Rogen. It's expected to ring up under $10M
2025-10-17,Good Fortune,OPEN,V,1236555520,Box Office: ‘The Black Phone 2’ Makes $2.6 Million in Previews,2025-10-17T14:59:00+00:00,2025-10-17T14:59:15+00:00,text2,6.0,,"ade $725,000 and is expected to open with $6 m"
2025-10-17,Good Fortune,OPEN,V,1236555520,Box Office: ‘The Black Phone 2’ Makes $2.6 Million in Previews,2025-10-17T14:59:00+00:00,2025-10-17T14:59:15+00:00,text2,6.0,,"ade $725,000 and is expected to open with $6 m"
2025-10-17,Good Fortune,OPEN,V,1236555897,"Box Office: ‘Black Phone 2’ Grabs $10.7 Million Opening Day, ‘Good For",2025-10-18T15:05:08+00:00,2025-10-18T19:39:23+00:00,text2,5.9,,"ons, forecasting an opening of $5.9 m"
2025-10-24,Chainsaw Man - The Movie: Reze Arc,OPEN,D,1236596417,SUNDAY AM,2025-10-26T19:00:00+00:00,,text,5.2,,seeing it yesterday with $17.2M after a $5.2M million Saturday in a weekend
2025-10-24,Chainsaw Man - The Movie: Reze Arc,OPEN,D,1236596417,SUNDAY AM,2025-10-26T19:00:00+00:00,,chart,17.2,,3-day $17.2M
2025-10-24,Chainsaw Man - The Movie: Reze Arc,OPEN,D,1236596417,SATURDAY AM,2025-10-25T19:00:00+00:00,,text,15.5,17.0,Man: Reze Arc which is now looking at a $15.5M-$17M opening
2025-10-24,Chainsaw Man - The Movie: Reze Arc,OPEN,D,1236596417,SATURDAY AM,2025-10-25T19:00:00+00:00,,text2,15.5,17.0,ze Arc which is now looking at a $15.5M-$17M
2025-10-24,Chainsaw Man - The Movie: Reze Arc,OPEN,D,1236596417,SATURDAY AM,2025-10-25T19:00:00+00:00,,text2,8.5,,ng at a $15.5M-$17M opening after an $8.5M
2025-10-24,Chainsaw Man - The Movie: Reze Arc,OPEN,D,1236596417,SATURDAY AM,2025-10-25T19:00:00+00:00,,chart,15.0,17.0,3-day $15M-$17M
2025-10-24,Chainsaw Man - The Movie: Reze Arc,OPEN,D,1236596417,FRIDAY PM,2025-10-25T06:59:00+00:00,,text,14.0,,$8M today for what's shaping up to be a $14 million-plus weekend
2025-10-24,Chainsaw Man - The Movie: Reze Arc,OPEN,D,1236596417,FRIDAY PM,2025-10-25T06:59:00+00:00,,text2,14.0,,8M today for what's shaping up to be a $14 m
2025-10-24,Chainsaw Man - The Movie: Reze Arc,OPEN,D,1236596417,FRIDAY AM,2025-10-24T19:00:00+00:00,,text2,21.2,,"21, on its way to a three-day total f $21.2M"
2025-10-24,Chainsaw Man - The Movie: Reze Arc,OPEN,D,1236596417,FRIDAY AM,2025-10-24T19:00:00+00:00,,text,11.0,,he popular manga is expected to ring up $11M+ in a weekend
2025-10-24,Chainsaw Man - The Movie: Reze Arc,OPEN,D,1236596417,FRIDAY AM,2025-10-24T19:00:00+00:00,,text,12.0,,mhouse's Black Phone 2 with an expected $12M+ second
2025-10-24,Chainsaw Man - The Movie: Reze Arc,OPEN,D,1236596417,FRIDAY AM,2025-10-24T19:00:00+00:00,,text2,11.0,,he popular manga is expected to ring up $11M+
2025-10-24,Chainsaw Man - The Movie: Reze Arc,OPEN,V,1236557378,"Box Office: As ‘Springsteen,’ ‘Chainsaw Man’ and ‘Regretting You’ Targ",2025-10-22T15:02:32+00:00,2025-10-22T15:14:28+00:00,text,10.0,12.0,"lack Phone 2,"" is similarly targeting a $10 million to $12 million haul in its second"
2025-10-24,Chainsaw Man - The Movie: Reze Arc,OPEN,V,1236557378,"Box Office: As ‘Springsteen,’ ‘Chainsaw Man’ and ‘Regretting You’ Targ",2025-10-22T15:02:32+00:00,2025-10-22T15:14:28+00:00,text2,10.0,,"Man"" - are tracking debuts in the $10 m"
2025-10-24,Chainsaw Man - The Movie: Reze Arc,OPEN,V,1236560960,"Box Office: ‘Chainsaw Man’ Revs $8.5 Million Opening Day on Top, ‘Regr",2025-10-25T15:10:07+00:00,2025-10-25T16:42:32+00:00,text2,15.5,,"on, is headed to an opening bow of $15.5 m"
2025-10-24,Chainsaw Man - The Movie: Reze Arc,OPEN,V,1236561362,"Box Office: ‘Chainsaw Man’ Is Latest Anime Win With $18 Million Debut,",2025-10-26T15:06:01+00:00,2025-10-27T18:29:57+00:00,text2,108.0,,"aw Man"" has already grossed $108 m"
2025-10-24,Regretting You,OPEN,D,1236596417,"MONDAY AM, UPDATED",2025-10-27T19:00:00+00:00,,text,12.9,,egretting You here. Black Phone 2 is at $12.9M in weekend
2025-10-24,Regretting You,OPEN,D,1236596417,"MONDAY AM, UPDATED",2025-10-27T19:00:00+00:00,,text2,3.59,,"e 2 is at $12.9M in weekend 2, -53%, after a $3.59M"
2025-10-24,Regretting You,OPEN,D,1236596417,SUNDAY AM,2025-10-26T19:00:00+00:00,,text2,0.0169,,ing single-location gross at $16.9K
2025-10-24,Regretting You,OPEN,D,1236596417,SUNDAY AM,2025-10-26T19:00:00+00:00,,chart,12.85,,3-day $12.85M
2025-10-24,Regretting You,OPEN,D,1236596417,SATURDAY AM,2025-10-25T19:00:00+00:00,,text,13.0,,attracting 83% female moviegoers with a $13M 2nd
2025-10-24,Regretting You,OPEN,D,1236596417,SATURDAY AM,2025-10-25T19:00:00+00:00,,text2,5.2,,th a $13M 2nd place opening after a $5.2M
2025-10-24,Regretting You,OPEN,D,1236596417,SATURDAY AM,2025-10-25T19:00:00+00:00,,text,13.0,,attracting 83% female moviegoers with a $13M 2nd
2025-10-24,Regretting You,OPEN,D,1236596417,SATURDAY AM,2025-10-25T19:00:00+00:00,,text2,5.2,,th a $13M 2nd place opening after a $5.2M
2025-10-24,Regretting You,OPEN,D,1236596417,SATURDAY AM,2025-10-25T19:00:00+00:00,,chart,13.0,,3-day $13M
2025-10-24,Regretting You,OPEN,D,1236596417,FRIDAY PM,2025-10-25T06:59:00+00:00,,text2,10.8,12.0,",460 theaters) each looking at $10.8M-$12M"
2025-10-24,Regretting You,OPEN,D,1236596417,FRIDAY AM,2025-10-24T19:00:00+00:00,,text,9.0,11.0,Regretting You was forecasted at $9M-$11M this weekend
2025-10-24,Regretting You,OPEN,V,1236560960,"Box Office: ‘Chainsaw Man’ Revs $8.5 Million Opening Day on Top, ‘Regr",2025-10-25T15:10:07+00:00,2025-10-25T16:42:32+00:00,text,13.0,,"y Constantin Films, is now projecting a $13 million opening"
2025-10-24,Regretting You,OPEN,V,1236560960,"Box Office: ‘Chainsaw Man’ Revs $8.5 Million Opening Day on Top, ‘Regr",2025-10-25T15:10:07+00:00,2025-10-25T16:42:32+00:00,text2,13.0,,"antin Films, is now projecting a $13 m"
2025-10-24,Regretting You,OPEN,V,1236561362,"Box Office: ‘Chainsaw Man’ Is Latest Anime Win With $18 Million Debut,",2025-10-26T15:06:01+00:00,2025-10-27T18:29:57+00:00,text2,22.85,,eas for a worldwide start of $22.85 m
2025-10-24,Springsteen: Deliver Me from Nowhere,OPEN,D,1236596417,SUNDAY AM,2025-10-26T19:00:00+00:00,,text,8.8,,"nklin movie Respect did in its opening, $8.8M, which bow"
2025-10-24,Springsteen: Deliver Me from Nowhere,OPEN,D,1236596417,SUNDAY AM,2025-10-26T19:00:00+00:00,,text2,8.8,," Respect did in its opening, $8.8M"
2025-10-24,Springsteen: Deliver Me from Nowhere,OPEN,D,1236596417,SUNDAY AM,2025-10-26T19:00:00+00:00,,text,8.8,,"nklin movie Respect did in its opening, $8.8M, which bow"
2025-10-24,Springsteen: Deliver Me from Nowhere,OPEN,D,1236596417,SUNDAY AM,2025-10-26T19:00:00+00:00,,text2,8.8,," Respect did in its opening, $8.8M"
2025-10-24,Springsteen: Deliver Me from Nowhere,OPEN,D,1236596417,SUNDAY AM,2025-10-26T19:00:00+00:00,,text,8.8,,"nklin movie Respect did in its opening, $8.8M, which bow"
2025-10-24,Springsteen: Deliver Me from Nowhere,OPEN,D,1236596417,SUNDAY AM,2025-10-26T19:00:00+00:00,,text2,8.8,," Respect did in its opening, $8.8M"
2025-10-24,Springsteen: Deliver Me from Nowhere,OPEN,D,1236596417,SUNDAY AM,2025-10-26T19:00:00+00:00,,chart,9.1,,3-day $9.1M
2025-10-24,Springsteen: Deliver Me from Nowhere,OPEN,D,1236596417,SATURDAY AM,2025-10-25T19:00:00+00:00,,text2,12.0,,lack Phone 2 second weekend ahead in 3rd with $12M
2025-10-24,Springsteen: Deliver Me from Nowhere,OPEN,D,1236596417,SATURDAY AM,2025-10-25T19:00:00+00:00,,chart,9.0,10.0,3-day $9M-$10M
2025-10-24,Springsteen: Deliver Me from Nowhere,OPEN,D,1236596417,FRIDAY AM,2025-10-24T19:00:00+00:00,,text2,9.0,11.0,",000 . The movie is expected to bring in $9M-$11M"
2025-10-24,Springsteen: Deliver Me from Nowhere,OPEN,D,1236596417,FRIDAY AM,2025-10-24T19:00:00+00:00,,text,7.2,, went electric over the holidays with a $7.2M opening
2025-10-24,Springsteen: Deliver Me from Nowhere,OPEN,D,1236596417,FRIDAY AM,2025-10-24T19:00:00+00:00,,text,11.6,," the holidays with a $7.2M opening day, $11.6M 3-day"
2025-10-24,Springsteen: Deliver Me from Nowhere,OPEN,D,1236596417,FRIDAY AM,2025-10-24T19:00:00+00:00,,text2,9.0,11.0,",000 . The movie is expected to bring in $9M-$11M"
2025-10-24,Springsteen: Deliver Me from Nowhere,OPEN,D,1236596417,FRIDAY AM,2025-10-24T19:00:00+00:00,,text2,11.6,,"lidays with a $7.2M opening day, $11.6M"
2025-10-24,Springsteen: Deliver Me from Nowhere,OPEN,D,1236596417,FRIDAY AM,2025-10-24T19:00:00+00:00,,text2,23.2,,"opening day, $11.6M 3-day and 5-day total of $23.2M"
2025-10-24,Springsteen: Deliver Me from Nowhere,OPEN,V,1236560960,"Box Office: ‘Chainsaw Man’ Revs $8.5 Million Opening Day on Top, ‘Regr",2025-10-25T15:10:07+00:00,2025-10-25T16:42:32+00:00,text,11.6,, vehicle debuted with a slightly higher $11.6 million three-day
2025-10-24,Springsteen: Deliver Me from Nowhere,OPEN,V,1236560960,"Box Office: ‘Chainsaw Man’ Revs $8.5 Million Opening Day on Top, ‘Regr",2025-10-25T15:10:07+00:00,2025-10-25T16:42:32+00:00,text2,11.6,,ée Chalamet vehicle debuted with a slightly higher $11.6 m
2025-11-07,Predator: Badlands,OPEN,D,1236610703,SATURDAY AM UPDATE,2025-11-08T20:00:00+00:00,,text2,37.0,,"ng to a near-record opening for the franchise, around $37M"
2025-11-07,Predator: Badlands,OPEN,D,1236610703,SATURDAY AM UPDATE,2025-11-08T20:00:00+00:00,,text2,25.0,,"t sales, which were expected to be around the $25M"
2025-11-07,Predator: Badlands,OPEN,D,1236610703,SATURDAY AM UPDATE,2025-11-08T20:00:00+00:00,,text2,25.0,,nd 2010's Predators opening to around the same number of $25M
2025-11-07,Predator: Badlands,OPEN,D,1236610703,SATURDAY AM UPDATE,2025-11-08T20:00:00+00:00,,text2,25.0,,nd 2010's Predators opening to around the same number of $25M
2025-11-07,Predator: Badlands,OPEN,D,1236610703,SATURDAY AM UPDATE,2025-11-08T20:00:00+00:00,,text2,25.0,,Predators opening to around the same number of $25M
2025-11-07,Predator: Badlands,OPEN,D,1236610703,SATURDAY AM UPDATE,2025-11-08T20:00:00+00:00,,chart,37.0,,3-day $37M
2025-11-07,Predator: Badlands,OPEN,D,1236610703,SATURDAY AM UPDATE,2025-11-08T20:00:00+00:00,,chart,37.0,,3-day $37M
2025-11-07,Predator: Badlands,OPEN,D,1236610703,FRIDAY AFTERNOON UPDATE,2025-11-08T01:00:00+00:00,,text2,14.0,, second-best Friday start ever for the franchise at $14M
2025-11-07,Predator: Badlands,OPEN,D,1236610703,FRIDAY AFTERNOON UPDATE,2025-11-08T01:00:00+00:00,,text2,33.0,, to the second-best opening ever for a Predator movie at $33M
2025-11-07,Predator: Badlands,OPEN,D,1236610703,FRIDAY AM,2025-11-07T20:00:00+00:00,,chart,32.7,,3-day of $32.7M
2025-11-07,Predator: Badlands,OPEN,D,1236610703,FRIDAY AM,2025-11-07T20:00:00+00:00,,text,25.0,,"going into the weekend for Badlands was $25M+, hopefully the second"
2025-11-07,Predator: Badlands,OPEN,D,1236610703,FRIDAY AM,2025-11-07T20:00:00+00:00,,text2,24.7,,nd-best U.S./Canada opening for the series at $24.7M
2025-11-07,Predator: Badlands,OPEN,D,1236610703,FRIDAY AM,2025-11-07T20:00:00+00:00,,text2,25.0,,cast going into the weekend for Badlands was $25M+
2025-11-07,Predator: Badlands,OPEN,D,1236610703,FRIDAY AM,2025-11-07T20:00:00+00:00,,text,25.0,,"going into the weekend for Badlands was $25M+, hopefully the second"
2025-11-07,Predator: Badlands,OPEN,D,1236610703,FRIDAY AM,2025-11-07T20:00:00+00:00,,text2,24.7,,nd-best U.S./Canada opening for the series at $24.7M
2025-11-07,Predator: Badlands,OPEN,D,1236610703,FRIDAY AM,2025-11-07T20:00:00+00:00,,text2,25.0,,cast going into the weekend for Badlands was $25M+
2025-11-07,Predator: Badlands,OPEN,V,1236569482,Box Office: ‘Predator: Badlands’ Targets $25 Million Debut,2025-11-05T16:19:33+00:00,2025-11-05T16:19:46+00:00,text2,60.0,,onally for a global debut of $60 m
2025-11-07,Predator: Badlands,OPEN,V,1236569482,Box Office: ‘Predator: Badlands’ Targets $25 Million Debut,2025-11-05T16:19:33+00:00,2025-11-05T16:19:46+00:00,text2,38.0,,ord for the biggest debut in the series with $38 m
2025-11-07,Predator: Badlands,OPEN,V,1236569482,Box Office: ‘Predator: Badlands’ Targets $25 Million Debut,2025-11-05T16:19:33+00:00,2025-11-05T16:19:46+00:00,text2,38.0,,ord for the biggest debut in the series with $38 m
2025-11-07,Predator: Badlands,OPEN,V,1236572407,Box Office: ‘Predator: Badlands’ Makes $4.8 Million in Previews,2025-11-07T15:47:25+00:00,2025-11-07T15:47:38+00:00,text,25.0,30.0,"ated action series, is on track to make $25 million to $30 million in its opening"
2025-11-07,Predator: Badlands,OPEN,V,1236572407,Box Office: ‘Predator: Badlands’ Makes $4.8 Million in Previews,2025-11-07T15:47:25+00:00,2025-11-07T15:47:38+00:00,text,25.0,30.0,"ated action series, is on track to make $25 million to $30 million in its opening"
2025-11-07,Predator: Badlands,OPEN,V,1236572897,Box Office: ‘Predator: Badlands’ Starts the Hunt With $15.6 Million Op,2025-11-08T16:06:32+00:00,2025-11-08T17:22:59+00:00,text2,25.0,,ich had forecast an opening from $25 m
2025-11-07,Predator: Badlands,OPEN,V,1236573309,"‘Predator: Badlands’ Sets Franchise Record With $40 Million Debut, Sna",2025-11-09T15:48:20+00:00,2025-11-09T17:49:19+00:00,text,40.0,,"fice, collecting a better-than-expected $40 million in its domestic debut"
2025-11-07,Predator: Badlands,OPEN,V,1236573309,"‘Predator: Badlands’ Sets Franchise Record With $40 Million Debut, Sna",2025-11-09T15:48:20+00:00,2025-11-09T17:49:19+00:00,text,40.0,,"fice, collecting a better-than-expected $40 million in its domestic debut"
2025-11-07,Predator: Badlands,OPEN,V,1236573309,"‘Predator: Badlands’ Sets Franchise Record With $40 Million Debut, Sna",2025-11-09T15:48:20+00:00,2025-11-09T17:49:19+00:00,text,25.0,30.0,"Predator: Badlands"" was aiming for $25 million to $30 million to start"
2025-11-07,Predator: Badlands,OPEN,V,1236573309,"‘Predator: Badlands’ Sets Franchise Record With $40 Million Debut, Sna",2025-11-09T15:48:20+00:00,2025-11-09T17:49:19+00:00,text2,105.0,, That's a promising start for the $105 m
2025-11-14,Keeper,OPEN,D,1236617534,SUNDAY AM,2025-11-16T20:00:00+00:00,,chart,2.5,,3-day $2.5M
2025-11-14,Keeper,OPEN,D,1236617534,SATURDAY AM,2025-11-15T20:00:00+00:00,,text,2.6,,05M including previews for an estimated $2.6M opening
2025-11-14,Now You See Me: Now You Don't,OPEN,D,1236617534,SUNDAY AM,2025-11-16T20:00:00+00:00,,chart,21.3,,3-day $21.3M
2025-11-14,Now You See Me: Now You Don't,OPEN,D,1236617534,SATURDAY AM,2025-11-15T20:00:00+00:00,,text,20.0,,", tracking pinned No. 1 with a north of $20M start"
2025-11-14,Now You See Me: Now You Don't,OPEN,D,1236617534,SATURDAY AM,2025-11-15T20:00:00+00:00,,text2,16.0,,hina box office has grossed close to $16M
2025-11-14,Now You See Me: Now You Don't,OPEN,D,1236617534,SATURDAY AM,2025-11-15T20:00:00+00:00,,text,20.0,24.0, pulling a rabbit out of its hat with a $20 million-$24 million start
2025-11-14,Now You See Me: Now You Don't,OPEN,D,1236617534,SATURDAY AM,2025-11-15T20:00:00+00:00,,text2,7.5,,million-$24 million start after an estimated $7.5M
2025-11-14,Now You See Me: Now You Don't,OPEN,D,1236617534,SATURDAY AM,2025-11-15T20:00:00+00:00,,text2,2.1,, shot at No. 1 this weekend after collecting $2.1 m
2025-11-14,Now You See Me: Now You Don't,OPEN,V,1236581467,"Box Office: ‘Now You See Me 3’ Makes $2.1 Million in Previews, Beating",2025-11-14T15:33:31+00:00,2025-11-14T15:33:51+00:00,text,20.0,25.0, both movies are predicted to open with $20 million to $25 million this weekend
2025-11-14,Now You See Me: Now You Don't,OPEN,V,1236581467,"Box Office: ‘Now You See Me 3’ Makes $2.1 Million in Previews, Beating",2025-11-14T15:33:31+00:00,2025-11-14T15:33:51+00:00,text,18.0,20.0,": Badlands,"" which is estimated to make $18 million to $20 million in its second"
2025-11-14,Now You See Me: Now You Don't,OPEN,V,1236581467,"Box Office: ‘Now You See Me 3’ Makes $2.1 Million in Previews, Beating",2025-11-14T15:33:31+00:00,2025-11-14T15:33:51+00:00,text2,40.0,,ek's franchise-best opening of $40 m
2025-11-14,Now You See Me: Now You Don't,OPEN,V,1236582590,Box Office: ‘Now You See Me 3’ Casts Spell on Top With $8.4 Million Op,2025-11-15T16:05:53+00:00,2025-11-16T03:55:50+00:00,text2,21.0,,-rated threequel is looking at a three-day opening between $21 m
2025-11-14,The Running Man,OPEN,D,1236617534,SUNDAY AM,2025-11-16T20:00:00+00:00,,text,81.2,,g Man : In the wake of Twisters ' great $81.2M opening
2025-11-14,The Running Man,OPEN,D,1236617534,SUNDAY AM,2025-11-16T20:00:00+00:00,,text,81.2,,g Man : In the wake of Twisters ' great $81.2M opening
2025-11-14,The Running Man,OPEN,D,1236617534,SUNDAY AM,2025-11-16T20:00:00+00:00,,chart,17.0,,3-day $17M
2025-11-14,The Running Man,OPEN,D,1236617534,SATURDAY AM,2025-11-15T20:00:00+00:00,,text2,97.0,,"de an impact there, grossing $97M"
2025-11-14,The Running Man,OPEN,D,1236617534,SATURDAY AM,2025-11-15T20:00:00+00:00,,text,16.0,, start (though some believe it's around $16M) in 2nd
2025-11-14,The Running Man,OPEN,D,1236617534,SATURDAY AM,2025-11-15T20:00:00+00:00,,text2,16.0,,Running Man is $18M start (though some believe it's around $16M
2025-11-14,The Running Man,OPEN,D,1236617534,SATURDAY AM,2025-11-15T20:00:00+00:00,,text,16.0,, start (though some believe it's around $16M) in 2nd
2025-11-14,The Running Man,OPEN,D,1236617534,SATURDAY AM,2025-11-15T20:00:00+00:00,,text2,16.0,,Running Man is $18M start (though some believe it's around $16M
2025-11-14,The Running Man,OPEN,D,1236617534,SATURDAY AM,2025-11-15T20:00:00+00:00,,text2,0.039,,s the pic's highest grossing venue so far with close to $39K
2025-11-14,The Running Man,OPEN,D,1236617534,SATURDAY AM,2025-11-15T20:00:00+00:00,,text2,5.5,," 3,534 theaters and eyeing a $5.5M"
2025-11-14,The Running Man,OPEN,D,1236617534,SATURDAY AM,2025-11-15T20:00:00+00:00,,text,4.0,," $5.5M Friday, while Badlands is seeing $4M in its second"
2025-11-14,The Running Man,OPEN,D,1236617534,SATURDAY AM,2025-11-15T20:00:00+00:00,,text2,5.5,," 3,534 theaters and eyeing a $5.5M"
2025-11-14,The Running Man,OPEN,D,1236617534,SATURDAY AM,2025-11-15T20:00:00+00:00,,text,1.1,,"old in the top 5 at 2,709 theaters with $1.1M in its fourth"
2025-11-14,The Running Man,OPEN,D,1236617534,SATURDAY AM,2025-11-15T20:00:00+00:00,,text2,80.2,,rrently the highest-grossing title in the franchise with $80.2M
2025-11-14,The Running Man,OPEN,D,1236617534,SATURDAY AM,2025-11-15T20:00:00+00:00,,text2,1.9,,Running Man grossed $1.9M
2025-11-14,The Running Man,OPEN,D,1236617534,SATURDAY AM,2025-11-15T20:00:00+00:00,,text2,20.0,,Running Man are eyeing $20M+
2025-11-14,The Running Man,OPEN,D,1236617534,SATURDAY AM,2025-11-15T20:00:00+00:00,,text2,14.0,, $5.8M Friday and a three-day total of $14M
2025-11-14,The Running Man,OPEN,D,1236617534,SATURDAY AM,2025-11-15T20:00:00+00:00,,text2,60.0,,rzenegger's highest-grossing movie of his career with $60M
2025-11-14,The Running Man,OPEN,V,1236582590,Box Office: ‘Now You See Me 3’ Casts Spell on Top With $8.4 Million Op,2025-11-15T16:05:53+00:00,2025-11-16T03:55:50+00:00,text2,20.0,,d projections for a debut north of $20 m
2025-11-21,Wicked: For Good,OPEN,D,1236625569,SUNDAY AM UPDATE,2025-11-23T20:00:00+00:00,,text,150.0,,sticking to a 3-day domestic opening of $150M and global debut
2025-11-21,Wicked: For Good,OPEN,D,1236625569,SUNDAY AM UPDATE,2025-11-23T20:00:00+00:00,,text2,150.0,,od is sticking to a 3-day domestic opening of $150M
2025-11-21,Wicked: For Good,OPEN,D,1236625569,SUNDAY AM UPDATE,2025-11-23T20:00:00+00:00,,text2,226.0,,of $150M and global debut of $226M
2025-11-21,Wicked: For Good,OPEN,D,1236625569,SUNDAY AM UPDATE,2025-11-23T20:00:00+00:00,,text2,213.0,,his previous global opening record being 2019's Aladdin at $213M
2025-11-21,Wicked: For Good,OPEN,D,1236625569,SUNDAY AM UPDATE,2025-11-23T20:00:00+00:00,,text2,213.0,,his previous global opening record being 2019's Aladdin at $213M
2025-11-21,Wicked: For Good,OPEN,D,1236625569,SUNDAY AM UPDATE,2025-11-23T20:00:00+00:00,,text2,112.5,, . The first Wicked debuted to $112.5M
2025-11-21,Wicked: For Good,OPEN,D,1236625569,SUNDAY AM UPDATE,2025-11-23T20:00:00+00:00,,text2,162.7,,biggest U.S./Canada opening of the year behind A Minecraft Movie 's $162.7M
2025-11-21,Wicked: For Good,OPEN,D,1236625569,SUNDAY AM UPDATE,2025-11-23T20:00:00+00:00,,text2,112.5,, . The first Wicked debuted to $112.5M
2025-11-21,Wicked: For Good,OPEN,D,1236625569,SUNDAY AM UPDATE,2025-11-23T20:00:00+00:00,,text2,162.7,,biggest U.S./Canada opening of the year behind A Minecraft Movie 's $162.7M
2025-11-21,Wicked: For Good,OPEN,D,1236625569,SUNDAY AM UPDATE,2025-11-23T20:00:00+00:00,,text2,112.5,,Wicked debuted to $112.5M
2025-11-21,Wicked: For Good,OPEN,D,1236625569,SUNDAY AM UPDATE,2025-11-23T20:00:00+00:00,,text2,162.7,,biggest U.S./Canada opening of the year behind A Minecraft Movie 's $162.7M
2025-11-21,Wicked: For Good,OPEN,D,1236625569,SUNDAY AM UPDATE,2025-11-23T20:00:00+00:00,,chart,150.0,,3-day $150M
2025-11-21,Wicked: For Good,OPEN,D,1236625569,SUNDAY AM UPDATE,2025-11-23T20:00:00+00:00,,chart,150.0,,3-day $150M
2025-11-21,Wicked: For Good,OPEN,D,1236625569,SATURDAY,2025-11-23T07:59:00+00:00,,text,151.5,,Wicked: For Good is now looking at a $151.5M opening
2025-11-21,Wicked: For Good,OPEN,D,1236625569,SATURDAY,2025-11-23T07:59:00+00:00,,text2,151.5,,ed: For Good is now looking at a $151.5M
2025-11-21,Wicked: For Good,OPEN,D,1236625569,SATURDAY,2025-11-23T07:59:00+00:00,,text2,112.5,,x last year with an opening of $112.5M
2025-11-21,Wicked: For Good,OPEN,D,1236625569,SATURDAY,2025-11-23T07:59:00+00:00,,text2,112.5,,x last year with an opening of $112.5M
2025-11-21,Wicked: For Good,OPEN,D,1236625569,SATURDAY,2025-11-23T07:59:00+00:00,,text2,0.285,,e leading multiplex gross at $285K
2025-11-21,Wicked: For Good,OPEN,D,1236625569,SATURDAY,2025-11-23T07:59:00+00:00,,text2,188.2,,versal. The overall weekend for all movies is being calculated at $188.2M
2025-11-21,Wicked: For Good,OPEN,D,1236625569,SATURDAY,2025-11-23T07:59:00+00:00,,text2,188.2,,versal. The overall weekend for all movies is being calculated at $188.2M
2025-11-21,Wicked: For Good,OPEN,D,1236625569,SATURDAY,2025-11-23T07:59:00+00:00,,chart,151.5,,3-day $151.5M
2025-11-21,Wicked: For Good,OPEN,D,1236625569,FRIDAY MIDDAY,2025-11-22T01:00:00+00:00,,text2,68.5,," For Good, which is eyeing $68.5M"
2025-11-21,Wicked: For Good,OPEN,D,1236625569,FRIDAY MIDDAY,2025-11-22T01:00:00+00:00,,text,208.8,,"lly, behind only 2015's Jurassic World ($208.8M) The second"
2025-11-21,Wicked: For Good,OPEN,D,1236625569,FRIDAY MIDDAY,2025-11-22T01:00:00+00:00,,text2,9.0,, $2.4M and a second weekend around $9M
2025-11-21,Wicked: For Good,OPEN,D,1236625569,FRIDAY MIDDAY,2025-11-22T01:00:00+00:00,,text2,9.0,, $2.4M and a second weekend around $9M
2025-11-21,Wicked: For Good,OPEN,D,1236625569,FRIDAY MIDDAY,2025-11-22T01:00:00+00:00,,text,162.0,,are bigger than Barbie ($22.3M before a $162M opening
2025-11-21,Wicked: For Good,OPEN,D,1236625569,FRIDAY MIDDAY,2025-11-22T01:00:00+00:00,,text,162.0,,are bigger than Barbie ($22.3M before a $162M opening
2025-11-21,Wicked: For Good,OPEN,D,1236625569,FRIDAY MIDDAY,2025-11-22T01:00:00+00:00,,text,187.4,,"nge in the Multiverse of Madness ($36M, $187.4M three-day"
2025-11-21,Wicked: For Good,OPEN,D,1236625569,FRIDAY MIDDAY,2025-11-22T01:00:00+00:00,,text,120.0,, perceived that Wicked was headed for a $120M opening
2025-11-21,Wicked: For Good,OPEN,D,1236625569,FRIDAY MIDDAY,2025-11-22T01:00:00+00:00,,text2,112.5,," headed for a $120M opening, which wasn't the case as it simmered to $112.5M"
2025-11-21,Wicked: For Good,OPEN,D,1236625569,FRIDAY MIDDAY,2025-11-22T01:00:00+00:00,,text,120.0,,Wicked was headed for a $120M opening
2025-11-21,Wicked: For Good,OPEN,D,1236625569,FRIDAY MIDDAY,2025-11-22T01:00:00+00:00,,text2,112.5,," headed for a $120M opening, which wasn't the case as it simmered to $112.5M"
2025-11-21,Wicked: For Good,OPEN,D,1236625569,FRIDAY MIDDAY,2025-11-22T01:00:00+00:00,,text,202.0,,"Wicked minted north of $202 million for all movies, that frame"
2025-11-21,Wicked: For Good,OPEN,D,1236625569,FRIDAY MIDDAY,2025-11-22T01:00:00+00:00,,text2,55.0,,"Gladiator II, which debuted to $55M"
2025-11-21,Wicked: For Good,OPEN,D,1236625569,FRIDAY MIDDAY,2025-11-22T01:00:00+00:00,,text,112.5,,"day of $46.2M, which wove a spell for a $112.5M opening"
2025-11-21,Wicked: For Good,OPEN,D,1236625569,FRIDAY MIDDAY,2025-11-22T01:00:00+00:00,,text,112.5,,"day of $46.2M, which wove a spell for a $112.5M opening"
2025-11-21,Wicked: For Good,OPEN,D,1236625569,FRIDAY MIDDAY,2025-11-22T01:00:00+00:00,,text,175.0,,e the notion that some are projecting a $175M+ weekend
2025-11-21,Wicked: For Good,OPEN,D,1236625569,FRIDAY MIDDAY,2025-11-22T01:00:00+00:00,,text2,175.0,,otion that some are projecting a $175M+
2025-11-21,Wicked: For Good,OPEN,D,1236625569,FRIDAY MIDDAY,2025-11-22T01:00:00+00:00,,text2,200.0,,orecasted worldwide start is well north of $200M+
2025-11-21,Wicked: For Good,OPEN,D,1236625569,FRIDAY MIDDAY,2025-11-22T01:00:00+00:00,,text2,200.0,,orecasted worldwide start is well north of $200M+
2025-11-21,Wicked: For Good,OPEN,D,1236625726,SUNDAY UPDATE,2025-11-24T07:59:00+00:00,,text,226.0,,r Good has swooped in with an estimated $226M global debut
2025-11-21,Wicked: For Good,OPEN,D,1236625726,SUNDAY UPDATE,2025-11-24T07:59:00+00:00,,text2,76.0,,"office markets, the opening is $76M"
2025-11-21,Wicked: For Good,OPEN,D,1236625726,SUNDAY UPDATE,2025-11-24T07:59:00+00:00,,text2,24.4,, Top 5 markets this weekend were UK ($24.4M
2025-11-21,Wicked: For Good,OPEN,D,1236625726,SUNDAY UPDATE,2025-11-24T07:59:00+00:00,,text,2.5,,"l , where the team toured, debuted with $2.5M from 1,547 screens this weekend"
2025-11-21,Wicked: For Good,OPEN,D,1236625726,SUNDAY UPDATE,2025-11-24T07:59:00+00:00,,text2,2.7,,Universal's biggest opening weekend since 2018 at $2.7M
2025-11-21,Wicked: For Good,OPEN,D,1236625726,SUNDAY UPDATE,2025-11-24T07:59:00+00:00,,text2,2.5,,"re the team toured, debuted with $2.5M"
2025-11-21,Wicked: For Good,OPEN,D,1236625726,SUNDAY UPDATE,2025-11-24T07:59:00+00:00,,text,2.5,,"l , where the team toured, debuted with $2.5M from 1,547 screens this weekend"
2025-11-21,Wicked: For Good,OPEN,D,1236625726,SUNDAY UPDATE,2025-11-24T07:59:00+00:00,,text2,2.5,,"re the team toured, debuted with $2.5M"
2025-11-21,Wicked: For Good,OPEN,D,1236625726,"PREVIOUS, SATURDAY",2025-11-23T07:59:00+00:00,,text2,24.4,,ng Friday ever. The weekend is on track for $24.4M
2025-11-21,Wicked: For Good,OPEN,D,1236625726,"PREVIOUS, SATURDAY",2025-11-23T07:59:00+00:00,,text,8.7,,"ire market. The weekend is on track for $8.7M, as the biggest opening"
2025-11-21,Wicked: For Good,OPEN,D,1236625726,"PREVIOUS, SATURDAY",2025-11-23T07:59:00+00:00,,text2,2.5,,d (+29%). Australia grossed $2.5M
2025-11-21,Wicked: For Good,OPEN,D,1236625726,"PREVIOUS, SATURDAY",2025-11-23T07:59:00+00:00,,text2,8.7,, entire market. The weekend is on track for $8.7M
2025-11-21,Wicked: For Good,OPEN,D,1236625726,"PREVIOUS, SATURDAY",2025-11-23T07:59:00+00:00,,text,8.7,,"ire market. The weekend is on track for $8.7M, as the biggest opening"
2025-11-21,Wicked: For Good,OPEN,D,1236625726,"PREVIOUS, SATURDAY",2025-11-23T07:59:00+00:00,,text2,8.7,, entire market. The weekend is on track for $8.7M
2025-11-21,Wicked: For Good,OPEN,D,1236625726,"PREVIOUS, SATURDAY",2025-11-23T07:59:00+00:00,,text,8.7,,"ire market. The weekend is on track for $8.7M, as the biggest opening"
2025-11-21,Wicked: For Good,OPEN,D,1236625726,"PREVIOUS, SATURDAY",2025-11-23T07:59:00+00:00,,text2,8.7,, entire market. The weekend is on track for $8.7M
2025-11-21,Wicked: For Good,OPEN,D,1236625726,"PREVIOUS, SATURDAY",2025-11-23T07:59:00+00:00,,text,4.0,,d is on track for $4M. Mexico is eyeing $4M for the weekend
2025-11-21,Wicked: For Good,OPEN,D,1236625726,"PREVIOUS, SATURDAY",2025-11-23T07:59:00+00:00,,text2,4.0,,he same period. The weekend is on track for $4M
2025-11-21,Wicked: For Good,OPEN,D,1236625726,"PREVIOUS, SATURDAY",2025-11-23T07:59:00+00:00,,text2,4.0,, for $4M. Mexico is eyeing $4M
2025-11-21,Wicked: For Good,OPEN,D,1236625726,"PREVIOUS, SATURDAY",2025-11-23T07:59:00+00:00,,text2,3.8,, eyeing $4M for the weekend while Germany is on track for $3.8M
2025-11-21,Wicked: For Good,OPEN,D,1236625726,"PREVIOUS, SATURDAY",2025-11-23T07:59:00+00:00,,text2,2.6,,d ). Philippines is eyeing $2.6M
2025-11-21,Wicked: For Good,OPEN,D,1236625726,"PREVIOUS, SATURDAY",2025-11-23T07:59:00+00:00,,text,4.0,,d is on track for $4M. Mexico is eyeing $4M for the weekend
2025-11-21,Wicked: For Good,OPEN,D,1236625726,"PREVIOUS, SATURDAY",2025-11-23T07:59:00+00:00,,text2,4.0,,he same period. The weekend is on track for $4M
2025-11-21,Wicked: For Good,OPEN,D,1236625726,"PREVIOUS, SATURDAY",2025-11-23T07:59:00+00:00,,text2,4.0,, for $4M. Mexico is eyeing $4M
2025-11-21,Wicked: For Good,OPEN,D,1236625726,"PREVIOUS, SATURDAY",2025-11-23T07:59:00+00:00,,text2,3.8,, eyeing $4M for the weekend while Germany is on track for $3.8M
2025-11-21,Wicked: For Good,OPEN,D,1236625726,"PREVIOUS, SATURDAY",2025-11-23T07:59:00+00:00,,text2,2.6,,d ). Philippines is eyeing $2.6M
2025-11-21,Wicked: For Good,OPEN,D,1236625726,"PREVIOUS, SATURDAY",2025-11-23T07:59:00+00:00,,text,2.6,,"l adaptation. Brazil is heading towards $2.6M, as the biggest opening"
2025-11-21,Wicked: For Good,OPEN,D,1236625726,"PREVIOUS, SATURDAY",2025-11-23T07:59:00+00:00,,text2,2.6,,d ). Philippines is eyeing $2.6M
2025-11-21,Wicked: For Good,OPEN,D,1236625726,"PREVIOUS, SATURDAY",2025-11-23T07:59:00+00:00,,text2,2.6,,aptation. Brazil is heading towards $2.6M
2025-11-21,Wicked: For Good,OPEN,D,1236625726,"PREVIOUS, SATURDAY",2025-11-23T07:59:00+00:00,,text,2.6,,"l adaptation. Brazil is heading towards $2.6M, as the biggest opening"
2025-11-21,Wicked: For Good,OPEN,D,1236625726,"PREVIOUS, SATURDAY",2025-11-23T07:59:00+00:00,,text,2.1,, Wicked (+54%). Netherlands is eyeing a $2.1M bow
2025-11-21,Wicked: For Good,OPEN,D,1236625726,"PREVIOUS, SATURDAY",2025-11-23T07:59:00+00:00,,text2,2.6,,aptation. Brazil is heading towards $2.6M
2025-11-21,Wicked: For Good,OPEN,D,1236625726,"PREVIOUS, SATURDAY",2025-11-23T07:59:00+00:00,,text2,2.1,,4%). Netherlands is eyeing a $2.1M
2025-11-21,Wicked: For Good,OPEN,D,1236625726,"PREVIOUS, SATURDAY",2025-11-23T07:59:00+00:00,,text,2.1,,Wicked (+54%). Netherlands is eyeing a $2.1M bow
2025-11-21,Wicked: For Good,OPEN,D,1236625726,"PREVIOUS, SATURDAY",2025-11-23T07:59:00+00:00,,text2,2.1,,4%). Netherlands is eyeing a $2.1M
2025-11-21,Wicked: For Good,OPEN,D,1236625726,"PREVIOUS, FRIDAY",2025-11-22T07:59:00+00:00,,text2,5.8,,Wicked: For Good grossed $5.8M
2025-11-21,Wicked: For Good,OPEN,D,1236625726,"PREVIOUS, FRIDAY",2025-11-22T07:59:00+00:00,,text,1.2,,Wicked: For Good grossed an estimated $1.2M on opening
2025-11-21,Wicked: For Good,OPEN,D,1236625726,"PREVIOUS, FRIDAY",2025-11-22T07:59:00+00:00,,text2,1.2,,Wicked: For Good grossed an estimated $1.2M
2025-11-21,Wicked: For Good,OPEN,D,1236625726,"PREVIOUS, FRIDAY",2025-11-22T07:59:00+00:00,,text2,2.3,," estimated $1.2M on opening Thursday, taking the running total to $2.3M"
2025-11-21,Wicked: For Good,OPEN,D,1236625726,"PREVIOUS, FRIDAY",2025-11-22T07:59:00+00:00,,text2,1.7,, through Friday has grossed $1.7M
2025-11-21,Wicked: For Good,OPEN,D,1236625726,"PREVIOUS, FRIDAY",2025-11-22T07:59:00+00:00,,text,0.7,,"ys. Brazil , on a holiday Thursday, had $700K debut"
2025-11-21,Wicked: For Good,OPEN,D,1236625726,"PREVIOUS, FRIDAY",2025-11-22T07:59:00+00:00,,text2,0.4,," , Wicked: For Good grossed $400K"
2025-11-21,Wicked: For Good,OPEN,D,1236625726,"PREVIOUS, FRIDAY",2025-11-22T07:59:00+00:00,,text2,0.4,,Wicked: For Good grossed $400K
2025-11-21,Wicked: For Good,OPEN,V,1236584693,‘Wicked: For Good’ Aims for Biggest Opening of 2025 With $150 Million-,2025-11-19T14:30:31+00:00,2025-11-19T14:59:28+00:00,text,125.0,,"nd ""Wicked,"" is offering an estimate of $125 million or more for the second"
2025-11-21,Wicked: For Good,OPEN,V,1236584693,‘Wicked: For Good’ Aims for Biggest Opening of 2025 With $150 Million-,2025-11-19T14:30:31+00:00,2025-11-19T14:59:28+00:00,text,125.0,,"Wicked,"" is offering an estimate of $125 million or more for the second"
2025-11-21,Wicked: For Good,OPEN,V,1236587612,"Box Office: ‘Wicked: For Good’ Earns Huge $30.8 Million in Previews, H",2025-11-21T15:34:11+00:00,2025-11-21T16:03:40+00:00,text,180.0,, track to make between $150 million and $180 million this weekend
2025-11-21,Wicked: For Good,OPEN,V,1236587612,"Box Office: ‘Wicked: For Good’ Earns Huge $30.8 Million in Previews, H",2025-11-21T15:34:11+00:00,2025-11-21T16:03:40+00:00,text,3.0,,"d to Revenge,"" which is projected for a $3 million debut"
2025-11-21,Wicked: For Good,OPEN,V,1236588784,Box Office: ‘Wicked: For Good’ Takes Flight With Huge $68.6 Million Op,2025-11-22T15:49:53+00:00,2025-11-22T17:57:36+00:00,text,151.5,,rth America. That puts it on pace for a $151.5 million opening
2025-11-21,Wicked: For Good,OPEN,V,1236588784,Box Office: ‘Wicked: For Good’ Takes Flight With Huge $68.6 Million Op,2025-11-22T15:49:53+00:00,2025-11-22T17:57:36+00:00,text2,151.5,,ca. That puts it on pace for a $151.5 m
2025-11-21,Wicked: For Good,OPEN,V,1236590025,"Box Office: ‘Wicked: For Good’ Dazzles With $147 Million, Biggest Debu",2025-11-23T15:36:20+00:00,2025-11-24T18:46:48+00:00,text2,162.0,,"ar's second-biggest opening behind April's ""A Minecraft Movie"" ($162 m"
2025-11-21,Wicked: For Good,OPEN,V,1236590025,"Box Office: ‘Wicked: For Good’ Dazzles With $147 Million, Biggest Debu",2025-11-23T15:36:20+00:00,2025-11-24T18:46:48+00:00,text2,50.2,,"or, ""Wicked,"" which debuted to $50.2 m"
2025-11-21,Wicked: For Good,OPEN,V,1236590025,"Box Office: ‘Wicked: For Good’ Dazzles With $147 Million, Biggest Debu",2025-11-23T15:36:20+00:00,2025-11-24T18:46:48+00:00,text2,50.2,,"Wicked,"" which debuted to $50.2 m"
2025-11-21,Wicked: For Good,OPEN,V,1236590107,‘Wicked: For Good’ Box Office: All the Records Set in Opening Weekend,2025-11-23T18:30:00+00:00,2025-11-24T18:49:29+00:00,text,164.2,,"Wicked"" ($164.2 million) Fourth-best Hollywood debut"
2025-11-21,Wicked: For Good,OPEN,V,1236590107,‘Wicked: For Good’ Box Office: All the Records Set in Opening Weekend,2025-11-23T18:30:00+00:00,2025-11-24T18:49:29+00:00,text,218.0,,"$220 million) and ""The Fantastic Four"" ($218 million) Fifth-largest start"
2025-11-21,Wicked: For Good,OPEN,V,1236590107,‘Wicked: For Good’ Box Office: All the Records Set in Opening Weekend,2025-11-23T18:30:00+00:00,2025-11-24T18:49:29+00:00,text,162.0,,"illion) and behind ""A Minecraft Movie"" ($162 million) Second-largest start"
2025-11-21,Wicked: For Good,OPEN,V,1236590107,‘Wicked: For Good’ Box Office: All the Records Set in Opening Weekend,2025-11-23T18:30:00+00:00,2025-11-24T18:49:29+00:00,text,208.8,,"es behind only 2015's ""Jurassic World"" ($208.8 million) Second-highest debut"
2025-11-21,Wicked: For Good,OPEN,V,1236590107,‘Wicked: For Good’ Box Office: All the Records Set in Opening Weekend,2025-11-23T18:30:00+00:00,2025-11-24T18:49:29+00:00,text2,146.0,,"nd-highest grossing opening weekend of 2025, ahead of ""Lilo & Stitch"" ($146 m"
2025-11-21,Wicked: For Good,OPEN,V,1236590136,‘Wicked’: How Universal’s Risky Gamble to Split the Musical Into Two M,2025-11-24T15:30:00+00:00,2025-11-24T18:46:35+00:00,text2,147.0,,"ecessor in terms of opening weekend , collecting a dazzling $147 m"
2025-11-21,Wicked: For Good,OPEN,V,1236590263,"Will ‘Zootopia 2,’ ‘Avatar: Fire and Ash’ and Other Holiday Hopefuls S",2025-11-24T17:30:00+00:00,2025-11-26T01:32:39+00:00,text2,147.0,,rst film's domestic debut with $147 m
2025-11-21,Wicked: For Good,OPEN,V,1236590975,"‘Zootopia 2’ Aims for $150 Million at Thanksgiving Box Office, ‘Wicked",2025-11-25T18:46:33+00:00,2025-11-25T18:46:49+00:00,text,147.0,,"Wicked: For Good,"" which ignited to $147 million last weekend"
2025-11-21,Wicked: For Good,OPEN,V,1236590975,"‘Zootopia 2’ Aims for $150 Million at Thanksgiving Box Office, ‘Wicked",2025-11-25T18:46:33+00:00,2025-11-25T18:46:49+00:00,text,80.0,,ie musical is projected to add at least $80 million over the three-day
2025-11-21,Wicked: For Good,OPEN,V,1236590975,"‘Zootopia 2’ Aims for $150 Million at Thanksgiving Box Office, ‘Wicked",2025-11-25T18:46:33+00:00,2025-11-25T18:46:49+00:00,text2,100.0,,80 million over the three-day weekend and above $100 m
2025-11-21,Wicked: For Good,OPEN,V,1236590975,"‘Zootopia 2’ Aims for $150 Million at Thanksgiving Box Office, ‘Wicked",2025-11-25T18:46:33+00:00,2025-11-25T18:46:49+00:00,text2,112.5,,holiday frame after debuting to $112.5 m
2025-11-21,Wicked: For Good,OPEN,V,1236590975,"‘Zootopia 2’ Aims for $150 Million at Thanksgiving Box Office, ‘Wicked",2025-11-25T18:46:33+00:00,2025-11-25T18:46:49+00:00,text,139.0,,"t ever; ""Moana 2"" holds the record with $139 million over the traditional weekend"
2025-11-21,Wicked: For Good,OPEN,V,1236590975,"‘Zootopia 2’ Aims for $150 Million at Thanksgiving Box Office, ‘Wicked",2025-11-25T18:46:33+00:00,2025-11-25T18:46:49+00:00,text2,112.5,,holiday frame after debuting to $112.5 m
2025-11-21,Wicked: For Good,OPEN,V,1236590975,"‘Zootopia 2’ Aims for $150 Million at Thanksgiving Box Office, ‘Wicked",2025-11-25T18:46:33+00:00,2025-11-25T18:46:49+00:00,text2,139.0,,"iggest Thanksgiving debut ever; ""Moana 2"" holds the record with $139 m"
2025-11-21,Wicked: For Good,OPEN,V,1236590975,"‘Zootopia 2’ Aims for $150 Million at Thanksgiving Box Office, ‘Wicked",2025-11-25T18:46:33+00:00,2025-11-25T18:46:49+00:00,text2,422.0,,cement a Turkey Day weekend record with $422 m
2025-12-05,Five Nights at Freddy's 2,OPEN,D,1236637393,MONDAY AM,2025-12-08T20:00:00+00:00,,text,64.0,,dy's 2 which is coming in higher with a $64M opening
2025-12-05,Five Nights at Freddy's 2,OPEN,D,1236637393,MONDAY AM,2025-12-08T20:00:00+00:00,,text2,13.2,, higher with a $64M opening after a $13.2M
2025-12-05,Five Nights at Freddy's 2,OPEN,D,1236637393,MONDAY AM,2025-12-08T20:00:00+00:00,,text2,17.3,,h is filing a third weekend of $17.3M
2025-12-05,Five Nights at Freddy's 2,OPEN,D,1236637393,MONDAY AM,2025-12-08T20:00:00+00:00,,text2,110.5,,riday frame. Global start here is also up to $110.5M
2025-12-05,Five Nights at Freddy's 2,OPEN,D,1236637393,SUNDAY AM,2025-12-07T20:00:00+00:00,,text2,63.0,,t Freddy's 2 is now opening to $63M
2025-12-05,Five Nights at Freddy's 2,OPEN,D,1236637393,SUNDAY AM,2025-12-07T20:00:00+00:00,,chart,63.0,,3-day $63M
2025-12-05,Five Nights at Freddy's 2,OPEN,D,1236637393,SATURDAY AM,2025-12-06T20:00:00+00:00,,text,56.5,,", which is now lighting up to a massive $56.5M opening"
2025-12-05,Five Nights at Freddy's 2,OPEN,D,1236637393,SATURDAY AM,2025-12-06T20:00:00+00:00,,text2,29.8,,to a massive $56.5M opening after a $29.8M
2025-12-05,Five Nights at Freddy's 2,OPEN,D,1236637393,SATURDAY AM,2025-12-06T20:00:00+00:00,,chart,56.5,,3-day $56.5M
2025-12-05,Five Nights at Freddy's 2,OPEN,D,1236637393,FRIDAY PM,2025-12-06T07:59:00+00:00,,text2,10.0,,"ing over the second weekend of Disney's Zootopia 2 , which is eyeing $10M"
2025-12-05,Five Nights at Freddy's 2,OPEN,D,1236637393,FRIDAY AM,2025-12-05T20:00:00+00:00,,text,35.0,40.0,Five Nights at Freddy's 2 was $35M-$40M+ with Disney's second
2025-12-05,Jujutsu Kaisen: Execution,OPEN,D,1236637393,SATURDAY AM,2025-12-06T20:00:00+00:00,,text,10.0,,ecution with $4.9M yesterday and a near $10M take for the weekend
2025-12-05,Jujutsu Kaisen: Execution,OPEN,D,1236637393,FRIDAY PM,2025-12-06T07:59:00+00:00,,chart,8.0,10.0,3-day of $8M-$10M
2025-12-12,Ella McCay,OPEN,V,1236604450,Box Office: ‘Zootopia 2’ Battles ‘Five Nights at Freddy’s 2’ for No. 1,2025-12-10T15:06:17+00:00,2025-12-10T17:04:35+00:00,text,24.0,26.0,projected to return to first place with $24 million to $26 million in its third
2025-12-12,Ella McCay,OPEN,V,1236604450,Box Office: ‘Zootopia 2’ Battles ‘Five Nights at Freddy’s 2’ for No. 1,2025-12-10T15:06:17+00:00,2025-12-10T17:04:35+00:00,text2,227.0,,The family film has grossed $227 m
2025-12-12,Ella McCay,OPEN,V,1236608380,Box Office: ‘Zootopia 2’ Returns to No. 1 as ‘Ella McCay’ Suffers One ,2025-12-14T15:50:07+00:00,2025-12-16T14:24:52+00:00,text,2.1,,"Ella McCay"" cratered with $2.1 million in its domestic debut"
2025-12-12,Ella McCay,OPEN,V,1236608395,‘Zootopia 2’ Overtakes ‘Lilo & Stitch’ to Become 2025’s Highest Grossi,2025-12-14T17:02:09+00:00,2025-12-14T17:29:39+00:00,text,2.1,,"was also rejected in North America with $2.1 million, to rank as the lowest start"
2025-12-12,Ella McCay,OPEN,V,1236608395,‘Zootopia 2’ Overtakes ‘Lilo & Stitch’ to Become 2025’s Highest Grossi,2025-12-14T17:02:09+00:00,2025-12-14T17:29:39+00:00,text2,2.4,,"Ella McCay"" has grossed a paltry $2.4 m"
2025-12-19,Avatar: Fire and Ash,OPEN,D,1236652516,SUNDAY UPDATE,2025-12-22T07:59:00+00:00,,text,345.0,,Avatar: Fire and Ash has fired up a $345M global opening
2025-12-19,Avatar: Fire and Ash,OPEN,D,1236652516,SUNDAY UPDATE,2025-12-22T07:59:00+00:00,,text,57.6,,: Fire and Ash has grossed an estimated $57.6M during its opening
2025-12-19,Avatar: Fire and Ash,OPEN,D,1236652516,SUNDAY UPDATE,2025-12-22T07:59:00+00:00,,text,109.4,,"ss Europe, Avatar: Fire and Ash amassed $109.4M for its opening"
2025-12-19,Avatar: Fire and Ash,OPEN,D,1236652516,SUNDAY UPDATE,2025-12-22T07:59:00+00:00,,text2,57.6,,r: Fire and Ash has grossed an estimated $57.6M
2025-12-19,Avatar: Fire and Ash,OPEN,D,1236652516,SUNDAY UPDATE,2025-12-22T07:59:00+00:00,,text,57.6,,: Fire and Ash has grossed an estimated $57.6M during its opening
2025-12-19,Avatar: Fire and Ash,OPEN,D,1236652516,SUNDAY UPDATE,2025-12-22T07:59:00+00:00,,text,109.4,,"ss Europe, Avatar: Fire and Ash amassed $109.4M for its opening"
2025-12-19,Avatar: Fire and Ash,OPEN,D,1236652516,SUNDAY UPDATE,2025-12-22T07:59:00+00:00,,text2,57.6,,r: Fire and Ash has grossed an estimated $57.6M
2025-12-19,Avatar: Fire and Ash,OPEN,D,1236652516,SUNDAY UPDATE,2025-12-22T07:59:00+00:00,,text,109.4,,"ss Europe, Avatar: Fire and Ash amassed $109.4M for its opening"
2025-12-19,Avatar: Fire and Ash,OPEN,D,1236652516,SUNDAY UPDATE,2025-12-22T07:59:00+00:00,,text,109.4,,Avatar: Fire and Ash amassed $109.4M for its opening
2025-12-19,Avatar: Fire and Ash,OPEN,D,1236652516,SUNDAY UPDATE,2025-12-22T07:59:00+00:00,,text2,57.6,,p 5 markets through opening weekend are: China ($57.6M
2025-12-19,Avatar: Fire and Ash,OPEN,D,1236652516,SATURDAY UPDATE,2025-12-21T07:59:00+00:00,,text2,340.0,350.0,its way to a global opening in the $340M-$350M
2025-12-19,Avatar: Fire and Ash,OPEN,D,1236652516,"PREVIOUS, FRIDAY",2025-12-20T07:59:00+00:00,,text,43.1,,Avatar: Fire and Ash is off to a $43.1M start
2025-12-19,Avatar: Fire and Ash,OPEN,D,1236653423,SUNDAY AM UPDATE WITH CHART,2025-12-21T20:00:00+00:00,,text2,345.0,,cond highest global opening for an MPA movie YTD at $345M
2025-12-19,Avatar: Fire and Ash,OPEN,D,1236653423,SUNDAY AM UPDATE WITH CHART,2025-12-21T20:00:00+00:00,,text,134.1,,"gger Sunday of $36.5M, rounding out its $134.1M opening"
2025-12-19,Avatar: Fire and Ash,OPEN,D,1236653423,SUNDAY AM UPDATE WITH CHART,2025-12-21T20:00:00+00:00,,chart,88.0,,3-day $88M
2025-12-19,Avatar: Fire and Ash,OPEN,D,1236653423,SATURDAY PM,2025-12-21T07:59:00+00:00,,text2,28.0,,vatar: Fire and Ash grossed an estimated $28M
2025-12-19,Avatar: Fire and Ash,OPEN,D,1236653423,SATURDAY PM,2025-12-21T07:59:00+00:00,,text2,88.0,,m Friday for what's shaping up to be an opening now of $88M
2025-12-19,Avatar: Fire and Ash,OPEN,D,1236653423,SATURDAY PM,2025-12-21T07:59:00+00:00,,text2,260.1,,ill be the 7th best opening of December behind Spider-Man: No Way Home ($260.1M
2025-12-19,Avatar: Fire and Ash,OPEN,D,1236653423,SATURDAY AM,2025-12-20T20:00:00+00:00,,chart,85.0,90.0,3-day $85M-$90M
2025-12-19,Avatar: Fire and Ash,OPEN,D,1236653423,FRIDAY PM UPDATE,2025-12-20T07:59:00+00:00,,text2,84.0,88.0,ive estimates for a three-day total are between $84M-$88M
2025-12-19,Avatar: Fire and Ash,OPEN,D,1236653423,FRIDAY AM UPDATE,2025-12-19T20:00:00+00:00,,text2,12.0,,lit the wick on its weekend with an estimated $12 m
2025-12-19,Avatar: Fire and Ash,OPEN,D,1236653423,FRIDAY AM UPDATE,2025-12-19T20:00:00+00:00,,text,90.0,105.0, Jaffa-Amanda Silver penned pic between $90M-$105M stateside for the weekend
2025-12-19,Avatar: Fire and Ash,OPEN,V,1236609214,Box Office: ‘Avatar: Fire and Ash’ Aims for $100 Million Debut. How Wi,2025-12-17T14:57:44+00:00,2025-12-17T16:24:01+00:00,text,250.0,275.0,eaters. The film should collect another $250 million to $275 million in its international debut
2025-12-19,Avatar: Fire and Ash,OPEN,V,1236609214,Box Office: ‘Avatar: Fire and Ash’ Aims for $100 Million Debut. How Wi,2025-12-17T14:57:44+00:00,2025-12-17T16:24:01+00:00,text2,250.0,, theaters. The film should collect another $250 m
2025-12-19,Avatar: Fire and Ash,OPEN,V,1236609214,Box Office: ‘Avatar: Fire and Ash’ Aims for $100 Million Debut. How Wi,2025-12-17T14:57:44+00:00,2025-12-17T16:24:01+00:00,text2,77.0,,power. The original debuted to $77 m
2025-12-19,Avatar: Fire and Ash,OPEN,V,1236612125,Box Office: ‘Avatar: Fire and Ash’ Makes $12 Million in Previews,2025-12-19T15:33:03+00:00,2025-12-19T16:14:38+00:00,text,90.0,105.0, lead the pre-Christmas box office with $90 million to $105 million in its opening
2025-12-19,Avatar: Fire and Ash,OPEN,V,1236612125,Box Office: ‘Avatar: Fire and Ash’ Makes $12 Million in Previews,2025-12-19T15:33:03+00:00,2025-12-19T16:14:38+00:00,text2,43.1,,"ational markets, it grossed $43.1 m"
2025-12-19,Avatar: Fire and Ash,OPEN,V,1236612125,Box Office: ‘Avatar: Fire and Ash’ Makes $12 Million in Previews,2025-12-19T15:33:03+00:00,2025-12-19T16:14:38+00:00,text2,90.0,,". ""Fire and Ash"" is expected to lead the pre-Christmas box office with $90 m"
2025-12-19,Avatar: Fire and Ash,OPEN,V,1236612125,Box Office: ‘Avatar: Fire and Ash’ Makes $12 Million in Previews,2025-12-19T15:33:03+00:00,2025-12-19T16:14:38+00:00,text,90.0,105.0, lead the pre-Christmas box office with $90 million to $105 million in its opening
2025-12-19,Avatar: Fire and Ash,OPEN,V,1236612125,Box Office: ‘Avatar: Fire and Ash’ Makes $12 Million in Previews,2025-12-19T15:33:03+00:00,2025-12-19T16:14:38+00:00,text2,43.1,,"ational markets, it grossed $43.1 m"
2025-12-19,Avatar: Fire and Ash,OPEN,V,1236612125,Box Office: ‘Avatar: Fire and Ash’ Makes $12 Million in Previews,2025-12-19T15:33:03+00:00,2025-12-19T16:14:38+00:00,text2,90.0,,". ""Fire and Ash"" is expected to lead the pre-Christmas box office with $90 m"
2025-12-19,Avatar: Fire and Ash,OPEN,V,1236612125,Box Office: ‘Avatar: Fire and Ash’ Makes $12 Million in Previews,2025-12-19T15:33:03+00:00,2025-12-19T16:14:38+00:00,text,250.0,275.0,third film is estimated to earn another $250 million to $275 million in its international debut
2025-12-19,Avatar: Fire and Ash,OPEN,V,1236612125,Box Office: ‘Avatar: Fire and Ash’ Makes $12 Million in Previews,2025-12-19T15:33:03+00:00,2025-12-19T16:14:38+00:00,text,250.0,275.0,third film is estimated to earn another $250 million to $275 million in its international debut
2025-12-19,Avatar: Fire and Ash,OPEN,V,1236613727,Box Office: ‘Avatar: Fire and Ash’ Kicks Off With $88 Million Domestic,2025-12-21T16:14:57+00:00,2025-12-21T17:20:47+00:00,text2,77.0,," 2009 epic ""Avatar"" debuted to $77 m"
2025-12-19,Avatar: Fire and Ash,OPEN,V,1236613727,Box Office: ‘Avatar: Fire and Ash’ Kicks Off With $88 Million Domestic,2025-12-21T16:14:57+00:00,2025-12-21T17:20:47+00:00,text2,760.0,,"r seven consecutive weekends, eventually climbing to $760 m"
2025-12-19,Avatar: Fire and Ash,OPEN,V,1236613727,Box Office: ‘Avatar: Fire and Ash’ Kicks Off With $88 Million Domestic,2025-12-21T16:14:57+00:00,2025-12-21T17:20:47+00:00,text2,77.0,,"Avatar"" debuted to $77 m"
2025-12-19,Avatar: Fire and Ash,OPEN,V,1236613727,Box Office: ‘Avatar: Fire and Ash’ Kicks Off With $88 Million Domestic,2025-12-21T16:14:57+00:00,2025-12-21T17:20:47+00:00,text2,760.0,,"r seven consecutive weekends, eventually climbing to $760 m"
2025-12-19,Avatar: Fire and Ash,OPEN,V,1236613727,Box Office: ‘Avatar: Fire and Ash’ Kicks Off With $88 Million Domestic,2025-12-21T16:14:57+00:00,2025-12-21T17:20:47+00:00,text2,688.0,,o. 1 spot for seven weekends and ended up earning $688 m
2025-12-19,Avatar: Fire and Ash,OPEN,V,1236613727,Box Office: ‘Avatar: Fire and Ash’ Kicks Off With $88 Million Domestic,2025-12-21T16:14:57+00:00,2025-12-21T17:20:47+00:00,text,435.0,,g dramatically behind the second film's $435 million global debut
2025-12-19,Avatar: Fire and Ash,OPEN,V,1236613727,Box Office: ‘Avatar: Fire and Ash’ Kicks Off With $88 Million Domestic,2025-12-21T16:14:57+00:00,2025-12-21T17:20:47+00:00,text,90.0,105.0,"Avatar 3"" was projected to earn $90 million to $105 million in its domestic debut"
2025-12-19,Avatar: Fire and Ash,OPEN,V,1236614973,‘Avatar 3’ to Rule Over Christmas Box Office; ‘Anaconda’ to Top Fellow,2025-12-23T14:30:00+00:00,2025-12-23T14:30:09+00:00,text,55.0,65.0,"Avatar: Fire and Ash"" is aiming for $55 million to $65 million over the traditional weekend"
2025-12-19,Avatar: Fire and Ash,OPEN,V,1236614973,‘Avatar 3’ to Rule Over Christmas Box Office; ‘Anaconda’ to Top Fellow,2025-12-23T14:30:00+00:00,2025-12-23T14:30:09+00:00,text,89.0,,ould mark a 30% to 40% decline from its $89 million domestic debut
2025-12-19,Avatar: Fire and Ash,OPEN,V,1236614973,‘Avatar 3’ to Rule Over Christmas Box Office; ‘Anaconda’ to Top Fellow,2025-12-23T14:30:00+00:00,2025-12-23T14:30:09+00:00,text2,75.0,,ver the traditional weekend and $75 m
2025-12-19,David,OPEN,D,1236653423,SUNDAY AM UPDATE WITH CHART,2025-12-21T20:00:00+00:00,,chart,22.0,,3-day $22M
2025-12-19,David,OPEN,D,1236653423,SATURDAY AM,2025-12-20T20:00:00+00:00,,text,0.809,,e Marty Supreme is headed for a massive $809K opening
2025-12-19,David,OPEN,D,1236653423,SATURDAY AM,2025-12-20T20:00:00+00:00,,chart,25.0,,3-day $25M
2025-12-19,David,OPEN,D,1236653423,FRIDAY PM UPDATE,2025-12-20T07:59:00+00:00,,text2,14.0,,David went into the weekend with $14M
2025-12-19,David,OPEN,D,1236653423,FRIDAY AM UPDATE,2025-12-19T20:00:00+00:00,,text2,20.0,25.0,ill rank No. 2 this weekend with $20M-$25M
2025-12-19,The Housemaid,OPEN,D,1236653423,MONDAY AM,2025-12-22T20:00:00+00:00,,text,19.0,,ousemaid are staying steady at $22M and $19M for the weekend
2025-12-19,The Housemaid,OPEN,D,1236653423,SUNDAY AM UPDATE WITH CHART,2025-12-21T20:00:00+00:00,,chart,19.0,,3-day $19M
2025-12-19,The Housemaid,OPEN,D,1236653423,SATURDAY PM,2025-12-21T07:59:00+00:00,,text,19.0,,"oday, -29%, for what's expected to be a $19M opening"
2025-12-19,The Housemaid,OPEN,D,1236653423,SATURDAY PM,2025-12-21T07:59:00+00:00,,text2,19.0,,"y, -29%, for what's expected to be a $19M"
2025-12-19,The Housemaid,OPEN,D,1236653423,SATURDAY AM,2025-12-20T20:00:00+00:00,,text,19.6,,g for Angel Studios ever surpassing the $19.6M 3-day
2025-12-19,The Housemaid,OPEN,D,1236653423,SATURDAY AM,2025-12-20T20:00:00+00:00,,text2,19.6,,"el, that's the best opening for Angel Studios ever surpassing the $19.6M"
2025-12-19,The Housemaid,OPEN,D,1236653423,SATURDAY AM,2025-12-20T20:00:00+00:00,,chart,20.0,21.0,3-day $20M-$21M
2025-12-19,The Housemaid,OPEN,D,1236653423,FRIDAY AM UPDATE,2025-12-19T20:00:00+00:00,,text2,6.0,," Thursday, posted a three-day of $6M"
2025-12-19,The Housemaid,OPEN,V,1236609214,Box Office: ‘Avatar: Fire and Ash’ Aims for $100 Million Debut. How Wi,2025-12-17T14:57:44+00:00,2025-12-17T16:24:01+00:00,text,20.0,25.0,"Housemaid"" is targeting a $20 million to $25 million debut"
2025-12-19,The Housemaid,OPEN,V,1236612125,Box Office: ‘Avatar: Fire and Ash’ Makes $12 Million in Previews,2025-12-19T15:33:03+00:00,2025-12-19T16:14:38+00:00,text,20.0,25.0,"anda Seyfried, is on track to open with $20 million to $25 million this weekend"
2025-12-19,The Housemaid,OPEN,V,1236612125,Box Office: ‘Avatar: Fire and Ash’ Makes $12 Million in Previews,2025-12-19T15:33:03+00:00,2025-12-19T16:14:38+00:00,text2,2.2,,to $25 million this weekend after making $2.2 m
2025-12-19,The Spongebob Movie: Search for SquarePants,OPEN,D,1236653423,SUNDAY AM UPDATE WITH CHART,2025-12-21T20:00:00+00:00,,text2,178.6,, reporting that the weekend came in at $178.6M
2025-12-19,The Spongebob Movie: Search for SquarePants,OPEN,D,1236653423,SATURDAY PM,2025-12-21T07:59:00+00:00,,chart,14.5,,3-day of $14.5M
2025-12-19,The Spongebob Movie: Search for SquarePants,OPEN,D,1236653423,SATURDAY AM,2025-12-20T20:00:00+00:00,,text,17.0,,he Search for Squarepants is 4th with a $17M opening
2025-12-19,The Spongebob Movie: Search for SquarePants,OPEN,D,1236653423,SATURDAY AM,2025-12-20T20:00:00+00:00,,text2,6.0,, is 4th with a $17M opening after a $6M
2025-12-19,The Spongebob Movie: Search for SquarePants,OPEN,D,1236653423,SATURDAY AM,2025-12-20T20:00:00+00:00,,chart,17.0,,3-day $17M
2025-12-19,The Spongebob Movie: Search for SquarePants,OPEN,D,1236653423,FRIDAY PM UPDATE,2025-12-20T07:59:00+00:00,,text2,4.6,," to Disney's fourth weekend of Zootopia 2 at 3,540 sites with $4.6M"
2025-12-19,The Spongebob Movie: Search for SquarePants,OPEN,D,1236653423,FRIDAY AM UPDATE,2025-12-19T20:00:00+00:00,,chart,16.0,,3-day of $16M
2025-12-19,The Spongebob Movie: Search for SquarePants,OPEN,V,1236613727,Box Office: ‘Avatar: Fire and Ash’ Kicks Off With $88 Million Domestic,2025-12-21T16:14:57+00:00,2025-12-21T17:20:47+00:00,text,14.5,,"otopia 2"" rounded out the top five with $14.5 million in its fourth"
2025-12-26,Avatar: Fire and Ash,NTH,D,1236657345,SUNDAY AM UPDATE,2025-12-28T20:00:00+00:00,,chart,64.0,,3-day of $64M
2025-12-26,Avatar: Fire and Ash,NTH,D,1236657345,SUNDAY AM UPDATE,2025-12-28T20:00:00+00:00,,chart,64.0,,3-day $64M
2025-12-26,Avatar: Fire and Ash,NTH,D,1236657345,SUNDAY AM UPDATE,2025-12-28T20:00:00+00:00,,text2,60.0,,"f course, the final weekend of 2025 with a second frame around $60M"
2025-12-26,Avatar: Fire and Ash,NTH,D,1236657345,SUNDAY AM UPDATE,2025-12-28T20:00:00+00:00,,text,84.0,,"as, the 4-day on Fire and Ash stands at $84M after a second"
2025-12-26,Avatar: Fire and Ash,NTH,D,1236657345,SUNDAY AM UPDATE,2025-12-28T20:00:00+00:00,,text,84.0,,"as, the 4-day on Fire and Ash stands at $84M after a second"
2025-12-26,Avatar: Fire and Ash,NTH,D,1236657345,SUNDAY AM UPDATE,2025-12-28T20:00:00+00:00,,chart,60.0,,3-day $60M
2025-12-26,Avatar: Fire and Ash,NTH,V,1236617391,"Christmas Eve Box Office: ‘Avatar 3’ Leads With $10.7 Million, ‘Marty ",2025-12-25T16:17:46+00:00,2025-12-28T15:11:41+00:00,text2,129.6,,big-budget film has grossed $129.6 m
2025-12-26,Avatar: Fire and Ash,NTH,V,1236618660,"Box Office: ‘Avatar 3’ Adds $88 Million Over Christmas Weekend, ‘Marty",2025-12-28T16:03:51+00:00,2025-12-29T00:24:04+00:00,text,64.0,,"Avatar 3"" added a solid $64 million over the traditional weekend"
2025-12-26,Avatar: Fire and Ash,NTH,V,1236618660,"Box Office: ‘Avatar 3’ Adds $88 Million Over Christmas Weekend, ‘Marty",2025-12-28T16:03:51+00:00,2025-12-29T00:24:04+00:00,text,89.0,, figure is a scant 28% decline from its $89 million domestic debut
2025-12-26,Avatar: Fire and Ash,NTH,V,1236618660,"Box Office: ‘Avatar 3’ Adds $88 Million Over Christmas Weekend, ‘Marty",2025-12-28T16:03:51+00:00,2025-12-29T00:24:04+00:00,text2,88.0,,ver the traditional weekend and $88 m
2025-12-26,Avatar: Fire and Ash,NTH,V,1236618660,"Box Office: ‘Avatar 3’ Adds $88 Million Over Christmas Weekend, ‘Marty",2025-12-28T16:03:51+00:00,2025-12-29T00:24:04+00:00,text2,89.0,,ay on Thursday. The three-day figure is a scant 28% decline from its $89 m
2025-12-26,Avatar: Fire and Ash,NTH,V,1236618660,"Box Office: ‘Avatar 3’ Adds $88 Million Over Christmas Weekend, ‘Marty",2025-12-28T16:03:51+00:00,2025-12-29T00:24:04+00:00,text,760.0,,ted $217.7 million in North America and $760 million worldwide after two weekend
2025-12-26,Avatar: Fire and Ash,NTH,V,1236618660,"Box Office: ‘Avatar 3’ Adds $88 Million Over Christmas Weekend, ‘Marty",2025-12-28T16:03:51+00:00,2025-12-29T00:24:04+00:00,text2,17.4,,"e"" enjoyed the best debut among newcomers in third place with $17.4 m"
2025-12-26,Avatar: Fire and Ash,NTH,V,1236618660,"Box Office: ‘Avatar 3’ Adds $88 Million Over Christmas Weekend, ‘Marty",2025-12-28T16:03:51+00:00,2025-12-29T00:24:04+00:00,text2,17.4,,"e"" enjoyed the best debut among newcomers in third place with $17.4 m"
2025-12-26,Avatar: Fire and Ash,NTH,V,1236618660,"Box Office: ‘Avatar 3’ Adds $88 Million Over Christmas Weekend, ‘Marty",2025-12-28T16:03:51+00:00,2025-12-29T00:24:04+00:00,text2,27.1,,0 theaters over the weekend and $27.1 m
2025-12-26,Avatar: Fire and Ash,NTH,V,1236615317,‘Marty Supreme’ Cements Timothee Chalamet as King of the Christmas Box,2025-12-28T22:16:41+00:00,2025-12-29T17:55:36+00:00,text,25.0,,"r A24 after Alex Garland's ""Civil War"" ($25 million over the traditional three-day"
2026-01-02,Avatar: Fire and Ash,NTH,D,1236660722,SUNDAY AM WRITETHRU,2026-01-04T20:00:00+00:00,,text,40.0,,Avatar: Fire and Ash is coming in at $40M for weekend
2026-01-02,Avatar: Fire and Ash,NTH,D,1236660722,SUNDAY AM WRITETHRU,2026-01-04T20:00:00+00:00,,text,19.0,,estic cume of $306M ) and Zootopia 2 at $19M for weekend
2026-01-02,Avatar: Fire and Ash,NTH,D,1236660722,SUNDAY AM WRITETHRU,2026-01-04T20:00:00+00:00,,text2,306.0,,ming in at $40M for weekend 3 (and near domestic cume of $306M
2026-01-02,Avatar: Fire and Ash,NTH,D,1236660722,SUNDAY AM WRITETHRU,2026-01-04T20:00:00+00:00,,text2,363.6,,topia 2 at $19M for weekend 6 (cume of $363.6M
2026-01-02,Avatar: Fire and Ash,NTH,D,1236660722,SUNDAY AM WRITETHRU,2026-01-04T20:00:00+00:00,,chart,40.0,,3-day $40M
2026-01-02,Avatar: Fire and Ash,NTH,D,1236660722,SUNDAY AM WRITETHRU,2026-01-04T20:00:00+00:00,,chart,40.0,,3-day $40M
2026-01-02,Avatar: Fire and Ash,NTH,D,1236660722,FRIDAY PM,2026-01-03T07:59:00+00:00,,text2,35.0,,ing the pic's third weekend is around $35M
2026-01-02,Avatar: Fire and Ash,NTH,D,1236660722,FRIDAY PM,2026-01-03T07:59:00+00:00,,text,67.4,,"rd weekend was Dec. 30-Jan 1, which did $67.4M (+4%), while its first weekend"
2026-01-02,Avatar: Fire and Ash,NTH,D,1236660722,FRIDAY PM,2026-01-03T07:59:00+00:00,,text2,45.8,,"uel's fourth frame, grossed $45.8M"
2026-01-02,Avatar: Fire and Ash,NTH,D,1236660722,FRIDAY PM,2026-01-03T07:59:00+00:00,,text2,68.4,,that's when the pic grossed $68.4M
2026-01-02,Avatar: Fire and Ash,NTH,V,1236623079,Box Office: ‘Avatar 3’ Leads in First Weekend of 2026 With $40 Million,2026-01-04T16:06:19+00:00,2026-01-04T18:07:31+00:00,text2,363.0,,animated sequel has grossed a mighty $363 m
2026-01-09,Avatar: Fire and Ash,NTH,D,1236677406,SUNDAY AM WRITETHRU,2026-01-11T20:00:00+00:00,,text,21.3,,ary box office. The threequel pulled in $21.3M in its fourth
2026-01-09,Avatar: Fire and Ash,NTH,D,1236677406,FRIDAY PM UPDATE,2026-01-10T07:59:00+00:00,,text,24.0,,alpha male with what's expected to be a $24 million fourth
2026-01-09,Avatar: Fire and Ash,NTH,D,1236677406,FRIDAY PM UPDATE,2026-01-10T07:59:00+00:00,,text2,24.0,,ha male with what's expected to be a $24 m
2026-01-09,Avatar: Fire and Ash,NTH,D,1236677406,FRIDAY PM UPDATE,2026-01-10T07:59:00+00:00,,text2,5.6,," $24 million fourth weekend at 3,700 locations after a $5.6M"
2026-01-09,Avatar: Fire and Ash,NTH,D,1236677406,FRIDAY PM UPDATE,2026-01-10T07:59:00+00:00,,text2,90.0,,ll ring up a global weekend north of $90M+
2026-01-09,Avatar: Fire and Ash,NTH,D,1236677406,FRIDAY AM UPDATE,2026-01-09T20:00:00+00:00,,text,2.5,,"ames Cameron-directed threequel grossed $2.5M yesterday, ending its third"
2026-01-09,Avatar: Fire and Ash,NTH,D,1236677406,FRIDAY AM UPDATE,2026-01-09T20:00:00+00:00,,text2,20.0,22.0,No. 1 in its fourth weekend with $20M-$22M
2026-01-09,Avatar: Fire and Ash,NTH,D,1236677406,FRIDAY AM UPDATE,2026-01-09T20:00:00+00:00,,text2,2.5,,-directed threequel grossed $2.5M
2026-01-09,Avatar: Fire and Ash,NTH,V,1236625682,Box Office: ‘Avatar: Fire and Ash’ Stays No. 1 for Fourth Consecutive ,2026-01-10T16:56:18+00:00,2026-01-10T17:56:35+00:00,text2,20.0,, The sci-fi epic is expected to pull in another $20 m
2026-01-09,Greenland 2: Migration,OPEN,D,1236677406,SUNDAY AM WRITETHRU,2026-01-11T20:00:00+00:00,,text2,10.0,,us Lionsgate Butler openings post Covid include Plane ($10M
2026-01-09,Greenland 2: Migration,OPEN,D,1236677406,FRIDAY AM UPDATE,2026-01-09T20:00:00+00:00,,text,8.0,10.0,Greenland 2 were forecast to make $8M-$10M heading into this weekend
2026-01-09,Greenland 2: Migration,OPEN,V,1236625682,Box Office: ‘Avatar: Fire and Ash’ Stays No. 1 for Fourth Consecutive ,2026-01-10T16:56:18+00:00,2026-01-10T17:56:35+00:00,text,3.2,,"Roman Griffin Davis, the film pulled in $3.2 million on its opening"
2026-01-09,Primate,OPEN,D,1236677406,SUNDAY AM WRITETHRU,2026-01-11T20:00:00+00:00,,text,100.0,, Paul Feig directed thriller will cross $100M by Friday of the MLK weekend
2026-01-09,Primate,OPEN,V,1236625682,Box Office: ‘Avatar: Fire and Ash’ Stays No. 1 for Fourth Consecutive ,2026-01-10T16:56:18+00:00,2026-01-10T17:56:35+00:00,text2,4.5,,"Primate,"" which debuted to $4.5 m"
2026-01-09,Primate,OPEN,V,1236628272,Box Office: ‘Avatar: Fire and Ash’ Leads for Fourth Weekend With $21 M,2026-01-11T16:24:42+00:00,2026-01-12T14:46:25+00:00,text,11.0,," place, with each estimated to generate $11 million over the weekend"
2026-01-09,Primate,OPEN,V,1236628272,Box Office: ‘Avatar: Fire and Ash’ Leads for Fourth Weekend With $21 M,2026-01-11T16:24:42+00:00,2026-01-12T14:46:25+00:00,text2,13.4,,onally for a global start of $13.4 m
2026-01-09,Primate,OPEN,V,1236628272,Box Office: ‘Avatar: Fire and Ash’ Leads for Fourth Weekend With $21 M,2026-01-11T16:24:42+00:00,2026-01-12T14:46:25+00:00,text2,13.4,,onally for a global start of $13.4 m
2026-01-16,28 Years Later: Bone Temple,OPEN,D,1236685165,SUNDAY AM WRITETHRU,2026-01-18T20:00:00+00:00,,text2,62.5,,e posts the highest opening ever for the series at $62.5M
2026-01-16,28 Years Later: Bone Temple,OPEN,D,1236685165,SUNDAY AM WRITETHRU,2026-01-18T20:00:00+00:00,,chart,13.0,,3-day $13M
2026-01-16,28 Years Later: Bone Temple,OPEN,D,1236685165,FRIDAY PM,2026-01-17T07:59:00+00:00,,text2,15.0,, Currently both are looking at $15M
2026-01-16,28 Years Later: Bone Temple,OPEN,D,1236685165,FRIDAY PM,2026-01-17T07:59:00+00:00,,text2,15.4,,"ast year, the fifth weekend of Disney's Mufasa: The Lion King led with $15.4M"
2026-01-16,28 Years Later: Bone Temple,OPEN,D,1236685165,FRIDAY PM,2026-01-17T07:59:00+00:00,,text2,12.2,,olf Man - which was expected to well but did not - debuting at $12.2M
2026-01-16,28 Years Later: Bone Temple,OPEN,D,1236685165,FRIDAY PM,2026-01-17T07:59:00+00:00,,chart,13.0,,3-day $13M
2026-01-16,28 Years Later: Bone Temple,OPEN,D,1236685165,FRIDAY AM,2026-01-16T20:00:00+00:00,,text2,2.1,,e has begun the MLK weekend with $2.1 m
2026-01-16,28 Years Later: Bone Temple,OPEN,D,1236685165,FRIDAY AM,2026-01-16T20:00:00+00:00,,text2,20.0,22.0,e MLK weekend. It's expected to do $20M-$22M
2026-01-16,28 Years Later: Bone Temple,OPEN,D,1236685165,FRIDAY AM,2026-01-16T20:00:00+00:00,,text2,20.0,22.0,e MLK weekend. It's expected to do $20M-$22M
2026-01-16,28 Years Later: Bone Temple,OPEN,D,1236689254,MONDAY AM WRITETHRU,2026-01-19T20:00:00+00:00,,text,13.0,,"e Temple , which is soft stateside with $13M for the 3-day"
2026-01-16,28 Years Later: Bone Temple,OPEN,D,1236689254,MONDAY AM WRITETHRU,2026-01-19T20:00:00+00:00,,text2,15.0,,e with $13M for the 3-day and $15M
2026-01-16,28 Years Later: Bone Temple,OPEN,D,1236689254,MONDAY AM WRITETHRU,2026-01-19T20:00:00+00:00,,text2,4.6,,ut can relish No. 1 openings in the UK with $4.6M
2026-01-16,28 Years Later: Bone Temple,OPEN,D,1236689254,MONDAY AM WRITETHRU,2026-01-19T20:00:00+00:00,,text,104.8,,"e is calling the 4-day domestic weekend $104.8M , +31% from the same frame"
2026-01-16,28 Years Later: Bone Temple,OPEN,D,1236689254,MONDAY AM WRITETHRU,2026-01-19T20:00:00+00:00,,text2,104.8,, the 4-day domestic weekend $104.8M
2026-01-16,28 Years Later: Bone Temple,OPEN,V,1236631409,Box Office: ‘28 Years Later: Bone Temple’ Makes $2.1 Million in Previe,2026-01-16T16:03:08+00:00,2026-01-16T16:26:04+00:00,text2,30.0,,ast June. That film debuted to $30 m
2026-01-16,28 Years Later: Bone Temple,OPEN,V,1236634237,Box Office: ‘Avatar: Fire and Ash’ Remains No. 1 in Fifth Weekend as ‘,2026-01-18T16:34:07+00:00,2026-01-19T18:06:26+00:00,text,30.0,,"Years Later,"" which opened last June to $30 million over the traditional three-day"
2026-01-16,Avatar: Fire and Ash,NTH,D,1236685165,SUNDAY AM WRITETHRU,2026-01-18T20:00:00+00:00,,text,17.2,,Avatar: Fire and Ash pulled in $17.2M over its four-day fifth
2026-01-16,Avatar: Fire and Ash,NTH,D,1236685165,SUNDAY AM WRITETHRU,2026-01-18T20:00:00+00:00,,text,13.0,," the way). Sony is calling three-day at $13M , which makes it the second"
2026-01-16,Avatar: Fire and Ash,NTH,D,1236685165,SUNDAY AM WRITETHRU,2026-01-18T20:00:00+00:00,,text2,13.0,,y). Sony is calling three-day at $13M
2026-01-16,Avatar: Fire and Ash,NTH,D,1236685165,SUNDAY AM WRITETHRU,2026-01-18T20:00:00+00:00,,text2,99.0,,e Friday-Monday MLK weekend is coming in around $99M
2026-01-16,Avatar: Fire and Ash,NTH,D,1236685165,SUNDAY AM WRITETHRU,2026-01-18T20:00:00+00:00,,chart,13.3,,3-day $13.3M
2026-01-16,Avatar: Fire and Ash,NTH,D,1236685165,SUNDAY AM WRITETHRU,2026-01-18T20:00:00+00:00,,chart,13.3,,3-day $13.3M
2026-01-16,Avatar: Fire and Ash,NTH,D,1236685165,FRIDAY PM,2026-01-17T07:59:00+00:00,,chart,13.7,,3-day $13.7M
2026-01-16,Avatar: Fire and Ash,NTH,D,1236685165,FRIDAY AM,2026-01-16T20:00:00+00:00,,text2,19.0,,"re and Ash 's fifth weekend, which is expected to land around $19M"
2026-01-16,Avatar: Fire and Ash,NTH,D,1236689254,MONDAY AM WRITETHRU,2026-01-19T20:00:00+00:00,,text2,0.061,, Korea was the only opening territory with $61K
2026-01-16,Avatar: Fire and Ash,NTH,V,1236631409,Box Office: ‘28 Years Later: Bone Temple’ Makes $2.1 Million in Previe,2026-01-16T16:03:08+00:00,2026-01-16T16:26:04+00:00,text,18.0,19.0,ameron's epic threequel aims to take in $18 million to $19 million in its fifth
2026-01-16,Avatar: Fire and Ash,NTH,V,1236634237,Box Office: ‘Avatar: Fire and Ash’ Remains No. 1 in Fifth Weekend as ‘,2026-01-18T16:34:07+00:00,2026-01-19T18:06:26+00:00,text,13.0,,"elease. ""The Bone Temple"" stumbled with $13 million over the weekend"
2026-01-16,Avatar: Fire and Ash,NTH,V,1236634237,Box Office: ‘Avatar: Fire and Ash’ Remains No. 1 in Fifth Weekend as ‘,2026-01-18T16:34:07+00:00,2026-01-19T18:06:26+00:00,text,15.0,,d with $13 million over the weekend and $15 million in its four-day debut
2026-01-16,Avatar: Fire and Ash,NTH,V,1236634237,Box Office: ‘Avatar: Fire and Ash’ Remains No. 1 in Fifth Weekend as ‘,2026-01-18T16:34:07+00:00,2026-01-19T18:06:26+00:00,text,20.0,22.0,er King Jr. Day - below expectations of $20 million to $22 million over the long weekend
2026-01-16,Avatar: Fire and Ash,NTH,V,1236634237,Box Office: ‘Avatar: Fire and Ash’ Remains No. 1 in Fifth Weekend as ‘,2026-01-18T16:34:07+00:00,2026-01-19T18:06:26+00:00,text2,15.0,,13 million over the weekend and $15 m
2026-01-16,Avatar: Fire and Ash,NTH,V,1236634237,Box Office: ‘Avatar: Fire and Ash’ Remains No. 1 in Fifth Weekend as ‘,2026-01-18T16:34:07+00:00,2026-01-19T18:06:26+00:00,text,13.3,," Fire and Ash"" continued its reign with $13.3 million over the weekend"
2026-01-16,Avatar: Fire and Ash,NTH,V,1236634237,Box Office: ‘Avatar: Fire and Ash’ Remains No. 1 in Fifth Weekend as ‘,2026-01-18T16:34:07+00:00,2026-01-19T18:06:26+00:00,text,17.8,,with $13.3 million over the weekend and $17.8 million through the four-day frame
2026-01-16,Avatar: Fire and Ash,NTH,V,1236634237,Box Office: ‘Avatar: Fire and Ash’ Remains No. 1 in Fifth Weekend as ‘,2026-01-18T16:34:07+00:00,2026-01-19T18:06:26+00:00,text2,17.8,,.3 million over the weekend and $17.8 m
2026-01-16,Avatar: Fire and Ash,NTH,V,1236634237,Box Office: ‘Avatar: Fire and Ash’ Remains No. 1 in Fifth Weekend as ‘,2026-01-18T16:34:07+00:00,2026-01-19T18:06:26+00:00,text,2.2,," comedy ""No Other Choice"" has generated $2.2 million over the weekend"
2026-01-16,Avatar: Fire and Ash,NTH,V,1236634237,Box Office: ‘Avatar: Fire and Ash’ Remains No. 1 in Fifth Weekend as ‘,2026-01-18T16:34:07+00:00,2026-01-19T18:06:26+00:00,text2,2.5,,.2 million over the weekend and $2.5 m
2026-01-16,Avatar: Fire and Ash,NTH,V,1236634237,Box Office: ‘Avatar: Fire and Ash’ Remains No. 1 in Fifth Weekend as ‘,2026-01-18T16:34:07+00:00,2026-01-19T18:06:26+00:00,text,2.2,," comedy ""No Other Choice"" has generated $2.2 million over the weekend"
2026-01-16,Avatar: Fire and Ash,NTH,V,1236634237,Box Office: ‘Avatar: Fire and Ash’ Remains No. 1 in Fifth Weekend as ‘,2026-01-18T16:34:07+00:00,2026-01-19T18:06:26+00:00,text2,2.5,,.2 million over the weekend and $2.5 m
2026-01-23,Avatar: Fire and Ash,NTH,D,1236694631,FRIDAY PM,2026-01-24T07:59:00+00:00,,text,8.0,,Avatar: Fire and Ash notches $8M in weekend
2026-01-23,Avatar: Fire and Ash,NTH,D,1236694631,FRIDAY PM,2026-01-24T07:59:00+00:00,,text2,380.0,," Ash notches $8M in weekend 6 at 3,150 theaters, -44%, at close to $380M"
2026-01-23,Avatar: Fire and Ash,NTH,V,1236635972,"Box Office: Chris Pratt’s ‘Mercy’ Targets $12 Million Debut, Aims to D",2026-01-21T17:26:05+00:00,2026-01-21T17:26:16+00:00,text2,394.0,," the second-highest grossing release of 2025 behind ""Zootopia 2"" ($394 m"
2026-01-23,Avatar: Fire and Ash,NTH,V,1236639941,Box Office: ‘Mercy’ Ends ‘Avatar: Fire and Ash’ Five-Weekend Reign Wit,2026-01-25T15:28:52+00:00,2026-01-28T14:38:08+00:00,text,7.0,,"estic charts, slid to second place with $7 million over the weekend"
2026-01-23,Avatar: Fire and Ash,NTH,V,1236639941,Box Office: ‘Mercy’ Ends ‘Avatar: Fire and Ash’ Five-Weekend Reign Wit,2026-01-25T15:28:52+00:00,2026-01-28T14:38:08+00:00,text2,378.0,," weekend. After six weekends of release, ""Fire and Ash"" has earned $378 m"
2026-01-23,Avatar: Fire and Ash,NTH,V,1236639941,Box Office: ‘Mercy’ Ends ‘Avatar: Fire and Ash’ Five-Weekend Reign Wit,2026-01-25T15:28:52+00:00,2026-01-28T14:38:08+00:00,text,5.7,,"aut ""Zootopia 2"" remained at No. 3 with $5.7 million in its ninth (!) weekend"
2026-01-23,Avatar: Fire and Ash,NTH,V,1236639941,Box Office: ‘Mercy’ Ends ‘Avatar: Fire and Ash’ Five-Weekend Reign Wit,2026-01-25T15:28:52+00:00,2026-01-28T14:38:08+00:00,text,5.7,,"aut ""Zootopia 2"" remained at No. 3 with $5.7 million in its ninth (!) weekend"
2026-01-23,Mercy,OPEN,D,1236694631,FRIDAY PM,2026-01-24T07:59:00+00:00,,text,12.6,,Mercy at $12.6M for the weekend
2026-01-23,Mercy,OPEN,D,1236694631,FRIDAY PM,2026-01-24T07:59:00+00:00,,text2,5.0,,y at $12.6M for the weekend after a $5M
2026-01-23,Mercy,OPEN,D,1236694631,FRIDAY AM,2026-01-23T20:00:00+00:00,,text2,12.0,15.0,Rebecca Ferguson is looking at $12M-$15M
2026-01-23,Mercy,OPEN,V,1236639941,Box Office: ‘Mercy’ Ends ‘Avatar: Fire and Ash’ Five-Weekend Reign Wit,2026-01-25T15:28:52+00:00,2026-01-28T14:38:08+00:00,text,10.8,,"Mercy"" collected $10.8 million in its North American debut"
2026-01-23,Mercy,OPEN,V,1236639941,Box Office: ‘Mercy’ Ends ‘Avatar: Fire and Ash’ Five-Weekend Reign Wit,2026-01-25T15:28:52+00:00,2026-01-28T14:38:08+00:00,text,12.0,,"Mercy"" was anticipated to earn $12 million over the weekend"
2026-01-23,Return to Silent Hill,OPEN,D,1236694631,FRIDAY PM,2026-01-24T07:59:00+00:00,,chart,3.2,,3-day of $3.2M
2026-01-23,Return to Silent Hill,OPEN,V,1236639941,Box Office: ‘Mercy’ Ends ‘Avatar: Fire and Ash’ Five-Weekend Reign Wit,2026-01-25T15:28:52+00:00,2026-01-28T14:38:08+00:00,text,20.0,,"al horror series, 2006's ""Silent Hill"" ($20 million debut"
2026-01-23,Return to Silent Hill,OPEN,V,1236639941,Box Office: ‘Mercy’ Ends ‘Avatar: Fire and Ash’ Five-Weekend Reign Wit,2026-01-25T15:28:52+00:00,2026-01-28T14:38:08+00:00,text,8.0,,"012's sequel ""Silent Hill: Revelation"" ($8 million debut"
2026-01-30,Iron Lung,OPEN,D,1236703378,MONDAY AM,2026-02-02T20:00:00+00:00,,text2,1.4,, updated $1.67M and grossed $1.4M
2026-01-30,Iron Lung,OPEN,D,1236703378,MONDAY AM,2026-02-02T20:00:00+00:00,,text2,22.2,,1.2M Euros). Global debut is estimated to be well north of $22.2M
2026-01-30,Iron Lung,OPEN,D,1236703378,SUNDAY AM,2026-02-01T20:00:00+00:00,,chart,17.8,,3-day $17.8M
2026-01-30,Iron Lung,OPEN,D,1236703378,SATURDAY AM,2026-01-31T20:00:00+00:00,,text2,0.037,,tly the movie's top-grossing venue at $37K
2026-01-30,Iron Lung,OPEN,D,1236703378,SATURDAY AM,2026-01-31T20:00:00+00:00,,chart,15.0,17.0,3-day $15M-$17M
2026-01-30,Iron Lung,OPEN,D,1236703378,SATURDAY AM,2026-01-31T20:00:00+00:00,,text2,6.0,, Lung went into the weekend with $6M
2026-01-30,Iron Lung,OPEN,D,1236703378,SATURDAY AM,2026-01-31T20:00:00+00:00,,text2,9.0,10.0, in presales and is expected to do around $9M-$10M
2026-01-30,Iron Lung,OPEN,V,1236645810,Box Office: Sam Raimi’s ‘Send Help’ Makes $2.2 Million in Previews,2026-01-30T16:04:43+00:00,2026-01-30T16:04:56+00:00,text,10.0,,ck for second place this weekend with a $10 million bow
2026-01-30,Iron Lung,OPEN,V,1236645810,Box Office: Sam Raimi’s ‘Send Help’ Makes $2.2 Million in Previews,2026-01-30T16:04:43+00:00,2026-01-30T16:04:56+00:00,text2,10.0,,r second place this weekend with a $10 m
2026-01-30,Iron Lung,OPEN,V,1236644154,Box Office: ‘Iron Lung’ Sinks the Competition With $8.9 Million; ‘Send,2026-01-31T16:41:26+00:00,2026-01-31T16:58:53+00:00,text2,17.0,,arkiplier. Domestic gross should climb to $17 m
2026-01-30,Iron Lung,OPEN,V,1236644154,Box Office: ‘Iron Lung’ Sinks the Competition With $8.9 Million; ‘Send,2026-01-31T16:41:26+00:00,2026-01-31T16:58:53+00:00,text2,17.0,,arkiplier. Domestic gross should climb to $17 m
2026-01-30,Iron Lung,OPEN,V,1236648382,Who Saw ‘Melania’ Doc? Older White Women Drove the Box Office,2026-02-01T20:56:49+00:00,2026-02-02T14:13:26+00:00,text2,17.5,,"Iron Lung"" (which debuted to $17.5 m"
2026-01-30,Melania,OPEN,D,1236703378,SUNDAY AM,2026-02-01T20:00:00+00:00,,chart,7.0,,3-day $7M
2026-01-30,Melania,OPEN,D,1236703378,SATURDAY AM,2026-01-31T20:00:00+00:00,,text2,0.01,,c's current highest grossing location with over $10K
2026-01-30,Melania,OPEN,D,1236703378,SATURDAY AM,2026-01-31T20:00:00+00:00,,chart,8.1,,3-day $8.1M
2026-01-30,Melania,OPEN,D,1236703378,SATURDAY AM,2026-01-31T20:00:00+00:00,,text2,2.85,,"Melania , which is eyeing $2.85M"
2026-01-30,Melania,OPEN,D,1236703378,SATURDAY AM,2026-01-31T20:00:00+00:00,,text2,6.0,,"rame, Disney's 10th weekend of Zootopia 2 is eyeing $6M"
2026-01-30,Melania,OPEN,V,1236645810,Box Office: Sam Raimi’s ‘Send Help’ Makes $2.2 Million in Previews,2026-01-30T16:04:43+00:00,2026-01-30T16:04:56+00:00,text,3.0,5.0, Trump documentary. It's hoping to make $3 million to $5 million this weekend
2026-01-30,Melania,OPEN,V,1236644154,Box Office: ‘Iron Lung’ Sinks the Competition With $8.9 Million; ‘Send,2026-01-31T16:41:26+00:00,2026-01-31T16:58:53+00:00,text2,2.9,,auguration. The doc grossed $2.9 m
2026-01-30,Melania,OPEN,V,1236645970,"Box Office: ‘Melania’ Doc Beats Expectations With $7 Million Debut, Sa",2026-02-01T16:05:12+00:00,2026-02-02T14:09:23+00:00,text2,75.0,,"for any other film, opening like this - against $75 m"
2026-01-30,Melania,OPEN,V,1236648382,Who Saw ‘Melania’ Doc? Older White Women Drove the Box Office,2026-02-01T20:56:49+00:00,2026-02-02T14:13:26+00:00,text2,7.04,,Amazon MGM film has grossed $7.04 m
2026-01-30,Send Help,OPEN,D,1236703378,MONDAY AM,2026-02-02T20:00:00+00:00,,text,19.1,,Send Help simmered to a $19.1M opening
2026-01-30,Send Help,OPEN,D,1236703378,MONDAY AM,2026-02-02T20:00:00+00:00,,text2,4.8,,immered to a $19.1M opening after a $4.8M
2026-01-30,Send Help,OPEN,D,1236703378,SUNDAY AM,2026-02-01T20:00:00+00:00,,text2,5.7,,ekend. Send Help is eyeing a $5.7M
2026-01-30,Send Help,OPEN,D,1236703378,SUNDAY AM,2026-02-01T20:00:00+00:00,,text2,5.7,,Send Help is eyeing a $5.7M
2026-01-30,Send Help,OPEN,D,1236703378,SUNDAY AM,2026-02-01T20:00:00+00:00,,chart,20.0,,3-day $20M
2026-01-30,Send Help,OPEN,D,1236703378,SATURDAY AM,2026-01-31T20:00:00+00:00,,chart,17.5,18.5,3-day $17.5M-$18.5M
2026-01-30,Send Help,OPEN,D,1236703378,SATURDAY AM,2026-01-31T20:00:00+00:00,,text,14.1,,"hyamalan's A Knock at the Cabin ($1.5M, $14.1M opening"
2026-01-30,Send Help,OPEN,D,1236703378,SATURDAY AM,2026-01-31T20:00:00+00:00,,text2,2.0,,"5M previews, $24.5M opening) and last year's The Amateur ($2M"
2026-01-30,Send Help,OPEN,D,1236704950,MONDAY UPDATE,2026-02-03T07:59:00+00:00,,text2,2.0,,. China was a No. 4 debut with $2M
2026-01-30,Send Help,OPEN,D,1236704950,MONDAY UPDATE,2026-02-03T07:59:00+00:00,,text2,2.0,,. China was a No. 4 debut with $2M
2026-01-30,Send Help,OPEN,V,1236645810,Box Office: Sam Raimi’s ‘Send Help’ Makes $2.2 Million in Previews,2026-01-30T16:04:43+00:00,2026-01-30T16:04:56+00:00,text,17.0,, aiming to open between $14 million and $17 million this weekend
2026-01-30,Send Help,OPEN,V,1236645970,"Box Office: ‘Melania’ Doc Beats Expectations With $7 Million Debut, Sa",2026-02-01T16:05:12+00:00,2026-02-02T14:09:23+00:00,text2,40.0,,ion. That's a solid start for the $40 m
2026-01-30,Send Help,OPEN,V,1236648382,Who Saw ‘Melania’ Doc? Older White Women Drove the Box Office,2026-02-01T20:56:49+00:00,2026-02-02T14:13:26+00:00,text2,20.0,,"Send Help"" (which debuted to $20 m"
2026-01-30,Shelter,OPEN,D,1236703378,SUNDAY AM,2026-02-01T20:00:00+00:00,,chart,5.5,,3-day $5.5M
2026-01-30,Shelter,OPEN,D,1236703378,SATURDAY AM,2026-01-31T20:00:00+00:00,,text,3.1,,peration Fortune: Ruse de Guerre with a $3.1M opening
2026-01-30,Shelter,OPEN,D,1236703378,SATURDAY AM,2026-01-31T20:00:00+00:00,,text2,6.5,,Guerre with a $3.1M opening which turned into a $6.5M
2026-01-30,Shelter,OPEN,D,1236703378,SATURDAY AM,2026-01-31T20:00:00+00:00,,chart,5.0,,3-day $5M
2026-01-30,Shelter,OPEN,D,1236703378,SATURDAY AM,2026-01-31T20:00:00+00:00,,text,4.0,,s falling outside the top 5 with around $4M for the weekend
2026-01-30,Shelter,OPEN,D,1236703378,SATURDAY AM,2026-01-31T20:00:00+00:00,,text2,1.5,, around $4M for the weekend after an estimated $1.5M
2026-01-30,Shelter,OPEN,D,1236704950,MONDAY UPDATE,2026-02-03T07:59:00+00:00,,text2,13.0,,merica for a global opening of $13M
2026-01-30,Shelter,OPEN,D,1236704950,MONDAY UPDATE,2026-02-03T07:59:00+00:00,,text2,13.0,,merica for a global opening of $13M
2026-01-30,Shelter,OPEN,V,1236643287,"Box Office: Sam Raimi’s ‘Send Help’ Targets $15 Million Debut, ‘Melani",2026-01-28T17:57:54+00:00,2026-01-28T20:01:19+00:00,text,5.0,7.0,"Shelter"" is projecting a $5 million to $7 million bow"
2026-01-30,Shelter,OPEN,V,1236643287,"Box Office: Sam Raimi’s ‘Send Help’ Targets $15 Million Debut, ‘Melani",2026-01-28T17:57:54+00:00,2026-01-28T20:01:19+00:00,text2,5.0,,"Shelter"" is projecting a $5 m"
2026-01-30,Shelter,OPEN,V,1236643287,"Box Office: Sam Raimi’s ‘Send Help’ Targets $15 Million Debut, ‘Melani",2026-01-28T17:57:54+00:00,2026-01-28T20:01:19+00:00,text2,50.0,, is tracking a soft start against its $50 m
2026-01-30,Shelter,OPEN,V,1236645810,Box Office: Sam Raimi’s ‘Send Help’ Makes $2.2 Million in Previews,2026-01-30T16:04:43+00:00,2026-01-30T16:04:56+00:00,text,5.0,7.0,"Shelter"" is targeting a $5 million to $7 million launch"
2026-01-30,Shelter,OPEN,V,1236645970,"Box Office: ‘Melania’ Doc Beats Expectations With $7 Million Debut, Sa",2026-02-01T16:05:12+00:00,2026-02-02T14:09:23+00:00,text2,50.0,,se. That's a dismal start against its $50 m
2026-02-06,Solo Mio,OPEN,D,1236711737,FRIDAY PM,2026-02-07T07:59:00+00:00,,text2,3.1,,"Mio , which is also eyeing $3.1M"
2026-02-06,The Strangers - Chapter 3,OPEN,D,1236711737,FRIDAY PM,2026-02-07T07:59:00+00:00,,text2,1.7,,"apter 3 at 2,565 is looking at $1.7M"
2026-02-06,The Strangers - Chapter 3,OPEN,D,1236711737,FRIDAY PM,2026-02-07T07:59:00+00:00,,text2,3.5,,MGM Studios' second weekend of Melania ? She's seeing $3.5M
2026-02-06,The Strangers - Chapter 3,OPEN,D,1236711737,FRIDAY PM,2026-02-07T07:59:00+00:00,,text2,3.5,,MGM Studios' second weekend of Melania ? She's seeing $3.5M
2026-02-20,Crime 101,NTH,D,1236730748,"UPDATED, FRIDAY PM",2026-02-21T07:59:00+00:00,,text,1.7,,Crime 101 could see $1.7M in its second
2026-02-20,Crime 101,NTH,D,1236730748,"UPDATED, FRIDAY PM",2026-02-21T07:59:00+00:00,,text2,25.0,,or a $5M-$6M second weekend and potentially near $25M
2026-02-20,Crime 101,NTH,V,1236669138,Box Office: ‘Wuthering Heights’ Leads Again With $4.6 Million; ‘How to,2026-02-21T16:57:40+00:00,2026-02-21T23:43:04+00:00,text2,5.46,,day last Friday. It should add $5.46 m
2026-02-20,GOAT,NTH,D,1236730748,"UPDATED, FRIDAY PM",2026-02-21T07:59:00+00:00,,text2,55.2,, Animation movie is looking at $55.2M
2026-02-20,GOAT,NTH,D,1236730029,SUNDAY PM,2026-02-23T07:59:00+00:00,,text,17.0,,t of No. 1 in its second weekend with a $17M second
2026-02-20,GOAT,NTH,D,1236730029,SUNDAY PM,2026-02-23T07:59:00+00:00,,text2,17.0,,No. 1 in its second weekend with a $17M
2026-02-20,GOAT,NTH,D,1236730029,SUNDAY PM,2026-02-23T07:59:00+00:00,,text2,34.0,,frame. Pic's global weekend was $34M
2026-02-20,GOAT,NTH,D,1236730029,SUNDAY PM,2026-02-23T07:59:00+00:00,,text,17.0,,t of No. 1 in its second weekend with a $17M second
2026-02-20,GOAT,NTH,D,1236730029,SUNDAY PM,2026-02-23T07:59:00+00:00,,text2,17.0,,No. 1 in its second weekend with a $17M
2026-02-20,GOAT,NTH,D,1236730029,SUNDAY PM,2026-02-23T07:59:00+00:00,,text2,34.0,,frame. Pic's global weekend was $34M
2026-02-20,GOAT,NTH,V,1236666810,Will ‘GOAT’ or ‘I Can Only Imagine 2’ Topple ‘Wuthering Heights’ at We,2026-02-19T15:02:58+00:00,2026-02-19T15:03:17+00:00,text,13.0,15.0,"GOAT"" is also poised to add $13 million to $15 million in its second"
2026-02-20,GOAT,NTH,V,1236666810,Will ‘GOAT’ or ‘I Can Only Imagine 2’ Topple ‘Wuthering Heights’ at We,2026-02-19T15:02:58+00:00,2026-02-19T15:03:17+00:00,text,27.2,,he feel-good sports story kicked off to $27.2 million over the weekend
2026-02-20,GOAT,NTH,V,1236666810,Will ‘GOAT’ or ‘I Can Only Imagine 2’ Topple ‘Wuthering Heights’ at We,2026-02-19T15:02:58+00:00,2026-02-19T15:03:17+00:00,text2,35.0,,.2 million over the weekend and $35 m
2026-02-20,How to Make a Killing,OPEN,V,1236666810,Will ‘GOAT’ or ‘I Can Only Imagine 2’ Topple ‘Wuthering Heights’ at We,2026-02-19T15:02:58+00:00,2026-02-19T15:03:17+00:00,text2,2.0,, are each targeting debuts in the $2 m
2026-02-20,How to Make a Killing,OPEN,V,1236669138,Box Office: ‘Wuthering Heights’ Leads Again With $4.6 Million; ‘How to,2026-02-21T16:57:40+00:00,2026-02-21T23:43:04+00:00,text2,1.6,,"ded at No. 4 on its opening day, grossing $1.6 m"
2026-02-20,How to Make a Killing,OPEN,V,1236669470,Box Office: ‘GOAT’ Unseats ‘Wuthering Heights’ After Close Race for No,2026-02-22T16:04:48+00:00,2026-02-22T18:04:36+00:00,text,1.7,,"nd ""Avatar: Fire and Ash,"" which earned $1.7 million in its 10th weekend"
2026-02-20,I Can Only Imagine 2,OPEN,D,1236730748,"UPDATED, FRIDAY PM",2026-02-21T07:59:00+00:00,,text,8.0,10.0," at 3,105 locations. The range is still $8M-$10M in third"
2026-02-20,I Can Only Imagine 2,OPEN,D,1236730748,"PREVIOUSLY, FRIDAY AM",2026-02-20T20:00:00+00:00,,text2,1.8,,2 is off to a solid start for a faith-based movie with $1.8 m
2026-02-20,I Can Only Imagine 2,OPEN,D,1236730748,"PREVIOUSLY, FRIDAY AM",2026-02-20T20:00:00+00:00,,text,17.1,, in the single digits then wowed with a $17.1M opening
2026-02-20,I Can Only Imagine 2,OPEN,V,1236666810,Will ‘GOAT’ or ‘I Can Only Imagine 2’ Topple ‘Wuthering Heights’ at We,2026-02-19T15:02:58+00:00,2026-02-19T15:03:17+00:00,text,10.0,12.0,"I Can Only Imagine 2"" is targeting $10 million to $12 million in its debut"
2026-02-20,I Can Only Imagine 2,OPEN,V,1236669138,Box Office: ‘Wuthering Heights’ Leads Again With $4.6 Million; ‘How to,2026-02-21T16:57:40+00:00,2026-02-21T23:43:04+00:00,text2,8.0,,llion on Friday and should round up $8 m
2026-02-20,Wuthering Heights,NTH,D,1236730748,"UPDATED, FRIDAY PM",2026-02-21T07:59:00+00:00,,text2,12.0,,uppose to be a slow weekend with $12 m
2026-02-20,Wuthering Heights,NTH,D,1236730029,SUNDAY PM,2026-02-23T07:59:00+00:00,,text,40.5,,"Wuthering Heights did $40.5M WW , it ranked fourth"
2026-02-20,Wuthering Heights,NTH,D,1236730029,SUNDAY PM,2026-02-23T07:59:00+00:00,,text2,152.1,,Pegasus 3 (Comscore weekend $152.1M
2026-02-20,Wuthering Heights,NTH,D,1236730029,SUNDAY PM,2026-02-23T07:59:00+00:00,,text,40.5,,os/Everett Collection Wuthering Heights $40.5M second
2026-02-20,Wuthering Heights,NTH,D,1236730029,SUNDAY PM,2026-02-23T07:59:00+00:00,,text2,5.5,, stateside. The top grossing second weekends included UK ($5.5M
2026-02-20,Wuthering Heights,NTH,D,1236730029,SUNDAY PM,2026-02-23T07:59:00+00:00,,text,40.5,,Wuthering Heights $40.5M second
2026-02-20,Wuthering Heights,NTH,D,1236730029,SUNDAY PM,2026-02-23T07:59:00+00:00,,text2,5.5,, stateside. The top grossing second weekends included UK ($5.5M
2026-02-20,Wuthering Heights,NTH,V,1236666810,Will ‘GOAT’ or ‘I Can Only Imagine 2’ Topple ‘Wuthering Heights’ at We,2026-02-19T15:02:58+00:00,2026-02-19T15:03:17+00:00,text2,32.8,,55% to 60% from its three-day domestic debut of $32.8 m
2026-02-20,Wuthering Heights,NTH,V,1236666810,Will ‘GOAT’ or ‘I Can Only Imagine 2’ Topple ‘Wuthering Heights’ at We,2026-02-19T15:02:58+00:00,2026-02-19T15:03:17+00:00,text2,80.0,,k around beyond its opening to justify its $80 m
2026-02-27,GOAT,NTH,D,1236738417,SUNDAY AM,2026-03-01T20:00:00+00:00,,chart,12.0,,3-day $12M
2026-02-27,GOAT,NTH,D,1236738417,SATURDAY AM,2026-02-28T20:00:00+00:00,,chart,11.75,,3-day $11.75M
2026-02-27,Scream 7,OPEN,D,1236738417,SUNDAY AM,2026-03-01T20:00:00+00:00,,text,97.2,,year with a $64.1M domestic opening and $97.2M opening
2026-02-27,Scream 7,OPEN,D,1236738417,SUNDAY AM,2026-03-01T20:00:00+00:00,,text,52.5,,"mount, besting Paranormal Activity 3 's $52.5M and it's the best opening"
2026-02-27,Scream 7,OPEN,D,1236738417,SUNDAY AM,2026-03-01T20:00:00+00:00,,text2,64.1,,to a franchise best opening of the year with a $64.1M
2026-02-27,Scream 7,OPEN,D,1236738417,SUNDAY AM,2026-03-01T20:00:00+00:00,,text2,97.2,,h a $64.1M domestic opening and $97.2M
2026-02-27,Scream 7,OPEN,D,1236738417,SUNDAY AM,2026-03-01T20:00:00+00:00,,text2,22.0,,"oken down, Scream 7 grossed $22M"
2026-02-27,Scream 7,OPEN,D,1236738417,SUNDAY AM,2026-03-01T20:00:00+00:00,,text2,22.0,,Scream 7 grossed $22M
2026-02-27,Scream 7,OPEN,D,1236738417,SUNDAY AM,2026-03-01T20:00:00+00:00,,chart,64.1,,3-day $64.1M
2026-02-27,Scream 7,OPEN,D,1236738417,SUNDAY AM,2026-03-01T20:00:00+00:00,,chart,64.1,,3-day $64.1M
2026-02-27,Scream 7,OPEN,D,1236738417,SUNDAY AM,2026-03-01T20:00:00+00:00,,chart,64.1,,3-day $64.1M
2026-02-27,Scream 7,OPEN,D,1236738417,SATURDAY AM,2026-02-28T20:00:00+00:00,,text,60.0,,Scream 7 is still shouting toward a $60M weekend
2026-02-27,Scream 7,OPEN,D,1236738417,SATURDAY AM,2026-02-28T20:00:00+00:00,,text,60.0,,at $28.8M . Rivals are predicting a mid-$60M opening
2026-02-27,Scream 7,OPEN,D,1236738417,SATURDAY AM,2026-02-28T20:00:00+00:00,,text2,110.3,,7 is propelling the weekend to an estimated $110.3M
2026-02-27,Scream 7,OPEN,D,1236738417,SATURDAY AM,2026-02-28T20:00:00+00:00,,text2,18.6,,franchise; that pic opening to $18.6M
2026-02-27,Scream 7,OPEN,D,1236738417,SATURDAY AM,2026-02-28T20:00:00+00:00,,chart,60.0,,3-day $60M
2026-02-27,Scream 7,OPEN,D,1236738417,UPDATED FRIDAY MIDDAY,2026-02-28T01:00:00+00:00,,text2,59.0,,Scream 7 is heading to a franchise opening record of $59M
2026-02-27,Scream 7,OPEN,D,1236738417,UPDATED FRIDAY MIDDAY,2026-02-28T01:00:00+00:00,,text2,30.0,,hich was 44% of its three-day total ($30M
2026-02-27,Scream 7,OPEN,D,1236738417,UPDATED FRIDAY MIDDAY,2026-02-28T01:00:00+00:00,,text,44.4,,"first Friday, repping 43% of that pic's $44.4M opening"
2026-02-27,Scream 7,OPEN,D,1236738417,UPDATED FRIDAY MIDDAY,2026-02-28T01:00:00+00:00,,text,44.4,, ahead of a three-day domestic opening ($44.4M) and global debut
2026-02-27,Scream 7,OPEN,D,1236738417,UPDATED FRIDAY MIDDAY,2026-02-28T01:00:00+00:00,,text2,44.4,,"($5.7M), ahead of a three-day domestic opening ($44.4M"
2026-02-27,Scream 7,OPEN,D,1236738417,UPDATED FRIDAY MIDDAY,2026-02-28T01:00:00+00:00,,text2,66.4,,($44.4M) and global debut ($66.4M
2026-02-27,Scream 7,OPEN,V,1236671347,"The Fall and Rise of ‘Scream 7’: A Fired Star, a $500K Script Rewrite ",2026-02-25T15:30:00+00:00,2026-02-25T15:34:23+00:00,text2,45.0,,acking a scary-good debut of $45 m
2026-02-27,Wuthering Heights,NTH,D,1236738417,SUNDAY AM,2026-03-01T20:00:00+00:00,,chart,6.95,,3-day $6.95M
2026-02-27,Wuthering Heights,NTH,D,1236738417,SATURDAY AM,2026-02-28T20:00:00+00:00,,chart,7.0,,3-day $7M
2026-03-06,Hoppers,OPEN,D,1236745894,SUNDAY AM WRITETHRU,2026-03-08T19:00:00+00:00,,chart,46.0,,3-day $46M
2026-03-06,Hoppers,OPEN,D,1236745894,FRIDAY PM,2026-03-07T07:59:00+00:00,,text,40.0,,Hoppers springing to a wonderful $40M weekend
2026-03-06,Hoppers,OPEN,D,1236745894,FRIDAY PM,2026-03-07T07:59:00+00:00,,text,39.1,,"Friday/previews of 2020's Onward ($12M, $39.1M opening"
2026-03-06,Hoppers,OPEN,D,1236745894,FRIDAY PM,2026-03-07T07:59:00+00:00,,text,29.6,,".1M opening), 2023's Elemental ($11.7M, $29.6M opening"
2026-03-06,Hoppers,OPEN,D,1236745894,FRIDAY PM,2026-03-07T07:59:00+00:00,,text2,11.7,,"nward ($12M, $39.1M opening), 2023's Elemental ($11.7M"
2026-03-06,Hoppers,OPEN,D,1236745894,FRIDAY PM,2026-03-07T07:59:00+00:00,,text2,8.96,,"tal ($11.7M, $29.6M opening) and last summer's Elio ($8.96M"
2026-03-06,Hoppers,OPEN,D,1236745894,FRIDAY PM,2026-03-07T07:59:00+00:00,,text,39.1,,"Friday/previews of 2020's Onward ($12M, $39.1M opening"
2026-03-06,Hoppers,OPEN,D,1236745894,FRIDAY PM,2026-03-07T07:59:00+00:00,,text,29.6,,".1M opening), 2023's Elemental ($11.7M, $29.6M opening"
2026-03-06,Hoppers,OPEN,D,1236745894,FRIDAY PM,2026-03-07T07:59:00+00:00,,text,20.8,,"pening) and last summer's Elio ($8.96M, $20.8M opening"
2026-03-06,Hoppers,OPEN,D,1236745894,FRIDAY PM,2026-03-07T07:59:00+00:00,,text2,11.7,,"nward ($12M, $39.1M opening), 2023's Elemental ($11.7M"
2026-03-06,Hoppers,OPEN,D,1236745894,FRIDAY PM,2026-03-07T07:59:00+00:00,,text2,8.96,,"tal ($11.7M, $29.6M opening) and last summer's Elio ($8.96M"
2026-03-06,Hoppers,OPEN,D,1236745894,FRIDAY PM,2026-03-07T07:59:00+00:00,,text,19.0,, feature Mickey 17 which fizzled with a $19M opening
2026-03-06,Hoppers,OPEN,D,1236745894,FRIDAY AM,2026-03-06T20:00:00+00:00,,text,50.8,,for a Pixar original since 2017's Coco ($50.8M 3-day
2026-03-06,Hoppers,OPEN,D,1236745894,FRIDAY AM,2026-03-06T20:00:00+00:00,,text2,50.8,,e the best domestic start for a Pixar original since 2017's Coco ($50.8M
2026-03-06,Hoppers,OPEN,D,1236745894,FRIDAY AM,2026-03-06T20:00:00+00:00,,text2,72.9,,"2017's Coco ($50.8M 3-day, 5-day of $72.9M"
2026-03-06,Hoppers,OPEN,D,1236745894,FRIDAY AM,2026-03-06T20:00:00+00:00,,text2,20.8,,lio hitting a brand-opening low of $20.8M
2026-03-06,Hoppers,OPEN,D,1236745894,FRIDAY AM,2026-03-06T20:00:00+00:00,,text,39.1,,"s figure is above 2020's Onward ($2.7M, $39.1M opening"
2026-03-06,Hoppers,OPEN,D,1236745894,FRIDAY AM,2026-03-06T20:00:00+00:00,,text,29.6,,"ning weekend), 2023's Elemental ($2.5M, $29.6M opening"
2026-03-06,Hoppers,OPEN,D,1236745894,FRIDAY AM,2026-03-06T20:00:00+00:00,,text2,2.5,,"ward ($2.7M, $39.1M opening weekend), 2023's Elemental ($2.5M"
2026-03-06,Hoppers,OPEN,D,1236745894,FRIDAY AM,2026-03-06T20:00:00+00:00,,text,39.1,,"s figure is above 2020's Onward ($2.7M, $39.1M opening"
2026-03-06,Hoppers,OPEN,D,1236745894,FRIDAY AM,2026-03-06T20:00:00+00:00,,text,29.6,,"ning weekend), 2023's Elemental ($2.5M, $29.6M opening"
2026-03-06,Hoppers,OPEN,D,1236745894,FRIDAY AM,2026-03-06T20:00:00+00:00,,text2,2.5,,"ward ($2.7M, $39.1M opening weekend), 2023's Elemental ($2.5M"
2026-03-06,Hoppers,OPEN,D,1236745894,FRIDAY AM,2026-03-06T20:00:00+00:00,,text2,1.5,,"ntal ($2.5M, $29.6M opening), this year's GOAT ($1.5M"
2026-03-06,Hoppers,OPEN,D,1236745894,FRIDAY AM,2026-03-06T20:00:00+00:00,,text2,2.0,,"GOAT ($1.5M, $27.2M 3-day), 2024's The Wild Robot ($2M"
2026-03-06,Hoppers,OPEN,V,1236678375,"Box Office: Pixar’s ‘Hoppers’ Aims for $40 Million Debut, ‘The Bride’ ",2026-03-04T19:08:41+00:00,2026-03-04T19:25:25+00:00,text,10.0,15.0," Gyllenhaal. ""The Bride"" is targeting a $10 million to $15 million debut"
2026-03-06,Hoppers,OPEN,V,1236678375,"Box Office: Pixar’s ‘Hoppers’ Aims for $40 Million Debut, ‘The Bride’ ",2026-03-04T19:08:41+00:00,2026-03-04T19:25:25+00:00,text2,90.0,,"lion to $15 million debut, which would be a lifeless start given its $90 m"
2026-03-06,Hoppers,OPEN,V,1236678375,"Box Office: Pixar’s ‘Hoppers’ Aims for $40 Million Debut, ‘The Bride’ ",2026-03-04T19:08:41+00:00,2026-03-04T19:25:25+00:00,text2,39.0,,"ure ""Onward,"" which debuted to $39 m"
2026-03-06,Scream 7,NTH,D,1236745894,SUNDAY AM WRITETHRU,2026-03-08T19:00:00+00:00,,chart,17.3,,3-day $17.3M
2026-03-06,The Bride!,OPEN,D,1236745894,SUNDAY AM WRITETHRU,2026-03-08T19:00:00+00:00,,text2,23.7,,t running stateside gross of $23.7M
2026-03-06,The Bride!,OPEN,D,1236745894,SUNDAY AM WRITETHRU,2026-03-08T19:00:00+00:00,,chart,7.3,,3-day $7.3M
2026-03-06,The Bride!,OPEN,D,1236745894,FRIDAY PM,2026-03-07T07:59:00+00:00,,text2,80.0,," potential $8M-$10M opening at 3,304 sites in third for the reported $80M"
2026-03-06,The Bride!,OPEN,D,1236745894,FRIDAY PM,2026-03-07T07:59:00+00:00,,text2,80.0,," potential $8M-$10M opening at 3,304 sites in third for the reported $80M"
2026-03-06,The Bride!,OPEN,V,1236681832,"Box Office: ‘The Bride!’ Bombs With $7 Million Opening Weekend, Pixar’",2026-03-08T15:07:42+00:00,2026-03-08T21:28:15+00:00,text2,7.3,,d in its box office debut with $7.3 m
2026-03-06,The Bride!,OPEN,V,1236681873,5 Reasons ‘The Bride!’ Was Dead on Arrival at the Box Office,2026-03-08T19:56:20+00:00,2026-03-09T13:35:36+00:00,text,13.6,,fice with $7.3 million domestically and $13.6 million globally in its first weekend
2026-03-13,Hoppers,NTH,D,1236752613,SUNDAY AM,2026-03-15T19:00:00+00:00,,text,28.5,,Hoppers is at $28.5M for weekend
2026-03-13,Hoppers,NTH,D,1236752613,SUNDAY AM,2026-03-15T19:00:00+00:00,,chart,28.5,,3-day $28.5M
2026-03-13,Hoppers,NTH,D,1236752613,SUNDAY AM,2026-03-15T19:00:00+00:00,,chart,28.5,,3-day $28.5M
2026-03-13,Hoppers,NTH,D,1236752613,FRIDAY PM,2026-03-14T06:59:00+00:00,,text2,88.3,,ers ' domestic cume should stand at $88.3M
2026-03-13,Hoppers,NTH,D,1236752613,FRIDAY PM,2026-03-14T06:59:00+00:00,,text2,88.3,,ers ' domestic cume should stand at $88.3M
2026-03-13,Hoppers,NTH,D,1236752613,FRIDAY AM,2026-03-13T19:00:00+00:00,,text,27.0,,pers will rule this weekend with around $27M in its second
2026-03-13,Hoppers,NTH,D,1236752613,FRIDAY AM,2026-03-13T19:00:00+00:00,,text2,27.0,,pers will rule this weekend with around $27M
2026-03-13,Hoppers,NTH,D,1236752613,FRIDAY AM,2026-03-13T19:00:00+00:00,,text,27.0,,pers will rule this weekend with around $27M in its second
2026-03-13,Hoppers,NTH,D,1236752613,FRIDAY AM,2026-03-13T19:00:00+00:00,,text2,27.0,,pers will rule this weekend with around $27M
2026-03-13,Hoppers,NTH,V,1236687949,Box Office: ‘Reminders of Him’ Leads on Friday With $8 Million; ‘Hoppe,2026-03-14T15:50:34+00:00,2026-03-14T18:51:14+00:00,text,86.0,,rth American total is expected to reach $86 million by the end of the weekend
2026-03-13,Hoppers,NTH,V,1236687949,Box Office: ‘Reminders of Him’ Leads on Friday With $8 Million; ‘Hoppe,2026-03-14T15:50:34+00:00,2026-03-14T18:51:14+00:00,text2,86.0,,h American total is expected to reach $86 m
2026-03-13,Hoppers,NTH,V,1236688430,Box Office: Colleen Hoover’s ‘Reminders of Him’ Impresses With $18 Mil,2026-03-15T15:05:55+00:00,2026-03-15T16:49:41+00:00,text,28.5,,"rs,"" which remained in first place with $28.5 million in its second"
2026-03-13,Hoppers,NTH,V,1236688430,Box Office: Colleen Hoover’s ‘Reminders of Him’ Impresses With $18 Mil,2026-03-15T15:05:55+00:00,2026-03-15T16:49:41+00:00,text,7.0,, sales collapsed by 70% from its tragic $7 million debut
2026-03-13,Reminders of Him,OPEN,D,1236752613,SUNDAY AM,2026-03-15T19:00:00+00:00,,chart,18.2,,3-day $18.2M
2026-03-13,Reminders of Him,OPEN,D,1236752613,SATURDAY AM,2026-03-14T19:00:00+00:00,,text,20.0,,"im overperforming with $19M, maybe even $20M, for the weekend"
2026-03-13,Reminders of Him,OPEN,D,1236752613,FRIDAY PM,2026-03-14T06:59:00+00:00,,text,18.0,,"of mind for women, overindexing with an $18M opening"
2026-03-13,Reminders of Him,OPEN,D,1236752613,FRIDAY PM,2026-03-14T06:59:00+00:00,,text,50.0,,"ross of $48.8M, which pales next to the $50M stateside opening"
2026-03-13,Reminders of Him,OPEN,D,1236752613,FRIDAY PM,2026-03-14T06:59:00+00:00,,text2,48.8,, the final domestic gross of $48.8M
2026-03-13,Reminders of Him,OPEN,D,1236752613,FRIDAY PM,2026-03-14T06:59:00+00:00,,text2,1.3,,"fifth, is the fifth weekend of Sony Pictures Animation's Goat with $1.3M"
2026-03-13,Reminders of Him,OPEN,D,1236752613,FRIDAY PM,2026-03-14T06:59:00+00:00,,text2,90.8,,"$5M , -23%, for the 3-day at 2,946 sites, and a running cume of $90.8M"
2026-03-13,Reminders of Him,OPEN,D,1236752613,FRIDAY AM,2026-03-13T19:00:00+00:00,,text,11.3,,"ead of A24 rom-com Materialists ($1.5M, $11.3M opening"
2026-03-13,Reminders of Him,OPEN,D,1236752613,FRIDAY AM,2026-03-13T19:00:00+00:00,,text2,1.5,,"1M previews, $13.6M opening), ahead of A24 rom-com Materialists ($1.5M"
2026-03-13,Reminders of Him,OPEN,D,1236752613,FRIDAY AM,2026-03-13T19:00:00+00:00,,text2,2.2,,"ists ($1.5M, $11.3M opening), and just below The Housemaid ($2.2M"
2026-03-13,Reminders of Him,OPEN,V,1236687949,Box Office: ‘Reminders of Him’ Leads on Friday With $8 Million; ‘Hoppe,2026-03-14T15:50:34+00:00,2026-03-14T18:51:14+00:00,text2,8.0,,"lleen Hoover novel, grossed $8 m"
2026-03-13,Reminders of Him,OPEN,V,1236687949,Box Office: ‘Reminders of Him’ Leads on Friday With $8 Million; ‘Hoppe,2026-03-14T15:50:34+00:00,2026-03-14T18:51:14+00:00,text2,19.0,,e domestic total is expected to hit $19 m
2026-03-13,Reminders of Him,OPEN,V,1236687949,Box Office: ‘Reminders of Him’ Leads on Friday With $8 Million; ‘Hoppe,2026-03-14T15:50:34+00:00,2026-03-14T18:51:14+00:00,text2,8.0,,"lleen Hoover novel, grossed $8 m"
2026-03-13,Reminders of Him,OPEN,V,1236687949,Box Office: ‘Reminders of Him’ Leads on Friday With $8 Million; ‘Hoppe,2026-03-14T15:50:34+00:00,2026-03-14T18:51:14+00:00,text2,19.0,,e domestic total is expected to hit $19 m
2026-03-13,Scream 7,NTH,D,1236752613,SUNDAY AM,2026-03-15T19:00:00+00:00,,chart,8.35,,3-day $8.35M
2026-03-13,Scream 7,NTH,V,1236687949,Box Office: ‘Reminders of Him’ Leads on Friday With $8 Million; ‘Hoppe,2026-03-14T15:50:34+00:00,2026-03-14T18:51:14+00:00,text2,8.4,,egacy horror sequel should pull in $8.4 m
2026-03-13,Scream 7,NTH,V,1236687949,Box Office: ‘Reminders of Him’ Leads on Friday With $8 Million; ‘Hoppe,2026-03-14T15:50:34+00:00,2026-03-14T18:51:14+00:00,text2,4.7,, The family film is expected to earn $4.7 m
2026-03-13,Scream 7,NTH,V,1236687949,Box Office: ‘Reminders of Him’ Leads on Friday With $8 Million; ‘Hoppe,2026-03-14T15:50:34+00:00,2026-03-14T18:51:14+00:00,text2,8.4,,egacy horror sequel should pull in $8.4 m
2026-03-13,Scream 7,NTH,V,1236687949,Box Office: ‘Reminders of Him’ Leads on Friday With $8 Million; ‘Hoppe,2026-03-14T15:50:34+00:00,2026-03-14T18:51:14+00:00,text2,4.7,, The family film is expected to earn $4.7 m
2026-03-13,Undertone,OPEN,D,1236752613,SUNDAY AM,2026-03-15T19:00:00+00:00,,chart,9.3,,3-day $9.3M
2026-03-13,Undertone,OPEN,D,1236752613,SATURDAY AM,2026-03-14T19:00:00+00:00,,text,10.0,,3M yesterday and it's still gunning for $10M in third
2026-03-13,Undertone,OPEN,D,1236752613,SATURDAY AM,2026-03-14T19:00:00+00:00,,text2,10.0,,10M in third place. Should undertone come in under $10M
2026-03-13,Undertone,OPEN,D,1236752613,SATURDAY AM,2026-03-14T19:00:00+00:00,,text2,0.036,, is the title's top grossing market with close to $36K
2026-03-13,Undertone,OPEN,D,1236752613,FRIDAY AM,2026-03-13T19:00:00+00:00,,text2,7.1,,"ck ($850,000) which debuted to $7.1M"
2026-03-13,Undertone,OPEN,V,1236687949,Box Office: ‘Reminders of Him’ Leads on Friday With $8 Million; ‘Hoppe,2026-03-14T15:50:34+00:00,2026-03-14T18:51:14+00:00,text2,10.0,,s. The indie horror should earn $10 m
2026-03-13,Undertone,OPEN,V,1236688430,Box Office: Colleen Hoover’s ‘Reminders of Him’ Impresses With $18 Mil,2026-03-15T15:05:55+00:00,2026-03-15T16:49:41+00:00,text,9.3,,"e,"" which scored a better-than-expected $9.3 million from 2,570 in its opening"
2026-03-20,Hoppers,NTH,V,1236696247,Box Office: Ryan Gosling’s ‘Project Hail Mary’ Scores Biggest Debut of,2026-03-22T14:43:11+00:00,2026-03-22T15:49:44+00:00,text,242.0,,ales to $120.4 million domestically and $242 million globally after three weekend
2026-03-20,Project Hail Mary,OPEN,V,1236696247,Box Office: Ryan Gosling’s ‘Project Hail Mary’ Scores Biggest Debut of,2026-03-22T14:43:11+00:00,2026-03-22T15:49:44+00:00,text,80.5,,"ed up to its name, collecting a stellar $80.5 million in its box office launch"
2026-03-20,Project Hail Mary,OPEN,V,1236696247,Box Office: Ryan Gosling’s ‘Project Hail Mary’ Scores Biggest Debut of,2026-03-22T14:43:11+00:00,2026-03-22T15:49:44+00:00,text2,140.9,,arkets for a global start of $140.9 m
2026-03-20,Project Hail Mary,OPEN,V,1236696247,Box Office: Ryan Gosling’s ‘Project Hail Mary’ Scores Biggest Debut of,2026-03-22T14:43:11+00:00,2026-03-22T15:49:44+00:00,text2,140.9,,arkets for a global start of $140.9 m
2026-03-20,Ready or Not 2: Here I Come,OPEN,V,1236696247,Box Office: Ryan Gosling’s ‘Project Hail Mary’ Scores Biggest Debut of,2026-03-22T14:43:11+00:00,2026-03-22T15:49:44+00:00,text2,8.0,,"eady or Not,"" which debuted to $8 m"
2026-03-27,Hoppers,NTH,D,1236767718,"UPDATED, SUNDAY AM",2026-03-29T19:00:00+00:00,,chart,12.2,,3-day $12.2M
2026-03-27,Hoppers,NTH,D,1236767718,"UPDATED, SUNDAY AM",2026-03-29T19:00:00+00:00,,text,100.0,, Sony Animation's GOAT which is passing $100M in its seventh frame
2026-03-27,Hoppers,NTH,D,1236767718,"UPDATED, SUNDAY AM",2026-03-29T19:00:00+00:00,,text2,11.3,,an estimated fourth weekend of $11.3M
2026-03-27,Hoppers,NTH,D,1236767718,"UPDATED, SUNDAY AM",2026-03-29T19:00:00+00:00,,chart,11.3,,3-day $11.3M
2026-03-27,Hoppers,NTH,D,1236767718,"UPDATED, SUNDAY AM",2026-03-29T19:00:00+00:00,,text,2.6,,"oppers at 3,650 screens; it is seeing a $2.6M fourth"
2026-03-27,Hoppers,NTH,D,1236767718,"UPDATED, SUNDAY AM",2026-03-29T19:00:00+00:00,,text2,136.3,,"h Friday for a $10M weekend, -44%, and a running cume of $136.3M"
2026-03-27,Hoppers,NTH,D,1236767718,"UPDATED, SUNDAY AM",2026-03-29T19:00:00+00:00,,text2,5.0,, $1.4M and a second weekend around $5M
2026-03-27,Project Hail Mary,NTH,D,1236767718,"UPDATED, SUNDAY AM",2026-03-29T19:00:00+00:00,,chart,54.5,,3-day of $54.5M
2026-03-27,Project Hail Mary,NTH,D,1236767718,"UPDATED, SUNDAY AM",2026-03-29T19:00:00+00:00,,chart,54.5,,3-day $54.5M
2026-03-27,Project Hail Mary,NTH,D,1236767718,"UPDATED, SUNDAY AM",2026-03-29T19:00:00+00:00,,text2,53.1,,h an updated second weekend of $53.1M
2026-03-27,Project Hail Mary,NTH,D,1236767718,"UPDATED, SUNDAY AM",2026-03-29T19:00:00+00:00,,text,96.8,,vent movies. All titles this weekend at $96.8M are 25% ahead of weekend
2026-03-27,Project Hail Mary,NTH,D,1236767718,"UPDATED, SUNDAY AM",2026-03-29T19:00:00+00:00,,text2,96.8,,es. All titles this weekend at $96.8M
2026-03-27,Project Hail Mary,NTH,D,1236767718,"UPDATED, SUNDAY AM",2026-03-29T19:00:00+00:00,,chart,53.1,,3-day $53.1M
2026-03-27,Project Hail Mary,NTH,D,1236767718,"UPDATED, SUNDAY AM",2026-03-29T19:00:00+00:00,,text,46.8,,"llion at 4,077 theaters on its way to a $46.8M second"
2026-03-27,Project Hail Mary,NTH,D,1236767718,"UPDATED, SUNDAY AM",2026-03-29T19:00:00+00:00,,text,50.0,,produced by Amy Pascal and Gosling hits $50M in weekend
2026-03-27,They Will Kill You,OPEN,D,1236767718,"UPDATED, SUNDAY AM",2026-03-29T19:00:00+00:00,,text,20.0,,M global (remember they were looking at $20M debut
2026-03-27,They Will Kill You,OPEN,D,1236767718,"UPDATED, SUNDAY AM",2026-03-29T19:00:00+00:00,,text2,20.0,,(remember they were looking at $20M
2026-03-27,They Will Kill You,OPEN,D,1236767718,"UPDATED, SUNDAY AM",2026-03-29T19:00:00+00:00,,text2,0.015,,A AMC the pic's top grossing venue with around $15K
2026-03-27,They Will Kill You,OPEN,D,1236767718,"UPDATED, SUNDAY AM",2026-03-29T19:00:00+00:00,,text2,0.008,,ity posted the best gross for the pic with $8K
2026-03-27,They Will Kill You,OPEN,D,1236767718,"UPDATED, SUNDAY AM",2026-03-29T19:00:00+00:00,,chart,5.0,,3-day $5M
2026-03-27,They Will Kill You,OPEN,D,1236767718,"UPDATED, SUNDAY AM",2026-03-29T19:00:00+00:00,,text,5.0,5.5,na) and WarnerBros- isn't wowing with a $5M to $5.5M opening
2026-03-27,They Will Kill You,OPEN,D,1236767718,"UPDATED, SUNDAY AM",2026-03-29T19:00:00+00:00,,text2,2.2,,with a $5M to $5.5M opening after a $2.2M
2026-03-27,They Will Kill You,OPEN,D,1236767718,"UPDATED, SUNDAY AM",2026-03-29T19:00:00+00:00,,chart,5.0,5.5,3-day $5M-$5.5M
2026-03-27,They Will Kill You,OPEN,D,1236767718,"UPDATED, SUNDAY AM",2026-03-29T19:00:00+00:00,,text,115.0,,"W News 'Dhurandhar: The Revenge' Clears $115M+ In First Week, Still 2nd"
2026-03-27,They Will Kill You,OPEN,D,1236767718,"UPDATED, SUNDAY AM",2026-03-29T19:00:00+00:00,,text2,4.2,, of $1.4M and third weekend of $4.2M
2026-03-27,They Will Kill You,OPEN,D,1236767718,"UPDATED, SUNDAY AM",2026-03-29T19:00:00+00:00,,text2,9.0,,h went on to file a three-day total of $9M
2026-04-03,Project Hail Mary,NTH,D,1236771415,SUNDAY AM,2026-04-05T19:00:00+00:00,,chart,30.6,,3-day $30.6M
2026-04-03,Project Hail Mary,NTH,D,1236771415,SATURDAY AM,2026-04-04T19:00:00+00:00,,chart,32.6,,3-day $32.6M
2026-04-03,Project Hail Mary,NTH,V,1236708742,Box Office: ‘Super Mario Galaxy Movie’ Ignites to Blockbuster $190 Mil,2026-04-05T14:38:44+00:00,2026-04-05T19:33:48+00:00,text,146.0,,"er Mario Bros. Movie,"" which ignited to $146 million over the traditional weekend"
2026-04-03,Project Hail Mary,NTH,V,1236708742,Box Office: ‘Super Mario Galaxy Movie’ Ignites to Blockbuster $190 Mil,2026-04-05T14:38:44+00:00,2026-04-05T19:33:48+00:00,text2,204.0,,ver the traditional weekend and $204 m
2026-04-03,Project Hail Mary,NTH,V,1236708742,Box Office: ‘Super Mario Galaxy Movie’ Ignites to Blockbuster $190 Mil,2026-04-05T14:38:44+00:00,2026-04-05T19:33:48+00:00,text,30.0,, which had another stellar showing with $30 million in its third
2026-04-03,The Drama,OPEN,D,1236771415,SUNDAY AM,2026-04-05T19:00:00+00:00,,text2,28.0,,"gers, with a global start of $28M"
2026-04-03,The Drama,OPEN,D,1236771415,SUNDAY AM,2026-04-05T19:00:00+00:00,,text2,196.4,,under 35. Estimated weekend is around $196.4M
2026-04-03,The Drama,OPEN,D,1236771415,SUNDAY AM,2026-04-05T19:00:00+00:00,,chart,14.4,,3-day $14.4M
2026-04-03,The Drama,OPEN,D,1236771415,SATURDAY AM,2026-04-04T19:00:00+00:00,,text,14.0,,ts Friday and previews heading toward a $14M opening
2026-04-03,The Drama,OPEN,D,1236771415,SATURDAY AM,2026-04-04T19:00:00+00:00,,text,10.0,12.0,ring that foreign could deliver another $10M-$12M this weekend
2026-04-03,The Drama,OPEN,D,1236771415,SATURDAY AM,2026-04-04T19:00:00+00:00,,text2,14.0,,Friday and previews heading toward a $14M
2026-04-03,The Drama,OPEN,D,1236771415,SATURDAY AM,2026-04-04T19:00:00+00:00,,text2,28.0,,ading toward a $14M opening for the $28M
2026-04-03,The Drama,OPEN,D,1236771415,SATURDAY AM,2026-04-04T19:00:00+00:00,,text2,0.047,,LA is the pic's top grossing location so far with $47K
2026-04-03,The Drama,OPEN,D,1236771415,SATURDAY AM,2026-04-04T19:00:00+00:00,,chart,14.0,,3-day $14M
2026-04-03,The Drama,OPEN,D,1236771415,FRIDAY AM,2026-04-03T19:00:00+00:00,,text,11.3,,mmer that posted $1.5M on its way to an $11.3M opening
2026-04-03,The Drama,OPEN,D,1236771415,FRIDAY AM,2026-04-03T19:00:00+00:00,,text,11.3,,mmer that posted $1.5M on its way to an $11.3M opening
2026-04-03,The Drama,OPEN,V,1236708742,Box Office: ‘Super Mario Galaxy Movie’ Ignites to Blockbuster $190 Mil,2026-04-05T14:38:44+00:00,2026-04-05T19:33:48+00:00,text,1.9,,"y Will Kill You"" cratered at No. 7 with $1.9 million in its second"
2026-04-03,The Drama,OPEN,V,1236708742,Box Office: ‘Super Mario Galaxy Movie’ Ignites to Blockbuster $190 Mil,2026-04-05T14:38:44+00:00,2026-04-05T19:33:48+00:00,text2,45.0,," the same name, has grossed $45 m"
2026-04-10,Project Hail Mary,NTH,V,1236719765,Box Office: ‘Super Mario Galaxy Movie’ Scores $69 Million in Second We,2026-04-12T14:38:58+00:00,2026-04-12T20:04:30+00:00,text,24.5,,a box office force in second place with $24.5 million in its fourth
2026-04-10,The Super Mario Galaxy Movie,NTH,D,1236786420,FRIDAY AM,2026-04-10T19:00:00+00:00,,text2,60.0,70.0,"xy Movie , which is eyeing a second weekend between $60M-$70M"
2026-04-10,The Super Mario Galaxy Movie,NTH,V,1236719782,‘Super Mario Galaxy Movie’ Is Hollywood’s Highest-Grossing Release of ,2026-04-12T16:06:47+00:00,2026-04-12T17:17:12+00:00,text2,629.0,, the year's highest-grossing film to date with $629 m
2026-04-10,"You, Me & Tuscany",OPEN,D,1236786420,FRIDAY AM,2026-04-10T19:00:00+00:00,,text,11.8,,"Sony/TriStar's One of Them Days ($1.3M, $11.8M opening"
2026-04-17,Lee Cronin's The Mummy,OPEN,D,1236864337,FRIDAY AM,2026-04-17T19:00:00+00:00,,text2,12.0,,. The horror pic is eyeing an opening around $12M
2026-04-17,Lee Cronin's The Mummy,OPEN,V,1236725215,Box Office: ‘Lee Cronin’s The Mummy’ Scares Up $5.2 Million on Opening,2026-04-18T15:57:52+00:00,2026-04-18T15:58:07+00:00,text,5.2,,"e Cronin's The Mummy"" placed third with $5.2 million on opening"
2026-04-17,Lee Cronin's The Mummy,OPEN,V,1236725215,Box Office: ‘Lee Cronin’s The Mummy’ Scares Up $5.2 Million on Opening,2026-04-18T15:57:52+00:00,2026-04-18T15:58:07+00:00,text2,12.0,,eund's 1932 classic should earn about $12 m
2026-04-17,The Super Mario Galaxy Movie,NTH,D,1236864337,FRIDAY AM,2026-04-17T19:00:00+00:00,,text,59.9,," 3 of 2023's Super Mario Bros Movie was $59.9M, -35% from weekend"
2026-04-17,The Super Mario Galaxy Movie,NTH,D,1236864337,FRIDAY AM,2026-04-17T19:00:00+00:00,,text2,44.0,,ces have at a third weekend around $44M
2026-04-17,The Super Mario Galaxy Movie,NTH,D,1236864337,FRIDAY AM,2026-04-17T19:00:00+00:00,,text2,59.9,,"4M . By comparison, weekend 3 of 2023's Super Mario Bros Movie was $59.9M"
2026-04-17,The Super Mario Galaxy Movie,NTH,V,1236725215,Box Office: ‘Lee Cronin’s The Mummy’ Scares Up $5.2 Million on Opening,2026-04-18T15:57:52+00:00,2026-04-18T15:58:07+00:00,text2,18.5,,llion on Friday. It should add $18.5 m
2026-04-24,Michael,OPEN,D,1236870542,SUNDAY AM,2026-04-26T19:00:00+00:00,,chart,97.0,,3-day $97M
2026-04-24,Michael,OPEN,D,1236870542,SUNDAY AM,2026-04-26T19:00:00+00:00,,chart,97.0,,3-day $97M
2026-04-24,Michael,OPEN,D,1236870542,SATURDAY AM,2026-04-25T19:00:00+00:00,,text,95.0,,riday U.S. in what's shaping up to be a $95M opening
2026-04-24,Michael,OPEN,D,1236870542,SATURDAY AM,2026-04-25T19:00:00+00:00,,text,100.0,,"ng in North America, maybe even an epic $100M (which would be the second"
2026-04-24,Michael,OPEN,D,1236870542,SATURDAY AM,2026-04-25T19:00:00+00:00,,text2,95.0,,iday U.S. in what's shaping up to be a $95M
2026-04-24,Michael,OPEN,D,1236870542,SATURDAY AM,2026-04-25T19:00:00+00:00,,text2,100.0,,"ing up to be a $95M opening in North America, maybe even an epic $100M"
2026-04-24,Michael,OPEN,D,1236870542,SATURDAY AM,2026-04-25T19:00:00+00:00,,text,95.0,,riday U.S. in what's shaping up to be a $95M opening
2026-04-24,Michael,OPEN,D,1236870542,SATURDAY AM,2026-04-25T19:00:00+00:00,,text,100.0,,"ng in North America, maybe even an epic $100M (which would be the second"
2026-04-24,Michael,OPEN,D,1236870542,SATURDAY AM,2026-04-25T19:00:00+00:00,,text2,95.0,,iday U.S. in what's shaping up to be a $95M
2026-04-24,Michael,OPEN,D,1236870542,SATURDAY AM,2026-04-25T19:00:00+00:00,,text2,100.0,,"ing up to be a $95M opening in North America, maybe even an epic $100M"
2026-04-24,Michael,OPEN,D,1236870542,SATURDAY AM,2026-04-25T19:00:00+00:00,,text2,60.2,,"ween musical biopic openings, well ahead of Straight Outta Compton ($60.2M"
2026-04-24,Michael,OPEN,D,1236870542,SATURDAY AM,2026-04-25T19:00:00+00:00,,chart,95.0,,3-day $95M
2026-04-24,Michael,OPEN,D,1236870542,FRIDAY MIDDAY,2026-04-25T00:00:00+00:00,,text2,35.0,40.0,ael are in and it's shaping up to be a $35M-$40M
2026-04-24,Michael,OPEN,D,1236870542,FRIDAY MIDDAY,2026-04-25T00:00:00+00:00,,text,51.0,, even in its Saturday with $18.8M for a $51M North American debut
2026-04-24,Michael,OPEN,D,1236870083,"UPDATED, SUNDAY AM",2026-04-26T19:00:00+00:00,,text,120.3,,"ich they took foreign, which has fueled $120.3 million offshore for a global debut"
2026-04-24,Michael,OPEN,D,1236870083,"UPDATED, SUNDAY AM",2026-04-26T19:00:00+00:00,,text2,217.4,,fshore for a global debut of $217.4M
2026-04-24,Michael,OPEN,D,1236870083,"UPDATED, SUNDAY AM",2026-04-26T19:00:00+00:00,,text2,120.3,, That international opening of $120.3M
2026-04-24,Michael,OPEN,D,1236870083,"UPDATED, SUNDAY AM",2026-04-26T19:00:00+00:00,,text2,79.9,,strips the offshore start of Bohemian Rhapsody ($79.9M
2026-04-24,Michael,OPEN,D,1236870083,"UPDATED, SUNDAY AM",2026-04-26T19:00:00+00:00,,text2,15.6,,itory the pic's top-grossing one with $15.6M
2026-04-24,Michael,OPEN,D,1236870083,"UPDATED, SUNDAY AM",2026-04-26T19:00:00+00:00,,text,6.8,,ggest opening for a biopic with a No. 1 $6.8M 5-day opening
2026-04-24,Michael,OPEN,D,1236870083,"UPDATED, SUNDAY AM",2026-04-26T19:00:00+00:00,,text,6.8,,ggest opening for a biopic with a No. 1 $6.8M 5-day opening
2026-04-24,Michael,OPEN,D,1236870083,"UPDATED, SUNDAY AM",2026-04-26T19:00:00+00:00,,text2,5.9,,"e older generation, grossed $5.9M"
2026-04-24,Michael,OPEN,D,1236870083,"UPDATED, SUNDAY AM",2026-04-26T19:00:00+00:00,,text2,5.9,,"e older generation, grossed $5.9M"
2026-04-24,Michael,OPEN,D,1236870083,"UPDATED, SUNDAY AM",2026-04-26T19:00:00+00:00,,text,2.8,,"Michael with $2.8M , making it the biggest opening"
2026-04-24,Michael,OPEN,D,1236870083,"UPDATED, SUNDAY AM",2026-04-26T19:00:00+00:00,,text2,2.4,,alaxy . Netherlands grossed $2.4M
2026-04-24,Michael,OPEN,D,1236870083,"UPDATED, FRIDAY AM",2026-04-24T19:00:00+00:00,,text,1.0,,Michael delivered an excellent $1.0M from 290 locations on opening
2026-04-24,Michael,OPEN,D,1236870083,"UPDATED, FRIDAY AM",2026-04-24T19:00:00+00:00,,text2,150.0,,"s. Heading into the weekend, it was forecast that Michael would open to $150M"
2026-04-24,Michael,OPEN,V,1236726929,"Box Office: ‘Michael’ Aims for $70 Million-Plus Debut, Record Start fo",2026-04-22T14:49:04+00:00,2026-04-22T14:59:52+00:00,text2,140.0,," Globally, the film should end up with a stellar $140 m"
2026-04-24,Michael,OPEN,V,1236726929,"Box Office: ‘Michael’ Aims for $70 Million-Plus Debut, Record Start fo",2026-04-22T14:49:04+00:00,2026-04-22T14:59:52+00:00,text2,700.0,,"Michael"" will gross at least $700 m"
2026-04-24,Michael,OPEN,V,1236728765,"Box Office: ‘Michael’ Moonwalks to $12.6 Million in Previews, Beating ",2026-04-24T15:20:13+00:00,2026-04-24T15:20:29+00:00,text,65.0,75.0,"lion. Now ""Michael"" is expected to earn $65 million to $75 million in its opening"
2026-04-24,Michael,OPEN,V,1236728765,"Box Office: ‘Michael’ Moonwalks to $12.6 Million in Previews, Beating ",2026-04-24T15:20:13+00:00,2026-04-24T15:20:29+00:00,text2,65.0,,"n. Now ""Michael"" is expected to earn $65 m"
2026-04-24,Michael,OPEN,V,1236728765,"Box Office: ‘Michael’ Moonwalks to $12.6 Million in Previews, Beating ",2026-04-24T15:20:13+00:00,2026-04-24T15:20:29+00:00,text,65.0,75.0,"lion. Now ""Michael"" is expected to earn $65 million to $75 million in its opening"
2026-04-24,Michael,OPEN,V,1236728765,"Box Office: ‘Michael’ Moonwalks to $12.6 Million in Previews, Beating ",2026-04-24T15:20:13+00:00,2026-04-24T15:20:29+00:00,text2,65.0,,"n. Now ""Michael"" is expected to earn $65 m"
2026-04-24,Michael,OPEN,V,1236728765,"Box Office: ‘Michael’ Moonwalks to $12.6 Million in Previews, Beating ",2026-04-24T15:20:13+00:00,2026-04-24T15:20:29+00:00,text,65.0,75.0,"Michael"" is expected to earn $65 million to $75 million in its opening"
2026-04-24,Michael,OPEN,V,1236728765,"Box Office: ‘Michael’ Moonwalks to $12.6 Million in Previews, Beating ",2026-04-24T15:20:13+00:00,2026-04-24T15:20:29+00:00,text2,65.0,,"Michael"" is expected to earn $65 m"
2026-04-24,Michael,OPEN,V,1236728765,"Box Office: ‘Michael’ Moonwalks to $12.6 Million in Previews, Beating ",2026-04-24T15:20:13+00:00,2026-04-24T15:20:29+00:00,text,18.5,,"al foreign territories, where it earned $18.5 million on opening"
2026-04-24,Michael,OPEN,V,1236728765,"Box Office: ‘Michael’ Moonwalks to $12.6 Million in Previews, Beating ",2026-04-24T15:20:13+00:00,2026-04-24T15:20:29+00:00,text2,140.0,," Globally, the film should earn with at least $140 m"
2026-04-24,Michael,OPEN,V,1236728765,"Box Office: ‘Michael’ Moonwalks to $12.6 Million in Previews, Beating ",2026-04-24T15:20:13+00:00,2026-04-24T15:20:29+00:00,text,18.5,,"al foreign territories, where it earned $18.5 million on opening"
2026-04-24,Michael,OPEN,V,1236728765,"Box Office: ‘Michael’ Moonwalks to $12.6 Million in Previews, Beating ",2026-04-24T15:20:13+00:00,2026-04-24T15:20:29+00:00,text2,140.0,," Globally, the film should earn with at least $140 m"
2026-04-24,Michael,OPEN,V,1236730805,‘Michael’ Rocks Box Office With Record-Setting $97 Million Debut,2026-04-26T14:54:51+00:00,2026-04-26T17:04:44+00:00,text,217.0,,ation with $97 million domestically and $217 million globally in its first weekend
2026-04-24,Michael,OPEN,V,1236730805,‘Michael’ Rocks Box Office With Record-Setting $97 Million Debut,2026-04-26T14:54:51+00:00,2026-04-26T17:04:44+00:00,text,217.0,,ation with $97 million domestically and $217 million globally in its first weekend
2026-04-24,Michael,OPEN,V,1236730805,‘Michael’ Rocks Box Office With Record-Setting $97 Million Debut,2026-04-26T14:54:51+00:00,2026-04-26T17:04:44+00:00,text,102.0,,"The Hunger Games: Mockingjay - Part 2"" ($102 million debut"
2026-04-24,Michael,OPEN,V,1236730805,‘Michael’ Rocks Box Office With Record-Setting $97 Million Debut,2026-04-26T14:54:51+00:00,2026-04-26T17:04:44+00:00,text,102.0,,"The Hunger Games: Mockingjay - Part 2"" ($102 million debut"
2026-04-24,Michael,OPEN,V,1236730917,‘Michael’ Electrifies the Box Office: 5 Reasons Bad Reviews Couldn’t D,2026-04-27T15:19:31+00:00,2026-04-27T17:27:07+00:00,text,217.0,,ffice with $97 million domestically and $217 million globally in its first weekend
2026-04-24,Michael,OPEN,V,1236730917,‘Michael’ Electrifies the Box Office: 5 Reasons Bad Reviews Couldn’t D,2026-04-27T15:19:31+00:00,2026-04-27T17:27:07+00:00,text,217.0,,ffice with $97 million domestically and $217 million globally in its first weekend
2026-04-24,Michael,OPEN,V,1236731558,LISTEN: Record Opening for ‘Michael’ Thrills Exhibitors and Fans; Surp,2026-04-27T17:41:37+00:00,2026-04-29T22:44:42+00:00,text2,200.0,,"hael,"" but a global opening weekend number of more than $200 m"
2026-04-24,Michael,OPEN,V,1236731558,LISTEN: Record Opening for ‘Michael’ Thrills Exhibitors and Fans; Surp,2026-04-27T17:41:37+00:00,2026-04-29T22:44:42+00:00,text2,200.0,,"hael,"" but a global opening weekend number of more than $200 m"
2026-04-24,The Super Mario Galaxy Movie,NTH,D,1236870542,SUNDAY AM,2026-04-26T19:00:00+00:00,,chart,21.2,,3-day $21.2M
2026-04-24,The Super Mario Galaxy Movie,NTH,D,1236870542,SATURDAY AM,2026-04-25T19:00:00+00:00,,text,206.4,," and Japan), add it all up and we're at $206.4M WW , which is the best opening"
2026-04-24,The Super Mario Galaxy Movie,NTH,D,1236870542,SATURDAY AM,2026-04-25T19:00:00+00:00,,chart,20.5,,3-day $20.5M
2026-04-24,The Super Mario Galaxy Movie,NTH,D,1236870542,FRIDAY MIDDAY,2026-04-25T00:00:00+00:00,,chart,20.5,,3-day $20.5M
2026-04-24,The Super Mario Galaxy Movie,NTH,D,1236870083,"UPDATED, SUNDAY AM",2026-04-26T19:00:00+00:00,,text,57.9,,Super Mario Galaxy Movie posted a $57.9M global fourth
2026-04-24,The Super Mario Galaxy Movie,NTH,D,1236870083,"UPDATED, SUNDAY AM",2026-04-26T19:00:00+00:00,,text,9.8,,M domestic). Japan opened to No. 1 with $9.8M at 820 screens this weekend
2026-04-24,The Super Mario Galaxy Movie,NTH,D,1236870083,"UPDATED, SUNDAY AM",2026-04-26T19:00:00+00:00,,text2,36.6,,57.9M global fourth weekend ($36.6M
2026-05-01,Animal Farm,OPEN,D,1236877817,SUNDAY AM,2026-05-03T19:00:00+00:00,,chart,3.4,,3-day $3.4M
2026-05-01,Animal Farm,OPEN,D,1236877817,SATURDAY AM,2026-05-02T19:00:00+00:00,,chart,3.3,,3-day $3.3M
2026-05-01,Animal Farm,OPEN,D,1236877817,SATURDAY AM,2026-05-02T19:00:00+00:00,,chart,3.3,,3-day $3.3M
2026-05-01,Hokum,OPEN,D,1236877817,SUNDAY AM,2026-05-03T19:00:00+00:00,,chart,6.4,,3-day $6.4M
2026-05-01,Hokum,OPEN,D,1236877817,SATURDAY AM,2026-05-02T19:00:00+00:00,,chart,6.0,,3-day $6M
2026-05-01,Hokum,OPEN,D,1236877817,SATURDAY AM,2026-05-02T19:00:00+00:00,,chart,6.0,,3-day $6M
2026-05-01,Michael,NTH,D,1236877817,SUNDAY AM,2026-05-03T19:00:00+00:00,,text,174.0,,"his weekend have racked up an estimated $174M, +21% over the start"
2026-05-01,Michael,NTH,D,1236877817,SUNDAY AM,2026-05-03T19:00:00+00:00,,text2,174.0,,1M). All films this weekend have racked up an estimated $174M
2026-05-01,Michael,NTH,D,1236877817,SUNDAY AM,2026-05-03T19:00:00+00:00,,chart,54.0,,3-day $54M
2026-05-01,Michael,NTH,D,1236877817,SATURDAY AM,2026-05-02T19:00:00+00:00,,chart,51.0,,3-day $51M
2026-05-01,Michael,NTH,D,1236878987,SUNDAY AM,2026-05-03T19:00:00+00:00,,text2,134.8,, huge second global weekend of $134.8M
2026-05-01,Michael,NTH,D,1236878987,SUNDAY AM,2026-05-03T19:00:00+00:00,,text2,134.8,, huge second global weekend of $134.8M
2026-05-01,Michael,NTH,D,1236878987,SUNDAY AM,2026-05-03T19:00:00+00:00,,text2,134.8,, huge second global weekend of $134.8M
2026-05-01,Michael,NTH,D,1236878987,SUNDAY AM,2026-05-03T19:00:00+00:00,,text,9.2,,irds & Snakes ($361.7M). France took in $9.2M in weekend
2026-05-01,Michael,NTH,D,1236878987,SUNDAY AM,2026-05-03T19:00:00+00:00,,text2,5.1,,"rmany, had a second weekend of $5.1M"
2026-05-01,Michael,NTH,D,1236878987,SATURDAY AM,2026-05-02T19:00:00+00:00,,text2,300.0,, the second-highest grossing musical biopic of all-time at $300M
2026-05-01,Michael,NTH,V,1236734300,Box Office: ‘The Devil Wears Prada 2’ Makes $10 Million in Previews,2026-05-01T15:05:48+00:00,2026-05-01T15:08:44+00:00,text,97.2,, then exceeded expectations with a huge $97.2 million debut
2026-05-01,Michael,NTH,V,1236734300,Box Office: ‘The Devil Wears Prada 2’ Makes $10 Million in Previews,2026-05-01T15:05:48+00:00,2026-05-01T15:08:44+00:00,text,97.2,, then exceeded expectations with a huge $97.2 million debut
2026-05-01,Michael,NTH,V,1236736041,Box Office: ‘The Devil Wears Prada 2’ Struts to $32.5 Million on Openi,2026-05-02T15:45:06+00:00,2026-05-02T17:57:02+00:00,text,14.4,,"Michael,"" fell to second place with $14.4 million domestically on its second"
2026-05-01,Michael,NTH,V,1236736041,Box Office: ‘The Devil Wears Prada 2’ Struts to $32.5 Million on Openi,2026-05-02T15:45:06+00:00,2026-05-02T17:57:02+00:00,text,180.0,,The domestic total is expected to reach $180 million through the weekend
2026-05-01,Michael,NTH,V,1236736041,Box Office: ‘The Devil Wears Prada 2’ Struts to $32.5 Million on Openi,2026-05-02T15:45:06+00:00,2026-05-02T17:57:02+00:00,text2,51.0,,out the King of Pop should add $51 m
2026-05-01,Michael,NTH,V,1236736041,Box Office: ‘The Devil Wears Prada 2’ Struts to $32.5 Million on Openi,2026-05-02T15:45:06+00:00,2026-05-02T17:57:02+00:00,text2,180.0,,e domestic total is expected to reach $180 m
2026-05-01,Michael,NTH,V,1236736041,Box Office: ‘The Devil Wears Prada 2’ Struts to $32.5 Million on Openi,2026-05-02T15:45:06+00:00,2026-05-02T17:57:02+00:00,text2,865.0,,"ire"" as the highest-grossing Lionsgate film of all time ($865 m"
2026-05-01,The Devil Wears Prada 2,OPEN,D,1236877817,SUNDAY AM,2026-05-03T19:00:00+00:00,,text,233.6,,"was truly the thing, racking up massive $233.6M WW , which is the second"
2026-05-01,The Devil Wears Prada 2,OPEN,D,1236877817,SUNDAY AM,2026-05-03T19:00:00+00:00,,chart,77.0,,3-day $77M
2026-05-01,The Devil Wears Prada 2,OPEN,D,1236877817,SATURDAY AM,2026-05-02T19:00:00+00:00,,chart,75.0,80.0,3-day $75M-$80M
2026-05-01,The Devil Wears Prada 2,OPEN,D,1236877817,FRIDAY AFTERNOON,2026-05-02T00:00:00+00:00,,chart,75.0,80.0,3-day of $75M-$80M
2026-05-01,The Devil Wears Prada 2,OPEN,D,1236877817,"FRIDAY AM UPDATE, AFTER EXCLUSIVE",2026-05-01T19:00:00+00:00,,text2,180.0,,. Wowza. The global opening forecast for Chapter 2 is close to $180M
2026-05-01,The Devil Wears Prada 2,OPEN,D,1236878987,SUNDAY AM,2026-05-03T19:00:00+00:00,,text,156.6,,n around the world were awaiting with a $156.6M offshore start
2026-05-01,The Devil Wears Prada 2,OPEN,V,1236734300,Box Office: ‘The Devil Wears Prada 2’ Makes $10 Million in Previews,2026-05-01T15:05:48+00:00,2026-05-01T15:08:44+00:00,text,80.0,,ojected to earn between $75 million and $80 million in its opening
2026-05-01,The Devil Wears Prada 2,OPEN,V,1236734300,Box Office: ‘The Devil Wears Prada 2’ Makes $10 Million in Previews,2026-05-01T15:05:48+00:00,2026-05-01T15:08:44+00:00,text2,90.0,,"lion in its opening weekend, but some estimates put it even higher at $90 m"
2026-05-01,The Devil Wears Prada 2,OPEN,V,1236736041,Box Office: ‘The Devil Wears Prada 2’ Struts to $32.5 Million on Openi,2026-05-02T15:45:06+00:00,2026-05-02T17:57:02+00:00,text,90.0,,earnings climbing even higher to around $90 million over its debut
2026-05-01,The Devil Wears Prada 2,OPEN,V,1236736785,"5 Reasons ‘The Devil Wears Prada 2’ Slayed at the Box Office, From Nos",2026-05-04T20:35:19+00:00,2026-05-04T20:59:42+00:00,text,233.0,,ned to $77 million in North America and $233 million globally over the weekend
2026-05-01,The Devil Wears Prada 2,OPEN,V,1236736785,"5 Reasons ‘The Devil Wears Prada 2’ Slayed at the Box Office, From Nos",2026-05-04T20:35:19+00:00,2026-05-04T20:59:42+00:00,text2,27.5,,""" marks the biggest debut of Streep's career, above ""Mamma Mia"" ($27.5 m"
2026-05-01,The Super Mario Galaxy Movie,NTH,D,1236877817,SUNDAY AM,2026-05-03T19:00:00+00:00,,chart,12.1,,3-day $12.1M
2026-05-01,The Super Mario Galaxy Movie,NTH,D,1236877817,SATURDAY AM,2026-05-02T19:00:00+00:00,,chart,12.1,,3-day $12.1M
2026-05-01,The Super Mario Galaxy Movie,NTH,D,1236877817,FRIDAY AFTERNOON,2026-05-02T00:00:00+00:00,,text,2.5,,"Super Mario Galaxy Movie at 3,412 with $2.5M today and a fifth"
2026-05-01,The Super Mario Galaxy Movie,NTH,D,1236877817,FRIDAY AFTERNOON,2026-05-02T00:00:00+00:00,,text2,11.2,,M today and a fifth weekend of $11.2M
2026-05-01,The Super Mario Galaxy Movie,NTH,D,1236878987,SUNDAY AM,2026-05-03T19:00:00+00:00,,text,182.4,,"Super Mario Galaxy Movie ($182.4M), for what is also the second"
2026-05-01,The Super Mario Galaxy Movie,NTH,D,1236878987,SUNDAY AM,2026-05-03T19:00:00+00:00,,text2,233.6,, second-best global debut of $233.6M
2026-05-01,The Super Mario Galaxy Movie,NTH,D,1236878987,SUNDAY AM,2026-05-03T19:00:00+00:00,,text2,77.0,,ily Blunt. Domestic start was $77M
2026-05-01,The Super Mario Galaxy Movie,NTH,D,1236878987,SUNDAY AM,2026-05-03T19:00:00+00:00,,text2,44.3,,sted a fifth global weekend of $44.3M
2026-05-01,The Super Mario Galaxy Movie,NTH,D,1236878987,SUNDAY AM,2026-05-03T19:00:00+00:00,,text2,44.3,,sted a fifth global weekend of $44.3M
2026-05-08,Michael,NTH,D,1236887876,SUNDAY EARLY AM,2026-05-10T19:00:00+00:00,,text2,36.5,,Michael 's third weekend at $36.5M
2026-05-08,Michael,NTH,D,1236887876,SUNDAY EARLY AM,2026-05-10T19:00:00+00:00,,text2,570.0,, cume on Michael is expected to be north of $570M
2026-05-08,Michael,NTH,D,1236887876,SUNDAY EARLY AM,2026-05-10T19:00:00+00:00,,text2,570.0,,Michael is expected to be north of $570M
2026-05-08,Michael,NTH,D,1236887876,SATURDAY AM,2026-05-09T19:00:00+00:00,,chart,35.0,,3-day $35M
2026-05-08,Michael,NTH,D,1236887876,FRIDAY PM UPDATE,2026-05-09T06:59:00+00:00,,text2,35.0,,atinum with a third weekend around $35M
2026-05-08,Michael,NTH,V,1236738575,"Box Office: ‘Mortal Kombat II’ Aims for $40 Million-Plus Debut, Battle",2026-05-06T15:40:07+00:00,2026-05-06T15:58:26+00:00,text,35.0,40.0,ackson is estimated to add a remarkable $35 million to $40 million in its third
2026-05-08,Michael,NTH,V,1236738575,"Box Office: ‘Mortal Kombat II’ Aims for $40 Million-Plus Debut, Battle",2026-05-06T15:40:07+00:00,2026-05-06T15:58:26+00:00,text,35.0,40.0,ackson is estimated to add a remarkable $35 million to $40 million in its third
2026-05-08,Michael,NTH,V,1236742341,Box Office: ‘Mortal Kombat II’ Lands Friday Fatality With $17 Million;,2026-05-09T15:45:20+00:00,2026-05-10T13:44:03+00:00,text,8.8,,"Michael,"" which added a stellar $8.8 million on its third"
2026-05-08,Michael,NTH,V,1236742341,Box Office: ‘Mortal Kombat II’ Lands Friday Fatality With $17 Million;,2026-05-09T15:45:20+00:00,2026-05-10T13:44:03+00:00,text2,35.0,,"rs. By Sunday, it's expected to add $35 m"
2026-05-08,Michael,NTH,V,1236743920,"Box Office: ‘Devil Wears Prada 2’ Remains No. 1 With $43 Million, ‘Mor",2026-05-10T15:20:59+00:00,2026-05-10T18:46:11+00:00,text2,216.0,,"tpaced the domestic gross of 2018's ""Bohemian Rhapsody"" ($216 m"
2026-05-08,Michael,NTH,V,1236743920,"Box Office: ‘Devil Wears Prada 2’ Remains No. 1 With $43 Million, ‘Mor",2026-05-10T15:20:59+00:00,2026-05-10T18:46:11+00:00,text2,216.0,,"tpaced the domestic gross of 2018's ""Bohemian Rhapsody"" ($216 m"
2026-05-08,Michael,NTH,V,1236743920,"Box Office: ‘Devil Wears Prada 2’ Remains No. 1 With $43 Million, ‘Mor",2026-05-10T15:20:59+00:00,2026-05-10T18:46:11+00:00,text2,28.0,,bringing its global weekend total to $28 m
2026-05-08,Mortal Kombat II,OPEN,D,1236887876,SUNDAY EARLY AM,2026-05-10T19:00:00+00:00,,text2,38.7,,Mortal Kombat II 's opening at $38.7M
2026-05-08,Mortal Kombat II,OPEN,D,1236887876,SATURDAY AM,2026-05-09T19:00:00+00:00,,text2,0.059,,nk in LA is the top grossing venue for the sequel with close to $59K
2026-05-08,Mortal Kombat II,OPEN,D,1236887876,SATURDAY AM,2026-05-09T19:00:00+00:00,,chart,40.0,42.0,3-day $40M-$42M
2026-05-08,Mortal Kombat II,OPEN,D,1236887876,FRIDAY AM,2026-05-08T19:00:00+00:00,,text,42.3,," Max with $23.3M. That movie finaled at $42.3M domestic, and the opening"
2026-05-08,Mortal Kombat II,OPEN,V,1236738575,"Box Office: ‘Mortal Kombat II’ Aims for $40 Million-Plus Debut, Battle",2026-05-06T15:40:07+00:00,2026-05-06T15:58:26+00:00,text,38.0,42.0,"Devil Wears Prada"" is projected to earn $38 million to $42 million in its second"
2026-05-08,Mortal Kombat II,OPEN,V,1236738575,"Box Office: ‘Mortal Kombat II’ Aims for $40 Million-Plus Debut, Battle",2026-05-06T15:40:07+00:00,2026-05-06T15:58:26+00:00,text2,40.0,,"t II"" is tracking a debut of $40 m"
2026-05-08,Mortal Kombat II,OPEN,V,1236738575,"Box Office: ‘Mortal Kombat II’ Aims for $40 Million-Plus Debut, Battle",2026-05-06T15:40:07+00:00,2026-05-06T15:58:26+00:00,text,23.0,,"ag. The prior ""Mortal Kombat"" opened to $23 million while launch"
2026-05-08,Mortal Kombat II,OPEN,V,1236738575,"Box Office: ‘Mortal Kombat II’ Aims for $40 Million-Plus Debut, Battle",2026-05-06T15:40:07+00:00,2026-05-06T15:58:26+00:00,text2,30.0,,"ortal Kombat II"" is expected to generate at least $30 m"
2026-05-08,Mortal Kombat II,OPEN,V,1236738575,"Box Office: ‘Mortal Kombat II’ Aims for $40 Million-Plus Debut, Battle",2026-05-06T15:40:07+00:00,2026-05-06T15:58:26+00:00,text2,70.0,,"fice, so the global start could range from $70 m"
2026-05-08,Mortal Kombat II,OPEN,V,1236740576,Box Office: ‘Mortal Kombat II’ Makes $5.2 Million in Previews,2026-05-08T15:05:57+00:00,2026-05-08T15:06:14+00:00,text,40.0,45.0,"Mortal Kombat II"" is expected to make $40 million to $45 million this weekend"
2026-05-08,Mortal Kombat II,OPEN,V,1236740576,Box Office: ‘Mortal Kombat II’ Makes $5.2 Million in Previews,2026-05-08T15:05:57+00:00,2026-05-08T15:06:14+00:00,text2,40.0,,"ortal Kombat II"" is expected to make $40 m"
2026-05-08,Mortal Kombat II,OPEN,V,1236742341,Box Office: ‘Mortal Kombat II’ Lands Friday Fatality With $17 Million;,2026-05-09T15:45:20+00:00,2026-05-10T13:44:03+00:00,text2,84.0,,23 million and only grossed $84 m
2026-05-08,Mortal Kombat II,OPEN,V,1236742341,Box Office: ‘Mortal Kombat II’ Lands Friday Fatality With $17 Million;,2026-05-09T15:45:20+00:00,2026-05-10T13:44:03+00:00,text2,84.0,,23 million and only grossed $84 m
2026-05-08,Mortal Kombat II,OPEN,V,1236743920,"Box Office: ‘Devil Wears Prada 2’ Remains No. 1 With $43 Million, ‘Mor",2026-05-10T15:20:59+00:00,2026-05-10T18:46:11+00:00,text2,144.8,,g just 44% from its debut while boosting its North American tally to $144.8 m
2026-05-08,The Devil Wears Prada 2,NTH,D,1236887876,SATURDAY AM,2026-05-09T19:00:00+00:00,,chart,40.0,42.0,3-day $40M-$42M
2026-05-08,The Devil Wears Prada 2,NTH,D,1236887876,FRIDAY PM UPDATE,2026-05-09T06:59:00+00:00,,text2,10.0,11.0,Devil Wears Prada 2 eyeing $10M-$11M
2026-05-08,The Devil Wears Prada 2,NTH,V,1236738575,"Box Office: ‘Mortal Kombat II’ Aims for $40 Million-Plus Debut, Battle",2026-05-06T15:40:07+00:00,2026-05-06T15:58:26+00:00,text2,82.0,," Wears Prada 2"" has grossed $82 m"
2026-05-08,The Devil Wears Prada 2,NTH,V,1236738575,"Box Office: ‘Mortal Kombat II’ Aims for $40 Million-Plus Debut, Battle",2026-05-06T15:40:07+00:00,2026-05-06T15:58:26+00:00,text2,326.0,,r-studded sequel is expected to outgross the first film's $326 m
2026-05-08,The Devil Wears Prada 2,NTH,V,1236740576,Box Office: ‘Mortal Kombat II’ Makes $5.2 Million in Previews,2026-05-08T15:05:57+00:00,2026-05-08T15:06:14+00:00,text,38.0,42.0,"ears Prada 2,"" which is looking to make $38 million to $42 million in its second"
2026-05-08,The Devil Wears Prada 2,NTH,V,1236740576,Box Office: ‘Mortal Kombat II’ Makes $5.2 Million in Previews,2026-05-08T15:05:57+00:00,2026-05-08T15:06:14+00:00,text,50.0,,jections have both movies making around $50 million this weekend
2026-05-08,The Devil Wears Prada 2,NTH,V,1236740576,Box Office: ‘Mortal Kombat II’ Makes $5.2 Million in Previews,2026-05-08T15:05:57+00:00,2026-05-08T15:06:14+00:00,text2,77.0,,llion in its second weekend after opening to $77 m
2026-05-08,The Devil Wears Prada 2,NTH,V,1236742341,Box Office: ‘Mortal Kombat II’ Lands Friday Fatality With $17 Million;,2026-05-09T15:45:20+00:00,2026-05-10T13:44:03+00:00,text,9.8,,"rs Prada 2"" landed in second place with $9.8 million domestically on its second"
2026-05-08,The Devil Wears Prada 2,NTH,V,1236742341,Box Office: ‘Mortal Kombat II’ Lands Friday Fatality With $17 Million;,2026-05-09T15:45:20+00:00,2026-05-10T13:44:03+00:00,text,40.0,,her's Day turnout. If it manages to add $40 million through the weekend
2026-05-08,The Sheep Detectives,OPEN,D,1236887876,SUNDAY EARLY AM,2026-05-10T19:00:00+00:00,,text,14.8,, Saturday for what's shaping up to be a $14.8M opening
2026-05-08,The Sheep Detectives,OPEN,D,1236887876,SUNDAY EARLY AM,2026-05-10T19:00:00+00:00,,text2,14.8,,Saturday for what's shaping up to be a $14.8M
2026-05-08,The Sheep Detectives,OPEN,D,1236887876,SUNDAY EARLY AM,2026-05-10T19:00:00+00:00,,text2,14.5,,"ly comedies, that's opening on par with Nanny McPhee which opened to $14.5M"
2026-05-08,The Sheep Detectives,OPEN,D,1236887876,SATURDAY AM,2026-05-09T19:00:00+00:00,,text,14.9,,Sheep Detectives at 56% female ( $14.9M opening
2026-05-08,The Sheep Detectives,OPEN,D,1236887876,SATURDAY AM,2026-05-09T19:00:00+00:00,,chart,14.9,,3-day $14.9M
2026-05-08,The Sheep Detectives,OPEN,D,1236887876,FRIDAY AM,2026-05-08T19:00:00+00:00,,text2,12.0,,as $1M . The pic is expected to open to around $12M
2026-05-08,The Sheep Detectives,OPEN,V,1236738575,"Box Office: ‘Mortal Kombat II’ Aims for $40 Million-Plus Debut, Battle",2026-05-06T15:40:07+00:00,2026-05-06T15:58:26+00:00,text2,8.0,,"ish"" is targeting a start of $8 m"
2026-05-08,The Sheep Detectives,OPEN,V,1236740576,Box Office: ‘Mortal Kombat II’ Makes $5.2 Million in Previews,2026-05-08T15:05:57+00:00,2026-05-08T15:06:14+00:00,text,12.0,15.0,03 million in previews and aims to make $12 million to $15 million in its opening
2026-05-08,The Sheep Detectives,OPEN,V,1236742341,Box Office: ‘Mortal Kombat II’ Lands Friday Fatality With $17 Million;,2026-05-09T15:45:20+00:00,2026-05-10T13:44:03+00:00,text2,8.0,,"ters. By Sunday, it should earn about $8 m"
2026-05-08,The Sheep Detectives,OPEN,V,1236742341,Box Office: ‘Mortal Kombat II’ Lands Friday Fatality With $17 Million;,2026-05-09T15:45:20+00:00,2026-05-10T13:44:03+00:00,text,14.8,,rican theaters. It is projected to make $14.8 million through the weekend
2026-05-15,In the Grey,OPEN,D,1236906122,SUNDAY AM,2026-05-17T19:00:00+00:00,,chart,3.0,,3-day $3M
2026-05-15,In the Grey,OPEN,D,1236906122,FRIDAY AM,2026-05-15T19:00:00+00:00,,text2,3.0,, the Grey. They are expected to open to around $3M
2026-05-15,Michael,NTH,D,1236906122,SUNDAY AM,2026-05-17T19:00:00+00:00,,chart,26.1,,3-day $26.1M
2026-05-15,Michael,NTH,D,1236906122,SUNDAY AM,2026-05-17T19:00:00+00:00,,text2,27.0,,n expected No. 1 in weekend four of $27M
2026-05-15,Michael,NTH,D,1236906122,FRIDAY AM,2026-05-15T19:00:00+00:00,,text2,4.7,,lose call with both grossing $4.7M
2026-05-15,Michael,NTH,D,1236906122,FRIDAY AM,2026-05-15T19:00:00+00:00,,text2,4.7,,lose call with both grossing $4.7M
2026-05-15,Mortal Kombat II,NTH,D,1236906122,SUNDAY AM,2026-05-17T19:00:00+00:00,,chart,13.4,,3-day $13.4M
2026-05-15,Mortal Kombat II,NTH,D,1236906122,SUNDAY AM,2026-05-17T19:00:00+00:00,,text,38.5,,"ctations, we forgot to mention that its $38.5M domestic opening"
2026-05-15,Mortal Kombat II,NTH,D,1236906122,SUNDAY AM,2026-05-17T19:00:00+00:00,,text2,61.8,,"mated $12.7M - $13M 3-day, -66%, for a 10-day of $61.8M"
2026-05-15,Mortal Kombat II,NTH,V,1236751550,"Box Office: ‘Michael’ Returns to No. 1 in Fourth Weekend, ‘Obsession’ ",2026-05-17T14:42:57+00:00,2026-05-17T17:24:49+00:00,text,101.0,,ated $62.2 million in North America and $101 million globally after two weekend
2026-05-15,Obsession,OPEN,D,1236906122,SUNDAY AM,2026-05-17T19:00:00+00:00,,text,16.1,, which came in much higher with a great $16.1M opening
2026-05-15,Obsession,OPEN,D,1236906122,SUNDAY AM,2026-05-17T19:00:00+00:00,,text2,106.1,,1M opening. Overall weekend is estimated to be at $106.1M
2026-05-15,Obsession,OPEN,D,1236906122,SUNDAY AM,2026-05-17T19:00:00+00:00,,chart,16.1,,3-day $16.1M
2026-05-15,Obsession,OPEN,D,1236906122,SUNDAY AM,2026-05-17T19:00:00+00:00,,text,17.8,,-. That amount is just $3.8M shy of the $17.8M opening
2026-05-15,Obsession,OPEN,D,1236906122,SUNDAY AM,2026-05-17T19:00:00+00:00,,text2,0.046,,is Obsession 's top grossing location with $46K
2026-05-15,Obsession,OPEN,D,1236906122,SUNDAY AM,2026-05-17T19:00:00+00:00,,text2,0.046,,Obsession 's top grossing location with $46K
2026-05-15,Obsession,OPEN,D,1236906122,FRIDAY AM,2026-05-15T19:00:00+00:00,,text2,2.6,," up for $15M+ , has grossed $2.6M"
2026-05-15,The Devil Wears Prada 2,NTH,D,1236906122,SUNDAY AM,2026-05-17T19:00:00+00:00,,chart,18.0,,3-day $18M
2026-05-15,The Devil Wears Prada 2,NTH,D,1236906122,SUNDAY AM,2026-05-17T19:00:00+00:00,,text,5.4,,"a 2 at 3,830 theaters with an estimated $5.4M third"
2026-05-15,The Devil Wears Prada 2,NTH,D,1236906122,SUNDAY AM,2026-05-17T19:00:00+00:00,,text,20.0,, $5.4M third Friday for what could be a $20M third
2026-05-22,I Love Boosters,OPEN,D,1236918713,"UPDATED, MONDAY AM",2026-05-25T19:00:00+00:00,,chart,3.7,,3-day $3.7M
2026-05-22,I Love Boosters,OPEN,D,1236918713,SATURDAY AM,2026-05-23T19:00:00+00:00,,chart,3.9,,3-day $3.9M
2026-05-22,I Love Boosters,OPEN,D,1236918713,FRIDAY AFTERNOON,2026-05-23T00:00:00+00:00,,text2,5.0,,"today/previews, $4M 3-day, $5M"
2026-05-22,I Love Boosters,OPEN,V,1236757827,Box Office: ‘Mandalorian and Grogu’ Lifts Off With $102 Million Over M,2026-05-24T15:10:17+00:00,2026-05-25T01:17:59+00:00,text,8.7,," five. ""Passenger"" opened at No. 6 with $8.7 million over the weekend"
2026-05-22,I Love Boosters,OPEN,V,1236757827,Box Office: ‘Mandalorian and Grogu’ Lifts Off With $102 Million Over M,2026-05-24T15:10:17+00:00,2026-05-25T01:17:59+00:00,text,4.8,, through Monday. The R-rated film added $4.8 million overseas for a global start
2026-05-22,I Love Boosters,OPEN,V,1236757827,Box Office: ‘Mandalorian and Grogu’ Lifts Off With $102 Million Over M,2026-05-24T15:10:17+00:00,2026-05-25T01:17:59+00:00,text2,10.5,,.7 million over the weekend and an estimated $10.5 m
2026-05-22,I Love Boosters,OPEN,V,1236757827,Box Office: ‘Mandalorian and Grogu’ Lifts Off With $102 Million Over M,2026-05-24T15:10:17+00:00,2026-05-25T01:17:59+00:00,text2,13.5,,erseas for a global start of $13.5 m
2026-05-22,I Love Boosters,OPEN,V,1236757827,Box Office: ‘Mandalorian and Grogu’ Lifts Off With $102 Million Over M,2026-05-24T15:10:17+00:00,2026-05-25T01:17:59+00:00,text,3.8,," Boosters"" debuted in eighth place with $3.8 million over the weekend"
2026-05-22,I Love Boosters,OPEN,V,1236757827,Box Office: ‘Mandalorian and Grogu’ Lifts Off With $102 Million Over M,2026-05-24T15:10:17+00:00,2026-05-25T01:17:59+00:00,text2,3.8,,"I Love Boosters"" debuted in eighth place with $3.8 m"
2026-05-22,I Love Boosters,OPEN,V,1236757827,Box Office: ‘Mandalorian and Grogu’ Lifts Off With $102 Million Over M,2026-05-24T15:10:17+00:00,2026-05-25T01:17:59+00:00,text2,4.7,,.8 million over the weekend and an estimated $4.7 m
2026-05-22,Michael,NTH,D,1236918713,"UPDATED, MONDAY AM",2026-05-25T19:00:00+00:00,,chart,81.0,,3-day $81M
2026-05-22,Michael,NTH,D,1236918713,"UPDATED, MONDAY AM",2026-05-25T19:00:00+00:00,,chart,20.7,,3-day $20.7M
2026-05-22,Michael,NTH,D,1236918713,"UPDATED, SUNDAY, 12",2026-05-25T06:59:00+00:00,,text2,209.0,,day. A Memorial Day weekend that's well north of $209M
2026-05-22,Michael,NTH,D,1236918713,SATURDAY AM,2026-05-23T19:00:00+00:00,,text,788.8,,"nd the globe, where he's nearing $800M ($788.8M by EOD Monday) with fifth"
2026-05-22,Michael,NTH,D,1236918713,SATURDAY AM,2026-05-23T19:00:00+00:00,,text,18.5,,by EOD Monday) with fifth frame take of $18.5M over 3-day
2026-05-22,Michael,NTH,D,1236918713,SATURDAY AM,2026-05-23T19:00:00+00:00,,text2,23.6,,"take of $18.5M over 3-days (excellent -29% hold), and $23.6M"
2026-05-22,Michael,NTH,D,1236918713,SATURDAY AM,2026-05-23T19:00:00+00:00,,chart,18.5,,3-day $18.5M
2026-05-22,Michael,NTH,D,1236918713,FRIDAY AFTERNOON,2026-05-23T00:00:00+00:00,,text2,17.0,,ion with an amazing 3-day hold of -1% or $17M
2026-05-22,Michael,NTH,V,1236757827,Box Office: ‘Mandalorian and Grogu’ Lifts Off With $102 Million Over M,2026-05-24T15:10:17+00:00,2026-05-25T01:17:59+00:00,text2,221.0,,"ael."" This four-day weekend delivered $221 m"
2026-05-22,Michael,NTH,V,1236757827,Box Office: ‘Mandalorian and Grogu’ Lifts Off With $102 Million Over M,2026-05-24T15:10:17+00:00,2026-05-25T01:17:59+00:00,text,20.0,,ate's Michael Jackson biopic brought in $20 million over the weekend
2026-05-22,Michael,NTH,V,1236757827,Box Office: ‘Mandalorian and Grogu’ Lifts Off With $102 Million Over M,2026-05-24T15:10:17+00:00,2026-05-25T01:17:59+00:00,text2,25.7,,20 million over the weekend and an estimated $25.7 m
2026-05-22,Michael,NTH,V,1236757827,Box Office: ‘Mandalorian and Grogu’ Lifts Off With $102 Million Over M,2026-05-24T15:10:17+00:00,2026-05-25T01:17:59+00:00,text,20.0,,Michael Jackson biopic brought in $20 million over the weekend
2026-05-22,Michael,NTH,V,1236757827,Box Office: ‘Mandalorian and Grogu’ Lifts Off With $102 Million Over M,2026-05-24T15:10:17+00:00,2026-05-25T01:17:59+00:00,text2,25.7,,20 million over the weekend and an estimated $25.7 m
2026-05-22,Michael,NTH,V,1236757827,Box Office: ‘Mandalorian and Grogu’ Lifts Off With $102 Million Over M,2026-05-24T15:10:17+00:00,2026-05-25T01:17:59+00:00,text2,911.0,,"illion globally. It should soon outpace 2018's ""Bohemian Rhapsody"" ($911 m"
2026-05-22,Michael,NTH,V,1236757827,Box Office: ‘Mandalorian and Grogu’ Lifts Off With $102 Million Over M,2026-05-24T15:10:17+00:00,2026-05-25T01:17:59+00:00,text2,911.0,,"illion globally. It should soon outpace 2018's ""Bohemian Rhapsody"" ($911 m"
2026-05-22,The Devil Wears Prada 2,NTH,D,1236918713,"UPDATED, MONDAY AM",2026-05-25T19:00:00+00:00,,chart,12.7,,3-day $12.7M
2026-05-22,The Devil Wears Prada 2,NTH,D,1236918713,SATURDAY AM,2026-05-23T19:00:00+00:00,,chart,11.3,,3-day $11.3M
2026-05-22,The Devil Wears Prada 2,NTH,D,1236918713,FRIDAY AFTERNOON,2026-05-23T00:00:00+00:00,,text2,13.0,14.0,"M Friday, $10M-$11M 3-day, -37% to -43%, and $13M-$14M"
2026-05-22,The Devil Wears Prada 2,NTH,V,1236757827,Box Office: ‘Mandalorian and Grogu’ Lifts Off With $102 Million Over M,2026-05-24T15:10:17+00:00,2026-05-25T01:17:59+00:00,text,12.6,,"s Prada 2"" dropped to fourth place with $12.6 million over the weekend"
2026-05-22,The Devil Wears Prada 2,NTH,V,1236757827,Box Office: ‘Mandalorian and Grogu’ Lifts Off With $102 Million Over M,2026-05-24T15:10:17+00:00,2026-05-25T01:17:59+00:00,text2,16.5,,.6 million over the weekend and a projected $16.5 m
2026-05-29,Backrooms,OPEN,D,1236929953,SUNDAY AM,2026-05-31T19:00:00+00:00,,text2,22.0,,ker to have a No. 1 opening was Josh Trank at 27 for 2011's Chronicle ($22M
2026-05-29,Backrooms,OPEN,D,1236929953,SUNDAY AM,2026-05-31T19:00:00+00:00,,text2,0.151,,k still the highest grossing venue for the pic with more than $151K
2026-05-29,Backrooms,OPEN,D,1236929953,SUNDAY AM,2026-05-31T19:00:00+00:00,,chart,81.4,,3-day $81.4M
2026-05-29,Backrooms,OPEN,D,1236929953,SATURDAY AM,2026-05-30T19:00:00+00:00,,text2,85.0,88.0,4M on its way to an opening between $85M-$88M
2026-05-29,Backrooms,OPEN,D,1236929953,SATURDAY AM,2026-05-30T19:00:00+00:00,,text,36.0,,"urrent offshore outlook is an estimated $36M , meaning a global start"
2026-05-29,Backrooms,OPEN,D,1236929953,SATURDAY AM,2026-05-30T19:00:00+00:00,,text2,121.0,124.0," , meaning a global start between $121M-$124M"
2026-05-29,Backrooms,OPEN,D,1236929953,SATURDAY AM,2026-05-30T19:00:00+00:00,,text,36.0,,"urrent offshore outlook is an estimated $36M , meaning a global start"
2026-05-29,Backrooms,OPEN,D,1236929953,SATURDAY AM,2026-05-30T19:00:00+00:00,,text2,121.0,124.0," , meaning a global start between $121M-$124M"
2026-05-29,Backrooms,OPEN,D,1236929953,SATURDAY AM,2026-05-30T19:00:00+00:00,,text2,0.093,,ountry with the top grossing venue being the AMC Burbank in LA with $93K
2026-05-29,Backrooms,OPEN,D,1236929953,SATURDAY AM,2026-05-30T19:00:00+00:00,,text2,0.093,,ountry with the top grossing venue being the AMC Burbank in LA with $93K
2026-05-29,Backrooms,OPEN,D,1236929953,SATURDAY AM,2026-05-30T19:00:00+00:00,,text2,0.093,,ountry with the top grossing venue being the AMC Burbank in LA with $93K
2026-05-29,Backrooms,OPEN,D,1236929953,SATURDAY AM,2026-05-30T19:00:00+00:00,,chart,85.0,88.0,3-day $85M-$88M
2026-05-29,Backrooms,OPEN,V,1236759146,Box Office: A24’s ‘Backrooms’ Aims for Record $45 Million-Plus Opening,2026-05-27T14:54:35+00:00,2026-05-27T14:54:51+00:00,text,40.0,50.0,"rned-director Kane Parsons, should earn $40 million to $50 million in its opening"
2026-05-29,Backrooms,OPEN,V,1236759146,Box Office: A24’s ‘Backrooms’ Aims for Record $45 Million-Plus Opening,2026-05-27T14:54:35+00:00,2026-05-27T14:54:51+00:00,text2,40.0,,"ector Kane Parsons, should earn $40 m"
2026-05-29,Backrooms,OPEN,V,1236763355,"Box Office: ‘Backrooms’ Stuns With $81 Million Debut, ‘Obsession’ Has ",2026-05-31T14:51:34+00:00,2026-05-31T20:39:39+00:00,text,40.0,50.0,"tions, with early tracking suggesting a $40 million to $50 million domestic debut"
2026-05-29,Backrooms,OPEN,V,1236763407,‘Backrooms’ Box Office: 5 Takeaways After Kane Parsons’ Horror Hit Obl,2026-06-01T13:15:00+00:00,2026-06-02T14:09:17+00:00,text,118.0,,tions with $81 million domestically and $118 million worldwide in its opening
2026-05-29,Backrooms,OPEN,V,1236765336,LISTEN: ‘Backrooms’ and ‘Obsession’ Rattle the Box Office as Gen Z Emb,2026-06-01T20:15:00+00:00,2026-06-02T23:16:01+00:00,text2,118.0,,"ckrooms"" topped the weekend charts in its opening frame with an $118 m"
2026-05-29,Obsession,NTH,D,1236929953,SUNDAY AM,2026-05-31T19:00:00+00:00,,chart,26.4,,3-day $26.4M
2026-05-29,Obsession,NTH,D,1236929953,SATURDAY AM,2026-05-30T19:00:00+00:00,,text,28.5,," effect, +19% in its third weekend with $28.5M in second"
2026-05-29,Obsession,NTH,D,1236929953,SATURDAY AM,2026-05-30T19:00:00+00:00,,text2,28.5,,", +19% in its third weekend with $28.5M"
2026-05-29,Obsession,NTH,D,1236929953,SATURDAY AM,2026-05-30T19:00:00+00:00,,chart,28.5,,3-day $28.5M
2026-05-29,Obsession,NTH,D,1236929953,FRIDAY AFTERNOON UPDATE,2026-05-30T00:00:00+00:00,,text,100.0,," horror Obsession , which is going over $100M in its third"
2026-05-29,Obsession,NTH,D,1236929953,FRIDAY AFTERNOON UPDATE,2026-05-30T00:00:00+00:00,,chart,25.0,,3-day of $25M
2026-05-29,Obsession,NTH,V,1236761452,"Box Office: ‘Backrooms’ Makes $10.4 Million in Previews, Shattering A2",2026-05-29T14:50:43+00:00,2026-05-29T20:41:32+00:00,text,15.0,20.0,"Obsession"" is looking to make $15 million to $20 million in its third"
2026-05-29,Obsession,NTH,V,1236763355,"Box Office: ‘Backrooms’ Stuns With $81 Million Debut, ‘Obsession’ Has ",2026-05-31T14:51:34+00:00,2026-05-31T20:39:39+00:00,text,17.0,,lready up a stunning 39% from its solid $17 million debut
2026-05-29,Obsession,NTH,V,1236763355,"Box Office: ‘Backrooms’ Stuns With $81 Million Debut, ‘Obsession’ Has ",2026-05-31T14:51:34+00:00,2026-05-31T20:39:39+00:00,text,17.0,,lready up a stunning 39% from its solid $17 million debut
2026-05-29,Obsession,NTH,V,1236763355,"Box Office: ‘Backrooms’ Stuns With $81 Million Debut, ‘Obsession’ Has ",2026-05-31T14:51:34+00:00,2026-05-31T20:39:39+00:00,text2,106.0,,"Obsession"" has grossed $106 m"
2026-05-29,The Breadwinner,OPEN,D,1236929953,SUNDAY AM,2026-05-31T19:00:00+00:00,,chart,7.5,,3-day $7.5M
2026-05-29,The Breadwinner,OPEN,D,1236929953,SATURDAY AM,2026-05-30T19:00:00+00:00,,text,7.5,,Breadwinner ( $7.5M in fifth
2026-05-29,The Breadwinner,OPEN,D,1236929953,SATURDAY AM,2026-05-30T19:00:00+00:00,,chart,7.5,,3-day $7.5M
2026-05-29,The Breadwinner,OPEN,D,1236929953,FRIDAY AFTERNOON UPDATE,2026-05-30T00:00:00+00:00,,text,5.0,,l's WWII movie Pressure is looking at a $5M opening
2026-05-29,The Breadwinner,OPEN,D,1236929953,FRIDAY AFTERNOON UPDATE,2026-05-30T00:00:00+00:00,,text2,5.0,,I movie Pressure is looking at a $5M
2026-05-29,The Breadwinner,OPEN,D,1236929953,FRIDAY AFTERNOON UPDATE,2026-05-30T00:00:00+00:00,,text2,2.4,,is looking at a $5M opening after a $2.4M
2026-05-29,The Breadwinner,OPEN,V,1236761452,"Box Office: ‘Backrooms’ Makes $10.4 Million in Previews, Shattering A2",2026-05-29T14:50:43+00:00,2026-05-29T20:41:32+00:00,text2,8.0,, which is aiming to debut with $8 m
2026-05-29,The Mandalorian and Grogu,NTH,D,1236929953,SUNDAY AM,2026-05-31T19:00:00+00:00,,text,53.0,,Mandalorian and Grogu charted a $53M WW second
2026-05-29,The Mandalorian and Grogu,NTH,D,1236929953,SUNDAY AM,2026-05-31T19:00:00+00:00,,text,7.4,,x in its second weekend which pulled in $7.4M global this weekend
2026-05-29,The Mandalorian and Grogu,NTH,D,1236929953,SUNDAY AM,2026-05-31T19:00:00+00:00,,text2,7.4,, Imax in its second weekend which pulled in $7.4M
2026-05-29,The Mandalorian and Grogu,NTH,D,1236929953,SUNDAY AM,2026-05-31T19:00:00+00:00,,text2,3.5,,n $7.4M global this weekend/$3.5M
2026-05-29,The Mandalorian and Grogu,NTH,D,1236929953,SUNDAY AM,2026-05-31T19:00:00+00:00,,chart,25.0,,3-day $25M
2026-05-29,The Mandalorian and Grogu,NTH,D,1236929953,SATURDAY AM,2026-05-30T19:00:00+00:00,,text,81.6,,"d Grogu last weekend ($33.7M first day, $81.6M 3-day"
2026-05-29,The Mandalorian and Grogu,NTH,D,1236929953,SATURDAY AM,2026-05-30T19:00:00+00:00,,text2,33.7,,rian and Grogu last weekend ($33.7M
2026-05-29,The Mandalorian and Grogu,NTH,D,1236929953,SATURDAY AM,2026-05-30T19:00:00+00:00,,text,25.0,,"g a big fall, -69%, maybe steeper, with $25M in weekend"
2026-05-29,The Mandalorian and Grogu,NTH,D,1236929953,SATURDAY AM,2026-05-30T19:00:00+00:00,,text,25.0,,"g a big fall, -69%, maybe steeper, with $25M in weekend"
2026-05-29,The Mandalorian and Grogu,NTH,D,1236929953,SATURDAY AM,2026-05-30T19:00:00+00:00,,chart,25.0,,3-day $25M
2026-05-29,The Mandalorian and Grogu,NTH,D,1236929953,FRIDAY AFTERNOON UPDATE,2026-05-30T00:00:00+00:00,,text2,24.0,,"e force of Imax, is eyeing third with a second weekend of $24M"
2026-05-29,The Mandalorian and Grogu,NTH,D,1236929953,FRIDAY AFTERNOON UPDATE,2026-05-30T00:00:00+00:00,,text2,29.3,,"ars Story 's second weekend, which was down by 65% with $29.3M"
2026-05-29,The Mandalorian and Grogu,NTH,D,1236929953,FRIDAY AFTERNOON UPDATE,2026-05-30T00:00:00+00:00,,text2,13.0,16.0,rth place and sixth weekend take of $13M-$16M
2026-05-29,The Mandalorian and Grogu,NTH,V,1236761452,"Box Office: ‘Backrooms’ Makes $10.4 Million in Previews, Shattering A2",2026-05-29T14:50:43+00:00,2026-05-29T20:41:32+00:00,text,40.0,,"d Grogu"" is also looking to make around $40 million in its second"
2026-06-05,Backrooms,NTH,D,1236941701,SUNDAY AM,2026-06-07T19:00:00+00:00,,chart,25.9,,3-day $25.9M
2026-06-05,Backrooms,NTH,D,1236941701,SATURDAY AM UPDATE,2026-06-06T19:00:00+00:00,,text,25.7,,riday of $7.9M in what's looking like a $25.7M second
2026-06-05,Backrooms,NTH,D,1236941701,SATURDAY AM UPDATE,2026-06-06T19:00:00+00:00,,text,24.8,,"Backrooms with $24.8M , -9%; again the best fourth"
2026-06-05,Backrooms,NTH,D,1236941701,SATURDAY AM UPDATE,2026-06-06T19:00:00+00:00,,chart,25.7,,3-day $25.7M
2026-06-05,Backrooms,NTH,D,1236941701,FRIDAY AFTERNOON UPDATE,2026-06-06T00:00:00+00:00,,text,8.5,," at 3,565 locations is currently seeing $8.5M today and a second"
2026-06-05,Backrooms,NTH,D,1236941701,FRIDAY AFTERNOON UPDATE,2026-06-06T00:00:00+00:00,,text2,26.5,, today and a second weekend around $26.5M
2026-06-05,Backrooms,NTH,D,1236941701,FRIDAY AFTERNOON UPDATE,2026-06-06T00:00:00+00:00,,text,8.5,," at 3,565 locations is currently seeing $8.5M today and a second"
2026-06-05,Backrooms,NTH,D,1236941701,FRIDAY AFTERNOON UPDATE,2026-06-06T00:00:00+00:00,,text2,26.5,, today and a second weekend around $26.5M
2026-06-05,Backrooms,NTH,D,1236942792,SUNDAY UPDATE,2026-06-08T06:59:00+00:00,,text,25.9,,cond frame of $50.1M at 52 territories ($25.9M second
2026-06-05,Backrooms,NTH,D,1236942792,SUNDAY UPDATE,2026-06-08T06:59:00+00:00,,text,3.0,,"oadly commercial in the UK, bringing in $3M over the weekend"
2026-06-05,Backrooms,NTH,D,1236942792,SUNDAY UPDATE,2026-06-08T06:59:00+00:00,,text,3.0,,"oadly commercial in the UK, bringing in $3M over the weekend"
2026-06-05,Backrooms,NTH,D,1236942792,SUNDAY UPDATE,2026-06-08T06:59:00+00:00,,text2,7.9,,ecome A24's highest grossing title in the territory with $7.9M
2026-06-05,Backrooms,NTH,D,1236942792,SATURDAY AM EXCLUSIVE,2026-06-06T19:00:00+00:00,,text2,191.2,,"ing movie ever this weekend, if not by Monday, overtaking the $191.2M"
2026-06-05,Backrooms,NTH,D,1236942792,SATURDAY AM EXCLUSIVE,2026-06-06T19:00:00+00:00,,text2,134.8,,cume by tomorrow is expected to be $134.8M
2026-06-05,Backrooms,NTH,D,1236942792,SATURDAY AM EXCLUSIVE,2026-06-06T19:00:00+00:00,,text2,185.0,,$50.3M (with global expected to be north of $185M
2026-06-05,Backrooms,NTH,D,1236942792,SATURDAY AM EXCLUSIVE,2026-06-06T19:00:00+00:00,,text,888.0,, summer: Lionsgate's Michael will cross $888M worldwide this weekend
2026-06-05,Backrooms,NTH,V,1236767709,"Box Office: ‘Scary Movie’ Makes $7.7 Million in Previews, ‘Masters of ",2026-06-05T14:29:18+00:00,2026-06-05T22:30:16+00:00,text,48.0,50.0,"Backrooms,"" which is targeting $48 million to $50 million in its second"
2026-06-05,Backrooms,NTH,V,1236768580,Box Office: ‘Scary Movie’ Starts Strong With $24.7 Million on Friday; ,2026-06-06T16:03:34+00:00,2026-06-06T16:48:19+00:00,text,7.9,,"Backrooms"" landed at No. 3 with $7.9 million domestic on its second"
2026-06-05,Backrooms,NTH,V,1236768580,Box Office: ‘Scary Movie’ Starts Strong With $24.7 Million on Friday; ,2026-06-06T16:03:34+00:00,2026-06-06T16:48:19+00:00,text,81.5,,. After shattering expectations with an $81.5 million opening
2026-06-05,Backrooms,NTH,V,1236768580,Box Office: ‘Scary Movie’ Starts Strong With $24.7 Million on Friday; ,2026-06-06T16:03:34+00:00,2026-06-06T16:48:19+00:00,text2,25.0,,old Kane Parsons is expected to add another $25 m
2026-06-05,Backrooms,NTH,V,1236765638,"Box Office: ‘Scary Movie’ Scores Franchise-Best $55 Million Opening, ‘",2026-06-07T14:50:25+00:00,2026-06-07T22:42:41+00:00,text2,25.9,,"ilm had such a huge opening, even a steep drop amounted to a stellar $25.9 m"
2026-06-05,Masters of the Universe,OPEN,D,1236941701,SUNDAY AM,2026-06-07T19:00:00+00:00,,chart,29.3,,3-day $29.3M
2026-06-05,Masters of the Universe,OPEN,D,1236941701,SATURDAY AM UPDATE,2026-06-06T19:00:00+00:00,,chart,30.1,,3-day $30.1M
2026-06-05,Masters of the Universe,OPEN,V,1236764859,Box Office: ‘Scary Movie’ Battles ‘Backrooms’ for No. 1 With $45 Milli,2026-06-03T13:20:09+00:00,2026-06-03T19:15:51+00:00,text,30.0,35.0, He-Man. The PG-13 movie is targeting a $30 million to $35 million start
2026-06-05,Masters of the Universe,OPEN,V,1236767709,"Box Office: ‘Scary Movie’ Makes $7.7 Million in Previews, ‘Masters of ",2026-06-05T14:29:18+00:00,2026-06-05T22:30:16+00:00,text2,4.4,,"e Universe"" is also opening this weekend and made $4.4 m"
2026-06-05,Masters of the Universe,OPEN,V,1236768580,Box Office: ‘Scary Movie’ Starts Strong With $24.7 Million on Friday; ,2026-06-06T16:03:34+00:00,2026-06-06T16:48:19+00:00,text2,200.0,,"ay, which is a slow start considering the $200 m"
2026-06-05,Masters of the Universe,OPEN,V,1236765638,"Box Office: ‘Scary Movie’ Scores Franchise-Best $55 Million Opening, ‘",2026-06-07T14:50:25+00:00,2026-06-07T22:42:41+00:00,text2,54.0,,arkets for a global start of $54 m
2026-06-05,Obsession,NTH,D,1236941701,SUNDAY AM,2026-06-07T19:00:00+00:00,,chart,25.6,,3-day $25.6M
2026-06-05,Obsession,NTH,D,1236941701,SATURDAY AM UPDATE,2026-06-06T19:00:00+00:00,,chart,24.8,,3-day $24.8M
2026-06-05,Obsession,NTH,D,1236941701,FRIDAY AFTERNOON UPDATE,2026-06-06T00:00:00+00:00,,chart,24.8,,3-day of $24.8M
2026-06-05,Obsession,NTH,D,1236941701,FRIDAY AFTERNOON UPDATE,2026-06-06T00:00:00+00:00,,chart,24.8,,3-day of $24.8M
2026-06-05,Obsession,NTH,V,1236764859,Box Office: ‘Scary Movie’ Battles ‘Backrooms’ for No. 1 With $45 Milli,2026-06-03T13:20:09+00:00,2026-06-03T19:15:51+00:00,text,150.0,,ng up $105 million in North America and $150 million globally after three weekend
2026-06-05,Obsession,NTH,V,1236768580,Box Office: ‘Scary Movie’ Starts Strong With $24.7 Million on Friday; ,2026-06-06T16:03:34+00:00,2026-06-06T16:48:19+00:00,text2,17.0,, in theaters. After opening to $17 m
2026-06-05,Obsession,NTH,V,1236768580,Box Office: ‘Scary Movie’ Starts Strong With $24.7 Million on Friday; ,2026-06-06T16:03:34+00:00,2026-06-06T16:48:19+00:00,text2,116.0,,horror thriller has grossed more than $116 m
2026-06-05,Obsession,NTH,V,1236768580,Box Office: ‘Scary Movie’ Starts Strong With $24.7 Million on Friday; ,2026-06-06T16:03:34+00:00,2026-06-06T16:48:19+00:00,text2,24.0,," Sunday, ""Obession"" should make another $24 m"
2026-06-05,Obsession,NTH,V,1236765638,"Box Office: ‘Scary Movie’ Scores Franchise-Best $55 Million Opening, ‘",2026-06-07T14:50:25+00:00,2026-06-07T22:42:41+00:00,text,200.0,,lion in North America and will pass the $200 million mark globally this weekend
2026-06-05,Scary Movie,OPEN,D,1236941701,SUNDAY AM,2026-06-07T19:00:00+00:00,,chart,55.0,,3-day $55M
2026-06-05,Scary Movie,OPEN,D,1236941701,SATURDAY AM UPDATE,2026-06-06T19:00:00+00:00,,text,56.0,,"ll kick the Wayans Brothers movie up to $56M , again the best ever opening"
2026-06-05,Scary Movie,OPEN,D,1236941701,SATURDAY AM UPDATE,2026-06-06T19:00:00+00:00,,text2,0.071,,ing single-location gross at $71K
2026-06-05,Scary Movie,OPEN,D,1236941701,SATURDAY AM UPDATE,2026-06-06T19:00:00+00:00,,chart,56.0,,3-day $56M
2026-06-05,Scary Movie,OPEN,D,1236941701,FRIDAY AFTERNOON UPDATE,2026-06-06T00:00:00+00:00,,text2,52.7,,und for a franchise opening record of $52.7M
2026-06-05,Scary Movie,OPEN,D,1236941701,FRIDAY AFTERNOON UPDATE,2026-06-06T00:00:00+00:00,,text,112.8,,kend of the year is higher than 2025's ($112.8M) and 2024's 3-day
2026-06-05,Scary Movie,OPEN,D,1236941701,FRIDAY AFTERNOON UPDATE,2026-06-06T00:00:00+00:00,,text2,140.0,," one.'"" The overall weekend looks to file in well north of $140M+"
2026-06-05,Scary Movie,OPEN,D,1236941701,FRIDAY AFTERNOON UPDATE,2026-06-06T00:00:00+00:00,,text2,112.8,, which for the 23rd weekend of the year is higher than 2025's ($112.8M
2026-06-05,Scary Movie,OPEN,V,1236767709,"Box Office: ‘Scary Movie’ Makes $7.7 Million in Previews, ‘Masters of ",2026-06-05T14:29:18+00:00,2026-06-05T22:30:16+00:00,text,40.0,, in previews. Paramount is projecting a $40 million opening
2026-06-05,Scary Movie,OPEN,V,1236767709,"Box Office: ‘Scary Movie’ Makes $7.7 Million in Previews, ‘Masters of ",2026-06-05T14:29:18+00:00,2026-06-05T22:30:16+00:00,text2,7.7,,tting theaters this weekend and has made $7.7 m
2026-06-05,Scary Movie,OPEN,V,1236767709,"Box Office: ‘Scary Movie’ Makes $7.7 Million in Previews, ‘Masters of ",2026-06-05T14:29:18+00:00,2026-06-05T22:30:16+00:00,text2,40.0,,views. Paramount is projecting a $40 m
2026-06-05,Scary Movie,OPEN,V,1236767709,"Box Office: ‘Scary Movie’ Makes $7.7 Million in Previews, ‘Masters of ",2026-06-05T14:29:18+00:00,2026-06-05T22:30:16+00:00,text,40.0,, in previews. Paramount is projecting a $40 million opening
2026-06-05,Scary Movie,OPEN,V,1236767709,"Box Office: ‘Scary Movie’ Makes $7.7 Million in Previews, ‘Masters of ",2026-06-05T14:29:18+00:00,2026-06-05T22:30:16+00:00,text2,7.7,,tting theaters this weekend and has made $7.7 m
2026-06-05,Scary Movie,OPEN,V,1236767709,"Box Office: ‘Scary Movie’ Makes $7.7 Million in Previews, ‘Masters of ",2026-06-05T14:29:18+00:00,2026-06-05T22:30:16+00:00,text2,40.0,,views. Paramount is projecting a $40 m
2026-06-05,Scary Movie,OPEN,V,1236768580,Box Office: ‘Scary Movie’ Starts Strong With $24.7 Million on Friday; ,2026-06-06T16:03:34+00:00,2026-06-06T16:48:19+00:00,text2,24.7,,"'s ""Scary Movie 2,"" grossed $24.7 m"
2026-06-05,Scary Movie,OPEN,V,1236768580,Box Office: ‘Scary Movie’ Starts Strong With $24.7 Million on Friday; ,2026-06-06T16:03:34+00:00,2026-06-06T16:48:19+00:00,text2,24.7,,"'s ""Scary Movie 2,"" grossed $24.7 m"
2026-06-05,Scary Movie,OPEN,V,1236768580,Box Office: ‘Scary Movie’ Starts Strong With $24.7 Million on Friday; ,2026-06-06T16:03:34+00:00,2026-06-06T16:48:19+00:00,text2,56.0,,nt horror-comedy is expected to make $56 m
2026-06-05,Scary Movie,OPEN,V,1236768580,Box Office: ‘Scary Movie’ Starts Strong With $24.7 Million on Friday; ,2026-06-06T16:03:34+00:00,2026-06-06T16:48:19+00:00,text2,24.7,,"Scary Movie 2,"" grossed $24.7 m"
2026-06-05,Scary Movie,OPEN,V,1236768580,Box Office: ‘Scary Movie’ Starts Strong With $24.7 Million on Friday; ,2026-06-06T16:03:34+00:00,2026-06-06T16:48:19+00:00,text2,56.0,,nt horror-comedy is expected to make $56 m
2026-06-05,Scary Movie,OPEN,V,1236768580,Box Office: ‘Scary Movie’ Starts Strong With $24.7 Million on Friday; ,2026-06-06T16:03:34+00:00,2026-06-06T16:48:19+00:00,text2,49.7,,"ary Movie 4,"" which debuted to $49.7 m"
2026-06-05,Scary Movie,OPEN,V,1236768580,Box Office: ‘Scary Movie’ Starts Strong With $24.7 Million on Friday; ,2026-06-06T16:03:34+00:00,2026-06-06T16:48:19+00:00,text2,49.7,,"ary Movie 4,"" which debuted to $49.7 m"
2026-06-05,Scary Movie,OPEN,V,1236768580,Box Office: ‘Scary Movie’ Starts Strong With $24.7 Million on Friday; ,2026-06-06T16:03:34+00:00,2026-06-06T16:48:19+00:00,text2,49.7,,"ary Movie 4,"" which debuted to $49.7 m"
2026-06-05,Scary Movie,OPEN,V,1236765638,"Box Office: ‘Scary Movie’ Scores Franchise-Best $55 Million Opening, ‘",2026-06-07T14:50:25+00:00,2026-06-07T22:42:41+00:00,text,55.0,,"ary Movie"" ruled at the box office with $55 million in its opening"
2026-06-05,Scary Movie,OPEN,V,1236765638,"Box Office: ‘Scary Movie’ Scores Franchise-Best $55 Million Opening, ‘",2026-06-07T14:50:25+00:00,2026-06-07T22:42:41+00:00,text2,105.5,, the largest global start for the series with $105.5 m
2026-06-05,Scary Movie,OPEN,V,1236765638,"Box Office: ‘Scary Movie’ Scores Franchise-Best $55 Million Opening, ‘",2026-06-07T14:50:25+00:00,2026-06-07T22:42:41+00:00,text2,105.5,, the largest global start for the series with $105.5 m
2026-06-05,The Amazing Digital Circus: The Last Act,OPEN,D,1236941701,SUNDAY AM,2026-06-07T19:00:00+00:00,,text2,183.2,,best post Covid for weekend 23 with a near $183.2M
2026-06-05,The Amazing Digital Circus: The Last Act,OPEN,D,1236941701,SUNDAY AM,2026-06-07T19:00:00+00:00,,chart,12.7,,3-day $12.7M
2026-06-05,The Amazing Digital Circus: The Last Act,OPEN,D,1236941701,SATURDAY AM UPDATE,2026-06-06T19:00:00+00:00,,text,4.3,,g Digital Circus: The Last Act posted a $4.3M second
2026-06-05,The Amazing Digital Circus: The Last Act,OPEN,D,1236941701,SATURDAY AM UPDATE,2026-06-06T19:00:00+00:00,,chart,14.0,,3-day $14M
2026-06-05,The Amazing Digital Circus: The Last Act,OPEN,D,1236941701,FRIDAY AFTERNOON UPDATE,2026-06-06T00:00:00+00:00,,chart,13.0,,3-day of $13M
2026-06-05,The Amazing Digital Circus: The Last Act,OPEN,D,1236941701,FRIDAY AFTERNOON UPDATE,2026-06-06T00:00:00+00:00,,text2,15.0,18.0,us heading into the weekend was in the $15M-$18M
2026-06-05,The Amazing Digital Circus: The Last Act,OPEN,V,1236768580,Box Office: ‘Scary Movie’ Starts Strong With $24.7 Million on Friday; ,2026-06-06T16:03:34+00:00,2026-06-06T16:48:19+00:00,text,14.1,,Friday and is expected to pull in about $14.1 million through the weekend
2026-06-05,The Amazing Digital Circus: The Last Act,OPEN,V,1236768580,Box Office: ‘Scary Movie’ Starts Strong With $24.7 Million on Friday; ,2026-06-06T16:03:34+00:00,2026-06-06T16:48:19+00:00,text2,14.1,,ic on Friday and is expected to pull in about $14.1 m
2026-06-05,The Amazing Digital Circus: The Last Act,OPEN,V,1236765638,"Box Office: ‘Scary Movie’ Scores Franchise-Best $55 Million Opening, ‘",2026-06-07T14:50:25+00:00,2026-06-07T22:42:41+00:00,text,10.0,,"lorian and Grogu"" took sixth place with $10 million in its third"
2026-06-12,Backrooms,NTH,D,1236954426,SUNDAY AM,2026-06-14T19:00:00+00:00,,chart,11.26,,3-day $11.26M
2026-06-12,Backrooms,NTH,D,1236954426,SATURDAY AM,2026-06-13T19:00:00+00:00,,chart,12.0,,3-day $12M
2026-06-12,Backrooms,NTH,D,1236954426,FRIDAY MIDDAY,2026-06-13T00:00:00+00:00,,chart,12.4,,3-day $12.4M
2026-06-12,Backrooms,NTH,V,1236780872,"Box Office: Spielberg’s ‘Disclosure Day’ Opens to $44 Million, ‘Master",2026-06-14T15:04:24+00:00,2026-06-14T18:24:20+00:00,text2,160.0,,"m Kane Parsons, has grossed $160 m"
2026-06-12,Disclosure Day,OPEN,D,1236954426,SUNDAY AM,2026-06-14T19:00:00+00:00,,chart,44.0,,3-day $44M
2026-06-12,Disclosure Day,OPEN,D,1236954426,SATURDAY AM,2026-06-13T19:00:00+00:00,,text,44.0,,etter than anticipated with an expected $44M domestic opening
2026-06-12,Disclosure Day,OPEN,D,1236954426,SATURDAY AM,2026-06-13T19:00:00+00:00,,text2,12.0,,more than the first weekend spends of Masters of the Universe ($12M
2026-06-12,Disclosure Day,OPEN,D,1236954426,SATURDAY AM,2026-06-13T19:00:00+00:00,,chart,44.0,,3-day $44M
2026-06-12,Disclosure Day,OPEN,D,1236954426,FRIDAY MIDDAY,2026-06-13T00:00:00+00:00,,text,42.5,,35 million at the domestic B.O.) with a $42.5M three-day
2026-06-12,Disclosure Day,OPEN,D,1236954426,FRIDAY MIDDAY,2026-06-13T00:00:00+00:00,,text2,18.5,,ter a Friday that's shaping up to be $18.5M
2026-06-12,Disclosure Day,OPEN,D,1236954426,FRIDAY MIDDAY,2026-06-13T00:00:00+00:00,,chart,42.5,,3-day $42.5M
2026-06-12,Disclosure Day,OPEN,D,1236954426,FRIDAY MIDDAY,2026-06-13T00:00:00+00:00,,text,65.0,,"nd Sunday. Again, the expectation was a $65M global start"
2026-06-12,Disclosure Day,OPEN,D,1236954426,FRIDAY AM UPDATE AFTER EXCLUSIVE,2026-06-12T19:00:00+00:00,,chart,42.0,,3-day of $42M
2026-06-12,Disclosure Day,OPEN,D,1236954426,FRIDAY AM UPDATE AFTER EXCLUSIVE,2026-06-12T19:00:00+00:00,,text2,30.0,,ow. Overall foreign opening is targeted at $30M+
2026-06-12,Disclosure Day,OPEN,D,1236955715,SUNDAY AM WRITE THROUGH,2026-06-14T19:00:00+00:00,,text,44.0,,t alone' really sticks. Together with a $44M North American start
2026-06-12,Disclosure Day,OPEN,D,1236955715,SUNDAY AM WRITE THROUGH,2026-06-14T19:00:00+00:00,,text,65.0,,e expectations respectively at $35M and $65M heading into this weekend
2026-06-12,Disclosure Day,OPEN,D,1236955715,SUNDAY AM WRITE THROUGH,2026-06-14T19:00:00+00:00,,text,3.9,,ment on and offline. Mexico delivered a $3.9M weekend
2026-06-12,Disclosure Day,OPEN,D,1236955715,SUNDAY AM WRITE THROUGH,2026-06-14T19:00:00+00:00,,text,2.9,, million impressions. Australia's No. 1 $2.9M opening
2026-06-12,Disclosure Day,OPEN,D,1236955715,PREVIOUS SATURDAY AM RESULTS,2026-06-13T19:00:00+00:00,,text2,1.0,,nd's business. The opening is looking like $1M
2026-06-12,Disclosure Day,OPEN,V,1236779679,Box Office: ‘Disclosure Day’ Makes $6.5 Million in Previews,2026-06-12T14:33:33+00:00,2026-06-12T15:04:18+00:00,text,35.0,,nd Amblin film is expected to open with $35 million at the box office this weekend
2026-06-12,Disclosure Day,OPEN,V,1236779679,Box Office: ‘Disclosure Day’ Makes $6.5 Million in Previews,2026-06-12T14:33:33+00:00,2026-06-12T15:04:18+00:00,text2,35.0,, and Amblin film is expected to open with $35 m
2026-06-12,Disclosure Day,OPEN,V,1236779679,Box Office: ‘Disclosure Day’ Makes $6.5 Million in Previews,2026-06-12T14:33:33+00:00,2026-06-12T15:04:18+00:00,text2,115.0,,the box office this weekend and comes with a $115 m
2026-06-12,Disclosure Day,OPEN,V,1236780872,"Box Office: Spielberg’s ‘Disclosure Day’ Opens to $44 Million, ‘Master",2026-06-14T15:04:24+00:00,2026-06-14T18:24:20+00:00,text2,92.9,,arkets for a global start of $92.9 m
2026-06-12,Obsession,NTH,D,1236954426,SUNDAY AM,2026-06-14T19:00:00+00:00,,chart,19.0,,3-day $19M
2026-06-12,Obsession,NTH,D,1236954426,SATURDAY AM,2026-06-13T19:00:00+00:00,,text,17.1,,Obsession (outside its $17.1M opening
2026-06-12,Obsession,NTH,D,1236954426,SATURDAY AM,2026-06-13T19:00:00+00:00,,text,20.0,,ening weekend) has had four out of five $20M+ weekend
2026-06-12,Obsession,NTH,D,1236954426,SATURDAY AM,2026-06-13T19:00:00+00:00,,text2,20.0,,(outside its $17.1M opening weekend) has had four out of five $20M+
2026-06-12,Obsession,NTH,D,1236954426,SATURDAY AM,2026-06-13T19:00:00+00:00,,text2,127.4,,see. All films this weekend are ringing up $127.4M
2026-06-12,Obsession,NTH,D,1236954426,SATURDAY AM,2026-06-13T19:00:00+00:00,,text2,127.4,,see. All films this weekend are ringing up $127.4M
2026-06-12,Obsession,NTH,D,1236954426,SATURDAY AM,2026-06-13T19:00:00+00:00,,text2,1.4,," Tanigaki, which is looking at $1.4M"
2026-06-12,Obsession,NTH,D,1236954426,SATURDAY AM,2026-06-13T19:00:00+00:00,,chart,21.0,,3-day $21M
2026-06-12,Obsession,NTH,D,1236954426,FRIDAY MIDDAY,2026-06-13T00:00:00+00:00,,chart,18.0,,3-day $18M
2026-06-12,Obsession,NTH,D,1236955715,SUNDAY AM WRITE THROUGH,2026-06-14T19:00:00+00:00,,text,6.7,,"$932.2M WW fueled by a Japan opening of $6.7M, the biggest opening"
2026-06-12,Obsession,NTH,D,1236955715,SUNDAY AM WRITE THROUGH,2026-06-14T19:00:00+00:00,,text2,6.7,,W fueled by a Japan opening of $6.7M
2026-06-12,Obsession,NTH,V,1236780872,"Box Office: Spielberg’s ‘Disclosure Day’ Opens to $44 Million, ‘Master",2026-06-14T15:04:24+00:00,2026-06-14T18:24:20+00:00,text,19.0,,inues to do unprecedented business with $19 million in its fifth
2026-06-12,Scary Movie,NTH,D,1236954426,SUNDAY AM,2026-06-14T19:00:00+00:00,,chart,14.5,,3-day $14.5M
2026-06-12,Scary Movie,NTH,D,1236954426,SATURDAY AM,2026-06-13T19:00:00+00:00,,chart,14.6,,3-day $14.6M
2026-06-12,Scary Movie,NTH,D,1236954426,FRIDAY MIDDAY,2026-06-13T00:00:00+00:00,,chart,15.2,,3-day $15.2M
2026-06-19,Disclosure Day,NTH,D,1236962629,SUNDAY AM,2026-06-21T19:00:00+00:00,,chart,17.0,,3-day $17M
2026-06-19,Disclosure Day,NTH,D,1236962629,SATURDAY AM,2026-06-20T19:00:00+00:00,,chart,17.2,,3-day $17.2M
2026-06-19,Disclosure Day,NTH,D,1236962629,FRIDAY AFTERNOON UPDATE,2026-06-20T00:00:00+00:00,,chart,16.5,,3-day $16.5M
2026-06-19,Disclosure Day,NTH,D,1236963295,SUNDAY AM,2026-06-21T19:00:00+00:00,,text,35.7,,Disclosure Day ( $35.7M WW second
2026-06-19,Disclosure Day,NTH,D,1236963295,SUNDAY AM,2026-06-21T19:00:00+00:00,,text2,160.4,," ( $35.7M WW second weekend, $160.4M"
2026-06-19,Disclosure Day,NTH,D,1236963295,SUNDAY AM,2026-06-21T19:00:00+00:00,,text,2.0,,Disclosure Day made $2M this weekend
2026-06-19,Disclosure Day,NTH,D,1236963295,SUNDAY AM,2026-06-21T19:00:00+00:00,,text2,7.4,,e Day made $2M this weekend to reach $7.4M
2026-06-19,Disclosure Day,NTH,D,1236963295,SUNDAY AM,2026-06-21T19:00:00+00:00,,text2,1.0,,Disclosure Day grossed $1M
2026-06-19,Disclosure Day,NTH,V,1236782521,Box Office: ‘Toy Story 5’ Eyes Record $150 Million-Plus Opening Weeken,2026-06-17T13:15:27+00:00,2026-06-17T13:15:43+00:00,text2,20.0,,"ch, which would put weekend sales around $20 m"
2026-06-19,Disclosure Day,NTH,V,1236786188,Box Office: ‘Toy Story 5’ Soars to $71 Million on Opening Day,2026-06-20T15:34:17+00:00,2026-06-20T18:19:48+00:00,text,17.2,,he alien conspiracy thriller should add $17.2 million (a 61% drop from last weekend
2026-06-19,Disclosure Day,NTH,V,1236786188,Box Office: ‘Toy Story 5’ Soars to $71 Million on Opening Day,2026-06-20T15:34:17+00:00,2026-06-20T18:19:48+00:00,text2,17.2,,conspiracy thriller should add $17.2 m
2026-06-19,Disclosure Day,NTH,V,1236786188,Box Office: ‘Toy Story 5’ Soars to $71 Million on Opening Day,2026-06-20T15:34:17+00:00,2026-06-20T18:19:48+00:00,text2,78.4,," 61% drop from last weekend), pushing its North American total to $78.4 m"
2026-06-19,Obsession,NTH,D,1236962629,SUNDAY AM,2026-06-21T19:00:00+00:00,,chart,14.2,,3-day $14.2M
2026-06-19,Obsession,NTH,D,1236962629,SATURDAY AM,2026-06-20T19:00:00+00:00,,chart,14.2,,3-day $14.2M
2026-06-19,Obsession,NTH,D,1236962629,FRIDAY AFTERNOON UPDATE,2026-06-20T00:00:00+00:00,,chart,13.1,,3-day $13.1M
2026-06-19,Obsession,NTH,D,1236963295,SUNDAY AM,2026-06-21T19:00:00+00:00,,text,25.1,,Obsession ( $25.1M WW sixth weekend
2026-06-19,Obsession,NTH,D,1236963295,SUNDAY AM,2026-06-21T19:00:00+00:00,,text,15.8,,"W cume ), and Paramount's Scary Movie ( $15.8M WW third"
2026-06-19,Obsession,NTH,D,1236963295,SUNDAY AM,2026-06-21T19:00:00+00:00,,text,5.4,,kend of $13.6M . Of that Japan counts a $5.4M second
2026-06-19,Obsession,NTH,D,1236963295,SUNDAY AM,2026-06-21T19:00:00+00:00,,text2,333.2,,"n ( $25.1M WW sixth weekend, $333.2M"
2026-06-19,Obsession,NTH,D,1236963295,SUNDAY AM,2026-06-21T19:00:00+00:00,,text2,13.6,,an estimated global weekend of $13.6M
2026-06-19,Obsession,NTH,D,1236963295,SUNDAY AM,2026-06-21T19:00:00+00:00,,text2,17.5,,unts a $5.4M second weekend for a running total of $17.5M
2026-06-19,Obsession,NTH,D,1236963295,SUNDAY AM,2026-06-21T19:00:00+00:00,,text2,14.2,,wishes with a sixth weekend of $14.2M
2026-06-19,Obsession,NTH,D,1236963295,SUNDAY AM,2026-06-21T19:00:00+00:00,,text2,92.9,,ritories which have grossed $92.9M
2026-06-19,Obsession,NTH,D,1236963295,SUNDAY AM,2026-06-21T19:00:00+00:00,,text2,0.4,, foreign haul). Uni openings included $400K
2026-06-19,Obsession,NTH,D,1236963295,SUNDAY AM,2026-06-21T19:00:00+00:00,,text2,14.2,,wishes with a sixth weekend of $14.2M
2026-06-19,Obsession,NTH,D,1236963295,SUNDAY AM,2026-06-21T19:00:00+00:00,,text2,92.9,,ritories which have grossed $92.9M
2026-06-19,Obsession,NTH,D,1236963295,SUNDAY AM,2026-06-21T19:00:00+00:00,,text2,0.4,, foreign haul). Uni openings included $400K
2026-06-19,Obsession,NTH,V,1236786188,Box Office: ‘Toy Story 5’ Soars to $71 Million on Opening Day,2026-06-20T15:34:17+00:00,2026-06-20T18:19:48+00:00,text,14.0,,"7 million on Friday, and should collect $14 million through the weekend"
2026-06-19,Obsession,NTH,V,1236786188,Box Office: ‘Toy Story 5’ Soars to $71 Million on Opening Day,2026-06-20T15:34:17+00:00,2026-06-20T18:19:48+00:00,text2,4.7,,kend in cinemas. It grossed $4.7 m
2026-06-19,Obsession,NTH,V,1236786188,Box Office: ‘Toy Story 5’ Soars to $71 Million on Opening Day,2026-06-20T15:34:17+00:00,2026-06-20T18:19:48+00:00,text2,14.0,,"lion on Friday, and should collect $14 m"
2026-06-19,The Death of Robin Hood,OPEN,D,1236962629,SUNDAY AM,2026-06-21T19:00:00+00:00,,chart,2.6,,3-day $ 2.6M
2026-06-19,The Death of Robin Hood,OPEN,D,1236962629,SATURDAY AM,2026-06-20T19:00:00+00:00,,chart,2.5,,3-day $ 2.5M
2026-06-19,The Death of Robin Hood,OPEN,D,1236962629,FRIDAY AFTERNOON UPDATE,2026-06-20T00:00:00+00:00,,chart,2.75,,3-day $2.75M
2026-06-19,The Death of Robin Hood,OPEN,V,1236786188,Box Office: ‘Toy Story 5’ Soars to $71 Million on Opening Day,2026-06-20T15:34:17+00:00,2026-06-20T18:19:48+00:00,text,1.1,,hed in eighth after making an estimated $1.1 million domestically on opening
2026-06-19,The Death of Robin Hood,OPEN,V,1236786188,Box Office: ‘Toy Story 5’ Soars to $71 Million on Opening Day,2026-06-20T15:34:17+00:00,2026-06-20T18:19:48+00:00,text2,2.5,,"eaters. Through the weekend, it should make off with about $2.5 m"
2026-06-19,Toy Story 5,OPEN,D,1236962629,SUNDAY AM,2026-06-21T19:00:00+00:00,,text,160.0,,"Toy Story 5 is coming in at $160M , still the best opening"
2026-06-19,Toy Story 5,OPEN,D,1236962629,SUNDAY AM,2026-06-21T19:00:00+00:00,,text,182.6,,eside behind Pixar's own Incredibles 2 ($182.6M) and the third
2026-06-19,Toy Story 5,OPEN,D,1236962629,SUNDAY AM,2026-06-21T19:00:00+00:00,,text2,312.0,,terms of the global start here at $312M
2026-06-19,Toy Story 5,OPEN,D,1236962629,SUNDAY AM,2026-06-21T19:00:00+00:00,,chart,160.0,,3-day $160M
2026-06-19,Toy Story 5,OPEN,D,1236962629,SATURDAY AM,2026-06-20T19:00:00+00:00,,text2,160.0,170.0,which did $96M. The 3-day guidance on Toy Story 5 stateside is still $160M-$170M
2026-06-19,Toy Story 5,OPEN,D,1236962629,SATURDAY AM,2026-06-20T19:00:00+00:00,,text2,0.235,,s the pic's highest grossing venue so far with more than $235K
2026-06-19,Toy Story 5,OPEN,D,1236962629,SATURDAY AM,2026-06-20T19:00:00+00:00,,chart,160.0,170.0,3-day $160M-$170M
2026-06-19,Toy Story 5,OPEN,D,1236962629,FRIDAY AFTERNOON UPDATE,2026-06-20T00:00:00+00:00,,chart,160.0,170.0,3-day $160M-$170M
2026-06-19,Toy Story 5,OPEN,D,1236963295,SUNDAY AM,2026-06-21T19:00:00+00:00,,text2,384.0,, Inside Out 2 which debuted to $384M
2026-06-19,Toy Story 5,OPEN,D,1236963295,SUNDAY AM,2026-06-21T19:00:00+00:00,,text,26.6,,"ritory outside the U.S. this weekend at $26.6M, and 2nd"
2026-06-19,Toy Story 5,OPEN,D,1236963295,SUNDAY AM,2026-06-21T19:00:00+00:00,,text2,26.6,,tside the U.S. this weekend at $26.6M
2026-06-19,Toy Story 5,OPEN,D,1236963295,SUNDAY AM,2026-06-21T19:00:00+00:00,,text,152.0,,Toy Story 5 did $160M domestic and $152M international in its opening
2026-06-19,Toy Story 5,OPEN,D,1236963295,SUNDAY AM,2026-06-21T19:00:00+00:00,,text2,302.0,,per Mario Galaxy 's weekend is at $302M
2026-06-19,Toy Story 5,OPEN,D,1236963295,SUNDAY AM,2026-06-21T19:00:00+00:00,,text,152.0,,"d. Overall, international start here of $152M is also the second"
2026-06-19,Toy Story 5,OPEN,D,1236963295,SUNDAY AM,2026-06-21T19:00:00+00:00,,text2,152.0,,"rall, international start here of $152M"
2026-06-19,Toy Story 5,OPEN,D,1236963295,SUNDAY AM,2026-06-21T19:00:00+00:00,,text2,55.2,,230M. Latin America grossed $55.2M
2026-06-19,Toy Story 5,OPEN,D,1236963295,SUNDAY AM,2026-06-21T19:00:00+00:00,,text,4.2,,nd) in Argentina with $5.4M. Colombia's $4.2M reps second
2026-06-19,Toy Story 5,OPEN,D,1236963295,SUNDAY AM,2026-06-21T19:00:00+00:00,,text,3.7,,th Peru and Uruguay). Central America's $3.7M take is the 2nd
2026-06-19,Toy Story 5,OPEN,D,1236963295,SUNDAY AM,2026-06-21T19:00:00+00:00,,text2,5.4,,ixar movie (and YTD weekend) in Argentina with $5.4M
2026-06-19,Toy Story 5,OPEN,D,1236963295,SUNDAY AM,2026-06-21T19:00:00+00:00,,text,18.0,,Toy Story 5 's No. 1 haul in China of $18M is the best YTD start
2026-06-19,Toy Story 5,OPEN,D,1236963295,SUNDAY AM,2026-06-21T19:00:00+00:00,,text,6.1,,d ahead of Toy Story 4 's $13M. Korea's $6.1M is also the best start
2026-06-19,Toy Story 5,OPEN,D,1236963295,SATURDAY AM,2026-06-20T19:00:00+00:00,,text2,275.0,, beat its worldwide opening forecast of $275M
2026-06-19,Toy Story 5,OPEN,D,1236963295,SATURDAY AM,2026-06-20T19:00:00+00:00,,text2,1.1,,saw its second best opening day of 2026 on Thursday with $1.1M
2026-06-19,Toy Story 5,OPEN,V,1236782521,Box Office: ‘Toy Story 5’ Eyes Record $150 Million-Plus Opening Weeken,2026-06-17T13:15:27+00:00,2026-06-17T13:15:43+00:00,text2,145.0,,hise is targeting a debut of $145 m
2026-06-19,Toy Story 5,OPEN,V,1236782521,Box Office: ‘Toy Story 5’ Eyes Record $150 Million-Plus Opening Weeken,2026-06-17T13:15:27+00:00,2026-06-17T13:15:43+00:00,text,120.0,,"l easily overtake 2019's ""Toy Story 4"" ($120 million debut"
2026-06-19,Toy Story 5,OPEN,V,1236782521,Box Office: ‘Toy Story 5’ Eyes Record $150 Million-Plus Opening Weeken,2026-06-17T13:15:27+00:00,2026-06-17T13:15:43+00:00,text,110.0,,"illion debut) and 2010's ""Toy Story 3"" ($110 million debut"
2026-06-19,Toy Story 5,OPEN,V,1236782521,Box Office: ‘Toy Story 5’ Eyes Record $150 Million-Plus Opening Weeken,2026-06-17T13:15:27+00:00,2026-06-17T13:15:43+00:00,text2,110.0,,"ry 4"" ($120 million debut) and 2010's ""Toy Story 3"" ($110 m"
2026-06-19,Toy Story 5,OPEN,V,1236782521,Box Office: ‘Toy Story 5’ Eyes Record $150 Million-Plus Opening Weeken,2026-06-17T13:15:27+00:00,2026-06-17T13:15:43+00:00,text2,135.0,,"Toy Story 5"" is expected to open to $135 m"
2026-06-19,Toy Story 5,OPEN,V,1236785315,"Box Office: ‘Toy Story 5’ Opens to $17.5 Million, Best Preview Perform",2026-06-19T14:56:08+00:00,2026-06-19T15:07:29+00:00,text,12.6,," of 2026 so far, surpassing ""Michael's"" $12.6 million haul, as well as the second"
2026-06-19,Toy Story 5,OPEN,V,1236785315,"Box Office: ‘Toy Story 5’ Opens to $17.5 Million, Best Preview Perform",2026-06-19T14:56:08+00:00,2026-06-19T15:07:29+00:00,text,145.0,150.0,"Toy Story 5"" is on track to make $145 million to $150 million this weekend"
2026-06-19,Toy Story 5,OPEN,V,1236785315,"Box Office: ‘Toy Story 5’ Opens to $17.5 Million, Best Preview Perform",2026-06-19T14:56:08+00:00,2026-06-19T15:07:29+00:00,text,120.0,,"It should easily surpass ""Toy Story 4"" ($120 million opening"
2026-06-19,Toy Story 5,OPEN,V,1236785315,"Box Office: ‘Toy Story 5’ Opens to $17.5 Million, Best Preview Perform",2026-06-19T14:56:08+00:00,2026-06-19T15:07:29+00:00,text2,120.0,,"om film critics. It should easily surpass ""Toy Story 4"" ($120 m"
2026-06-19,Toy Story 5,OPEN,V,1236785315,"Box Office: ‘Toy Story 5’ Opens to $17.5 Million, Best Preview Perform",2026-06-19T14:56:08+00:00,2026-06-19T15:07:29+00:00,text2,12.0,,"ry 4"" ($120 million opening after $12 m"
2026-06-19,Toy Story 5,OPEN,V,1236786188,Box Office: ‘Toy Story 5’ Soars to $71 Million on Opening Day,2026-06-20T15:34:17+00:00,2026-06-20T18:19:48+00:00,text,150.0,,Most have the family film earning about $150 million through the weekend
2026-06-19,Toy Story 5,OPEN,V,1236786188,Box Office: ‘Toy Story 5’ Soars to $71 Million on Opening Day,2026-06-20T15:34:17+00:00,2026-06-20T18:19:48+00:00,text,150.0,,Most have the family film earning about $150 million through the weekend
2026-06-26,Jackass: Best and Last,OPEN,D,1236968254,SUNDAY AM,2026-06-28T19:00:00+00:00,,text2,8.4,,"d Last , the lowest start ever in the franchise at $8.4M"
2026-06-26,Jackass: Best and Last,OPEN,D,1236968254,SUNDAY AM,2026-06-28T19:00:00+00:00,,text2,100.0,,nions & Monsters is expected to rule with potential $100M
2026-06-26,Jackass: Best and Last,OPEN,D,1236968254,SUNDAY AM,2026-06-28T19:00:00+00:00,,chart,8.4,,3-day $8.4M
2026-06-26,Jackass: Best and Last,OPEN,D,1236968254,SATURDAY AM,2026-06-27T19:00:00+00:00,,chart,8.5,,3-day $8.5M
2026-06-26,Jackass: Best and Last,OPEN,D,1236968254,FRIDAY PM,2026-06-27T06:59:00+00:00,,text,1.2,,.6M-$4.3M today (including last night's $1.2M previews) and 3-day
2026-06-26,Jackass: Best and Last,OPEN,D,1236968254,FRIDAY PM,2026-06-27T06:59:00+00:00,,text2,8.0,10.0,$1.2M previews) and 3-day between $8M-$10M
2026-06-26,Jackass: Best and Last,OPEN,D,1236968254,"PREVIOUSLY, FRIDAY AM",2026-06-26T19:00:00+00:00,,text,10.0,,ocations. The pic's domestic outlook is $10M this weekend
2026-06-26,Jackass: Best and Last,OPEN,D,1236968254,"PREVIOUSLY, FRIDAY AM",2026-06-26T19:00:00+00:00,,text2,1.2,,kass: Best and Last grossed $1.2M
2026-06-26,Jackass: Best and Last,OPEN,D,1236968254,"PREVIOUSLY, FRIDAY AM",2026-06-26T19:00:00+00:00,,text2,10.0,,utlook is $10M this weekend for the net $10M
2026-06-26,Jackass: Best and Last,OPEN,D,1236968254,"PREVIOUSLY, FRIDAY AM",2026-06-26T19:00:00+00:00,,text,10.0,,ocations. The pic's domestic outlook is $10M this weekend
2026-06-26,Jackass: Best and Last,OPEN,D,1236968254,"PREVIOUSLY, FRIDAY AM",2026-06-26T19:00:00+00:00,,text2,1.2,,kass: Best and Last grossed $1.2M
2026-06-26,Jackass: Best and Last,OPEN,D,1236968254,"PREVIOUSLY, FRIDAY AM",2026-06-26T19:00:00+00:00,,text2,10.0,,utlook is $10M this weekend for the net $10M
2026-06-26,Jackass: Best and Last,OPEN,V,1236787192,Box Office: ‘Supergirl’ Aims for $50 Million and ‘Jackass’ Targets $10,2026-06-24T14:51:19+00:00,2026-06-24T18:46:36+00:00,text,23.0,,"Jackass Forever,"" had a much bigger $23 million debut"
2026-06-26,Jackass: Best and Last,OPEN,V,1236787192,Box Office: ‘Supergirl’ Aims for $50 Million and ‘Jackass’ Targets $10,2026-06-24T14:51:19+00:00,2026-06-24T18:46:36+00:00,text2,80.0,, bigger $23 million debut and ended up with $80 m
2026-06-26,Jackass: Best and Last,OPEN,V,1236790790,Box Office: ‘Supergirl’ Takes Off With $7.8 Million in Previews,2026-06-26T15:20:47+00:00,2026-06-26T15:56:15+00:00,text,10.0,12.0, rowdy comedy is projected to open with $10 million to $12 million this weekend
2026-06-26,Jackass: Best and Last,OPEN,V,1236790790,Box Office: ‘Supergirl’ Takes Off With $7.8 Million in Previews,2026-06-26T15:20:47+00:00,2026-06-26T15:56:15+00:00,text,10.0,12.0, rowdy comedy is projected to open with $10 million to $12 million this weekend
2026-06-26,Jackass: Best and Last,OPEN,V,1236789996,Box Office: ‘Supergirl’ Flies to $18 Million on Opening Day,2026-06-27T15:43:23+00:00,2026-06-27T18:30:37+00:00,text2,8.5,,erican theaters. It should make about $8.5 m
2026-06-26,Jackass: Best and Last,OPEN,V,1236789996,Box Office: ‘Supergirl’ Flies to $18 Million on Opening Day,2026-06-27T15:43:23+00:00,2026-06-27T18:30:37+00:00,text2,23.0,,"Jackass Forever"" debuted to $23 m"
2026-06-26,Jackass: Best and Last,OPEN,V,1236797777,"Box Office: ‘Supergirl’ Stumbles With $37 Million Debut, ‘Toy Story 5’",2026-06-28T15:27:45+00:00,2026-06-30T00:00:07+00:00,text2,10.3,,arkets for a global debut of $10.3 m
2026-06-26,Jackass: Best and Last,OPEN,V,1236797777,"Box Office: ‘Supergirl’ Stumbles With $37 Million Debut, ‘Toy Story 5’",2026-06-28T15:27:45+00:00,2026-06-30T00:00:07+00:00,text2,23.0,," prior installment, debuted to $23 m"
2026-06-26,Obsession,NTH,D,1236968254,SUNDAY AM,2026-06-28T19:00:00+00:00,,chart,9.8,,3-day $9.8M
2026-06-26,Obsession,NTH,D,1236968254,SATURDAY AM,2026-06-27T19:00:00+00:00,,text,153.4,, Captain Marvel got away with it with a $153.4M domestic opening
2026-06-26,Obsession,NTH,D,1236968254,SATURDAY AM,2026-06-27T19:00:00+00:00,,chart,9.4,,3-day $9.4M
2026-06-26,Obsession,NTH,D,1236968254,FRIDAY PM,2026-06-27T06:59:00+00:00,,text2,8.5,,"n at 2,965 sites is looking at $8.5M"
2026-06-26,Obsession,NTH,V,1236789996,Box Office: ‘Supergirl’ Flies to $18 Million on Opening Day,2026-06-27T15:43:23+00:00,2026-06-27T18:30:37+00:00,text2,9.4,, horror thriller is expected to make $9.4 m
2026-06-26,Obsession,NTH,V,1236789996,Box Office: ‘Supergirl’ Flies to $18 Million on Opening Day,2026-06-27T15:43:23+00:00,2026-06-27T18:30:37+00:00,text2,9.4,, horror thriller is expected to make $9.4 m
2026-06-26,Obsession,NTH,V,1236789996,Box Office: ‘Supergirl’ Flies to $18 Million on Opening Day,2026-06-27T15:43:23+00:00,2026-06-27T18:30:37+00:00,text2,94.0,,"e, ""Disclosure Day"" should land at a domestic total of $94 m"
2026-06-26,Supergirl,OPEN,D,1236968254,SUNDAY AM,2026-06-28T19:00:00+00:00,,text,38.0,,"iday/previews), which is turning into a $38M domestic opening"
2026-06-26,Supergirl,OPEN,D,1236968254,SUNDAY AM,2026-06-28T19:00:00+00:00,,text,68.0,,.6M). Worldwide was horribly low with a $68M launch
2026-06-26,Supergirl,OPEN,D,1236968254,SUNDAY AM,2026-06-28T19:00:00+00:00,,text2,7.4,,ens with 51% of her gross coming from Imax ($7.4M
2026-06-26,Supergirl,OPEN,D,1236968254,SUNDAY AM,2026-06-28T19:00:00+00:00,,text,158.0,,rall domestic weekend for all movies at $158M is -32% off last weekend
2026-06-26,Supergirl,OPEN,D,1236968254,SUNDAY AM,2026-06-28T19:00:00+00:00,,text2,158.0,,he overall domestic weekend for all movies at $158M
2026-06-26,Supergirl,OPEN,D,1236968254,SUNDAY AM,2026-06-28T19:00:00+00:00,,chart,38.0,,3-day $38M
2026-06-26,Supergirl,OPEN,D,1236968254,SATURDAY AM,2026-06-27T19:00:00+00:00,,text,75.0,,perties. Global looks to hover around a $75M start
2026-06-26,Supergirl,OPEN,D,1236968254,SATURDAY AM,2026-06-27T19:00:00+00:00,,text2,11.0,,hover around a $75M start with $11M
2026-06-26,Supergirl,OPEN,D,1236968254,SATURDAY AM,2026-06-27T19:00:00+00:00,,text2,125.0,,Supergirl was never expected to be Superman ($125M
2026-06-26,Supergirl,OPEN,D,1236968254,SATURDAY AM,2026-06-27T19:00:00+00:00,,text2,125.0,,Supergirl was never expected to be Superman ($125M
2026-06-26,Supergirl,OPEN,D,1236968254,SATURDAY AM,2026-06-27T19:00:00+00:00,,text,30.0,,en. Disclosure Day wound up beating its $30M range opening
2026-06-26,Supergirl,OPEN,D,1236968254,SATURDAY AM,2026-06-27T19:00:00+00:00,,text2,44.5,,ting its $30M range opening with a $44.5M
2026-06-26,Supergirl,OPEN,D,1236968254,SATURDAY AM,2026-06-27T19:00:00+00:00,,text2,0.088,,Supergirl 's top grossing theater with $88K
2026-06-26,Supergirl,OPEN,D,1236968254,SATURDAY AM,2026-06-27T19:00:00+00:00,,chart,40.0,,3-day $40M
2026-06-26,Supergirl,OPEN,D,1236968254,"PREVIOUSLY, FRIDAY AM",2026-06-26T19:00:00+00:00,,text2,5.2,, of foreign markets grossed $5.2M
2026-06-26,Supergirl,OPEN,D,1236968254,"PREVIOUSLY, FRIDAY AM",2026-06-26T19:00:00+00:00,,text,80.0,, $5.2M. The hope is that the pic clears $80M+ in its global launch
2026-06-26,Supergirl,OPEN,D,1236968254,"PREVIOUSLY, FRIDAY AM",2026-06-26T19:00:00+00:00,,text2,5.2,, of foreign markets grossed $5.2M
2026-06-26,Supergirl,OPEN,D,1236968254,"PREVIOUSLY, FRIDAY AM",2026-06-26T19:00:00+00:00,,text2,50.0,,t weekend. Domestic opening forecasts have cooled from $50M+
2026-06-26,Supergirl,OPEN,V,1236787192,Box Office: ‘Supergirl’ Aims for $50 Million and ‘Jackass’ Targets $10,2026-06-24T14:51:19+00:00,2026-06-24T18:46:36+00:00,text2,47.0,,"Supergirl"" is expected to earn $47 m"
2026-06-26,Supergirl,OPEN,V,1236790790,Box Office: ‘Supergirl’ Takes Off With $7.8 Million in Previews,2026-06-26T15:20:47+00:00,2026-06-26T15:56:15+00:00,text,50.0,,ojected to make between $47 million and $50 million this weekend
2026-06-26,Supergirl,OPEN,V,1236789996,Box Office: ‘Supergirl’ Flies to $18 Million on Opening Day,2026-06-27T15:43:23+00:00,2026-06-27T18:30:37+00:00,text2,50.0,,"eaters. Through the weekend, it should collect about $50 m"
2026-06-26,Supergirl,OPEN,V,1236789996,Box Office: ‘Supergirl’ Flies to $18 Million on Opening Day,2026-06-27T15:43:23+00:00,2026-06-27T18:30:37+00:00,text2,125.0,," cost $225 million, debuted to $125 m"
2026-06-26,Supergirl,OPEN,V,1236797777,"Box Office: ‘Supergirl’ Stumbles With $37 Million Debut, ‘Toy Story 5’",2026-06-28T15:27:45+00:00,2026-06-30T00:00:07+00:00,text2,37.1,," Superman's cousin, debuted to a disappointing $37.1 m"
2026-06-26,Supergirl,OPEN,V,1236797855,‘Supergirl’ Braces for $100 Million Loss: What DC Studios Should Learn,2026-06-29T15:26:12+00:00,2026-06-29T23:59:30+00:00,text,62.6,,with $37.1 million in North America and $62.6 million globally in its opening
2026-06-26,Supergirl,OPEN,V,1236797855,‘Supergirl’ Braces for $100 Million Loss: What DC Studios Should Learn,2026-06-29T15:26:12+00:00,2026-06-29T23:59:30+00:00,text2,100.0,,stall at a lifetime gross of $100 m
2026-06-26,Supergirl,OPEN,V,1236797855,‘Supergirl’ Braces for $100 Million Loss: What DC Studios Should Learn,2026-06-29T15:26:12+00:00,2026-06-29T23:59:30+00:00,text2,100.0,,stall at a lifetime gross of $100 m
2026-06-26,Supergirl,OPEN,V,1236797855,‘Supergirl’ Braces for $100 Million Loss: What DC Studios Should Learn,2026-06-29T15:26:12+00:00,2026-06-29T23:59:30+00:00,text2,100.0,,stall at a lifetime gross of $100 m
2026-06-26,Supergirl,OPEN,V,1236797855,‘Supergirl’ Braces for $100 Million Loss: What DC Studios Should Learn,2026-06-29T15:26:12+00:00,2026-06-29T23:59:30+00:00,text2,200.0,,"n larger write-down should ""Supergirl"" fail to hit $200 m"
2026-06-26,Supergirl,OPEN,V,1236799338,Box Office: ‘Minions & Monsters’ Aims for $80 Million Over July 4th Ho,2026-06-30T19:19:48+00:00,2026-06-30T19:26:22+00:00,text,15.0,,ion. That would put revenues at roughly $15 million for the weekend
2026-06-26,Supergirl,OPEN,V,1236799338,Box Office: ‘Minions & Monsters’ Aims for $80 Million Over July 4th Ho,2026-06-30T19:19:48+00:00,2026-06-30T19:26:22+00:00,text2,37.1,, ticket sales after debuting to just $37.1 m
2026-06-26,Toy Story 5,NTH,D,1236968254,SUNDAY AM,2026-06-28T19:00:00+00:00,,chart,70.0,,3-day $70M
2026-06-26,Toy Story 5,NTH,D,1236968254,SATURDAY AM,2026-06-27T19:00:00+00:00,,text2,70.0,,ffice with a second weekend around $70M+
2026-06-26,Toy Story 5,NTH,D,1236968254,SATURDAY AM,2026-06-27T19:00:00+00:00,,chart,70.0,,3-day $70M+
2026-06-26,Toy Story 5,NTH,D,1236968254,FRIDAY PM,2026-06-27T06:59:00+00:00,,text2,74.0,,it high. The second weekend now is looking more like $74M
2026-06-26,Toy Story 5,NTH,D,1236968254,"PREVIOUSLY, FRIDAY AM",2026-06-26T19:00:00+00:00,,text2,90.0,,xpected to lead the weekend in its second frame with around $90M
2026-06-26,Toy Story 5,NTH,V,1236790790,Box Office: ‘Supergirl’ Takes Off With $7.8 Million in Previews,2026-06-26T15:20:47+00:00,2026-06-26T15:56:15+00:00,text,80.0,90.0,he animated sequel is estimated to make $80 million to $90 million in its second
2026-06-26,Toy Story 5,NTH,V,1236789996,Box Office: ‘Supergirl’ Flies to $18 Million on Opening Day,2026-06-27T15:43:23+00:00,2026-06-27T18:30:37+00:00,text2,70.0,,"as. By Sunday, it's expected to collect $70 m"
2026-06-26,Toy Story 5,NTH,V,1236789996,Box Office: ‘Supergirl’ Flies to $18 Million on Opening Day,2026-06-27T15:43:23+00:00,2026-06-27T18:30:37+00:00,text2,160.0,,he biggest domestic debut of 2026 with $160 m
2026-06-26,Toy Story 5,NTH,V,1236789996,Box Office: ‘Supergirl’ Flies to $18 Million on Opening Day,2026-06-27T15:43:23+00:00,2026-06-27T18:30:37+00:00,text2,160.0,,he biggest domestic debut of 2026 with $160 m
2026-06-26,Toy Story 5,NTH,V,1236797777,"Box Office: ‘Supergirl’ Stumbles With $37 Million Debut, ‘Toy Story 5’",2026-06-28T15:27:45+00:00,2026-06-30T00:00:07+00:00,text,70.0,,"Toy Story 5,"" which ruled again with $70 million in its second"
2026-06-26,Toy Story 5,NTH,V,1236797777,"Box Office: ‘Supergirl’ Stumbles With $37 Million Debut, ‘Toy Story 5’",2026-06-28T15:27:45+00:00,2026-06-30T00:00:07+00:00,text,160.0,,'s a standard 55% decline from its huge $160 million debut
2026-06-26,Toy Story 5,NTH,V,1236797777,"Box Office: ‘Supergirl’ Stumbles With $37 Million Debut, ‘Toy Story 5’",2026-06-28T15:27:45+00:00,2026-06-30T00:00:07+00:00,text2,297.0,, the year's highest-grossing releases with $297 m
2026-06-26,Toy Story 5,NTH,V,1236799338,Box Office: ‘Minions & Monsters’ Aims for $80 Million Over July 4th Ho,2026-06-30T19:19:48+00:00,2026-06-30T19:26:22+00:00,text,35.0,45.0,"Toy Story 5"" should bring in $35 million to $45 million in its third"
2026-06-26,Toy Story 5,NTH,V,1236799338,Box Office: ‘Minions & Monsters’ Aims for $80 Million Over July 4th Ho,2026-06-30T19:19:48+00:00,2026-06-30T19:26:22+00:00,text2,35.0,,"Toy Story 5"" should bring in $35 m"
2026-07-03,Supergirl,NTH,D,1236972754,SUNDAY AM WRITETHRU,2026-07-05T19:00:00+00:00,,text,36.4,,fter the franchise's lowest result with $36.4M 3-day
2026-07-03,Supergirl,NTH,D,1236972754,SUNDAY AM WRITETHRU,2026-07-05T19:00:00+00:00,,text2,36.4,,rsal's Minions this weekend after the franchise's lowest result with $36.4M
2026-07-03,Supergirl,NTH,D,1236972754,SUNDAY AM WRITETHRU,2026-07-05T19:00:00+00:00,,text2,61.4,, result with $36.4M 3-day and $61.4M
2026-07-03,Supergirl,NTH,D,1236972754,SUNDAY AM WRITETHRU,2026-07-05T19:00:00+00:00,,chart,9.6,,3-day $9.6M
2026-07-03,Supergirl,NTH,D,1236972754,FRIDAY PM UPDATE,2026-07-04T06:59:00+00:00,,text2,10.0,, a second estimated weekend of $10M
2026-07-03,Supergirl,NTH,D,1236972754,FRIDAY PM UPDATE,2026-07-04T06:59:00+00:00,,text2,5.6,,e Day with a fourth weekend of $5.6M
2026-07-03,Supergirl,NTH,V,1236801905,Box Office: ‘Minions & Monsters’ Fizzles Over July 4th Weekend With Fr,2026-07-05T15:08:34+00:00,2026-07-06T18:26:29+00:00,text2,37.1,,$9.6 million. After debuting to just $37.1 m
2026-07-03,Toy Story 5,NTH,D,1236972754,SUNDAY AM WRITETHRU,2026-07-05T19:00:00+00:00,,chart,31.0,,3-day $31M
2026-07-03,Toy Story 5,NTH,D,1236972754,FRIDAY PM UPDATE,2026-07-04T06:59:00+00:00,,chart,30.0,,3-day of $30M
2026-07-03,Toy Story 5,NTH,V,1236801905,Box Office: ‘Minions & Monsters’ Fizzles Over July 4th Weekend With Fr,2026-07-05T15:08:34+00:00,2026-07-06T18:26:29+00:00,text2,366.0,,stic box office and grosses were boosted to $366 m
2026-07-03,Young Washington,OPEN,D,1236972754,SUNDAY AM WRITETHRU,2026-07-05T19:00:00+00:00,,text,20.8,, in well ahead of $15M forecasts with a $20.8M opening
2026-07-03,Young Washington,OPEN,D,1236972754,SUNDAY AM WRITETHRU,2026-07-05T19:00:00+00:00,,text,19.68,,ction film ahead of Sound of Freedom 's $19.68M and their second
2026-07-03,Young Washington,OPEN,D,1236972754,SUNDAY AM WRITETHRU,2026-07-05T19:00:00+00:00,,chart,20.8,,3-day $20.8M
2026-07-03,Young Washington,OPEN,D,1236974374,MONDAY AM,2026-07-06T19:00:00+00:00,,text,15.0,,"ted indie historical epic, ahead of its $15M industry opening"
2026-07-03,Young Washington,OPEN,D,1236974374,MONDAY AM,2026-07-06T19:00:00+00:00,,text2,20.8,,ng Washington : The opening wasn't $20.8M
2026-07-03,Young Washington,OPEN,D,1236974374,MONDAY AM,2026-07-06T19:00:00+00:00,,text,19.6,,Angel Studios after Sound of Freedom 's $19.6M in 2023 and the third
2026-07-03,Young Washington,OPEN,D,1236974374,MONDAY AM,2026-07-06T19:00:00+00:00,,text2,19.6,,ton the second-best 3-day for Angel Studios after Sound of Freedom 's $19.6M
2026-07-03,Young Washington,OPEN,D,1236974374,SUNDAY AM,2026-07-05T19:00:00+00:00,,text,20.8,,hich conquered its $15M forecast with a $20.8M opening
2026-07-10,Evil Dead Burn,OPEN,D,1236979144,SUNDAY WRITETHRU,2026-07-13T06:59:00+00:00,,text2,24.5,,s -44% off from the opening of Evil Dead Rise 's very good $24.5M
2026-07-10,Evil Dead Burn,OPEN,D,1236979144,SUNDAY WRITETHRU,2026-07-13T06:59:00+00:00,,text2,24.5,,s -44% off from the opening of Evil Dead Rise 's very good $24.5M
2026-07-10,Evil Dead Burn,OPEN,D,1236979144,SUNDAY WRITETHRU,2026-07-13T06:59:00+00:00,,chart,13.7,,3-day $13.7M
2026-07-10,Evil Dead Burn,OPEN,D,1236979144,FRIDAY PM,2026-07-11T06:59:00+00:00,,chart,15.0,,3-day of $15M
2026-07-10,Evil Dead Burn,OPEN,D,1236979144,FRIDAY PM,2026-07-11T06:59:00+00:00,,text,2.0,,"gel Studios' Young Washington is around $2M , with a second"
2026-07-10,Evil Dead Burn,OPEN,D,1236979144,FRIDAY PM,2026-07-11T06:59:00+00:00,,text,2.2,,sion of A24/Annapurna's The Invite with $2.2M today and a third
2026-07-10,Evil Dead Burn,OPEN,D,1236979144,FRIDAY PM,2026-07-11T06:59:00+00:00,,text2,6.3,,"$2M , with a second weekend of $6.3M"
2026-07-10,Evil Dead Burn,OPEN,D,1236979144,FRIDAY PM,2026-07-11T06:59:00+00:00,,text2,5.1,,M today and a third weekend of $5.1M
2026-07-10,Evil Dead Burn,OPEN,D,1236979144,FRIDAY PM,2026-07-11T06:59:00+00:00,,text,23.5,,'s $2.5M. That number translated into a $23.5M opening
2026-07-10,Evil Dead Burn,OPEN,V,1236805237,Box Office: ‘Moana’ Makes $18 Million on Opening Day,2026-07-11T16:37:49+00:00,2026-07-11T16:50:29+00:00,text,25.0,,"ted $15 million, which is down from the $25 million debut"
2026-07-10,Evil Dead Burn,OPEN,V,1236805237,Box Office: ‘Moana’ Makes $18 Million on Opening Day,2026-07-11T16:37:49+00:00,2026-07-11T16:50:29+00:00,text2,15.0,," Through Sunday, it should scare up an estimated $15 m"
2026-07-10,Evil Dead Burn,OPEN,V,1236805237,Box Office: ‘Moana’ Makes $18 Million on Opening Day,2026-07-11T16:37:49+00:00,2026-07-11T16:50:29+00:00,text2,147.0,,hat film went on to gross $147 m
2026-07-10,Evil Dead Burn,OPEN,V,1236805237,Box Office: ‘Moana’ Makes $18 Million on Opening Day,2026-07-11T16:37:49+00:00,2026-07-11T16:50:29+00:00,text,25.0,,"ted $15 million, which is down from the $25 million debut"
2026-07-10,Evil Dead Burn,OPEN,V,1236805237,Box Office: ‘Moana’ Makes $18 Million on Opening Day,2026-07-11T16:37:49+00:00,2026-07-11T16:50:29+00:00,text2,15.0,," Through Sunday, it should scare up an estimated $15 m"
2026-07-10,Evil Dead Burn,OPEN,V,1236805237,Box Office: ‘Moana’ Makes $18 Million on Opening Day,2026-07-11T16:37:49+00:00,2026-07-11T16:50:29+00:00,text2,147.0,,hat film went on to gross $147 m
2026-07-10,Minions & Monsters,NTH,D,1236979144,SUNDAY WRITETHRU,2026-07-13T06:59:00+00:00,,text,201.1,,"unn's Superman , which led the frame to $201.1M; this weekend"
2026-07-10,Minions & Monsters,NTH,D,1236979144,SUNDAY WRITETHRU,2026-07-13T06:59:00+00:00,,chart,20.5,,3-day $20.5M
2026-07-10,Minions & Monsters,NTH,V,1236803797,Box Office: ‘Moana’ Could Be Headed for Choppy Waters,2026-07-08T15:09:11+00:00,2026-07-09T18:05:27+00:00,text2,17.0,,"inions & Monsters,"" expected to add $17 m"
2026-07-10,Minions & Monsters,NTH,V,1236805237,Box Office: ‘Moana’ Makes $18 Million on Opening Day,2026-07-11T16:37:49+00:00,2026-07-11T16:50:29+00:00,text,6.5,,"Minions & Monsters,"" which added $6.5 million as it heads into its second"
2026-07-10,Minions & Monsters,NTH,V,1236805237,Box Office: ‘Moana’ Makes $18 Million on Opening Day,2026-07-11T16:37:49+00:00,2026-07-11T16:50:29+00:00,text,61.0,,which represents a 43% decline from its $61 million debut
2026-07-10,Minions & Monsters,NTH,V,1236805237,Box Office: ‘Moana’ Makes $18 Million on Opening Day,2026-07-11T16:37:49+00:00,2026-07-11T16:50:29+00:00,text2,21.0,,"ters. By Sunday, it should gross $21 m"
2026-07-10,Moana (2026),OPEN,D,1236979144,SUNDAY WRITETHRU,2026-07-13T06:59:00+00:00,,text2,43.0,,g to the shore this weekend with a $43M
2026-07-10,Moana (2026),OPEN,D,1236979144,SUNDAY WRITETHRU,2026-07-13T06:59:00+00:00,,text,70.0,80.0,ain degree: Tracking was bullish with a $70M-$80M opening
2026-07-10,Moana (2026),OPEN,D,1236979144,SUNDAY WRITETHRU,2026-07-13T06:59:00+00:00,,text,60.0,,week with presales of $4M pointing to a $60M+ domestic start
2026-07-10,Moana (2026),OPEN,D,1236979144,SUNDAY WRITETHRU,2026-07-13T06:59:00+00:00,,text2,4.0,,sh with a $70M-$80M opening earlier this week with presales of $4M
2026-07-10,Moana (2026),OPEN,D,1236979144,SUNDAY WRITETHRU,2026-07-13T06:59:00+00:00,,text,20.5,,e having an excellent hold of -45% with $20.5M second
2026-07-10,Moana (2026),OPEN,D,1236979144,SUNDAY WRITETHRU,2026-07-13T06:59:00+00:00,,chart,43.0,,3-day $43M
2026-07-10,Moana (2026),OPEN,D,1236979144,FRIDAY PM,2026-07-11T06:59:00+00:00,,text2,40.0,45.0,",875 theaters for a 3-day between $40M-$45M"
2026-07-10,Moana (2026),OPEN,D,1236979144,FRIDAY PM,2026-07-11T06:59:00+00:00,,text,42.2,,"oana are higher than Snow White ($3.5M, $42.2M opening"
2026-07-10,Moana (2026),OPEN,D,1236979144,FRIDAY PM,2026-07-11T06:59:00+00:00,,text,45.99,,"3.5M, $42.2M opening) and Dumbo ($2.6M, $45.99M opening"
2026-07-10,Moana (2026),OPEN,D,1236979144,FRIDAY PM,2026-07-11T06:59:00+00:00,,text,139.7,,"before Thanksgiving of Moana 2 ($13.8M, $139.7M 3-day"
2026-07-10,Moana (2026),OPEN,D,1236979144,FRIDAY PM,2026-07-11T06:59:00+00:00,,text2,2.6,,"hite ($3.5M, $42.2M opening) and Dumbo ($2.6M"
2026-07-10,Moana (2026),OPEN,D,1236979144,FRIDAY PM,2026-07-11T06:59:00+00:00,,text2,10.3,,"mbo ($2.6M, $45.99M opening), but lower than Little Mermaid ($10.3M"
2026-07-10,Moana (2026),OPEN,D,1236979144,FRIDAY PM,2026-07-11T06:59:00+00:00,,text2,7.0,,"3M previews, $95.5M 3-day opening) and Aladdin ($7M"
2026-07-10,Moana (2026),OPEN,D,1236979144,FRIDAY PM,2026-07-11T06:59:00+00:00,,text,139.7,,"Moana 2 ($13.8M, $139.7M 3-day"
2026-07-10,Moana (2026),OPEN,D,1236979144,FRIDAY PM,2026-07-11T06:59:00+00:00,,text,60.0,,e heard that Moana was hoping for a low-$60M start
2026-07-10,Moana (2026),OPEN,D,1236979144,FRIDAY PM,2026-07-11T06:59:00+00:00,,text2,40.0,,"ping for a low-$60M start, but exhibitors pushed that down to a high-$40M"
2026-07-10,Moana (2026),OPEN,D,1236979144,FRIDAY PM,2026-07-11T06:59:00+00:00,,text2,4.0,,es heading into the weekend were at $4M
2026-07-10,Moana (2026),OPEN,D,1236979144,FRIDAY PM,2026-07-11T06:59:00+00:00,,text,60.0,,Moana was hoping for a low-$60M start
2026-07-10,Moana (2026),OPEN,D,1236979144,FRIDAY PM,2026-07-11T06:59:00+00:00,,text2,40.0,,"ping for a low-$60M start, but exhibitors pushed that down to a high-$40M"
2026-07-10,Moana (2026),OPEN,D,1236979144,FRIDAY PM,2026-07-11T06:59:00+00:00,,text2,4.0,,es heading into the weekend were at $4M
2026-07-10,Moana (2026),OPEN,V,1236803797,Box Office: ‘Moana’ Could Be Headed for Choppy Waters,2026-07-08T15:09:11+00:00,2026-07-09T18:05:27+00:00,text2,60.0,,imated musical will debut to $60 m
2026-07-10,Moana (2026),OPEN,V,1236803797,Box Office: ‘Moana’ Could Be Headed for Choppy Waters,2026-07-08T15:09:11+00:00,2026-07-09T18:05:27+00:00,text,70.0,75.0," of ""Moana,"" which is projected to earn $70 million to $75 million in its debut"
2026-07-10,Moana (2026),OPEN,V,1236803797,Box Office: ‘Moana’ Could Be Headed for Choppy Waters,2026-07-08T15:09:11+00:00,2026-07-09T18:05:27+00:00,text,70.0,75.0,"Moana,"" which is projected to earn $70 million to $75 million in its debut"
2026-07-10,Moana (2026),OPEN,V,1236805237,Box Office: ‘Moana’ Makes $18 Million on Opening Day,2026-07-11T16:37:49+00:00,2026-07-11T16:50:29+00:00,text,45.0,,aters. Rival estimates have it grossing $45 million through opening
2026-07-10,Moana (2026),OPEN,V,1236805237,Box Office: ‘Moana’ Makes $18 Million on Opening Day,2026-07-11T16:37:49+00:00,2026-07-11T16:50:29+00:00,text2,45.0,,l estimates have it grossing $45 m
2026-07-10,Moana (2026),OPEN,V,1236805237,Box Office: ‘Moana’ Makes $18 Million on Opening Day,2026-07-11T16:37:49+00:00,2026-07-11T16:50:29+00:00,text2,56.0,,"$45 million through opening weekend, which is below the $56 m"
2026-07-10,Moana (2026),OPEN,V,1236805237,Box Office: ‘Moana’ Makes $18 Million on Opening Day,2026-07-11T16:37:49+00:00,2026-07-11T16:50:29+00:00,text,45.0,,aters. Rival estimates have it grossing $45 million through opening
2026-07-10,Moana (2026),OPEN,V,1236805237,Box Office: ‘Moana’ Makes $18 Million on Opening Day,2026-07-11T16:37:49+00:00,2026-07-11T16:50:29+00:00,text2,45.0,,l estimates have it grossing $45 m
2026-07-10,Moana (2026),OPEN,V,1236805237,Box Office: ‘Moana’ Makes $18 Million on Opening Day,2026-07-11T16:37:49+00:00,2026-07-11T16:50:29+00:00,text2,56.0,,"$45 million through opening weekend, which is below the $56 m"
2026-07-10,Moana (2026),OPEN,V,1236805237,Box Office: ‘Moana’ Makes $18 Million on Opening Day,2026-07-11T16:37:49+00:00,2026-07-11T16:50:29+00:00,text,225.0,,et a Thanksgiving weekend record with a $225 million debut
2026-07-10,Moana (2026),OPEN,V,1236805237,Box Office: ‘Moana’ Makes $18 Million on Opening Day,2026-07-11T16:37:49+00:00,2026-07-11T16:50:29+00:00,text2,225.0,, set a Thanksgiving weekend record with a $225 m
2026-07-10,Moana (2026),OPEN,V,1236805237,Box Office: ‘Moana’ Makes $18 Million on Opening Day,2026-07-11T16:37:49+00:00,2026-07-11T16:50:29+00:00,text,225.0,,et a Thanksgiving weekend record with a $225 million debut
2026-07-10,Moana (2026),OPEN,V,1236805237,Box Office: ‘Moana’ Makes $18 Million on Opening Day,2026-07-11T16:37:49+00:00,2026-07-11T16:50:29+00:00,text2,225.0,, set a Thanksgiving weekend record with a $225 m
2026-07-10,Moana (2026),OPEN,V,1236805237,Box Office: ‘Moana’ Makes $18 Million on Opening Day,2026-07-11T16:37:49+00:00,2026-07-11T16:50:29+00:00,text,225.0,,et a Thanksgiving weekend record with a $225 million debut
2026-07-10,Moana (2026),OPEN,V,1236805237,Box Office: ‘Moana’ Makes $18 Million on Opening Day,2026-07-11T16:37:49+00:00,2026-07-11T16:50:29+00:00,text2,225.0,, set a Thanksgiving weekend record with a $225 m
2026-07-10,Moana (2026),OPEN,V,1236808979,"Box Office: ‘Moana’ Flounders With $43 Million Debut, Among Weakest of",2026-07-12T15:02:06+00:00,2026-07-12T17:50:17+00:00,text,42.0,,"th 2025's box office bomb ""Snow White"" ($42 million debut"
2026-07-10,Moana (2026),OPEN,V,1236810079,LISTEN: Why ‘Moana’ Marks a Disney Misstep; ‘Young Washington’ Directo,2026-07-13T21:58:33+00:00,2026-07-14T23:06:00+00:00,text2,43.0,,limb after a modest start of $43 m
2026-07-10,Moana (2026),OPEN,V,1236810079,LISTEN: Why ‘Moana’ Marks a Disney Misstep; ‘Young Washington’ Directo,2026-07-13T21:58:33+00:00,2026-07-14T23:06:00+00:00,text2,43.0,,limb after a modest start of $43 m
2026-07-10,Toy Story 5,NTH,D,1236979144,SUNDAY WRITETHRU,2026-07-13T06:59:00+00:00,,chart,18.5,,3-day $18.5M
2026-07-10,Toy Story 5,NTH,D,1236979144,FRIDAY PM,2026-07-11T06:59:00+00:00,,chart,18.0,,3-day of $18M
2026-07-10,Toy Story 5,NTH,V,1236803797,Box Office: ‘Moana’ Could Be Headed for Choppy Waters,2026-07-08T15:09:11+00:00,2026-07-09T18:05:27+00:00,text,18.0,20.0,"Toy Story 5"" aiming for $18 million to $20 million in its fourth"
2026-07-10,Toy Story 5,NTH,V,1236805237,Box Office: ‘Moana’ Makes $18 Million on Opening Day,2026-07-11T16:37:49+00:00,2026-07-11T16:50:29+00:00,text2,18.0,,th $5.7 million. It should pull in around $18 m
2026-07-10,Toy Story 5,NTH,V,1236808979,"Box Office: ‘Moana’ Flounders With $43 Million Debut, Among Weakest of",2026-07-12T15:02:06+00:00,2026-07-12T17:50:17+00:00,text,18.5,,"ggest hits, secured the No. 3 spot with $18.5 million in its fourth"
2026-07-17,Minions & Monsters,NTH,D,1236993792,SUNDAY AM,2026-07-19T19:00:00+00:00,,chart,14.8,,3-day $14.8M
2026-07-17,Minions & Monsters,NTH,D,1236993792,SATURDAY AM,2026-07-18T19:00:00+00:00,,chart,14.0,,3-day $14M
2026-07-17,Minions & Monsters,NTH,D,1236993792,FRIDAY PM,2026-07-18T06:59:00+00:00,,chart,14.5,,3-day $14.5M
2026-07-17,Minions & Monsters,NTH,V,1236815411,Box Office: ‘The Odyssey’ Has Epic Opening Day With $51 Million,2026-07-18T15:50:11+00:00,2026-07-18T15:57:54+00:00,text2,14.0,,-place finish. It's expected to collect $14 m
2026-07-17,Minions & Monsters,NTH,V,1236815411,Box Office: ‘The Odyssey’ Has Epic Opening Day With $51 Million,2026-07-18T15:50:11+00:00,2026-07-18T15:57:54+00:00,text2,14.0,,-place finish. It's expected to collect $14 m
2026-07-17,Minions & Monsters,NTH,V,1236815411,Box Office: ‘The Odyssey’ Has Epic Opening Day With $51 Million,2026-07-18T15:50:11+00:00,2026-07-18T15:57:54+00:00,text2,136.0,,"n age of Hollywood, should reach a domestic gross of $136 m"
2026-07-17,Moana (2026),NTH,D,1236993792,SUNDAY AM,2026-07-19T19:00:00+00:00,,chart,19.0,,3-day $19M
2026-07-17,Moana (2026),NTH,D,1236993792,SATURDAY AM,2026-07-18T19:00:00+00:00,,chart,18.8,,3-day $18.8M
2026-07-17,Moana (2026),NTH,D,1236993792,FRIDAY PM,2026-07-18T06:59:00+00:00,,chart,19.0,,3-day $19M
2026-07-17,Moana (2026),NTH,V,1236815411,Box Office: ‘The Odyssey’ Has Epic Opening Day With $51 Million,2026-07-18T15:50:11+00:00,2026-07-18T15:57:54+00:00,text,43.0,,would represent a 56% drop for its soft $43 million domestic opening
2026-07-17,Moana (2026),NTH,V,1236815861,"Box Office: ‘The Odyssey’ Stuns With $124 Million Opening Weekend, Thi",2026-07-19T15:38:55+00:00,2026-07-20T01:04:13+00:00,text,19.0,,ded in a very distant second place with $19 million in its sophomore frame
2026-07-17,Moana (2026),NTH,V,1236815861,"Box Office: ‘The Odyssey’ Stuns With $124 Million Opening Weekend, Thi",2026-07-19T15:38:55+00:00,2026-07-20T01:04:13+00:00,text,43.0,, - a 56% decline from its disappointing $43 million debut
2026-07-17,The Odyssey,OPEN,D,1236993792,SUNDAY AM,2026-07-19T19:00:00+00:00,,text2,124.5,, taking its overall weekend to $124.5M
2026-07-17,The Odyssey,OPEN,D,1236993792,SUNDAY AM,2026-07-19T19:00:00+00:00,,text2,249.0,,"e biggest worldwide opening for Nolan, ahead of Dark Knight Rises ($249M"
2026-07-17,The Odyssey,OPEN,D,1236993792,SUNDAY AM,2026-07-19T19:00:00+00:00,,text,0.261,,"K, AMC Empire 25 in NYC was fourth with $261K and Regal LA Live was fifth"
2026-07-17,The Odyssey,OPEN,D,1236993792,SUNDAY AM,2026-07-19T19:00:00+00:00,,text2,6.7,,".5M Friday-Saturday gross), NYC ($6.7M"
2026-07-17,The Odyssey,OPEN,D,1236993792,SUNDAY AM,2026-07-19T19:00:00+00:00,,chart,124.5,,3-day $124.5M
2026-07-17,The Odyssey,OPEN,D,1236993792,SATURDAY AM,2026-07-18T19:00:00+00:00,,text2,257.8,,bringing its global opening to $257.8M
2026-07-17,The Odyssey,OPEN,D,1236993792,SATURDAY AM,2026-07-18T19:00:00+00:00,,text2,372.5,,s the third highest opening YTD after Super Mario Galaxy Movie ($372.5M
2026-07-17,The Odyssey,OPEN,D,1236993792,SATURDAY AM,2026-07-18T19:00:00+00:00,,text2,257.8,,bringing its global opening to $257.8M
2026-07-17,The Odyssey,OPEN,D,1236993792,SATURDAY AM,2026-07-18T19:00:00+00:00,,text2,372.5,,s the third highest opening YTD after Super Mario Galaxy Movie ($372.5M
2026-07-17,The Odyssey,OPEN,D,1236993792,SATURDAY AM,2026-07-18T19:00:00+00:00,,text,233.3,,ed feature behind Deadpool & Wolverine ($233.3M in reported opening
2026-07-17,The Odyssey,OPEN,D,1236993792,SATURDAY AM,2026-07-18T19:00:00+00:00,,text,233.3,,ed feature behind Deadpool & Wolverine ($233.3M in reported opening
2026-07-17,The Odyssey,OPEN,D,1236993792,SATURDAY AM,2026-07-18T19:00:00+00:00,,chart,120.5,,3-day $120.5M
2026-07-17,The Odyssey,OPEN,D,1236993792,FRIDAY PM,2026-07-18T06:59:00+00:00,,text,117.0,,ews of $50M which will catapult it to a $117M 3-day
2026-07-17,The Odyssey,OPEN,D,1236993792,FRIDAY PM,2026-07-18T06:59:00+00:00,,text,69.2,,"tstripping 2007's The Bourne Ultimatum ($69.2M), and it's the best opening"
2026-07-17,The Odyssey,OPEN,D,1236993792,FRIDAY PM,2026-07-18T06:59:00+00:00,,text2,120.0,,it to a $117M 3-day opening (note some rivals are see more in the $120M
2026-07-17,The Odyssey,OPEN,D,1236993792,FRIDAY PM,2026-07-18T06:59:00+00:00,,text2,81.4,,st grossing opening weekend for an R-rated film YTD ahead of Backrooms ($81.4M
2026-07-17,The Odyssey,OPEN,D,1236993792,FRIDAY PM,2026-07-18T06:59:00+00:00,,chart,117.0,,3-day $117M
2026-07-17,The Odyssey,OPEN,D,1236996979,SUNDAY AM,2026-07-19T19:00:00+00:00,,text2,139.6,,9M WW). The foreign start of $139.6M
2026-07-17,The Odyssey,OPEN,D,1236996979,SUNDAY AM,2026-07-19T19:00:00+00:00,,text2,5.2,,in already a record opening for Nolan with $5.2M
2026-07-17,The Odyssey,OPEN,D,1236996979,SUNDAY AM,2026-07-19T19:00:00+00:00,,text,9.3,,"Odyssey opened to $9.3M, delivering the biggest opening"
2026-07-17,The Odyssey,OPEN,D,1236996979,SUNDAY AM,2026-07-19T19:00:00+00:00,,text,8.1,,above Oppenheimer ). Germany debuted to $8.1M this weekend
2026-07-17,The Odyssey,OPEN,D,1236996979,SUNDAY AM,2026-07-19T19:00:00+00:00,,text2,8.1,,enheimer ). Germany debuted to $8.1M
2026-07-17,The Odyssey,OPEN,D,1236996979,SUNDAY AM,2026-07-19T19:00:00+00:00,,text2,4.8,, day ever. Brazil's debut was $4.8M
2026-07-17,The Odyssey,OPEN,D,1236996979,SUNDAY AM,2026-07-19T19:00:00+00:00,,text,1.5,,ease since cinema became digital with a $1.5M opening
2026-07-17,The Odyssey,OPEN,D,1236996979,SUNDAY AM,2026-07-19T19:00:00+00:00,,text,1.5,,ease since cinema became digital with a $1.5M opening
2026-07-17,The Odyssey,OPEN,D,1236996979,SUNDAY AM,2026-07-19T19:00:00+00:00,,text2,1.5,,"Taiwan, The Odyssey grossed $1.5M"
2026-07-17,The Odyssey,OPEN,D,1236996979,SUNDAY AM,2026-07-19T19:00:00+00:00,,text2,1.5,,Odyssey grossed $1.5M
2026-07-17,The Odyssey,OPEN,D,1236996979,SUNDAY AM,2026-07-19T19:00:00+00:00,,text2,1.5,,of the year. Norway debuted to $1.5M
2026-07-17,The Odyssey,OPEN,D,1236996979,SATURDAY UPDATE,2026-07-19T06:59:00+00:00,,text,249.0,,revious highs of The Dark Knight Rises ($249M WW debut
2026-07-17,The Odyssey,OPEN,D,1236996979,SATURDAY UPDATE,2026-07-19T06:59:00+00:00,,text2,257.8,,Nolan's best global opening ever with $257.8M
2026-07-17,The Odyssey,OPEN,D,1236996979,SATURDAY UPDATE,2026-07-19T06:59:00+00:00,,text2,198.0,,"ght Rises ($249M WW debut), The Dark Knight ($198M"
2026-07-17,The Odyssey,OPEN,D,1236996979,SATURDAY UPDATE,2026-07-19T06:59:00+00:00,,text,137.3,,Odyssey is shaping up for a $137.3M opening
2026-07-17,The Odyssey,OPEN,D,1236996979,SATURDAY UPDATE,2026-07-19T06:59:00+00:00,,text2,137.3,,Odyssey is shaping up for a $137.3M
2026-07-17,The Odyssey,OPEN,V,1236809975,"Box Office: ‘The Odyssey’ Aims for $100 Million Opening, Christopher N",2026-07-15T13:00:00+00:00,2026-07-15T14:20:24+00:00,text2,160.0,," as Nolan's biggest debut since 2012's ""The Dark Knight Rises"" ($160 m"
2026-07-17,The Odyssey,OPEN,V,1236809975,"Box Office: ‘The Odyssey’ Aims for $100 Million Opening, Christopher N",2026-07-15T13:00:00+00:00,2026-07-15T14:20:24+00:00,text2,100.0,,elease this year to debut above $100 m
2026-07-17,The Odyssey,OPEN,V,1236812480,Box Office: ‘The Odyssey’ Kicks Off With an Epic $17.6 Million in Prev,2026-07-17T14:36:55+00:00,2026-07-17T15:50:51+00:00,text,100.0,,timated to make between $90 million and $100 million in its opening
2026-07-17,The Odyssey,OPEN,V,1236815411,Box Office: ‘The Odyssey’ Has Epic Opening Day With $51 Million,2026-07-18T15:50:11+00:00,2026-07-18T15:57:54+00:00,text2,90.0,,imates had the saga grossing $90 m
2026-07-17,The Odyssey,OPEN,V,1236815411,Box Office: ‘The Odyssey’ Has Epic Opening Day With $51 Million,2026-07-18T15:50:11+00:00,2026-07-18T15:57:54+00:00,text2,90.0,,imates had the saga grossing $90 m
2026-07-17,The Odyssey,OPEN,V,1236815411,Box Office: ‘The Odyssey’ Has Epic Opening Day With $51 Million,2026-07-18T15:50:11+00:00,2026-07-18T15:57:54+00:00,text,120.0,,ries a hefty $250 million price tag. An $120 million opening
2026-07-17,The Odyssey,OPEN,V,1236815411,Box Office: ‘The Odyssey’ Has Epic Opening Day With $51 Million,2026-07-18T15:50:11+00:00,2026-07-18T15:57:54+00:00,text2,160.0,,"night Rises,"" which debuted to a staggering $160 m"
2026-07-17,The Odyssey,OPEN,V,1236815411,Box Office: ‘The Odyssey’ Has Epic Opening Day With $51 Million,2026-07-18T15:50:11+00:00,2026-07-18T15:57:54+00:00,text,82.0,,"cture winner, ""Oppenheimer,"" which made $82 million over its opening"
2026-07-17,The Odyssey,OPEN,V,1236815411,Box Office: ‘The Odyssey’ Has Epic Opening Day With $51 Million,2026-07-18T15:50:11+00:00,2026-07-18T15:57:54+00:00,text2,160.0,,"night Rises,"" which debuted to a staggering $160 m"
2026-07-17,The Odyssey,OPEN,V,1236815411,Box Office: ‘The Odyssey’ Has Epic Opening Day With $51 Million,2026-07-18T15:50:11+00:00,2026-07-18T15:57:54+00:00,text2,975.0,,82 million over its opening weekend and powered to $975 m
2026-07-17,The Odyssey,OPEN,V,1236815411,Box Office: ‘The Odyssey’ Has Epic Opening Day With $51 Million,2026-07-18T15:50:11+00:00,2026-07-18T15:57:54+00:00,text,82.0,,"cture winner, ""Oppenheimer,"" which made $82 million over its opening"
2026-07-17,The Odyssey,OPEN,V,1236815411,Box Office: ‘The Odyssey’ Has Epic Opening Day With $51 Million,2026-07-18T15:50:11+00:00,2026-07-18T15:57:54+00:00,text2,975.0,,82 million over its opening weekend and powered to $975 m
2026-07-17,The Odyssey,OPEN,V,1236815411,Box Office: ‘The Odyssey’ Has Epic Opening Day With $51 Million,2026-07-18T15:50:11+00:00,2026-07-18T15:57:54+00:00,text2,47.5,," the entire opening weekend of Nolan's 2014 opus ""Interstellar"" ($47.5 m"
2026-07-17,The Odyssey,OPEN,V,1236815411,Box Office: ‘The Odyssey’ Has Epic Opening Day With $51 Million,2026-07-18T15:50:11+00:00,2026-07-18T15:57:54+00:00,text2,47.5,," the entire opening weekend of Nolan's 2014 opus ""Interstellar"" ($47.5 m"
2026-07-17,The Odyssey,OPEN,V,1236815861,"Box Office: ‘The Odyssey’ Stuns With $124 Million Opening Weekend, Thi",2026-07-19T15:38:55+00:00,2026-07-20T01:04:13+00:00,text2,160.0,," as Nolan's biggest debut since 2012's ""The Dark Knight Rises"" ($160 m"
2026-07-17,The Odyssey,OPEN,V,1236815861,"Box Office: ‘The Odyssey’ Stuns With $124 Million Opening Weekend, Thi",2026-07-19T15:38:55+00:00,2026-07-20T01:04:13+00:00,text2,249.0,,"an's biggest global opening ahead of ""The Dark Knight Rises"" ($249 m"
2026-07-17,The Odyssey,OPEN,V,1236816035,"5 Reasons ‘The Odyssey’ Defied Box Office Expectations, Including Imax",2026-07-20T15:54:53+00:00,2026-07-20T20:18:40+00:00,text2,124.5,,"he gods odds in its opening weekend, delivering a s ensational $124.5 m"
2026-07-17,Toy Story 5,NTH,D,1236993792,SUNDAY AM,2026-07-19T19:00:00+00:00,,chart,14.8,,3-day $14.8M
2026-07-17,Toy Story 5,NTH,D,1236993792,SATURDAY AM,2026-07-18T19:00:00+00:00,,text,137.0,,and Oppenheimer ($180M). As far as that $137M+ offshore start
2026-07-17,Toy Story 5,NTH,D,1236993792,SATURDAY AM,2026-07-18T19:00:00+00:00,,text2,198.0,,an's biggest global opening ever ahead of The Dark Knight Rises ($198M
2026-07-17,Toy Story 5,NTH,D,1236993792,SATURDAY AM,2026-07-18T19:00:00+00:00,,chart,13.8,,3-day $13.8M
2026-07-17,Toy Story 5,NTH,D,1236993792,FRIDAY PM,2026-07-18T06:59:00+00:00,,chart,13.0,,3-day $13M
2026-07-17,Toy Story 5,NTH,V,1236809979,"From ‘Michael’ to ‘The Bride’: The Good, the Bad and the Meh of the 20",2026-07-16T15:45:00+00:00,2026-07-16T15:27:25+00:00,text,45.0,,er.) Despite great reviews and a decent $45 million debut
2026-07-17,Toy Story 5,NTH,V,1236812480,Box Office: ‘The Odyssey’ Kicks Off With an Epic $17.6 Million in Prev,2026-07-17T14:36:55+00:00,2026-07-17T15:50:51+00:00,text,82.0,,"phenomenon. ""Oppenheimer"" powered to an $82 million opening"
2026-07-17,Toy Story 5,NTH,V,1236815411,Box Office: ‘The Odyssey’ Has Epic Opening Day With $51 Million,2026-07-18T15:50:11+00:00,2026-07-18T15:57:54+00:00,text2,13.8,,"iday. By Sunday, it should make about $13.8 m"
2026-07-17,Toy Story 5,NTH,V,1236815411,Box Office: ‘The Odyssey’ Has Epic Opening Day With $51 Million,2026-07-18T15:50:11+00:00,2026-07-18T15:57:54+00:00,text2,13.8,,"iday. By Sunday, it should make about $13.8 m"
2026-07-17,Toy Story 5,NTH,V,1236815861,"Box Office: ‘The Odyssey’ Stuns With $124 Million Opening Weekend, Thi",2026-07-19T15:38:55+00:00,2026-07-20T01:04:13+00:00,text,14.8,,"third place, with each film bringing in $14.8 million over the weekend"
2026-07-17,Toy Story 5,NTH,V,1236815861,"Box Office: ‘The Odyssey’ Stuns With $124 Million Opening Weekend, Thi",2026-07-19T15:38:55+00:00,2026-07-20T01:04:13+00:00,text2,137.0,,drop from the prior weekend and boost revenues to $137 m
2026-07-17,Toy Story 5,NTH,V,1236815861,"Box Office: ‘The Odyssey’ Stuns With $124 Million Opening Weekend, Thi",2026-07-19T15:38:55+00:00,2026-07-20T01:04:13+00:00,text,958.0,, with $430 million in North America and $958 million worldwide after five weekend
2026-07-24,Minions & Monsters,NTH,D,1237002537,SUNDAY AM WRITETHRU,2026-07-26T19:00:00+00:00,,chart,9.6,,3-day $9.6M
2026-07-24,Minions & Monsters,NTH,D,1237002537,"UPDATED, FRIDAY PM",2026-07-25T06:59:00+00:00,,text,3.5,,ment's Hadestown is in fifth with about $3.5M and an opening
2026-07-24,Minions & Monsters,NTH,D,1237002537,"UPDATED, FRIDAY PM",2026-07-25T06:59:00+00:00,,text2,7.5,9.0, about $3.5M and an opening between $7.5M-$9M
2026-07-24,Minions & Monsters,NTH,V,1236820845,Box Office: ‘The Odyssey’ Holds Strong With $25 Million on Friday,2026-07-25T15:15:23+00:00,2026-07-26T17:31:07+00:00,text2,9.5,, animated adventure should gross $9.5 m
2026-07-24,Moana (2026),NTH,D,1237002537,SUNDAY AM WRITETHRU,2026-07-26T19:00:00+00:00,,chart,10.5,,3-day $10.5M
2026-07-24,Moana (2026),NTH,D,1237002537,"UPDATED, FRIDAY PM",2026-07-25T06:59:00+00:00,,text2,10.0,,"day of $3M, a third weekend around $10M"
2026-07-24,Moana (2026),NTH,D,1237002537,"UPDATED, FRIDAY PM",2026-07-25T06:59:00+00:00,,text2,9.4,,isney/Pixar's sixth weekend of Toy Story 5 with around $9.4M
2026-07-24,Moana (2026),NTH,V,1236820845,Box Office: ‘The Odyssey’ Holds Strong With $25 Million on Friday,2026-07-25T15:15:23+00:00,2026-07-26T17:31:07+00:00,text2,10.8,,". Through its third weekend, ""Moana"" is eyeing an estimated $10.8 m"
2026-07-24,Moana (2026),NTH,V,1236820845,Box Office: ‘The Odyssey’ Holds Strong With $25 Million on Friday,2026-07-25T15:15:23+00:00,2026-07-26T17:31:07+00:00,text2,10.8,,"Moana"" is eyeing an estimated $10.8 m"
2026-07-24,Moana (2026),NTH,V,1236820845,Box Office: ‘The Odyssey’ Holds Strong With $25 Million on Friday,2026-07-25T15:15:23+00:00,2026-07-26T17:31:07+00:00,text2,10.1,,"iday. By Sunday, it should make $10.1 m"
2026-07-24,The Odyssey,NTH,D,1237002537,UPDATE MONDAY AM,2026-07-27T19:00:00+00:00,,text2,10.1,,he latter bests the opening of Disney's Hamilton ($10.1M
2026-07-24,The Odyssey,NTH,D,1237002537,UPDATE MONDAY AM,2026-07-27T19:00:00+00:00,,text,90.0,,Odyssey ties with Top Gun: Maverick 's $90M second
2026-07-24,The Odyssey,NTH,D,1237002537,UPDATE MONDAY AM,2026-07-27T19:00:00+00:00,,text2,200.0,,ek with a projected opening around $200M+
2026-07-24,The Odyssey,NTH,D,1237002537,SUNDAY AM WRITETHRU,2026-07-26T19:00:00+00:00,,text2,87.0,,Nolan's best second weekend ever at the domestic box office with $87 m
2026-07-24,The Odyssey,NTH,D,1237002537,SUNDAY AM WRITETHRU,2026-07-26T19:00:00+00:00,,text2,330.0,,al's second highest grossing R-rated movie after Nolan's Oppenheimer ($330M
2026-07-24,The Odyssey,NTH,D,1237002537,SUNDAY AM WRITETHRU,2026-07-26T19:00:00+00:00,,text,639.6,,"nson, Charlize Theron vehicle stands at $639.6M after a massive second"
2026-07-24,The Odyssey,NTH,D,1237002537,SUNDAY AM WRITETHRU,2026-07-26T19:00:00+00:00,,text2,2.48,,e the all-time best grossing movie at the historic venue with $2.48M
2026-07-24,The Odyssey,NTH,D,1237002537,SUNDAY AM WRITETHRU,2026-07-26T19:00:00+00:00,,text2,15.2,, rang up 26% of the weekend ($15.2M
2026-07-24,The Odyssey,NTH,D,1237002537,SUNDAY AM WRITETHRU,2026-07-26T19:00:00+00:00,,chart,87.0,,3-day $87M
2026-07-24,The Odyssey,NTH,D,1237002537,"UPDATED, FRIDAY PM",2026-07-25T06:59:00+00:00,,text2,75.1,,"his previous second-weekend high, for 2008's The Dark Knight ($75.1M"
2026-07-24,The Odyssey,NTH,D,1237002537,"UPDATED, FRIDAY PM",2026-07-25T06:59:00+00:00,,text2,96.8,, second-best second weekend ever behind Deadpool & Wolverine 's $96.8M
2026-07-24,The Odyssey,NTH,D,1237002537,"PREVIOUSLY, FRIDAY AM",2026-07-24T19:00:00+00:00,,text,123.5,,"first week, The Odyssey (similar to its $123.5M weekend"
2026-07-24,The Odyssey,NTH,D,1237002537,"PREVIOUSLY, FRIDAY AM",2026-07-24T19:00:00+00:00,,text2,238.6,,ilar to its $123.5M weekend opening) is third behind The Dark Knight ($238.6M
2026-07-24,The Odyssey,NTH,D,1237002537,"PREVIOUSLY, FRIDAY AM",2026-07-24T19:00:00+00:00,,text,123.5,,Odyssey (similar to its $123.5M weekend
2026-07-24,The Odyssey,NTH,D,1237002537,"PREVIOUSLY, FRIDAY AM",2026-07-24T19:00:00+00:00,,text2,238.6,,ilar to its $123.5M weekend opening) is third behind The Dark Knight ($238.6M
2026-07-24,The Odyssey,NTH,D,1237002537,"PREVIOUSLY, FRIDAY AM",2026-07-24T19:00:00+00:00,,text2,61.0,74.0,100.1M). The second-weekend outlook for Odyssey is between $61M-$74M
2026-07-24,The Odyssey,NTH,V,1236820845,Box Office: ‘The Odyssey’ Holds Strong With $25 Million on Friday,2026-07-25T15:15:23+00:00,2026-07-26T17:31:07+00:00,text,124.0,,ents just a 32% drop from its excellent $124 million debut
2026-07-24,The Odyssey,NTH,V,1236820845,Box Office: ‘The Odyssey’ Holds Strong With $25 Million on Friday,2026-07-25T15:15:23+00:00,2026-07-26T17:31:07+00:00,text2,84.5,, and by Sunday it's expected to make $84.5 m
2026-07-24,The Odyssey,NTH,V,1236820845,Box Office: ‘The Odyssey’ Holds Strong With $25 Million on Friday,2026-07-25T15:15:23+00:00,2026-07-26T17:31:07+00:00,text,124.0,,ents just a 32% drop from its excellent $124 million debut
2026-07-24,The Odyssey,NTH,V,1236820845,Box Office: ‘The Odyssey’ Holds Strong With $25 Million on Friday,2026-07-25T15:15:23+00:00,2026-07-26T17:31:07+00:00,text2,84.5,, and by Sunday it's expected to make $84.5 m
2026-07-24,The Odyssey,NTH,V,1236820845,Box Office: ‘The Odyssey’ Holds Strong With $25 Million on Friday,2026-07-25T15:15:23+00:00,2026-07-26T17:31:07+00:00,text2,283.0,,orth American total should land around $283 m
2026-07-24,The Odyssey,NTH,V,1236820845,Box Office: ‘The Odyssey’ Holds Strong With $25 Million on Friday,2026-07-25T15:15:23+00:00,2026-07-26T17:31:07+00:00,text2,283.0,,orth American total should land around $283 m
2026-07-24,The Odyssey,NTH,V,1236820845,Box Office: ‘The Odyssey’ Holds Strong With $25 Million on Friday,2026-07-25T15:15:23+00:00,2026-07-26T17:31:07+00:00,text2,264.1,," $283 million. Over opening weekend, ""The Odyssey"" earned $264.1 m"
2026-07-24,The Odyssey,NTH,V,1236820845,Box Office: ‘The Odyssey’ Holds Strong With $25 Million on Friday,2026-07-25T15:15:23+00:00,2026-07-26T17:31:07+00:00,text,9.0,,iday. Rival projections have it earning $9 million through the weekend
2026-07-24,The Odyssey,NTH,V,1236821417,Box Office: ‘The Odyssey’ Sails to $90 Million in Massive Second Weeke,2026-07-26T14:46:29+00:00,2026-08-02T15:47:15+00:00,text,123.5,,"sey"" declined just 27% from its sizable $123.5 million debut"
2026-07-24,The Odyssey,NTH,V,1236821417,Box Office: ‘The Odyssey’ Sails to $90 Million in Massive Second Weeke,2026-07-26T14:46:29+00:00,2026-08-02T15:47:15+00:00,text,96.0,,"'s ""Deadpool & Wolverine,"" which earned $96 million in its second"
2026-07-24,The Odyssey,NTH,V,1236821417,Box Office: ‘The Odyssey’ Sails to $90 Million in Massive Second Weeke,2026-07-26T14:46:29+00:00,2026-08-02T15:47:15+00:00,text2,221.0,,llion in its second weekend after launching to a record-setting $221 m
2026-07-24,The Odyssey,NTH,V,1236818437,"Box Office: ‘Toy Story 5’ Crosses $1 Billion, Becomes Highest-Grossing",2026-07-26T14:50:59+00:00,2026-07-26T15:40:17+00:00,text,639.6,,"Odyssey,"" which has earned $639.6 million after just two weekend"
2026-07-24,The Odyssey,NTH,V,1236821760,‘The Odyssey’ by the Numbers: 6 Ways Christopher Nolan’s Epic Is Shatt,2026-07-27T19:13:22+00:00,2026-07-28T17:20:36+00:00,text,123.5,,"ng, a barely-there 27% decline from its $123.5 million debut"
2026-07-24,The Odyssey,NTH,V,1236821760,‘The Odyssey’ by the Numbers: 6 Ways Christopher Nolan’s Epic Is Shatt,2026-07-27T19:13:22+00:00,2026-07-28T17:20:36+00:00,text,123.5,,"ng, a barely-there 27% decline from its $123.5 million debut"
2026-07-24,The Odyssey,NTH,V,1236821760,‘The Odyssey’ by the Numbers: 6 Ways Christopher Nolan’s Epic Is Shatt,2026-07-27T19:13:22+00:00,2026-07-28T17:20:36+00:00,text2,76.0,,"cant is that second-weekend haul? Hits like ""The Devil Wears Prada 2"" ($76 m"
2026-07-24,The Odyssey,NTH,V,1236821760,‘The Odyssey’ by the Numbers: 6 Ways Christopher Nolan’s Epic Is Shatt,2026-07-27T19:13:22+00:00,2026-07-28T17:20:36+00:00,text,70.0,,"f the year, ahead of ""Toy Story 5"" with $70 million, as well as the second"
2026-07-24,The Odyssey,NTH,V,1236821760,‘The Odyssey’ by the Numbers: 6 Ways Christopher Nolan’s Epic Is Shatt,2026-07-27T19:13:22+00:00,2026-07-28T17:20:36+00:00,text2,70.0,," the biggest second weekend of the year, ahead of ""Toy Story 5"" with $70 m"
2026-07-24,The Odyssey,NTH,V,1236821760,‘The Odyssey’ by the Numbers: 6 Ways Christopher Nolan’s Epic Is Shatt,2026-07-27T19:13:22+00:00,2026-07-28T17:20:36+00:00,text,75.0,,"atic triumphs: ""The Dark Knight"" earned $75 million in its second"
2026-07-24,The Odyssey,NTH,V,1236821760,‘The Odyssey’ by the Numbers: 6 Ways Christopher Nolan’s Epic Is Shatt,2026-07-27T19:13:22+00:00,2026-07-28T17:20:36+00:00,text,62.0,,"while ""The Dark Knight Rises"" collected $62 million in its second"
2026-07-24,The Odyssey,NTH,V,1236821760,‘The Odyssey’ by the Numbers: 6 Ways Christopher Nolan’s Epic Is Shatt,2026-07-27T19:13:22+00:00,2026-07-28T17:20:36+00:00,text2,158.0,,llion in its second weekend after opening to $158 m
2026-07-24,The Odyssey,NTH,V,1236821760,‘The Odyssey’ by the Numbers: 6 Ways Christopher Nolan’s Epic Is Shatt,2026-07-27T19:13:22+00:00,2026-07-28T17:20:36+00:00,text,75.0,,"atic triumphs: ""The Dark Knight"" earned $75 million in its second"
2026-07-24,The Odyssey,NTH,V,1236821760,‘The Odyssey’ by the Numbers: 6 Ways Christopher Nolan’s Epic Is Shatt,2026-07-27T19:13:22+00:00,2026-07-28T17:20:36+00:00,text,62.0,,"while ""The Dark Knight Rises"" collected $62 million in its second"
2026-07-24,The Odyssey,NTH,V,1236821760,‘The Odyssey’ by the Numbers: 6 Ways Christopher Nolan’s Epic Is Shatt,2026-07-27T19:13:22+00:00,2026-07-28T17:20:36+00:00,text2,158.0,,llion in its second weekend after opening to $158 m
2026-07-24,The Odyssey,NTH,V,1236821760,‘The Odyssey’ by the Numbers: 6 Ways Christopher Nolan’s Epic Is Shatt,2026-07-27T19:13:22+00:00,2026-07-28T17:20:36+00:00,text2,160.0,,llion in its second weekend after debuting to $160 m
2026-07-31,Spider-Man: Brand New Day,OPEN,D,1237006246,THURSDAY UPDATE,2026-07-31T06:59:00+00:00,,text,78.0,,hich technically exceeds No Way Home 's $78M advance tickets before opening
2026-07-31,Spider-Man: Brand New Day,OPEN,D,1237014268,SUNDAY AM,2026-08-02T19:00:00+00:00,,text2,357.1,,c still holding the 3-day title with $357.1M
2026-07-31,Spider-Man: Brand New Day,OPEN,D,1237014268,SUNDAY AM,2026-08-02T19:00:00+00:00,,text,358.0,360.0,-15% Sunday can outstrip Endgame with a $358M-$360M+ opening
2026-07-31,Spider-Man: Brand New Day,OPEN,D,1237014268,SUNDAY AM,2026-08-02T19:00:00+00:00,,chart,355.0,,3-day $355M
2026-07-31,Spider-Man: Brand New Day,OPEN,D,1237014268,SATURDAY AM,2026-08-01T19:00:00+00:00,,chart,325.0,350.0,3-day $325M-$350M
2026-07-31,Spider-Man: Brand New Day,OPEN,D,1237014268,FRIDAY MIDDAY UPDATE,2026-08-01T00:00:00+00:00,,text2,157.4,,e first day/preview opening record of Avengers: Endgame ($157.4M
2026-07-31,Spider-Man: Brand New Day,OPEN,V,1236824394,‘Spider-Man: Brand New Day’ Sets Box Office Record With $72 Million in,2026-07-31T14:55:19+00:00,2026-07-31T15:17:16+00:00,text2,300.0,,"the ""Brand New Day"" opening above $300 m"
2026-07-31,Spider-Man: Brand New Day,OPEN,V,1236824394,‘Spider-Man: Brand New Day’ Sets Box Office Record With $72 Million in,2026-07-31T14:55:19+00:00,2026-07-31T15:17:16+00:00,text2,190.0,,a more conservative start of $190 m
2026-07-31,Spider-Man: Brand New Day,OPEN,V,1236825953,"‘Spider-Man: Brand New Day’ Swings to Mind-Blowing $355 Million Debut,",2026-08-02T15:03:20+00:00,2026-08-03T01:33:08+00:00,text2,10.0,,"h, establishing new opening weekend records for Dolby ($10 m"
2026-07-31,Spider-Man: Brand New Day,OPEN,V,1236825132,‘Spider-Man: Brand New Day’ and ‘The Odyssey’ Power Biggest Collective,2026-08-02T16:09:06+00:00,2026-08-03T01:37:10+00:00,text,355.0,,"as the web-slinging hero, exploded with $355 million in its domestic debut"
2026-07-31,Spider-Man: Brand New Day,OPEN,V,1236825132,‘Spider-Man: Brand New Day’ and ‘The Odyssey’ Power Biggest Collective,2026-08-02T16:09:06+00:00,2026-08-03T01:37:10+00:00,text,300.0,,as the second movie in history to cross $300 million in a single weekend
2026-07-31,Spider-Man: Brand New Day,OPEN,V,1236825132,‘Spider-Man: Brand New Day’ and ‘The Odyssey’ Power Biggest Collective,2026-08-02T16:09:06+00:00,2026-08-03T01:37:10+00:00,text2,168.0,,well as the biggest opening day with $168 m
2026-07-31,Spider-Man: Brand New Day,OPEN,V,1236825132,‘Spider-Man: Brand New Day’ and ‘The Odyssey’ Power Biggest Collective,2026-08-02T16:09:06+00:00,2026-08-03T01:37:10+00:00,text,260.0,,"ider-Man: No Way Home,"" which opened to $260 million (the third"
2026-07-31,Spider-Man: Brand New Day,OPEN,V,1236825132,‘Spider-Man: Brand New Day’ and ‘The Odyssey’ Power Biggest Collective,2026-08-02T16:09:06+00:00,2026-08-03T01:37:10+00:00,text,260.0,,"ider-Man: No Way Home,"" which opened to $260 million (the third"
2026-07-31,Spider-Man: Brand New Day,OPEN,V,1236826336,‘Spider-Man’ Beats ‘Avengers: Endgame’ as ‘Brand New Day’ Climbs to $3,2026-08-03T14:37:16+00:00,2026-08-03T16:42:41+00:00,text,360.0,,"aptured a mind-boggling, record-setting $360 million in its domestic debut"
2026-07-31,Spider-Man: Brand New Day,OPEN,V,1236826336,‘Spider-Man’ Beats ‘Avengers: Endgame’ as ‘Brand New Day’ Climbs to $3,2026-08-03T14:37:16+00:00,2026-08-03T16:42:41+00:00,text,360.0,,"aptured a mind-boggling, record-setting $360 million in its domestic debut"
2026-07-31,Spider-Man: Brand New Day,OPEN,V,1236826336,‘Spider-Man’ Beats ‘Avengers: Endgame’ as ‘Brand New Day’ Climbs to $3,2026-08-03T14:37:16+00:00,2026-08-03T16:42:41+00:00,text,300.0,,the only two movies in history to cross $300 million in a single weekend
2026-07-31,Spider-Man: Brand New Day,OPEN,V,1236826336,‘Spider-Man’ Beats ‘Avengers: Endgame’ as ‘Brand New Day’ Climbs to $3,2026-08-03T14:37:16+00:00,2026-08-03T16:42:41+00:00,text,100.0,,"spective, those behemoths earned around $100 million more to start"
2026-07-31,Spider-Man: Brand New Day,OPEN,V,1236826336,‘Spider-Man’ Beats ‘Avengers: Endgame’ as ‘Brand New Day’ Climbs to $3,2026-08-03T14:37:16+00:00,2026-08-03T16:42:41+00:00,text2,169.8,,well as the biggest opening day with $169.8 m
2026-07-31,Spider-Man: Brand New Day,OPEN,V,1236828086,LISTEN: It’s a Brand New Day for the Box Office Thanks to ‘Spider-Man’,2026-08-03T22:15:00+00:00,2026-08-05T13:05:27+00:00,text2,400.0,,story that a single weekend delivered more than $400 m
2026-07-31,Spider-Man: Brand New Day,OPEN,V,1236826658,"‘Spider-Man: Brand New Day’ Crosses $1 Billion in Six Days, Second-Fas",2026-08-04T15:25:06+00:00,2026-08-04T16:06:17+00:00,text2,360.0,, expectations since debuting last weekend to $360 m
2026-07-31,Spider-Man: Brand New Day,OPEN,V,1236826658,"‘Spider-Man: Brand New Day’ Crosses $1 Billion in Six Days, Second-Fas",2026-08-04T15:25:06+00:00,2026-08-04T16:06:17+00:00,text2,360.0,, expectations since debuting last weekend to $360 m
2026-07-31,The Odyssey,NTH,D,1237006246,THURSDAY UPDATE,2026-07-31T06:59:00+00:00,,text2,29.1,,heimer in its third weekend against Barbie eased -38% with $29.1M
2026-07-31,The Odyssey,NTH,D,1237006246,THURSDAY UPDATE,2026-07-31T06:59:00+00:00,,text2,90.0,,r with Odyssey last weekend at $90M
2026-07-31,The Odyssey,NTH,D,1237006246,THURSDAY UPDATE,2026-07-31T06:59:00+00:00,,text,35.7,,night 's $42.6M and Dark Knight Rise 's $35.7M third
2026-07-31,The Odyssey,NTH,D,1237006246,THURSDAY UPDATE,2026-07-31T06:59:00+00:00,,text2,90.0,,r with Odyssey last weekend at $90M
2026-07-31,The Odyssey,NTH,D,1237006246,THURSDAY UPDATE,2026-07-31T06:59:00+00:00,,text2,42.6,," see his best third weekend, outstripping Dark Knight 's $42.6M"
2026-07-31,The Odyssey,NTH,D,1237006246,THURSDAY UPDATE,2026-07-31T06:59:00+00:00,,text,35.7,,night 's $42.6M and Dark Knight Rise 's $35.7M third
2026-07-31,The Odyssey,NTH,D,1237006246,THURSDAY UPDATE,2026-07-31T06:59:00+00:00,,text2,90.0,,Odyssey last weekend at $90M
2026-07-31,The Odyssey,NTH,D,1237006246,THURSDAY UPDATE,2026-07-31T06:59:00+00:00,,text2,42.6,," see his best third weekend, outstripping Dark Knight 's $42.6M"
2026-07-31,The Odyssey,NTH,D,1237014268,SUNDAY AM,2026-08-02T19:00:00+00:00,,chart,51.0,,3-day $51M
2026-07-31,The Odyssey,NTH,D,1237014268,SUNDAY AM,2026-08-02T19:00:00+00:00,,chart,6.3,,3-day $6.3M
2026-07-31,The Odyssey,NTH,D,1237014268,SATURDAY AM,2026-08-01T19:00:00+00:00,,text,51.0,," New Day ? Very well, thank you, with a $51M third"
2026-07-31,The Odyssey,NTH,D,1237014268,SATURDAY AM,2026-08-01T19:00:00+00:00,,chart,51.0,,3-day $51M
2026-07-31,The Odyssey,NTH,D,1237014268,FRIDAY MIDDAY UPDATE,2026-08-01T00:00:00+00:00,,text,52.0,,gainst the competition with an expected $52M weekend
2026-07-31,The Odyssey,NTH,D,1237014268,FRIDAY MIDDAY UPDATE,2026-08-01T00:00:00+00:00,,text2,15.0,,third Friday that's shaping up to be $15M
2026-07-31,The Odyssey,NTH,V,1236825953,"‘Spider-Man: Brand New Day’ Swings to Mind-Blowing $355 Million Debut,",2026-08-02T15:03:20+00:00,2026-08-03T01:33:08+00:00,text,51.0,,"Odyssey"" remained a draw with $51 million in its third"
2026-07-31,The Odyssey,NTH,V,1236825953,"‘Spider-Man: Brand New Day’ Swings to Mind-Blowing $355 Million Debut,",2026-08-02T15:03:20+00:00,2026-08-03T01:33:08+00:00,text2,430.0,, biggest collective weekend in box office history with roughly $430 m
2026-07-31,The Odyssey,NTH,V,1236825132,‘Spider-Man: Brand New Day’ and ‘The Odyssey’ Power Biggest Collective,2026-08-02T16:09:06+00:00,2026-08-03T01:37:10+00:00,text2,430.0,," biggest collective weekend in box office history, with roughly $430 m"
2026-07-31,The Odyssey,NTH,V,1236825132,‘Spider-Man: Brand New Day’ and ‘The Odyssey’ Power Biggest Collective,2026-08-02T16:09:06+00:00,2026-08-03T01:37:10+00:00,text2,402.0,,"this, the top three weekends were led by 2019's ""Avengers: Endgame"" ($402 m"
2026-07-31,The Odyssey,NTH,V,1236825132,‘Spider-Man: Brand New Day’ and ‘The Odyssey’ Power Biggest Collective,2026-08-02T16:09:06+00:00,2026-08-03T01:37:10+00:00,text,400.0,,"ce trends. ""This is now only the second $400 million-plus weekend"
2026-07-31,The Odyssey,NTH,V,1236825132,‘Spider-Man: Brand New Day’ and ‘The Odyssey’ Power Biggest Collective,2026-08-02T16:09:06+00:00,2026-08-03T01:37:10+00:00,text,911.0,,s Greek epic has generated a remarkable $911 million worldwide after three weekend
2026-07-31,The Odyssey,NTH,V,1236826306,‘Spider-Man: Brand New Day’ Sets Imax Release as ‘The Odyssey’ Exclusi,2026-08-03T13:20:38+00:00,2026-08-03T13:38:07+00:00,text2,257.0,,chieved its highest-grossing month in history with $257 m
2026-07-31,The Odyssey,NTH,V,1236826658,"‘Spider-Man: Brand New Day’ Crosses $1 Billion in Six Days, Second-Fas",2026-08-04T15:25:06+00:00,2026-08-04T16:06:17+00:00,text2,912.0,,"Odyssey"" has grossed a remarkable $912 m"
2026-08-07,One Night Only,OPEN,D,1237028481,FRIDAY AFTERNOON,2026-08-08T00:00:00+00:00,,chart,6.0,,3-day of $6M
2026-08-07,One Night Only,OPEN,D,1237028481,FRIDAY AFTERNOON,2026-08-08T00:00:00+00:00,,text2,4.3,,an estimated eighth weekend of $4.3M
2026-08-07,One Night Only,OPEN,D,1237028481,FRIDAY AM,2026-08-07T19:00:00+00:00,,text,6.0,,"its pre-Christmas weekend, leading to a $6M start"
2026-08-07,One Night Only,OPEN,D,1237028481,FRIDAY AM,2026-08-07T19:00:00+00:00,,text2,6.0,,"n its pre-Christmas weekend, leading to a $6M"
2026-08-07,One Night Only,OPEN,V,1236830599,Box Office: ‘Spider-Man: Brand New Day’ Swings into Second Weekend Wit,2026-08-08T15:50:35+00:00,2026-08-08T16:00:27+00:00,text2,6.0,,estic screens. It's expected to make $6 m
2026-08-07,One Night Only,OPEN,V,1236830599,Box Office: ‘Spider-Man: Brand New Day’ Swings into Second Weekend Wit,2026-08-08T15:50:35+00:00,2026-08-08T16:00:27+00:00,text2,6.0,,estic screens. It's expected to make $6 m
2026-08-07,One Night Only,OPEN,V,1236830807,Box Office: ‘Spider-Man: Brand New Day’ Flies to Third-Biggest Second ,2026-08-09T15:08:04+00:00,2026-08-09T15:54:17+00:00,text2,5.7,,"One Night Only"" debuted below expectations with $5.7 m"
2026-08-07,Spider-Man: Brand New Day,NTH,D,1237028481,FRIDAY AFTERNOON,2026-08-08T00:00:00+00:00,,text2,135.0,140.0,"ow Imax screens, is looking at $135M-$140M"
2026-08-07,Spider-Man: Brand New Day,NTH,D,1237029582,MONDAY WRITETHRU UPDATE,2026-08-11T06:59:00+00:00,,text,4.9,, and 4% over Avengers: Endgame. Spain's $4.9M (-49%) second
2026-08-07,Spider-Man: Brand New Day,NTH,D,1237029582,MONDAY WRITETHRU UPDATE,2026-08-11T06:59:00+00:00,,text2,28.6,,$4.9M (-49%) second weekend and $28.6M
2026-08-07,Spider-Man: Brand New Day,NTH,D,1237029582,MONDAY WRITETHRU UPDATE,2026-08-11T06:59:00+00:00,,text2,3.3,,ovie ever after two weekends in release include Peru ($3.3M
2026-08-07,Spider-Man: Brand New Day,NTH,D,1237029582,MONDAY WRITETHRU UPDATE,2026-08-11T06:59:00+00:00,,text,3.7,,iggest ever in Italy. Australia grossed $3.7M in its fourth
2026-08-07,Spider-Man: Brand New Day,NTH,D,1237029582,MONDAY WRITETHRU UPDATE,2026-08-11T06:59:00+00:00,,text,3.1,,gest ever in the market. Mexico grossed $3.1M in weekend
2026-08-07,Spider-Man: Brand New Day,NTH,D,1237029582,MONDAY WRITETHRU UPDATE,2026-08-11T06:59:00+00:00,,text,2.5,, filmmaker's biggest there. Spain added $2.5M in weekend
2026-08-07,Spider-Man: Brand New Day,NTH,D,1237029582,MONDAY WRITETHRU UPDATE,2026-08-11T06:59:00+00:00,,text2,3.7,,in Italy. Australia grossed $3.7M
2026-08-07,Spider-Man: Brand New Day,NTH,D,1237029582,MONDAY WRITETHRU UPDATE,2026-08-11T06:59:00+00:00,,text2,3.1,, the market. Mexico grossed $3.1M
2026-08-07,Spider-Man: Brand New Day,NTH,D,1237029582,MONDAY WRITETHRU UPDATE,2026-08-11T06:59:00+00:00,,text2,30.6,,co grossed $3.1M in weekend 4 with $30.6M
2026-08-07,Spider-Man: Brand New Day,NTH,D,1237029582,MONDAY WRITETHRU UPDATE,2026-08-11T06:59:00+00:00,,text2,29.8,,pain added $2.5M in weekend 4 to reach a cume of $29.8M
2026-08-07,Spider-Man: Brand New Day,NTH,D,1237029582,MONDAY WRITETHRU UPDATE,2026-08-11T06:59:00+00:00,,text,2.1,,an: Brand New Day . The Netherlands saw $2.1M in its fourth
2026-08-07,Spider-Man: Brand New Day,NTH,D,1237029582,MONDAY WRITETHRU UPDATE,2026-08-11T06:59:00+00:00,,text,2.0,,t film in the market. Brazil also added $2M in weekend
2026-08-07,Spider-Man: Brand New Day,NTH,D,1237029582,MONDAY WRITETHRU UPDATE,2026-08-11T06:59:00+00:00,,text2,18.5,,l also added $2M in weekend 4 an $18.5M
2026-08-07,Spider-Man: Brand New Day,NTH,V,1236828413,‘Spider-Man: Brand New Day’ Becomes Highest-Grossing Movie of 2026 in ,2026-08-05T15:36:35+00:00,2026-08-05T15:40:19+00:00,text2,47.0,,livered the highest-grossing Monday with $47 m
2026-08-07,Spider-Man: Brand New Day,NTH,V,1236830599,Box Office: ‘Spider-Man: Brand New Day’ Swings into Second Weekend Wit,2026-08-08T15:50:35+00:00,2026-08-08T16:00:27+00:00,text2,143.0,,arvel-Sony tentpole should swing to $143 m
2026-08-07,Spider-Man: Brand New Day,NTH,V,1236830807,Box Office: ‘Spider-Man: Brand New Day’ Flies to Third-Biggest Second ,2026-08-09T15:08:04+00:00,2026-08-09T15:54:17+00:00,text,145.0,,"alleled box office run, scoring another $145 million domestically during its second"
2026-08-07,Spider-Man: Brand New Day,NTH,V,1236831246,"Summer Box Office Hits $4 Billion for Second Time Since COVID, Thanks ",2026-08-11T13:01:56+00:00,2026-08-20T19:40:24+00:00,text2,655.0,,"Day"" is the highest-grossing movie with $655 m"
2026-08-07,Super Troopers 3,OPEN,D,1237028481,FRIDAY AFTERNOON,2026-08-08T00:00:00+00:00,,chart,4.0,,3-day of $4M
2026-08-07,The Odyssey,NTH,D,1237029582,MONDAY WRITETHRU UPDATE,2026-08-11T06:59:00+00:00,,text,144.2,,"areer with $1.1B. Brand New Day charted $144.2M stateside , the third"
2026-08-07,The Odyssey,NTH,D,1237029582,MONDAY WRITETHRU UPDATE,2026-08-11T06:59:00+00:00,,text,144.2,,"areer with $1.1B. Brand New Day charted $144.2M stateside , the third"
2026-08-07,The Odyssey,NTH,D,1237029582,MONDAY WRITETHRU UPDATE,2026-08-11T06:59:00+00:00,,text,100.0,, one of eight movies to gross more than $100M in its second
2026-08-07,The Odyssey,NTH,D,1237029582,MONDAY WRITETHRU UPDATE,2026-08-11T06:59:00+00:00,,text2,100.0,, of eight movies to gross more than $100M
2026-08-07,The Odyssey,NTH,D,1237029582,MONDAY WRITETHRU UPDATE,2026-08-11T06:59:00+00:00,,text2,113.6,,saw a fourth global weekend of $113.6M
2026-08-07,The Odyssey,NTH,D,1237029582,MONDAY WRITETHRU UPDATE,2026-08-11T06:59:00+00:00,,text2,113.6,,saw a fourth global weekend of $113.6M
2026-08-07,The Odyssey,NTH,D,1237029582,MONDAY WRITETHRU UPDATE,2026-08-11T06:59:00+00:00,,text2,14.4,, 's $1.33B. Korea's start of $14.4M
2026-08-07,The Odyssey,NTH,D,1237029582,MONDAY WRITETHRU UPDATE,2026-08-11T06:59:00+00:00,,text2,7.1,,tive land. France's weekend 4 added $7.1M
2026-08-07,The Odyssey,NTH,D,1237029582,MONDAY WRITETHRU UPDATE,2026-08-11T06:59:00+00:00,,text2,7.1,,tive land. France's weekend 4 added $7.1M
2026-08-07,The Odyssey,NTH,D,1237029582,MONDAY WRITETHRU UPDATE,2026-08-11T06:59:00+00:00,,text,23.0,,ter's PAW Patrol: The Dino Movie with a $23M weekend
2026-08-07,The Odyssey,NTH,D,1237029582,MONDAY WRITETHRU UPDATE,2026-08-11T06:59:00+00:00,,text2,1.8,,arlier in the week. Weekend 4 minted $1.8M
2026-08-07,The Odyssey,NTH,D,1237029582,MONDAY WRITETHRU UPDATE,2026-08-11T06:59:00+00:00,,text2,25.0,,o Movie with a $23M weekend and a $25M
2026-08-07,The Odyssey,NTH,V,1236830599,Box Office: ‘Spider-Man: Brand New Day’ Swings into Second Weekend Wit,2026-08-08T15:50:35+00:00,2026-08-08T16:00:27+00:00,text,8.8,,"Odyssey,"" which grossed $8.8 million on its fourth"
2026-08-07,The Odyssey,NTH,V,1236830599,Box Office: ‘Spider-Man: Brand New Day’ Swings into Second Weekend Wit,2026-08-08T15:50:35+00:00,2026-08-08T16:00:27+00:00,text2,8.8,,"Odyssey,"" which grossed $8.8 m"
2026-08-07,The Odyssey,NTH,V,1236830599,Box Office: ‘Spider-Man: Brand New Day’ Swings into Second Weekend Wit,2026-08-08T15:50:35+00:00,2026-08-08T16:00:27+00:00,text2,30.5,, Nolan's Greek epic should pull in $30.5 m
2026-08-07,The Odyssey,NTH,V,1236830599,Box Office: ‘Spider-Man: Brand New Day’ Swings into Second Weekend Wit,2026-08-08T15:50:35+00:00,2026-08-08T16:00:27+00:00,text2,460.0,,"r ""The Odyssey"" are expected to reach $460 m"
2026-08-07,The Odyssey,NTH,V,1236830599,Box Office: ‘Spider-Man: Brand New Day’ Swings into Second Weekend Wit,2026-08-08T15:50:35+00:00,2026-08-08T16:00:27+00:00,text2,460.0,,"Odyssey"" are expected to reach $460 m"
2026-08-07,The Odyssey,NTH,V,1236830807,Box Office: ‘Spider-Man: Brand New Day’ Flies to Third-Biggest Second ,2026-08-09T15:08:04+00:00,2026-08-09T15:54:17+00:00,text,31.5,,"Odyssey"" remained muscular with $31.5 million in its fourth"
2026-08-14,Spider-Man: Brand New Day,NTH,D,1237033458,MONDAY AM UPDATE,2026-08-17T19:00:00+00:00,,text,71.0,,"ame in higher in its third weekend with $71M , still the second"
2026-08-14,Spider-Man: Brand New Day,NTH,D,1237033458,MONDAY AM UPDATE,2026-08-17T19:00:00+00:00,,text2,71.0,,higher in its third weekend with $71M
2026-08-14,Spider-Man: Brand New Day,NTH,D,1237033458,MONDAY AM UPDATE,2026-08-17T19:00:00+00:00,,text2,70.0,,e second-best third weekend ever at the domestic box office with $70M
2026-08-14,Spider-Man: Brand New Day,NTH,D,1237033458,MONDAY AM UPDATE,2026-08-17T19:00:00+00:00,,text2,56.0,,o Way Home 's third weekend was $56M
2026-08-14,Spider-Man: Brand New Day,NTH,D,1237033458,MONDAY AM UPDATE,2026-08-17T19:00:00+00:00,,text2,56.0,,o Way Home 's third weekend was $56M
2026-08-14,Spider-Man: Brand New Day,NTH,D,1237033458,MONDAY AM UPDATE,2026-08-17T19:00:00+00:00,,chart,70.0,,3-day $70M
2026-08-14,Spider-Man: Brand New Day,NTH,D,1237033458,FRIDAY AM,2026-08-14T19:00:00+00:00,,text,186.5,, week is higher than Avengers: Endgame ($186.5M) but under the second
2026-08-14,Spider-Man: Brand New Day,NTH,V,1236832153,"Box Office: ‘End of Oak Street’ Targets $25 Million Debut, ‘Spider-Man",2026-08-12T15:43:35+00:00,2026-08-13T16:11:37+00:00,text,65.0,70.0,"-Man: Brand New Day"" could earn another $65 million to $70 million over the weekend"
2026-08-14,Spider-Man: Brand New Day,NTH,V,1236832153,"Box Office: ‘End of Oak Street’ Targets $25 Million Debut, ‘Spider-Man",2026-08-12T15:43:35+00:00,2026-08-13T16:11:37+00:00,text2,671.0,,already the highest-grossing movie of the year with $671 m
2026-08-14,Spider-Man: Brand New Day,NTH,V,1236833323,Box Office: ‘End of Oak Street’ Makes $2.5 Million in Previews,2026-08-14T15:42:21+00:00,2026-08-14T15:42:29+00:00,text2,20.0,,"e new releases this weekend, it's expected to come out on top with $20 m"
2026-08-14,Spider-Man: Brand New Day,NTH,V,1236833323,Box Office: ‘End of Oak Street’ Makes $2.5 Million in Previews,2026-08-14T15:42:21+00:00,2026-08-14T15:42:29+00:00,text,65.0,70.0,ek in a row. It's estimated to bring in $65 million to $70 million this weekend
2026-08-14,Spider-Man: Brand New Day,NTH,V,1236835436,"Box Office: ‘The End of Oak Street’ Chomps on $8.1 Million, But ‘Spide",2026-08-15T15:59:20+00:00,2026-08-15T15:59:32+00:00,text2,8.1,, in second place on opening day with $8.1 m
2026-08-14,Spider-Man: Brand New Day,NTH,V,1236835436,"Box Office: ‘The End of Oak Street’ Chomps on $8.1 Million, But ‘Spide",2026-08-15T15:59:20+00:00,2026-08-15T15:59:32+00:00,text2,67.0,,". Through its third weekend, the Marvel-Sony tentpole is targeting $67 m"
2026-08-14,Spider-Man: Brand New Day,NTH,V,1236834084,Box Office: ‘Spider-Man: Brand New Day’ Remains No. 1 With $70 Million,2026-08-16T16:08:27+00:00,2026-08-18T19:41:42+00:00,text,70.0,,"y"" remained No. 1 in North America with $70 million in its third"
2026-08-14,The Odyssey,NTH,D,1237033458,MONDAY AM UPDATE,2026-08-17T19:00:00+00:00,,text2,23.6,,$7.4M) with a fifth weekend of $23.6M
2026-08-14,The Odyssey,NTH,D,1237033458,MONDAY AM UPDATE,2026-08-17T19:00:00+00:00,,text,4.0,,p from Trafalgar. The pic is looking at $4M for the weekend
2026-08-14,The Odyssey,NTH,D,1237033458,MONDAY AM UPDATE,2026-08-17T19:00:00+00:00,,text2,346.4,,"y, is their highest grossing movie ever with $346.4M"
2026-08-14,The Odyssey,NTH,D,1237033458,MONDAY AM UPDATE,2026-08-17T19:00:00+00:00,,text2,4.0,,afalgar. The pic is looking at $4M
2026-08-14,The Odyssey,NTH,D,1237033458,MONDAY AM UPDATE,2026-08-17T19:00:00+00:00,,text2,2.2,,king at $4M for the weekend after $2.2M
2026-08-14,The Odyssey,NTH,D,1237033458,MONDAY AM UPDATE,2026-08-17T19:00:00+00:00,,chart,23.2,,3-day $23.2M
2026-08-14,The Odyssey,NTH,V,1236832153,"Box Office: ‘End of Oak Street’ Targets $25 Million Debut, ‘Spider-Man",2026-08-12T15:43:35+00:00,2026-08-13T16:11:37+00:00,text,17.0,20.0,"Odyssey"" could add $17 million to $20 million in its fifth"
2026-08-14,The Odyssey,NTH,V,1236833323,Box Office: ‘End of Oak Street’ Makes $2.5 Million in Previews,2026-08-14T15:42:21+00:00,2026-08-14T15:42:29+00:00,text,17.0,20.0,"Odyssey"" is aiming to add $17 million to $20 million in its fifth"
2026-08-14,The Odyssey,NTH,V,1236834084,Box Office: ‘Spider-Man: Brand New Day’ Remains No. 1 With $70 Million,2026-08-16T16:08:27+00:00,2026-08-18T19:41:42+00:00,text,23.2,,"Odyssey"" stayed in second place with $23.2 million in its fifth"
2026-08-14,The Odyssey,NTH,V,1236834084,Box Office: ‘Spider-Man: Brand New Day’ Remains No. 1 With $70 Million,2026-08-16T16:08:27+00:00,2026-08-18T19:41:42+00:00,text2,36.6,, date. That's after debuting this weekend in China to a solid $36.6 m
2026-08-14,"""PAW Patrol: The Dino Movie"" Opening Weekend Box Office",OPEN,V,1236833323,Box Office: ‘End of Oak Street’ Makes $2.5 Million in Previews,2026-08-14T15:42:21+00:00,2026-08-14T15:42:29+00:00,text,20.0,,on in previews and is projected to make $20 million this weekend
2026-08-14,"""PAW Patrol: The Dino Movie"" Opening Weekend Box Office",OPEN,V,1236835436,"Box Office: ‘The End of Oak Street’ Chomps on $8.1 Million, But ‘Spide",2026-08-15T15:59:20+00:00,2026-08-15T15:59:32+00:00,text2,20.0,,ed family adventure should dig up about $20 m
2026-08-14,"""PAW Patrol: The Dino Movie"" Opening Weekend Box Office",OPEN,V,1236835436,"Box Office: ‘The End of Oak Street’ Chomps on $8.1 Million, But ‘Spide",2026-08-15T15:59:20+00:00,2026-08-15T15:59:32+00:00,text2,205.0,,ith $22 million and grossed $205 m
2026-08-14,"""PAW Patrol: The Dino Movie"" Opening Weekend Box Office",OPEN,V,1236834084,Box Office: ‘Spider-Man: Brand New Day’ Remains No. 1 With $70 Million,2026-08-16T16:08:27+00:00,2026-08-18T19:41:42+00:00,text2,20.0,,"e Dino Movie,"" each debuted above $20 m"
2026-08-14,"""PAW Patrol: The Dino Movie"" Opening Weekend Box Office",OPEN,V,1236834084,Box Office: ‘Spider-Man: Brand New Day’ Remains No. 1 With $70 Million,2026-08-16T16:08:27+00:00,2026-08-18T19:41:42+00:00,text2,3.0,,": The Musical Live"" debuted in sixth place with $3 m"
2026-08-21,Spider-Man: Brand New Day,NTH,D,1237047405,"PREVIOUSLY, FRIDAY AM",2026-08-21T19:00:00+00:00,,text2,35.0,, New Day . which is expected to do around $35M
2026-08-21,Spider-Man: Brand New Day,NTH,V,1236836744,‘It Finally Feels Like We’re Back in 2019’: Movie Theater Owners Rejoi,2026-08-19T17:00:00+00:00,2026-08-19T17:05:46+00:00,text2,360.0,,"Endgame's"" all-time opening weekend record with $360 m"
2026-08-21,Spider-Man: Brand New Day,NTH,V,1236836744,‘It Finally Feels Like We’re Back in 2019’: Movie Theater Owners Rejoi,2026-08-19T17:00:00+00:00,2026-08-19T17:05:46+00:00,text2,360.0,,"Endgame's"" all-time opening weekend record with $360 m"
2026-08-21,Spider-Man: Brand New Day,NTH,V,1236839269,Box Office: ‘Insidious: Out of the Further’ Makes $3 Million in Previe,2026-08-21T14:27:35+00:00,2026-08-21T15:21:50+00:00,text,35.0,40.0,"d as ""Brand New Day"" is on track to add $35 million to $40 million in its fourth"
2026-08-21,Spider-Man: Brand New Day,NTH,V,1236839269,Box Office: ‘Insidious: Out of the Further’ Makes $3 Million in Previe,2026-08-21T14:27:35+00:00,2026-08-21T15:21:50+00:00,text2,35.0,,"the box office this weekend as ""Brand New Day"" is on track to add $35 m"
2026-08-21,Spider-Man: Brand New Day,NTH,V,1236840803,Box Office: ‘Insidious: Out of the Further’ Takes First Place on Frida,2026-08-22T16:06:44+00:00,2026-08-22T21:32:02+00:00,text2,36.5,, finish through the weekend with $36.5 m
2026-08-21,Spider-Man: Brand New Day,NTH,V,1236840803,Box Office: ‘Insidious: Out of the Further’ Takes First Place on Frida,2026-08-22T16:06:44+00:00,2026-08-22T21:32:02+00:00,text2,852.0,,rvel-Sony tent-pole should hit a domestic total of about $852 m
2026-08-21,Spider-Man: Brand New Day,NTH,V,1236838324,Box Office: ‘Spider-Man: Brand New Day’ Triumphs Again in Fourth Weeke,2026-08-23T15:41:54+00:00,2026-08-23T16:12:18+00:00,text,39.0,," dominate at the box office, collecting $39 million in its fourth"
2026-08-21,The End of Oak Street,NTH,V,1236840803,Box Office: ‘Insidious: Out of the Further’ Takes First Place on Frida,2026-08-22T16:06:44+00:00,2026-08-22T21:32:02+00:00,text,8.0,,es have the prehistoric thriller making $8 million through its sophomore weekend
2026-08-21,The End of Oak Street,NTH,V,1236838324,Box Office: ‘Spider-Man: Brand New Day’ Triumphs Again in Fourth Weeke,2026-08-23T15:41:54+00:00,2026-08-23T16:12:18+00:00,text2,200.0,,"ak Street"" needs to gross roughly $200 m"
2026-08-21,The Odyssey,NTH,V,1236837576,"Box Office: ‘Spider-Man: Brand New Day’ to Rule in Fourth Weekend, ‘In",2026-08-19T15:40:34+00:00,2026-08-19T18:47:07+00:00,text,15.0,,"Odyssey,"" which should bring in roughly $15 million in its sixth weekend"
2026-08-21,The Odyssey,NTH,V,1236837576,"Box Office: ‘Spider-Man: Brand New Day’ to Rule in Fourth Weekend, ‘In",2026-08-19T15:40:34+00:00,2026-08-19T18:47:07+00:00,text2,15.0,,"Odyssey,"" which should bring in roughly $15 m"
2026-08-21,The Odyssey,NTH,V,1236838976,‘The Odyssey’ Beats ‘Deadpool & Wolverine’ as Biggest R-Rated Movie of,2026-08-20T16:51:48+00:00,2026-08-21T08:54:17+00:00,text,123.0,,"heaters on July 17, collecting a mighty $123 million in its domestic debut"
2026-08-21,The Odyssey,NTH,V,1236838976,‘The Odyssey’ Beats ‘Deadpool & Wolverine’ as Biggest R-Rated Movie of,2026-08-20T16:51:48+00:00,2026-08-21T08:54:17+00:00,text,123.0,,"heaters on July 17, collecting a mighty $123 million in its domestic debut"
2026-08-21,The Odyssey,NTH,V,1236838324,Box Office: ‘Spider-Man: Brand New Day’ Triumphs Again in Fourth Weeke,2026-08-23T15:41:54+00:00,2026-08-23T16:12:18+00:00,text,19.5,,"ssey"" landed at No. 3 with a remarkable $19.5 million in its sixth frame"
2026-08-21,The Odyssey,NTH,V,1236838324,Box Office: ‘Spider-Man: Brand New Day’ Triumphs Again in Fourth Weeke,2026-08-23T15:41:54+00:00,2026-08-23T16:12:18+00:00,text2,539.0,,"well as the highest-grossing R-rated movie of all time, with $539 m"
2026-08-21,"""Insidious: Out of the Further"" Opening Weekend Box Office",OPEN,V,1236837576,"Box Office: ‘Spider-Man: Brand New Day’ to Rule in Fourth Weekend, ‘In",2026-08-19T15:40:34+00:00,2026-08-19T18:47:07+00:00,text,23.0,27.0,"""Insidious"" installment is targeting $23 million to $27 million in its domestic debut"
2026-08-21,"""Insidious: Out of the Further"" Opening Weekend Box Office",OPEN,V,1236837576,"Box Office: ‘Spider-Man: Brand New Day’ to Rule in Fourth Weekend, ‘In",2026-08-19T15:40:34+00:00,2026-08-19T18:47:07+00:00,text2,40.0,,ands as the biggest debut in the franchise with $40 m
2026-08-21,"""Insidious: Out of the Further"" Opening Weekend Box Office",OPEN,V,1236837576,"Box Office: ‘Spider-Man: Brand New Day’ to Rule in Fourth Weekend, ‘In",2026-08-19T15:40:34+00:00,2026-08-19T18:47:07+00:00,text2,189.0,,anks as the highest-grossing entry to date with $189 m
2026-08-21,"""Insidious: Out of the Further"" Opening Weekend Box Office",OPEN,V,1236837576,"Box Office: ‘Spider-Man: Brand New Day’ to Rule in Fourth Weekend, ‘In",2026-08-19T15:40:34+00:00,2026-08-19T18:47:07+00:00,text2,40.0,,ands as the biggest debut in the franchise with $40 m
2026-08-21,"""Insidious: Out of the Further"" Opening Weekend Box Office",OPEN,V,1236837576,"Box Office: ‘Spider-Man: Brand New Day’ to Rule in Fourth Weekend, ‘In",2026-08-19T15:40:34+00:00,2026-08-19T18:47:07+00:00,text2,189.0,,anks as the highest-grossing entry to date with $189 m
2026-08-21,"""Insidious: Out of the Further"" Opening Weekend Box Office",OPEN,V,1236839269,Box Office: ‘Insidious: Out of the Further’ Makes $3 Million in Previe,2026-08-21T14:27:35+00:00,2026-08-21T15:21:50+00:00,text,23.0,27.0,"ed Door,"" is aiming for a debut between $23 million to $27 million, which would put it in second"
2026-08-21,"""Insidious: Out of the Further"" Opening Weekend Box Office",OPEN,V,1236839269,Box Office: ‘Insidious: Out of the Further’ Makes $3 Million in Previe,2026-08-21T14:27:35+00:00,2026-08-21T15:21:50+00:00,text2,23.0,,"r,"" is aiming for a debut between $23 m"
2026-08-21,"""Insidious: Out of the Further"" Opening Weekend Box Office",OPEN,V,1236839269,Box Office: ‘Insidious: Out of the Further’ Makes $3 Million in Previe,2026-08-21T14:27:35+00:00,2026-08-21T15:21:50+00:00,text,23.0,27.0,"ed Door,"" is aiming for a debut between $23 million to $27 million, which would put it in second"
2026-08-21,"""Insidious: Out of the Further"" Opening Weekend Box Office",OPEN,V,1236839269,Box Office: ‘Insidious: Out of the Further’ Makes $3 Million in Previe,2026-08-21T14:27:35+00:00,2026-08-21T15:21:50+00:00,text2,23.0,,"r,"" is aiming for a debut between $23 m"
2026-08-21,"""Insidious: Out of the Further"" Opening Weekend Box Office",OPEN,V,1236839269,Box Office: ‘Insidious: Out of the Further’ Makes $3 Million in Previe,2026-08-21T14:27:35+00:00,2026-08-21T15:21:50+00:00,text2,740.0,,and overall they've grossed a total of $740 m
2026-08-21,"""Insidious: Out of the Further"" Opening Weekend Box Office",OPEN,V,1236840803,Box Office: ‘Insidious: Out of the Further’ Takes First Place on Frida,2026-08-22T16:06:44+00:00,2026-08-22T21:32:02+00:00,text2,10.6,,"sidious"" franchise, grossed $10.6 m"
2026-08-21,"""Insidious: Out of the Further"" Opening Weekend Box Office",OPEN,V,1236840803,Box Office: ‘Insidious: Out of the Further’ Takes First Place on Frida,2026-08-22T16:06:44+00:00,2026-08-22T21:32:02+00:00,text2,23.7,,ural horror romp is expected to pull in $23.7 m
2026-08-21,"""Insidious: Out of the Further"" Opening Weekend Box Office",OPEN,V,1236838324,Box Office: ‘Spider-Man: Brand New Day’ Triumphs Again in Fourth Weeke,2026-08-23T15:41:54+00:00,2026-08-23T16:12:18+00:00,text2,60.0,,onally for a global start of $60 m
2026-08-21,"""Insidious: Out of the Further"" Opening Weekend Box Office",OPEN,V,1236838324,Box Office: ‘Spider-Man: Brand New Day’ Triumphs Again in Fourth Weeke,2026-08-23T15:41:54+00:00,2026-08-23T16:12:18+00:00,text2,40.0,,ord for the biggest debut in the franchise with $40 m
2026-08-21,"""Insidious: Out of the Further"" Opening Weekend Box Office",OPEN,V,1236838324,Box Office: ‘Spider-Man: Brand New Day’ Triumphs Again in Fourth Weeke,2026-08-23T15:41:54+00:00,2026-08-23T16:12:18+00:00,text2,189.0,,anks as the highest-grossing installment to date with $189 m
2026-08-28,Coyote vs. Acme,OPEN,D,1237061934,SUNDAY AM,2026-08-30T19:00:00+00:00,,text2,10.0,,ls off this notable opening with a $10M
2026-08-28,Coyote vs. Acme,OPEN,D,1237061934,SUNDAY AM,2026-08-30T19:00:00+00:00,,text,17.8,,a Markiplier situation with Iron Lung ( $17.8M opening
2026-08-28,Coyote vs. Acme,OPEN,D,1237061934,SUNDAY AM,2026-08-30T19:00:00+00:00,,text,3.1,,"mation save, The Day the Earth Blew Up ($3.1M opening"
2026-08-28,Coyote vs. Acme,OPEN,D,1237061934,SUNDAY AM,2026-08-30T19:00:00+00:00,,text2,8.8,,"arth Blew Up ($3.1M opening, $8.8M"
2026-08-28,Coyote vs. Acme,OPEN,D,1237061934,SUNDAY AM,2026-08-30T19:00:00+00:00,,text,3.1,,"mation save, The Day the Earth Blew Up ($3.1M opening"
2026-08-28,Coyote vs. Acme,OPEN,D,1237061934,SUNDAY AM,2026-08-30T19:00:00+00:00,,text2,8.8,,"arth Blew Up ($3.1M opening, $8.8M"
2026-08-28,Coyote vs. Acme,OPEN,D,1237061934,SUNDAY AM,2026-08-30T19:00:00+00:00,,chart,15.4,,3-day $15.4M
2026-08-28,Coyote vs. Acme,OPEN,D,1237061934,SUNDAY AM,2026-08-30T19:00:00+00:00,,text2,14.0,,"Vs. Acme , which is eyeing third place now with $14M"
2026-08-28,Coyote vs. Acme,OPEN,D,1237061934,SUNDAY AM,2026-08-30T19:00:00+00:00,,text2,0.047,, Burbank is the top grossing location with $47K
2026-08-28,Coyote vs. Acme,OPEN,D,1237061934,SUNDAY AM,2026-08-30T19:00:00+00:00,,chart,14.0,,3-day $14M
2026-08-28,Coyote vs. Acme,OPEN,D,1237061934,FRIDAY AM,2026-08-28T19:00:00+00:00,,text,0.446,,showtimes that began at 3 p.m. but also $446K from last weekend
2026-08-28,Coyote vs. Acme,OPEN,D,1237061934,FRIDAY AM,2026-08-28T19:00:00+00:00,,text,15.0,, hybrid is expected to do plus-or-minus $15M this weekend
2026-08-28,Coyote vs. Acme,OPEN,D,1237061934,FRIDAY AM,2026-08-28T19:00:00+00:00,,text2,15.0,,/animated hybrid is expected to do plus-or-minus $15M
2026-08-28,Coyote vs. Acme,OPEN,D,1237061934,FRIDAY AM,2026-08-28T19:00:00+00:00,,text2,5.7,,ing a pre-Christmas weekend) en route to a $5.7M
2026-08-28,Coyote vs. Acme,OPEN,V,1236846879,Box Office: ‘The Dog Stars’ Bombs With $8 Million; ‘Spider-Man’ Contin,2026-08-30T16:17:10+00:00,2026-08-30T16:23:33+00:00,text2,13.5,,n third place after grossing an estimated $13.5 m
2026-08-28,Spider-Man: Brand New Day,NTH,D,1237061934,SUNDAY AM,2026-08-30T19:00:00+00:00,,text,22.2,,Spider-Man: Brand New Day 's $22.2M fifth
2026-08-28,Spider-Man: Brand New Day,NTH,D,1237061934,SUNDAY AM,2026-08-30T19:00:00+00:00,,text,10.0,,"he end of today stateside, is less than $10M away from becoming the second"
2026-08-28,Spider-Man: Brand New Day,NTH,D,1237061934,SUNDAY AM,2026-08-30T19:00:00+00:00,,chart,22.2,,3-day $22.2M
2026-08-28,Spider-Man: Brand New Day,NTH,D,1237061934,SUNDAY AM,2026-08-30T19:00:00+00:00,,text2,21.0,, of $5.5M and fifth weekend at $21M
2026-08-28,Spider-Man: Brand New Day,NTH,D,1237061934,SUNDAY AM,2026-08-30T19:00:00+00:00,,chart,21.0,,3-day $21M
2026-08-28,The Dog Stars,OPEN,D,1237061934,SUNDAY AM,2026-08-30T19:00:00+00:00,,text,8.0,,"d Josh Brolin, which ate scraps with an $8M opening"
2026-08-28,The Dog Stars,OPEN,D,1237061934,SUNDAY AM,2026-08-30T19:00:00+00:00,,text2,70.0,, scraps with an $8M opening off a $70M
2026-08-28,The Dog Stars,OPEN,D,1237061934,SUNDAY AM,2026-08-30T19:00:00+00:00,,text2,19.0,,"h died with a $7.8M opening, $19M"
2026-08-28,The Dog Stars,OPEN,D,1237061934,SUNDAY AM,2026-08-30T19:00:00+00:00,,chart,8.0,,3-day $8M
2026-08-28,The Dog Stars,OPEN,D,1237061934,SUNDAY AM,2026-08-30T19:00:00+00:00,,text,8.0,,"Dog Stars , which is tanking with an $8M start"
2026-08-28,The Dog Stars,OPEN,D,1237061934,SUNDAY AM,2026-08-30T19:00:00+00:00,,text2,60.0,,tanking with an $8M start in 5th place (ala another $60M
2026-08-28,The Dog Stars,OPEN,D,1237061934,SUNDAY AM,2026-08-30T19:00:00+00:00,,text2,0.019,, Burbank is the top grossing location with $19K
2026-08-28,The Dog Stars,OPEN,D,1237061934,SUNDAY AM,2026-08-30T19:00:00+00:00,,text2,0.019,, Burbank is the top grossing location with $19K
2026-08-28,The Dog Stars,OPEN,D,1237061934,SUNDAY AM,2026-08-30T19:00:00+00:00,,chart,8.0,,3-day $8M
2026-08-28,The Dog Stars,OPEN,D,1237061934,FRIDAY AM,2026-08-28T19:00:00+00:00,,text,12.0,14.0,is that this feature could make it to a $12M-$14M start
2026-08-28,The Odyssey,NTH,D,1237061934,SUNDAY AM,2026-08-30T19:00:00+00:00,,chart,14.3,,3-day $14.3M
2026-08-28,The Odyssey,NTH,D,1237061934,SUNDAY AM,2026-08-30T19:00:00+00:00,,chart,14.6,,3-day $14.6M
2026-08-28,The Odyssey,NTH,V,1236846879,Box Office: ‘The Dog Stars’ Bombs With $8 Million; ‘Spider-Man’ Contin,2026-08-30T16:17:10+00:00,2026-08-30T16:23:33+00:00,text,14.6,,"ss. The Greek epic took second, earning $14.6 million through its seventh weekend"
2026-08-28,The Odyssey,NTH,V,1236846879,Box Office: ‘The Dog Stars’ Bombs With $8 Million; ‘Spider-Man’ Contin,2026-08-30T16:17:10+00:00,2026-08-30T16:23:33+00:00,text,10.1,,"'s ""Insidious: Out of the Further"" made $10.1 million (a 60% drop) in its second"
2026-09-04,By Any Means,OPEN,D,1237068549,MONDAY AM,2026-09-07T19:00:00+00:00,,chart,7.46,,3-day $7.46M
2026-09-04,By Any Means,OPEN,D,1237068549,SUNDAY AM,2026-09-06T19:00:00+00:00,,chart,7.4,,3-day $7.4M
2026-09-04,By Any Means,OPEN,D,1237068549,SATURDAY AM,2026-09-05T19:00:00+00:00,,text2,2.7,,all 2: Deadpoint is looking at $2.7M
2026-09-04,By Any Means,OPEN,D,1237068549,SATURDAY AM,2026-09-05T19:00:00+00:00,,chart,7.0,,3-day $7M
2026-09-04,By Any Means,OPEN,D,1237068549,FRIDAY PM,2026-09-05T06:59:00+00:00,,chart,6.5,,3-day of $6.5M
2026-09-04,By Any Means,OPEN,D,1237068549,FRIDAY PM,2026-09-05T06:59:00+00:00,,chart,6.5,,3-day of $6.5M
2026-09-04,By Any Means,OPEN,V,1236852435,Box Office: ‘Spider-Man: Brand New Day’ Remains No. 1 in Sixth Weekend,2026-09-06T17:31:59+00:00,2026-09-06T18:55:24+00:00,text2,9.1,,ver the traditional weekend and an estimated $9.1 m
2026-09-04,By Any Means,OPEN,V,1236852435,Box Office: ‘Spider-Man: Brand New Day’ Remains No. 1 in Sixth Weekend,2026-09-06T17:31:59+00:00,2026-09-06T18:55:24+00:00,text2,2.9,,nues in its initial weekend of release and a projected $2.9 m
2026-09-04,Onslaught,OPEN,D,1237068549,MONDAY AM,2026-09-07T19:00:00+00:00,,chart,1.88,,3-day $1.88M
2026-09-04,Onslaught,OPEN,D,1237068549,SUNDAY AM,2026-09-06T19:00:00+00:00,,chart,2.0,,3-day $2M
2026-09-04,Onslaught,OPEN,D,1237068549,SATURDAY AM,2026-09-05T19:00:00+00:00,,text,2.8,,"s for what's looking $3.5M over 4-days, $2.8M over 3-day"
2026-09-04,Onslaught,OPEN,D,1237068549,SATURDAY AM,2026-09-05T19:00:00+00:00,,chart,2.0,,3-day $2M
2026-09-04,Onslaught,OPEN,D,1237068549,FRIDAY PM,2026-09-05T06:59:00+00:00,,text,1.6,2.2,today (including $275K yesterday) for a $1.6M-$2.2M 3-day
2026-09-04,Onslaught,OPEN,D,1237068549,FRIDAY PM,2026-09-05T06:59:00+00:00,,text2,2.0,2.7,) for a $1.6M-$2.2M 3-day and 4-day between $2M-$2.7M
2026-09-04,Onslaught,OPEN,D,1237068549,FRIDAY PM,2026-09-05T06:59:00+00:00,,text,1.6,2.2,today (including $275K yesterday) for a $1.6M-$2.2M 3-day
2026-09-04,Onslaught,OPEN,D,1237068549,FRIDAY PM,2026-09-05T06:59:00+00:00,,text2,2.0,2.7,) for a $1.6M-$2.2M 3-day and 4-day between $2M-$2.7M
2026-09-04,Onslaught,OPEN,D,1237068549,FRIDAY PM,2026-09-05T06:59:00+00:00,,text2,0.5,,04 locations and is looking at $500K
2026-09-04,Onslaught,OPEN,V,1236852435,Box Office: ‘Spider-Man: Brand New Day’ Remains No. 1 in Sixth Weekend,2026-09-06T17:31:59+00:00,2026-09-06T18:55:24+00:00,text2,1.8,,""" fared even worse, debuting in 13th place on domestic charts with $1.8 m"
2026-09-04,Onslaught,OPEN,V,1236852435,Box Office: ‘Spider-Man: Brand New Day’ Remains No. 1 in Sixth Weekend,2026-09-06T17:31:59+00:00,2026-09-06T18:55:24+00:00,text2,2.3,,8 theaters over the weekend and an estimated $2.3 m
2026-09-04,Onslaught,OPEN,V,1236854175,Summer Box Office Breaks All-Time Record With $4.67 Billion,2026-09-07T18:10:59+00:00,2026-09-07T21:08:45+00:00,text2,2.2,,""" fared even worse, debuting in 13th place with $2.2 m"
2026-09-04,Spider-Man: Brand New Day,NTH,D,1237068549,MONDAY AM,2026-09-07T19:00:00+00:00,,chart,18.1,,3-day $18.1M
2026-09-04,Spider-Man: Brand New Day,NTH,D,1237068549,SUNDAY AM,2026-09-06T19:00:00+00:00,,chart,18.0,,3-day $18M
2026-09-04,Spider-Man: Brand New Day,NTH,D,1237068549,SATURDAY AM,2026-09-05T19:00:00+00:00,,chart,17.25,,3-day $17.25M
2026-09-04,Spider-Man: Brand New Day,NTH,D,1237068549,FRIDAY PM,2026-09-05T06:59:00+00:00,,chart,16.7,,3-day of $16.7M
2026-09-04,Spider-Man: Brand New Day,NTH,V,1236852435,Box Office: ‘Spider-Man: Brand New Day’ Remains No. 1 in Sixth Weekend,2026-09-06T17:31:59+00:00,2026-09-06T18:55:24+00:00,text,18.0,,"cinema marquees. ""Brand New Day"" earned $18 million over the traditional weekend"
2026-09-04,Spider-Man: Brand New Day,NTH,V,1236852435,Box Office: ‘Spider-Man: Brand New Day’ Remains No. 1 in Sixth Weekend,2026-09-06T17:31:59+00:00,2026-09-06T18:55:24+00:00,text2,23.3,,ver the traditional weekend and is estimated to collect $23.3 m
2026-09-04,The Odyssey,NTH,D,1237068549,MONDAY AM,2026-09-07T19:00:00+00:00,,chart,13.0,,3-day $13M
2026-09-04,The Odyssey,NTH,D,1237068549,SUNDAY AM,2026-09-06T19:00:00+00:00,,chart,13.0,,3-day $13M
2026-09-04,The Odyssey,NTH,D,1237068549,SATURDAY AM,2026-09-05T19:00:00+00:00,,text,588.1,,"sh of $16.4M over 4-days, will stand at $588.1M , Universal's second"
2026-09-04,The Odyssey,NTH,D,1237068549,SATURDAY AM,2026-09-05T19:00:00+00:00,,text2,16.4,, by the end of this weekend after its eighth sesh of $16.4M
2026-09-04,The Odyssey,NTH,D,1237068549,SATURDAY AM,2026-09-05T19:00:00+00:00,,chart,12.4,,3-day $12.4M
2026-09-04,The Odyssey,NTH,D,1237068549,FRIDAY PM,2026-09-05T06:59:00+00:00,,chart,11.5,,3-day of $11.5M
2026-09-04,The Odyssey,NTH,V,1236850139,‘The Odyssey’ Extends Imax 70mm Run Through September as Imax Ticket S,2026-09-03T16:00:00+00:00,2026-09-03T12:10:05+00:00,text2,457.0,,already the highest-grossing Imax release of all time with $457 m
2026-09-04,The Odyssey,NTH,V,1236850139,‘The Odyssey’ Extends Imax 70mm Run Through September as Imax Ticket S,2026-09-03T16:00:00+00:00,2026-09-03T12:10:05+00:00,text2,457.0,,already the highest-grossing Imax release of all time with $457 m
2026-09-11,Hope,OPEN,D,1237098516,FRIDAY PM,2026-09-12T06:59:00+00:00,,chart,3.6,,3-day of $3.6M
2026-09-11,Hope,OPEN,D,1237098516,"PREVIOUSLY, THURSDAY PM",2026-09-11T06:59:00+00:00,,text2,36.0,,"try of South Korea, grossing over $36M"
2026-09-11,Hope,OPEN,D,1237098516,"PREVIOUSLY, THURSDAY PM",2026-09-11T06:59:00+00:00,,text2,36.0,,"try of South Korea, grossing over $36M"
2026-09-11,Hope,OPEN,V,1236860432,Box Office: ‘Practical Magic 2’ Fizzles With $30 Million Debut,2026-09-13T16:02:37+00:00,2026-09-20T14:18:18+00:00,text2,36.2,,uth Korea's highest-grossing releases of the year with $36.2 m
2026-09-11,Hope,OPEN,V,1236860432,Box Office: ‘Practical Magic 2’ Fizzles With $30 Million Debut,2026-09-13T16:02:37+00:00,2026-09-20T14:18:18+00:00,text2,36.2,,uth Korea's highest-grossing releases of the year with $36.2 m
2026-09-11,Practical Magic 2,OPEN,D,1237098516,FRIDAY PM,2026-09-12T06:59:00+00:00,,text,30.4,, that far from Bullock's The Lost City ($30.4M opening
2026-09-11,Practical Magic 2,OPEN,D,1237098516,FRIDAY PM,2026-09-12T06:59:00+00:00,,text,33.6,,"09 Ryan Reynolds rom-com, The Proposal ($33.6M start"
2026-09-11,Practical Magic 2,OPEN,D,1237098516,FRIDAY PM,2026-09-12T06:59:00+00:00,,text2,12.5,,ractical Magic 2 is looking at a $12.5M
2026-09-11,Practical Magic 2,OPEN,D,1237098516,FRIDAY PM,2026-09-12T06:59:00+00:00,,text2,105.3,,"e Lost City ($30.4M opening, which wound up at $105.3M"
2026-09-11,Practical Magic 2,OPEN,D,1237098516,"PREVIOUSLY, THURSDAY PM",2026-09-11T06:59:00+00:00,,text,31.0,,"tic adventure pic The Lost City ($2.5M, $31M 3-day"
2026-09-11,Practical Magic 2,OPEN,V,1236855513,Box Office: ‘Practical Magic 2’ Aims to Dethrone ‘Spider-Man: Brand Ne,2026-09-09T14:21:58+00:00,2026-09-09T14:49:07+00:00,text2,30.0,, Bullock. Nostalgia should propel the follow-up film to $30 m
2026-09-11,Practical Magic 2,OPEN,V,1236857703,Box Office: ‘Practical Magic 2’ Makes $4.7 Million in Previews,2026-09-11T15:02:51+00:00,2026-09-11T15:03:02+00:00,text,30.0,40.0,"actical Magic 2"" is anticipated to make $30 million to $40 million in its debut"
2026-09-11,Practical Magic 2,OPEN,V,1236857703,Box Office: ‘Practical Magic 2’ Makes $4.7 Million in Previews,2026-09-11T15:02:51+00:00,2026-09-11T15:03:02+00:00,text2,18.0,,"en it launches this weekend, and it's on track to add another $18 m"
2026-09-11,Practical Magic 2,OPEN,V,1236857703,Box Office: ‘Practical Magic 2’ Makes $4.7 Million in Previews,2026-09-11T15:02:51+00:00,2026-09-11T15:03:02+00:00,text2,48.0,,ould put its global opening at $48 m
2026-09-11,Practical Magic 2,OPEN,V,1236856659,Box Office: ‘Practical Magic 2’ Conjures Up $13 Million on Friday as ‘,2026-09-12T15:43:08+00:00,2026-09-12T19:16:23+00:00,text2,30.0,,arner Bros. dramedy should pull in around $30 m
2026-09-11,Practical Magic 2,OPEN,V,1236856659,Box Office: ‘Practical Magic 2’ Conjures Up $13 Million on Friday as ‘,2026-09-12T15:43:08+00:00,2026-09-12T19:16:23+00:00,text2,13.0,,"ic"" bombed in 1998, opening to just $13 m"
2026-09-11,Practical Magic 2,OPEN,V,1236856659,Box Office: ‘Practical Magic 2’ Conjures Up $13 Million on Friday as ‘,2026-09-12T15:43:08+00:00,2026-09-12T19:16:23+00:00,text2,30.0,,arner Bros. dramedy should pull in around $30 m
2026-09-11,Practical Magic 2,OPEN,V,1236856659,Box Office: ‘Practical Magic 2’ Conjures Up $13 Million on Friday as ‘,2026-09-12T15:43:08+00:00,2026-09-12T19:16:23+00:00,text2,13.0,,"ic"" bombed in 1998, opening to just $13 m"
2026-09-11,Practical Magic 2,OPEN,V,1236860432,Box Office: ‘Practical Magic 2’ Fizzles With $30 Million Debut,2026-09-13T16:02:37+00:00,2026-09-20T14:18:18+00:00,text2,30.0,,d in its box office debut with $30 m
2026-09-11,Practical Magic 2,OPEN,V,1236860432,Box Office: ‘Practical Magic 2’ Fizzles With $30 Million Debut,2026-09-13T16:02:37+00:00,2026-09-20T14:18:18+00:00,text2,46.0,,arkets for a global weekend tally of $46 m
2026-09-11,Runner,OPEN,D,1237098516,FRIDAY PM,2026-09-12T06:59:00+00:00,,text2,2.1,,"r at 2,568 sites is looking at $2.1M"
2026-09-11,Runner,OPEN,V,1236856659,Box Office: ‘Practical Magic 2’ Conjures Up $13 Million on Friday as ‘,2026-09-12T15:43:08+00:00,2026-09-12T19:16:23+00:00,text2,2.06,,"rd place on Friday, grossing $2.06 m"
2026-09-11,Spider-Man: Brand New Day,NTH,D,1237098516,FRIDAY PM,2026-09-12T06:59:00+00:00,,text2,8.3,, more than $936.6M. Weekend outlook has the seventh sesh of Spidey at $8.3M
2026-09-11,Spider-Man: Brand New Day,NTH,V,1236856659,Box Office: ‘Practical Magic 2’ Conjures Up $13 Million on Friday as ‘,2026-09-12T15:43:08+00:00,2026-09-12T19:16:23+00:00,text2,1.4,,Looney Tunes comedy grossed about $1.4 m
2026-09-11,Spider-Man: Brand New Day,NTH,V,1236860432,Box Office: ‘Practical Magic 2’ Fizzles With $30 Million Debut,2026-09-13T16:02:37+00:00,2026-09-20T14:18:18+00:00,text,8.6,,"-Man: Brand New Day"" slid to No. 2 with $8.6 million in its seventh weekend"
2026-09-11,The Uprising,OPEN,D,1237098516,FRIDAY PM,2026-09-12T06:59:00+00:00,,text2,1.3,,Uprising is looking at $1.3M
2026-09-11,The Uprising,OPEN,V,1236856659,Box Office: ‘Practical Magic 2’ Conjures Up $13 Million on Friday as ‘,2026-09-12T15:43:08+00:00,2026-09-12T19:16:23+00:00,text,1.38,,well and fell to ninth place. It earned $1.38 million domestically on its opening
2026-09-11,The Uprising,OPEN,V,1236856659,Box Office: ‘Practical Magic 2’ Conjures Up $13 Million on Friday as ‘,2026-09-12T15:43:08+00:00,2026-09-12T19:16:23+00:00,text2,3.1,,"creens. Through the weekend, the historical drama should make $3.1 m"
2026-09-11,The Uprising,OPEN,V,1236860432,Box Office: ‘Practical Magic 2’ Fizzles With $30 Million Debut,2026-09-13T16:02:37+00:00,2026-09-20T14:18:18+00:00,text,70.6,,"finity Castle"" surprised with a massive $70.6 million debut"
2026-09-18,Practical Magic 2,NTH,D,1237107316,SUNDAY AM,2026-09-20T19:00:00+00:00,,text,30.0,,me in at the low end of its forecast of $30M (still Sandra Bullock's opening
2026-09-18,Practical Magic 2,NTH,D,1237107316,SUNDAY AM,2026-09-20T19:00:00+00:00,,chart,12.1,,3-day $12.1M
2026-09-18,Practical Magic 2,NTH,D,1237107316,SATURDAY AM,2026-09-19T19:00:00+00:00,,text2,53.0,55.0,Sony is calling the 3-day at $53M-$55M
2026-09-18,Practical Magic 2,NTH,D,1237107316,SATURDAY AM,2026-09-19T19:00:00+00:00,,chart,10.85,,3-day $10.85M
2026-09-18,Practical Magic 2,NTH,D,1237107316,FRIDAY PM UPDATE,2026-09-19T06:59:00+00:00,,text,4.0,,Practical Magic 2 is looking at $4M in its second
2026-09-18,Practical Magic 2,NTH,D,1237107316,FRIDAY PM UPDATE,2026-09-19T06:59:00+00:00,,text2,4.0,,ractical Magic 2 is looking at $4M
2026-09-18,Practical Magic 2,NTH,V,1236869586,Box Office: Zach Cregger’s ‘Resident Evil’ Scares Up $26 Million on Op,2026-09-19T16:06:01+00:00,2026-09-19T16:06:14+00:00,text,3.1,,"ce on Friday, bringing in an additional $3.1 million in its second"
2026-09-18,Practical Magic 2,NTH,V,1236869586,Box Office: Zach Cregger’s ‘Resident Evil’ Scares Up $26 Million on Op,2026-09-19T16:06:01+00:00,2026-09-19T16:06:14+00:00,text2,10.4,,he witchy sequel is expected to earn another $10.4 m
2026-09-18,Practical Magic 2,NTH,V,1236867659,Box Office: ‘Resident Evil’ Breaks Franchise Records With $60 Million ,2026-09-20T14:42:27+00:00,2026-09-20T15:58:08+00:00,text,30.0,,"s, a 60% decline from its disappointing $30 million debut"
2026-09-18,Resident Evil,OPEN,D,1237107316,SUNDAY AM,2026-09-20T19:00:00+00:00,,text,60.0,,score at the domestic box office with a $60M opening
2026-09-18,Resident Evil,OPEN,D,1237107316,SUNDAY AM,2026-09-20T19:00:00+00:00,,text,5.3,,ring Raccoon City (which was a dud with $5.3M 3-day
2026-09-18,Resident Evil,OPEN,D,1237107316,SUNDAY AM,2026-09-20T19:00:00+00:00,,text2,17.0,,as a dud with $5.3M 3-day and $17M
2026-09-18,Resident Evil,OPEN,D,1237107316,SUNDAY AM,2026-09-20T19:00:00+00:00,,chart,60.0,,3-day $60M
2026-09-18,Resident Evil,OPEN,D,1237107316,SATURDAY AM,2026-09-19T19:00:00+00:00,,text2,60.0,,transfusion with an opening that could approach $60M
2026-09-18,Resident Evil,OPEN,D,1237107316,SATURDAY AM,2026-09-19T19:00:00+00:00,,text2,111.0,, Friday. All in the weekend is weighing in at $111M
2026-09-18,Resident Evil,OPEN,D,1237107316,SATURDAY AM,2026-09-19T19:00:00+00:00,,chart,53.0,60.0,3-day $53M-$60M
2026-09-18,Resident Evil,OPEN,D,1237107316,FRIDAY PM UPDATE,2026-09-19T06:59:00+00:00,,text2,50.0,,ure existence; this weekend armed up with at least $50M
2026-09-18,Resident Evil,OPEN,V,1236861469,Box Office: ‘Resident Evil’ Reboot Targets Franchise-Best $45 Million ,2026-09-16T20:02:31+00:00,2026-09-16T20:02:40+00:00,text,5.3,,"""Welcome to Raccoon City"" faltered with $5.3 million in its debut"
2026-09-18,Resident Evil,OPEN,V,1236861469,Box Office: ‘Resident Evil’ Reboot Targets Franchise-Best $45 Million ,2026-09-16T20:02:31+00:00,2026-09-16T20:02:40+00:00,text,5.3,,"""Welcome to Raccoon City"" faltered with $5.3 million in its debut"
2026-09-18,Resident Evil,OPEN,V,1236869586,Box Office: Zach Cregger’s ‘Resident Evil’ Scares Up $26 Million on Op,2026-09-19T16:06:01+00:00,2026-09-19T16:06:14+00:00,text,55.0,,"or franchise is expected to make around $55 million, making it the largest debut"
2026-09-18,Resident Evil,OPEN,V,1236869586,Box Office: Zach Cregger’s ‘Resident Evil’ Scares Up $26 Million on Op,2026-09-19T16:06:01+00:00,2026-09-19T16:06:14+00:00,text2,55.0,,horror franchise is expected to make around $55 m
2026-09-18,Resident Evil,OPEN,V,1236869586,Box Office: Zach Cregger’s ‘Resident Evil’ Scares Up $26 Million on Op,2026-09-19T16:06:01+00:00,2026-09-19T16:06:14+00:00,text,55.0,,"or franchise is expected to make around $55 million, making it the largest debut"
2026-09-18,Resident Evil,OPEN,V,1236869586,Box Office: Zach Cregger’s ‘Resident Evil’ Scares Up $26 Million on Op,2026-09-19T16:06:01+00:00,2026-09-19T16:06:14+00:00,text2,55.0,,horror franchise is expected to make around $55 m
2026-09-18,Resident Evil,OPEN,V,1236869586,Box Office: Zach Cregger’s ‘Resident Evil’ Scares Up $26 Million on Op,2026-09-19T16:06:01+00:00,2026-09-19T16:06:14+00:00,text2,26.0,,"viously the highest-grossing installment, made $26 m"
2026-09-18,Resident Evil,OPEN,V,1236869586,Box Office: Zach Cregger’s ‘Resident Evil’ Scares Up $26 Million on Op,2026-09-19T16:06:01+00:00,2026-09-19T16:06:14+00:00,text2,26.0,,"viously the highest-grossing installment, made $26 m"
2026-09-18,Resident Evil,OPEN,V,1236867659,Box Office: ‘Resident Evil’ Breaks Franchise Records With $60 Million ,2026-09-20T14:42:27+00:00,2026-09-20T15:58:08+00:00,text,60.0,,he '90s zombie video game has collected $60 million in its opening
2026-09-18,Resident Evil,OPEN,V,1236867659,Box Office: ‘Resident Evil’ Breaks Franchise Records With $60 Million ,2026-09-20T14:42:27+00:00,2026-09-20T15:58:08+00:00,text2,26.0,,nked as the largest opening in the series with $26 m
2026-09-18,Resident Evil,OPEN,V,1236867659,Box Office: ‘Resident Evil’ Breaks Franchise Records With $60 Million ,2026-09-20T14:42:27+00:00,2026-09-20T15:58:08+00:00,text2,108.3,,onally for a global start of $108.3 m
2026-09-18,Resident Evil,OPEN,V,1236867659,Box Office: ‘Resident Evil’ Breaks Franchise Records With $60 Million ,2026-09-20T14:42:27+00:00,2026-09-20T15:58:08+00:00,text2,40.0,,tracking a domestic debut around $40 m
2026-09-18,Resident Evil,OPEN,V,1236867659,Box Office: ‘Resident Evil’ Breaks Franchise Records With $60 Million ,2026-09-20T14:42:27+00:00,2026-09-20T15:58:08+00:00,text2,108.3,,onally for a global start of $108.3 m
2026-09-18,Resident Evil,OPEN,V,1236867659,Box Office: ‘Resident Evil’ Breaks Franchise Records With $60 Million ,2026-09-20T14:42:27+00:00,2026-09-20T15:58:08+00:00,text2,40.0,,tracking a domestic debut around $40 m
2026-09-18,Resident Evil,OPEN,V,1236867659,Box Office: ‘Resident Evil’ Breaks Franchise Records With $60 Million ,2026-09-20T14:42:27+00:00,2026-09-20T15:58:08+00:00,text2,40.0,,tracking a domestic debut around $40 m
2026-09-18,Resident Evil,OPEN,V,1236867659,Box Office: ‘Resident Evil’ Breaks Franchise Records With $60 Million ,2026-09-20T14:42:27+00:00,2026-09-20T15:58:08+00:00,text,5.3,,"""Welcome to Raccoon City"" faltered with $5.3 million in its debut"
2026-09-18,Resident Evil,OPEN,V,1236867659,Box Office: ‘Resident Evil’ Breaks Franchise Records With $60 Million ,2026-09-20T14:42:27+00:00,2026-09-20T15:58:08+00:00,text2,300.0,,rrently the highest-grossing installment with $300 m
2026-09-18,Resident Evil,OPEN,V,1236867659,Box Office: ‘Resident Evil’ Breaks Franchise Records With $60 Million ,2026-09-20T14:42:27+00:00,2026-09-20T15:58:08+00:00,text2,300.0,,rrently the highest-grossing installment with $300 m
2026-09-18,Spider-Man: Brand New Day,NTH,D,1237107316,SUNDAY AM,2026-09-20T19:00:00+00:00,,chart,6.5,,3-day $6.5M
2026-09-18,Spider-Man: Brand New Day,NTH,D,1237107316,SATURDAY AM,2026-09-19T19:00:00+00:00,,chart,6.3,,3-day $6.3M
2026-09-18,Spider-Man: Brand New Day,NTH,D,1237107316,FRIDAY PM UPDATE,2026-09-19T06:59:00+00:00,,text2,6.0,5.0,"The Odyssey for the weekend, $6M to $5M"
2026-09-18,Spider-Man: Brand New Day,NTH,D,1237107316,FRIDAY PM UPDATE,2026-09-19T06:59:00+00:00,,text2,944.0,,"will end its eighth weekend at 3,017 theaters with a running cume of $944M"
2026-09-18,Spider-Man: Brand New Day,NTH,V,1236836593,‘Spider-Man: Brand New Day’ Overtakes ‘Star Wars: Force Awakens’ as Hi,2026-09-16T14:49:41+00:00,2026-09-16T15:05:17+00:00,text,932.0,,llion in North America and a staggering $932 million globally in its opening
2026-09-18,Spider-Man: Brand New Day,NTH,V,1236869586,Box Office: Zach Cregger’s ‘Resident Evil’ Scares Up $26 Million on Op,2026-09-19T16:06:01+00:00,2026-09-19T16:06:14+00:00,text,1.36,,"l's ""The Odyssey"" took in an additional $ 1.36 million for a fourth"
2026-09-18,Spider-Man: Brand New Day,NTH,V,1236869586,Box Office: Zach Cregger’s ‘Resident Evil’ Scares Up $26 Million on Op,2026-09-19T16:06:01+00:00,2026-09-19T16:06:14+00:00,text2,609.8,,"15 million domestic gross, and ""The Odyssey"" to $609.8 m"
2026-09-18,Spider-Man: Brand New Day,NTH,V,1236869586,Box Office: Zach Cregger’s ‘Resident Evil’ Scares Up $26 Million on Op,2026-09-19T16:06:01+00:00,2026-09-19T16:06:14+00:00,text2,2.3,,torical thriller is expected to make $2.3 m
2026-09-18,Spider-Man: Brand New Day,NTH,V,1236867659,Box Office: ‘Resident Evil’ Breaks Franchise Records With $60 Million ,2026-09-20T14:42:27+00:00,2026-09-20T15:58:08+00:00,text,6.5,,"Spider-Man: Brand New Day"" with $6.5 million in its eighth weekend"
2026-09-25,Avengers: Endgame Encore,OPEN,D,1237111302,SUNDAY AM WRITETHRU,2026-09-27T19:00:00+00:00,,text,25.4,,ncore opened to $26M . That's more than $25.4M opening
2026-09-25,Avengers: Endgame Encore,OPEN,D,1237111302,SUNDAY AM WRITETHRU,2026-09-27T19:00:00+00:00,,text,25.4,,ncore opened to $26M . That's more than $25.4M opening
2026-09-25,Avengers: Endgame Encore,OPEN,D,1237111302,SUNDAY AM WRITETHRU,2026-09-27T19:00:00+00:00,,text2,35.9,, stands as the best opening ever for a re-release stateside with $35.9M
2026-09-25,Avengers: Endgame Encore,OPEN,D,1237111302,SUNDAY AM WRITETHRU,2026-09-27T19:00:00+00:00,,chart,26.0,,3-day $26M
2026-09-25,Avengers: Endgame Encore,OPEN,D,1237111302,FRIDAY PM,2026-09-26T06:59:00+00:00,,text2,884.3,,ime cume after this weekend on the high end would move to $884.3M
2026-09-25,Avengers: Endgame Encore,OPEN,D,1237111302,FRIDAY AM UPDATE AFTER EXCLUSIVE,2026-09-25T19:00:00+00:00,,text2,3.8,,ers Endgame: Encore grossing $3.8M
2026-09-25,Avengers: Endgame Encore,OPEN,V,1236872333,"‘Avengers: Endgame Encore’ Could Top Box Office, Brad Pitt’s ‘Heart of",2026-09-23T13:50:48+00:00,2026-09-23T13:55:59+00:00,text,25.0,28.0,erhero adventure is tracking to collect $25 million to $28 million over the weekend
2026-09-25,Avengers: Endgame Encore,OPEN,V,1236872333,"‘Avengers: Endgame Encore’ Could Top Box Office, Brad Pitt’s ‘Heart of",2026-09-23T13:50:48+00:00,2026-09-23T13:55:59+00:00,text,25.0,28.0,erhero adventure is tracking to collect $25 million to $28 million over the weekend
2026-09-25,Avengers: Endgame Encore,OPEN,V,1236872333,"‘Avengers: Endgame Encore’ Could Top Box Office, Brad Pitt’s ‘Heart of",2026-09-23T13:50:48+00:00,2026-09-23T13:55:59+00:00,text2,360.0,,'s largest domestic debut with $360 m
2026-09-25,Avengers: Endgame Encore,OPEN,V,1236876380,Box Office: ‘Avengers: Endgame Encore’ Leads With $11.2 Million on Fri,2026-09-26T15:54:09+00:00,2026-09-26T20:52:05+00:00,text2,26.0,,e Marvel juggernaut should pull in around $26 m
2026-09-25,Avengers: Endgame Encore,OPEN,V,1236876380,Box Office: ‘Avengers: Endgame Encore’ Leads With $11.2 Million on Fri,2026-09-26T15:54:09+00:00,2026-09-26T20:52:05+00:00,text2,26.0,,e Marvel juggernaut should pull in around $26 m
2026-09-25,Forgotten Island,OPEN,D,1237111302,SUNDAY AM WRITETHRU,2026-09-27T19:00:00+00:00,,text,12.8,,at 63% which gets this family option to $12.8M for the weekend
2026-09-25,Forgotten Island,OPEN,D,1237111302,SUNDAY AM WRITETHRU,2026-09-27T19:00:00+00:00,,chart,12.8,,3-day $12.8M
2026-09-25,Forgotten Island,OPEN,D,1237111302,FRIDAY PM,2026-09-26T06:59:00+00:00,,text,95.0,98.0, the top five films alone doing between $95M-$98M for this weekend
2026-09-25,Forgotten Island,OPEN,D,1237111302,FRIDAY PM,2026-09-26T06:59:00+00:00,,text2,13.0,15.0,"reviews) and $10.1M 3-day for the weekend, out of its $13M-$15M"
2026-09-25,Forgotten Island,OPEN,D,1237111302,FRIDAY PM,2026-09-26T06:59:00+00:00,,text,95.0,98.0, the top five films alone doing between $95M-$98M for this weekend
2026-09-25,Forgotten Island,OPEN,D,1237111302,FRIDAY AM UPDATE AFTER EXCLUSIVE,2026-09-25T19:00:00+00:00,,text,1.1,,"t's ahead of post-Covid's The Bad Guys ($1.1M), which debut"
2026-09-25,Forgotten Island,OPEN,D,1237111302,FRIDAY AM UPDATE AFTER EXCLUSIVE,2026-09-25T19:00:00+00:00,,text,35.7,,"1.95M previews, which translated into a $35.7M opening"
2026-09-25,Forgotten Island,OPEN,D,1237111302,FRIDAY AM UPDATE AFTER EXCLUSIVE,2026-09-25T19:00:00+00:00,,text2,23.9,,"Guys ($1.1M), which debuted to $23.9M"
2026-09-25,Forgotten Island,OPEN,V,1236876380,Box Office: ‘Avengers: Endgame Encore’ Leads With $11.2 Million on Fri,2026-09-26T15:54:09+00:00,2026-09-26T20:52:05+00:00,text2,11.5,,ks Animation's film should pull in a cumulative $11.5 m
2026-09-25,Heart of the Beast,OPEN,D,1237111302,SUNDAY AM WRITETHRU,2026-09-27T19:00:00+00:00,,text,20.0,,"n on Sunday AM, is still eyeing a solid $20M start"
2026-09-25,Heart of the Beast,OPEN,D,1237111302,SUNDAY AM WRITETHRU,2026-09-27T19:00:00+00:00,,text2,20.0,,"Sunday AM, is still eyeing a solid $20M"
2026-09-25,Heart of the Beast,OPEN,D,1237111302,SUNDAY AM WRITETHRU,2026-09-27T19:00:00+00:00,,text2,18.0,,"eyeing a solid $20M start in third, well above NRG forecasts of $18M"
2026-09-25,Heart of the Beast,OPEN,D,1237111302,SUNDAY AM WRITETHRU,2026-09-27T19:00:00+00:00,,text,20.0,,"n on Sunday AM, is still eyeing a solid $20M start"
2026-09-25,Heart of the Beast,OPEN,D,1237111302,SUNDAY AM WRITETHRU,2026-09-27T19:00:00+00:00,,text2,20.0,,"Sunday AM, is still eyeing a solid $20M"
2026-09-25,Heart of the Beast,OPEN,D,1237111302,SUNDAY AM WRITETHRU,2026-09-27T19:00:00+00:00,,text2,18.0,,"eyeing a solid $20M start in third, well above NRG forecasts of $18M"
2026-09-25,Heart of the Beast,OPEN,D,1237111302,SUNDAY AM WRITETHRU,2026-09-27T19:00:00+00:00,,text2,0.034,, is the movie's top grossing site with close to $34K
2026-09-25,Heart of the Beast,OPEN,D,1237111302,SUNDAY AM WRITETHRU,2026-09-27T19:00:00+00:00,,chart,20.0,,3-day $20M
2026-09-25,Heart of the Beast,OPEN,D,1237111302,FRIDAY PM,2026-09-26T06:59:00+00:00,,chart,20.5,,3-day of $20.5M
2026-09-25,Heart of the Beast,OPEN,D,1237111302,FRIDAY AM UPDATE AFTER EXCLUSIVE,2026-09-25T19:00:00+00:00,,text2,20.0,,ad four movies this weekend doing north of $20M
2026-09-25,Heart of the Beast,OPEN,V,1236872333,"‘Avengers: Endgame Encore’ Could Top Box Office, Brad Pitt’s ‘Heart of",2026-09-23T13:50:48+00:00,2026-09-23T13:55:59+00:00,text2,17.0,,e each projected to debut to $17 m
2026-09-25,Heart of the Beast,OPEN,V,1236876819,Box Office: ‘Avengers: Endgame Encore’ Returns to No. 1 With $26 Milli,2026-09-27T15:35:35+00:00,2026-09-27T16:37:39+00:00,text2,50.1,,arkets for a global start of $50.1 m
2026-09-25,Primetime,OPEN,D,1237111302,SUNDAY AM WRITETHRU,2026-09-27T19:00:00+00:00,,text,20.0,,Primetime to a $20M opening
2026-09-25,Primetime,OPEN,D,1237111302,SUNDAY AM WRITETHRU,2026-09-27T19:00:00+00:00,,text,12.0,16.0,still above its pre-weekend tracking of $12M-$16M and in the mean opening
2026-09-25,Primetime,OPEN,D,1237111302,SUNDAY AM WRITETHRU,2026-09-27T19:00:00+00:00,,text2,12.0,16.0,still above its pre-weekend tracking of $12M-$16M
2026-09-25,Primetime,OPEN,D,1237111302,SUNDAY AM WRITETHRU,2026-09-27T19:00:00+00:00,,chart,19.1,,3-day $19.1M
2026-09-25,Primetime,OPEN,D,1237111302,FRIDAY PM,2026-09-26T06:59:00+00:00,,text,5.8,,"e Smashing Machine , this movie is not ($5.8M opening"
2026-09-25,Primetime,OPEN,D,1237111302,FRIDAY AM UPDATE AFTER EXCLUSIVE,2026-09-25T19:00:00+00:00,,text,25.5,,"s Civil War ($2.9M), which went on to a $25.5M opening"
2026-09-25,Primetime,OPEN,D,1237111302,FRIDAY AM UPDATE AFTER EXCLUSIVE,2026-09-25T19:00:00+00:00,,text,14.3,,"e. this past spring's The Drama ($1.7M, $14.3M opening"
2026-09-25,Primetime,OPEN,D,1237111302,FRIDAY AM UPDATE AFTER EXCLUSIVE,2026-09-25T19:00:00+00:00,,text2,2.7,,ng Robert Pattinson grossed a solid $2.7M
2026-09-25,Primetime,OPEN,V,1236876380,Box Office: ‘Avengers: Endgame Encore’ Leads With $11.2 Million on Fri,2026-09-26T15:54:09+00:00,2026-09-26T20:52:05+00:00,text,20.5,,tes have the drama-thriller bringing in $20.5 million through the weekend
2026-09-25,Primetime,OPEN,V,1236876819,Box Office: ‘Avengers: Endgame Encore’ Returns to No. 1 With $26 Milli,2026-09-27T15:35:35+00:00,2026-09-27T16:37:39+00:00,text,19.2,,"Primetime"" enjoyed a sizable $19.2 million debut"
2026-09-25,Resident Evil,NTH,D,1237111302,SUNDAY AM WRITETHRU,2026-09-27T19:00:00+00:00,,text,23.3,,Resident Evil had a great hold with $23.3M in second
2026-09-25,Resident Evil,NTH,D,1237111302,SUNDAY AM WRITETHRU,2026-09-27T19:00:00+00:00,,text2,151.5,,"h Cregger's highest grossing movie ever, clipping Weapons $151.5M"
2026-09-25,Resident Evil,NTH,D,1237111302,SUNDAY AM WRITETHRU,2026-09-27T19:00:00+00:00,,chart,23.3,,3-day $23.3M
2026-09-25,Resident Evil,NTH,D,1237111302,FRIDAY PM,2026-09-26T06:59:00+00:00,,chart,22.0,,3-day of $22M
2026-09-25,Resident Evil,NTH,D,1237111302,FRIDAY AM UPDATE AFTER EXCLUSIVE,2026-09-25T19:00:00+00:00,,text,20.0,,Resident Evil should it do over $20M this weekend
2026-09-25,Resident Evil,NTH,D,1237111302,FRIDAY AM UPDATE AFTER EXCLUSIVE,2026-09-25T19:00:00+00:00,,text2,20.0,,Resident Evil should it do over $20M
2026-09-25,Resident Evil,NTH,V,1236872333,"‘Avengers: Endgame Encore’ Could Top Box Office, Brad Pitt’s ‘Heart of",2026-09-23T13:50:48+00:00,2026-09-23T13:55:59+00:00,text,61.0,,""" topped last weekend's box office with $61 million, a franchise-best debut"
2026-09-25,Resident Evil,NTH,V,1236872333,"‘Avengers: Endgame Encore’ Could Top Box Office, Brad Pitt’s ‘Heart of",2026-09-23T13:50:48+00:00,2026-09-23T13:55:59+00:00,text2,61.0,,"t Evil"" topped last weekend's box office with $61 m"
2026-09-25,Resident Evil,NTH,V,1236872333,"‘Avengers: Endgame Encore’ Could Top Box Office, Brad Pitt’s ‘Heart of",2026-09-23T13:50:48+00:00,2026-09-23T13:55:59+00:00,text,61.0,,""" topped last weekend's box office with $61 million, a franchise-best debut"
2026-09-25,Resident Evil,NTH,V,1236872333,"‘Avengers: Endgame Encore’ Could Top Box Office, Brad Pitt’s ‘Heart of",2026-09-23T13:50:48+00:00,2026-09-23T13:55:59+00:00,text2,61.0,,"t Evil"" topped last weekend's box office with $61 m"
2026-09-25,Resident Evil,NTH,V,1236876380,Box Office: ‘Avengers: Endgame Encore’ Leads With $11.2 Million on Fri,2026-09-26T15:54:09+00:00,2026-09-26T20:52:05+00:00,text,23.5,,"61 million, and should bring in another $23.5 million through its second"
2026-09-25,Resident Evil,NTH,V,1236876380,Box Office: ‘Avengers: Endgame Encore’ Leads With $11.2 Million on Fri,2026-09-26T15:54:09+00:00,2026-09-26T20:52:05+00:00,text2,61.0,,ed a franchise-best debut last weekend with a cumulative $61 m
2026-09-25,Resident Evil,NTH,V,1236876380,Box Office: ‘Avengers: Endgame Encore’ Leads With $11.2 Million on Fri,2026-09-26T15:54:09+00:00,2026-09-26T20:52:05+00:00,text2,23.5,,"ve $61 million, and should bring in another $23.5 m"
2026-09-25,Resident Evil,NTH,V,1236876819,Box Office: ‘Avengers: Endgame Encore’ Returns to No. 1 With $26 Milli,2026-09-27T15:35:35+00:00,2026-09-27T16:37:39+00:00,text,60.0,,ep 60% drop from last weekend's leading $60 million debut
2026-09-25,Resident Evil,NTH,V,1236876819,Box Office: ‘Avengers: Endgame Encore’ Returns to No. 1 With $26 Milli,2026-09-27T15:35:35+00:00,2026-09-27T16:37:39+00:00,text2,60.0,, 60% drop from last weekend's leading $60 m
